api_internal_id,award_id,recipient,awarding_agency,amount_usd,description,award_base_date,last_modified_date
CONT_AWD_0025_9700_H9222216D0028_9700,0025,THE BOEING COMPANY,Department of Defense,9944383.46,"UAV - AIR VEHICLES, PROGRAM MANAGEMENT SUPPORT, SPARES",2017-12-08,2026-06-02 17:14:29
CONT_AWD_1202SA26K9800_12C2_12024B20A0002_12C2,1202SA26K9800,DRONE AMPLIFIED INC,Department of Agriculture,49000.0,DRONE AMPLIFIED IGNIS 2.0,2026-04-10,2026-04-21 16:24:38
CONT_AWD_1202SA26K9803_12C2_1202SA26T9800_12C2,1202SA26K9803,DRONE AMPLIFIED INC,Department of Agriculture,1539442.76,ONE IGNIS III MINI WITH LYNX CAMERA,2026-08-17,2026-08-19 11:12:59
CONT_AWD_1232SA25F0132_12H2_47QSWA23D004G_4732,1232SA25F0132,FREEFLY SYSTEMS INC,Department of Agriculture,56874.94,"MULTI-ROTOR UNMANNED AERIAL SYSTEM (UAS) WITH RED, GREEN AND BLUE (RGB) AND THERMAL SENSOR PACKAGES",2025-07-10,2026-05-15 10:18:49
CONT_AWD_1232SA26F0464_12H2_GS07F207CA_4732,1232SA26F0464,"CARON EAST, INC.",Department of Agriculture,31255.0,"IF800 QUADCOPTER BUNDLE WITH BATTERY KIT, BATTERY SET, SPARE PARTS KIT, AND SPARE PROPELLER SET",2026-08-17,2026-08-17 17:19:27
CONT_AWD_1232SA26F0466_12H2_GS07F207CA_4732,1232SA26F0466,"CARON EAST, INC.",Department of Agriculture,22795.25,IF800 DRONE WITH UNIVERSAL MICASENSE INTEGRATION KIT,2026-08-19,2026-08-19 11:17:11
CONT_AWD_1232SA26F0613_12H2_47QSMS25D00B2_4732,1232SA26F0613,BARFIELD INC,Department of Agriculture,26544.0,PARROT ANAFI UKR XLR DRONE,2026-09-11,2026-09-11 12:36:13
CONT_AWD_1232SA26P0178_12H2_-NONE-_-NONE-,1232SA26P0178,AERIAL TECHNOLOGY INTERNATIONAL LLC,Department of Agriculture,35360.0,AN FCC-COMPLIANT UNMANNED AERIAL SYSTEM (UAS) EQUIPPED WITH MULTISPECTRAL AND THERMAL CAMERAS IS NEEDED FOR PROXIMAL REMOTE SENSING OF RESEARCH FIELDS,2026-04-06,2026-04-06 14:40:31
CONT_AWD_1232SA26P0287_12H2_-NONE-_-NONE-,1232SA26P0287,HYLIO INC,Department of Agriculture,81620.25,"ACQUISITION OF PRECISION IMAGERY, SAMPLING, AND DISPERSION DRONE",2026-06-09,2026-06-09 14:26:46
CONT_AWD_1232SA26P0304_12H2_-NONE-_-NONE-,1232SA26P0304,"FRONTIER PRECISION, INC",Department of Agriculture,56675.0,"DRONE, ASTRO MAX MAPPING ESSENTIALS & MULTISPECTRAL SENSOR SENTERA 6X",2026-05-21,2026-05-21 15:42:19
CONT_AWD_1232SA26P0332_12H2_-NONE-_-NONE-,1232SA26P0332,AANTILIA LLC,Department of Agriculture,22113.0,PURCHASE OF DRONE FOR DR. NICHOLAS PUGH'S RESEARCH IN ABIOTIC STRESS RESEARCH TRIALS,2026-06-23,2026-06-23 10:38:17
CONT_AWD_1232SA26P0483_12H2_-NONE-_-NONE-,1232SA26P0483,ALLTERRA CENTRAL INC,Department of Agriculture,41973.4,UNMANNED AERIAL VEHICLE,2026-08-06,2026-08-06 08:06:19
CONT_AWD_1232SA26P0512_12H2_-NONE-_-NONE-,1232SA26P0512,"CARON EAST, INC.",Department of Agriculture,69324.0,"FIXED-WING VERTICAL TAKE-OFF AND LANDING MAPPING DRONE WITH RGB CAMERA, MULTISPECTRAL CAMERA, AND ONBOARD PPK FOR MISSION CRITICAL RESEARCH SMALL FARMS TO MANAGE PESTS AND DISEASES.",2026-08-14,2026-08-14 14:00:23
CONT_AWD_1232SA26P0628_12H2_-NONE-_-NONE-,1232SA26P0628,"FRONTIER PRECISION, INC",Department of Agriculture,63526.0,HYLIO AGRICULTURE DRONE: AMERICAN MADE UNMANNED AERIAL VEHICLE/SPRAYER - THIS PROCUREMENT PACKAGE IS TO REQUEST AN AMERICAN MADE AERIAL VEHICLE TO SPRAY CROPS AND FURTHER PRECISION AGRICULTURE RESEARCH.,2026-09-01,2026-09-01 17:44:11
CONT_AWD_12639526F0393_12K3_12639525D0008_12K3,12639526F0393,"SKYDIO, INC",Department of Agriculture,224457.5,DELIVERY ORDER FOR UAS AND ACCESSORIES,2026-04-12,2026-04-13 13:24:58
CONT_AWD_12639526F0626_12K3_12639525D0008_12K3,12639526F0626,"SKYDIO, INC",Department of Agriculture,27429.7,THE NATIONAL WILDLIFE RESEARCH CENTER'S NATIONAL WILDLIFE DISEASE PROGRAM IS REQUESTING TO PLACE AN ORDER AGAINST CONTRACT# 12639525D0008 FOR SKYDIO DRONES. THESE WILL BE USED FOR NEW WORLD SCREWWORM DETECTION AND MANAGEMENT. BUYER: AMANDA BARB,2026-06-10,2026-06-10 17:36:17
CONT_AWD_12639526F0665_12K3_12639525D0008_12K3,12639526F0665,"SKYDIO, INC",Department of Agriculture,52429.5,PROCUREMENT OF SKYDIO X10 DRONES AND ASSOCIATED EQUIPMENT.,2026-06-26,2026-06-26 11:38:28
CONT_AWD_12639526F0741_12K3_12639525D0008_12K3,12639526F0741,"SKYDIO, INC",Department of Agriculture,28130.8,"ORDER FOR UAS, UAS PARTS, AND UAS ACCESSORIES; PURCHASE OF TWO DRONES AND BATTERIES",2026-08-06,2026-08-06 12:03:48
CONT_AWD_12639526F0776_12K3_12639525D0008_12K3,12639526F0776,"SKYDIO, INC",Department of Agriculture,14533.46,THE PURPOSE OF THIS DELIVERY ORDER IS TO ENTER INTO A FIRM FIXED PRICE ORDER OFF USDA CONTACT 12639525D0008 ORDERING PERIOD TWO FOR UAS AND ASSOCIATED ACCESSORIES.,2026-08-13,2026-08-13 16:14:33
CONT_AWD_12639526F0784_12K3_12639525D0008_12K3,12639526F0784,"SKYDIO, INC",Department of Agriculture,54106.5,THE PURPOSE OF THIS DELIVERY ORDER IS TO ENTER INTO A FIRM FIXED PRICE ORDER OFF USDA CONTACT 12639525D0008 ORDERING PERIOD TWO FOR UAS AND ASSOCIATED ACCESSORIES FOR SITES IN AZ AND UT.,2026-08-25,2026-08-25 11:59:21
CONT_AWD_1305M226P0052_1330_-NONE-_-NONE-,1305M226P0052,"IMPULSERADAR USA, INC.",Department of Commerce,55090.0,TWO (2) BRAND NAME OR EQUAL FREEFLY ASTRO MAX NDAA/BLUE QUADCOPTER UNCREWED AERIAL SYSTEM (UAS; AKA DRONES),2026-04-01,2026-04-01 11:10:47
CONT_AWD_1305M326F0196_1330_GS07F0426X_4732,1305M326F0196,DUNCAN-PARNELL INC,Department of Commerce,196940.14,PURCHASE OF TWO (2) WINGTRARAY UAS PLATFORM,2026-08-25,2026-08-25 08:54:42
CONT_AWD_1331L526F13351304_1301_NNG15SD11B_8000,1331L526F13351304,"GOVSMART, INC.",Department of Commerce,243150.62,ARIAL MONITORING SYSTEM,2026-09-18,2026-09-18 13:22:45
CONT_AWD_1333MF26P0011_1330_-NONE-_-NONE-,1333MF26P0011,"LYME COMPUTER SYSTEMS, INC.",Department of Commerce,43389.78,OLE NORTHEAST DIVISION AND SOUTHEAST DIVISION NEED THE SKYDIO X10 PATROL-LED DFR KIT UAS IN ORDER TO CONDUCT OPERATIONS AND INVESTIGATIONS TO SUPPORT THE MISSION OF NOAA FISHERIES AND PRIORITIES OF THE LAW ENFORCEMENT PROGRAM.,2026-03-06,2026-03-23 07:47:34
CONT_AWD_1333MJ26P0047_1330_-NONE-_-NONE-,1333MJ26P0047,FREEFLY SYSTEMS INC,Department of Commerce,64100.0,"TO PROCURE A US-MADE DRONE PLATFORM, THE FREEFLY ASTRO. IN ADDITION TO THE ASTRO WE WILL BE PROCURING THE ASSOCIATED SL8-AIR SMART BATTERIES AND CHARGER. THIS PLATFORM IS INTENDED TO CARRY VARIOUS SPECTRAL SENSORS FOR MAPPING AND MONITORING HARMFUL A",2026-08-24,2026-09-16 08:07:21
CONT_AWD_1333ND26PNB670141_1341_-NONE-_-NONE-,1333ND26PNB670141,"BRINC DRONES, INC",Department of Commerce,29997.0,OU67-FY26-020-NEW SMALL UNCREWED AIRCRAFT SYSTEM,2026-05-19,2026-06-12 13:20:49
CONT_AWD_1333ND26PNB670252_1341_-NONE-_-NONE-,1333ND26PNB670252,AANTILIA LLC,Department of Commerce,26590.95,OU67-FY26-203-NEW OUTDOOR SMALL UNCREWED AIRCRAFT SYSTEM (SUAS),2026-07-20,2026-07-20 14:13:11
CONT_AWD_140D0426F0033_1406_140D0423A0049_1406,140D0426F0033,"VECTORS, INC.",Department of the Interior,99694.5,WINGTRA BLANKET PURCHASE AGREEMENT CALL FOR VECTORS INC.,2025-11-20,2025-11-20 09:22:36
CONT_AWD_140D0426F0037_1406_140D0424A0008_1406,140D0426F0037,"SKYDIO, INC",Department of the Interior,276410.53,SKYDIO X2E AND NEXT GENERATION UNMANNED AIRCRAFT SYSTEM BLANKET PURCHASE AGREEMENT CALL,2025-11-20,2025-12-22 13:16:51
CONT_AWD_140D0426F0047_1406_140D0423A0045_1406,140D0426F0047,FREEFLY SYSTEMS INC,Department of the Interior,214685.0,FREEFLY ALTA X BLANKET PURCHASE AGREEMENT CALL,2025-12-03,2025-12-15 11:03:29
CONT_AWD_140D0426F0050_1406_140D0423A0045_1406,140D0426F0050,FREEFLY SYSTEMS INC,Department of the Interior,290115.0,FREEFLY ALTA X BLANKET PURCHASE AGREEMENT CALL,2025-12-03,2026-02-02 10:43:30
CONT_AWD_140D0426F0053_1406_140D0425A0008_1406,140D0426F0053,SKYFRONT CORP,Department of the Interior,159846.0,SKYFRONT CORP. UNMANNED AIRCRAFT SYSTEM PERIMETER 8+ AND ACCESSORIES BLANKET PURCHASE AGREEMENT CALL ORDER,2025-12-08,2025-12-08 16:57:23
CONT_AWD_140D0426F0062_1406_140D0424A0008_1406,140D0426F0062,"SKYDIO, INC",Department of the Interior,55146.15,SKYDIO X2E AND NEXT GENERATION UNMANNED AIRCRAFT SYSTEM BLANKET PURCHASE AGREEMENT CALL,2025-12-15,2026-04-10 15:21:03
CONT_AWD_140D0426F0063_1406_140D0423A0045_1406,140D0426F0063,FREEFLY SYSTEMS INC,Department of the Interior,45560.0,FREEFLY ALTA X BLANKET PURCHASE AGREEMENT CALL,2025-12-10,2025-12-10 15:31:37
CONT_AWD_140D0426F0069_1406_140D0423A0048_1406,140D0426F0069,"CARON EAST, INC.",Department of the Interior,84942.0,CARON EAST WINGSTRA BLANKET PURCHASE AGREEMENT CALL ORDER,2025-12-09,2026-06-11 15:06:07
CONT_AWD_140D0426F0086_1406_140D0423A0045_1406,140D0426F0086,FREEFLY SYSTEMS INC,Department of the Interior,93050.0,FREEFLY ALTA X BPA,2025-12-16,2025-12-16 13:25:48
CONT_AWD_140D0426F0134_1406_140D0424A0008_1406,140D0426F0134,"SKYDIO, INC",Department of the Interior,72412.9,SKYDIO X2E AND NEXT GENERATION UNMANNED AIRCRAFT SYSTEM BLANKET PURCHASE AGREEMENT CALL,2026-01-21,2026-01-22 17:29:35
CONT_AWD_140D0426F0140_1406_140D0424A0008_1406,140D0426F0140,"SKYDIO, INC",Department of the Interior,110481.45,SKYDIO X2E AND NEXT GENERATION UAS BPA,2026-01-22,2026-01-22 15:31:58
CONT_AWD_140D0426F0168_1406_140D0423A0045_1406,140D0426F0168,FREEFLY SYSTEMS INC,Department of the Interior,101719.0,FREEFLY ALTA X BLANKET PURCHASE AGREEMENT CALL,2026-02-04,2026-02-04 10:21:26
CONT_AWD_140D0426F0169_1406_140D0424A0008_1406,140D0426F0169,"SKYDIO, INC",Department of the Interior,251447.7,SKYDIO X2E AND NEXT GENERATION UAS BLANKET PURCHASE AGREEMENT CALL,2026-02-04,2026-04-10 15:27:13
CONT_AWD_140D0426F0203_1406_140D0424A0008_1406,140D0426F0203,"SKYDIO, INC",Department of the Interior,43687.3,SKYDIO BLANKET PURCHASE AGREEMENT CALL ORDER,2026-02-18,2026-02-26 12:58:53
CONT_AWD_140D0426F0225_1406_140D0423A0045_1406,140D0426F0225,FREEFLY SYSTEMS INC,Department of the Interior,122094.0,FREEFLY BPA CALL,2026-02-19,2026-02-19 15:53:56
CONT_AWD_140D0426F0259_1406_140D0425A0008_1406,140D0426F0259,SKYFRONT CORP,Department of the Interior,18720.0,SKYFRONT CORP. BLANKET PURCHASE AGREEMENT CALL ORDER,2026-03-05,2026-03-05 12:30:29
CONT_AWD_140D0426F0280_1406_140D0423A0048_1406,140D0426F0280,"CARON EAST, INC.",Department of the Interior,63183.77,CARSON EAST WINGTRA BLANKET PURCHASE AGREEMENT CALL ORDER,2026-03-23,2026-06-11 15:06:07
CONT_AWD_140D0426F0309_1406_140D0424A0008_1406,140D0426F0309,"SKYDIO, INC",Department of the Interior,147387.25,SKYDIO X2E AND NEXT GENERATION UAS BLANKET PURCHASE AGREEMENT CALL ORDER,2026-03-25,2026-03-25 19:23:24
CONT_AWD_140D0426F0333_1406_140D0423A0048_1406,140D0426F0333,"CARON EAST, INC.",Department of the Interior,55943.5,CARSON EAST WINGTRA BLANKET PURCHASE AGREEMENT CALL ORDER,2026-04-03,2026-06-11 15:06:07
CONT_AWD_140D0426F0365_1406_140D0424A0008_1406,140D0426F0365,"SKYDIO, INC",Department of the Interior,29926.7,CALL ORDER OFF SKYDIO X2E AND NEXT GENERATION UAS BPA,2026-04-08,2026-04-08 14:14:51
CONT_AWD_140D0426F0413_1406_140D0426A0008_1406,140D0426F0413,FREEFLY SYSTEMS INC,Department of the Interior,43180.0,FREEFLY SYSTEMS BLANKET PURCHASE AGREEMENT CALL ORDER,2026-04-20,2026-04-20 20:36:39
CONT_AWD_140D0426F0416_1406_140D0426A0008_1406,140D0426F0416,FREEFLY SYSTEMS INC,Department of the Interior,43180.0,FREEFLY UNMANNED AIRCRAFT SYSTEM (UAS),2026-04-21,2026-04-21 13:40:39
CONT_AWD_140D0426F0420_1406_140D0426A0008_1406,140D0426F0420,FREEFLY SYSTEMS INC,Department of the Interior,26690.0,FREEFLY UNMANNED AIRCRAFT SYSTEM (UAS) PRODUCTS,2026-04-21,2026-04-21 10:20:43
CONT_AWD_140D0426F0433_1406_140D0426A0008_1406,140D0426F0433,FREEFLY SYSTEMS INC,Department of the Interior,84855.0,FREEFLY SYSTEMS BLANKET PURCHASE AGREEMENT CALL ORDER FOR UNMANNED AIRCRAFT SYSTEM (UAS),2026-04-23,2026-04-23 09:58:53
CONT_AWD_140D0426F0443_1406_140D0426A0008_1406,140D0426F0443,FREEFLY SYSTEMS INC,Department of the Interior,10190.0,FREEFLY SYSTEMS BLANKET PURCHASE AGREEMENT CALL ORDER FOR UNMANNED AIRCRAFT SYSTEM (UAS),2026-04-23,2026-04-23 11:47:45
CONT_AWD_140D0426F0477_1406_140D0424A0008_1406,140D0426F0477,"SKYDIO, INC",Department of the Interior,29445.2,"SKYDIO, LNC BLANKET PURCHASE AGREEMENT CALL ORDER",2026-04-30,2026-04-30 16:39:00
CONT_AWD_140D0426F0478_1406_140D0424A0008_1406,140D0426F0478,"SKYDIO, INC",Department of the Interior,32324.95,"BLANKET PURCHASE AGREEMENT CALL ORDER SKYDIO, LNC",2026-04-30,2026-04-30 16:07:26
CONT_AWD_140D0426F0495_1406_140D0424A0008_1406,140D0426F0495,"SKYDIO, INC",Department of the Interior,30491.7,"SKYDIO, LNC BLANKET PURCHASE AGREEMENT CALL ORDER",2026-05-05,2026-05-05 11:00:23
CONT_AWD_140D0426F0497_1406_140D0424A0028_1406,140D0426F0497,"FRONTIER PRECISION, INC",Department of the Interior,45049.0,"FRONTIER PRECISION, LNC BLANKET PURCHASE AGREEMENT CALL ORDER FOR THE PURCHASE OF UNMANNED AERIAL SYSTEM (UAS)",2026-05-12,2026-05-12 20:16:32
CONT_AWD_140D0426F0505_1406_140D0423A0048_1406,140D0426F0505,"CARON EAST, INC.",Department of the Interior,13870.0,CARON EAST WINGTRA BLANKET PURCHASE AGREEMENT CALL ORDER FOR THE PURCHASE OF UNMANNED AERIAL SYSTEM (UAS),2026-05-12,2026-06-11 15:06:07
CONT_AWD_140D0426F0526_1406_140D0426A0008_1406,140D0426F0526,FREEFLY SYSTEMS INC,Department of the Interior,44960.0,FREEFLY UNMANNED AIRCRAFT SYSTEM (UAS),2026-05-18,2026-05-18 13:13:05
CONT_AWD_140D0426F0527_1406_140D0426A0008_1406,140D0426F0527,FREEFLY SYSTEMS INC,Department of the Interior,91520.0,"FREEFLY SYSTEM, LNC BLANKET PURCHASE AGREEMENT CALL ORDER FOR THE PURCHASE OF UNMANNED AERIAL SYSTEM (UAS)",2026-05-18,2026-05-18 19:08:40
CONT_AWD_140D0426F0528_1406_140D0426A0008_1406,140D0426F0528,FREEFLY SYSTEMS INC,Department of the Interior,12975.0,"FREEFLY SYSTEM, LNC BLANKET PURCHASE AGREEMENT CALL ORDER FOR THE PURCHASE OF UNMANNED AERIAL SYSTEM (UAS)",2026-05-18,2026-05-18 19:27:53
CONT_AWD_140D0426F0612_1406_140D0423A0048_1406,140D0426F0612,"CARON EAST, INC.",Department of the Interior,65550.0,"CARON EAST, LNC BLANKET PURCHASE AGREEMENT CALL ORDER FOR THE PURCHASE OF UNMANNED AERIAL SYSTEM (UAS)",2026-06-03,2026-06-11 15:06:07
CONT_AWD_140D0426F0620_1406_140D0426A0008_1406,140D0426F0620,FREEFLY SYSTEMS INC,Department of the Interior,42485.0,"FREEFLY SYSTEM, LNC BLANKET PURCHASE AGREEMENT CALL ORDER FOR THE PURCHASE OF UNMANNED AERIAL SYSTEM (UAS)",2026-06-03,2026-06-03 15:26:32
CONT_AWD_140D0426F0630_1406_140D0424A0008_1406,140D0426F0630,"SKYDIO, INC",Department of the Interior,72703.9,"SKYDIO, LNC BLANKET PURCHASE AGREEMENT CALL ORDER FOR THE PURCHASE OF UNMANNED AERIAL SYSTEM (UAS)",2026-06-04,2026-07-20 19:12:03
CONT_AWD_140D0426F0637_1406_140D0424A0008_1406,140D0426F0637,"SKYDIO, INC",Department of the Interior,46987.55,"SKYDIO, LNC BLANKET PURCHASE AGREEMENT CALL ORDER FOR THE PURCHASE OF UNMANNED AERIAL SYSTEM (UAS)",2026-06-04,2026-06-04 16:53:36
CONT_AWD_140D0426F0646_1406_140D0424A0008_1406,140D0426F0646,"SKYDIO, INC",Department of the Interior,14134.35,"SKYDIO, LNC BLANKET PURCHASE AGREEMENT CALL ORDER FOR THE PURCHASE OF UNMANNED AERIAL SYSTEM (UAS)",2026-06-10,2026-06-10 19:54:02
CONT_AWD_140D0426F0649_1406_140D0423A0048_1406,140D0426F0649,"CARON EAST, INC.",Department of the Interior,13395.0,"CARON EAST, LNC BLANKET PURCHASE AGREEMENT CALL ORDER FOR THE PURCHASE OF UNMANNED AERIAL SYSTEM (UAS)",2026-06-09,2026-06-11 15:06:07
CONT_AWD_140D0426F0701_1406_140D0424A0008_1406,140D0426F0701,"SKYDIO, INC",Department of the Interior,42403.05,"SKYDIO, LNC BLANKET PURCHASE AGREEMENT CALL ORDER FOR THE PURCHASE OF UNMANNED AERIAL SYSTEM (UAS)",2026-06-23,2026-08-03 10:13:50
CONT_AWD_140D0426F0706_1406_140D0424A0008_1406,140D0426F0706,"SKYDIO, INC",Department of the Interior,28678.95,"SKYDIO, LNC BLANKET PURCHASE AGREEMENT CALL ORDER FOR THE PURCHASE OF UNMANNED AERIAL SYSTEM (UAS)",2026-06-24,2026-08-03 10:31:45
CONT_AWD_140D0426F0707_1406_140D0426A0008_1406,140D0426F0707,FREEFLY SYSTEMS INC,Department of the Interior,41565.0,"FREEFLY SYSTEM, LNC BLANKET PURCHASE AGREEMENT CALL ORDER FOR THE PURCHASE OF UNMANNED AERIAL SYSTEM (UAS)",2026-07-01,2026-07-01 19:46:04
CONT_AWD_140D0426F0708_1406_140D0426A0008_1406,140D0426F0708,FREEFLY SYSTEMS INC,Department of the Interior,18240.0,"FREEFLY SYSTEM, LNC BLANKET PURCHASE AGREEMENT CALL ORDER FOR THE PURCHASE OF UNMANNED AERIAL SYSTEM (UAS)",2026-07-08,2026-07-08 08:22:35
CONT_AWD_140D0426F0709_1406_140D0426A0008_1406,140D0426F0709,FREEFLY SYSTEMS INC,Department of the Interior,45410.0,"FREEFLY SYSTEM, LNC BLANKET PURCHASE AGREEMENT CALL ORDER FOR THE PURCHASE OF UNMANNED AERIAL SYSTEM (UAS)",2026-07-08,2026-07-08 08:49:55
CONT_AWD_140D0426F0726_1406_140D0423A0048_1406,140D0426F0726,"CARON EAST, INC.",Department of the Interior,9405.0,"CARON EAST, LNC BLANKET PURCHASE AGREEMENT CALL ORDER FOR THE PURCHASE OF UNMANNED AERIAL SYSTEM (UAS)",2026-06-25,2026-06-25 18:10:49
CONT_AWD_140D0426F0786_1406_140D0426A0008_1406,140D0426F0786,FREEFLY SYSTEMS INC,Department of the Interior,9495.0,"FREEFLY SYSTEM, LNC BLANKET PURCHASE AGREEMENT CALL ORDER FOR THE PURCHASE OF UNMANNED AERIAL SYSTEM (UAS)",2026-07-13,2026-07-13 22:23:51
CONT_AWD_140D0426F0805_1406_140D0424A0008_1406,140D0426F0805,"SKYDIO, INC",Department of the Interior,27804.95,"SKYDIO, LNC BLANKET PURCHASE AGREEMENT CALL ORDER FOR THE PURCHASE OF UNMANNED AERIAL SYSTEM (UA",2026-07-15,2026-07-15 14:33:08
CONT_AWD_140D0426F0810_1406_140D0423A0048_1406,140D0426F0810,"CARON EAST, INC.",Department of the Interior,127890.8,"CARON EAST, LNC BLANKET PURCHASE AGREEMENT CALL ORDER FOR THE PURCHASE OF UNMANNED AERIAL SYSTEM (UAS)",2026-07-20,2026-07-20 18:29:10
CONT_AWD_140D0426F0834_1406_140D0426A0008_1406,140D0426F0834,FREEFLY SYSTEMS INC,Department of the Interior,44960.0,"FREEFLY SYSTEM, LNC BLANKET PURCHASE AGREEMENT CALL ORDER FOR THE PURCHASE OF UNMANNED AERIAL SYSTEM (UAS)",2026-07-28,2026-07-28 17:03:13
CONT_AWD_140D0426F0835_1406_140D0426A0008_1406,140D0426F0835,FREEFLY SYSTEMS INC,Department of the Interior,44960.0,"FREEFLY SYSTEM, LNC BLANKET PURCHASE AGREEMENT CALL ORDER FOR THE PURCHASE OF UNMANNED AERIAL SYSTEM (UAS)",2026-07-28,2026-07-28 17:42:51
CONT_AWD_140D0426F0836_1406_140D0424A0008_1406,140D0426F0836,"SKYDIO, INC",Department of the Interior,28268.7,"SKYDIO, LNC BLANKET PURCHASE AGREEMENT CALL ORDER FOR THE PURCHASE OF UNMANNED AERIAL SYSTEM (UAS)",2026-07-28,2026-07-28 20:06:47
CONT_AWD_140D0426F0837_1406_140D0424A0008_1406,140D0426F0837,"SKYDIO, INC",Department of the Interior,30620.7,"SKYDIO, LNC BLANKET PURCHASE AGREEMENT CALL ORDER FOR THE PURCHASE OF UNMANNED AERIAL SYSTEM (UAS)",2026-07-29,2026-07-29 16:12:00
CONT_AWD_140D0426F0985_1406_140D0426A0008_1406,140D0426F0985,FREEFLY SYSTEMS INC,Department of the Interior,44960.0,"FREEFLY SYSTEM, LNC BLANKET PURCHASE AGREEMENT CALL ORDER FOR THE PURCHASE OF UNMANNED AERIAL SYSTEM (UAS)",2026-08-19,2026-08-19 12:21:16
CONT_AWD_140D0426F0986_1406_140D0426A0008_1406,140D0426F0986,FREEFLY SYSTEMS INC,Department of the Interior,18240.0,"FREEFLY SYSTEM, LNC BLANKET PURCHASE AGREEMENT CALL ORDER FOR THE PURCHASE OF UNMANNED AERIAL SYSTEM (UAS)",2026-08-19,2026-08-19 12:49:28
CONT_AWD_140D0426F1006_1406_140D0424A0008_1406,140D0426F1006,"SKYDIO, INC",Department of the Interior,42759.8,"SKYDIO, LNC BLANKET PURCHASE AGREEMENT CALL ORDER FOR THE PURCHASE OF UNMANNED AERIAL SYSTEM (UAS)",2026-08-24,2026-08-24 12:20:21
CONT_AWD_140D0426F1007_1406_140D0424A0008_1406,140D0426F1007,"SKYDIO, INC",Department of the Interior,14226.35,"SKYDIO, LNC BLANKET PURCHASE AGREEMENT CALL ORDER FOR THE PURCHASE OF UNMANNED AERIAL SYSTEM (UAS)",2026-08-24,2026-08-24 13:45:26
CONT_AWD_140D0426F1034_1406_140D0424A0008_1406,140D0426F1034,"SKYDIO, INC",Department of the Interior,32197.7,"SKYDIO, LNC BLANKET PURCHASE AGREEMENT CALL ORDER FOR THE PURCHASE OF UNMANNED AERIAL SYSTEM (UAS)",2026-09-02,2026-09-02 15:00:32
CONT_AWD_140D0426F1146_1406_140D0424A0008_1406,140D0426F1146,"SKYDIO, INC",Department of the Interior,37221.2,"SKYDIO, LNC CALL ORDER FOR THE PURCHASE OF UNMANNED AERIAL SYSTEM (UAS)",2026-09-16,2026-09-16 16:52:03
CONT_AWD_140D0426F1187_1406_140D0426A0008_1406,140D0426F1187,FREEFLY SYSTEMS INC,Department of the Interior,0.0,SKYDIO UNMANNED AERIAL SYSTEMS (UASS),2026-09-17,2026-09-18 16:53:39
CONT_AWD_140D0426F1190_1406_140D0424A0008_1406,140D0426F1190,"SKYDIO, INC",Department of the Interior,15282.6,BPA CALL FOR SKYDIO UNMANNED AERIAL SYSTEMS (UASS),2026-09-17,2026-09-17 19:31:51
CONT_AWD_140D0426F1201_1406_140D0424A0008_1406,140D0426F1201,"SKYDIO, INC",Department of the Interior,44745.3,SKYDIO UNMANNED AERIAL SYSTEMS (UASS),2026-09-18,2026-09-18 13:43:30
CONT_AWD_140D0426F1204_1406_140D0424A0028_1406,140D0426F1204,"FRONTIER PRECISION, INC",Department of the Interior,47449.0,WEED CONTROL UNMANNED AIRCRAFT SYSTEMS (UASS),2026-09-18,2026-09-18 19:52:56
CONT_AWD_140G0126P0034_1434_-NONE-_-NONE-,140G0126P0034,"GFS SUPPLY & SERVICES COMPANY, INC.",Department of the Interior,77465.21,UNDERWATER DRONE,2026-01-23,2026-01-23 08:30:33
CONT_AWD_15A00026CAQA00266_1560_-NONE-_-NONE-,15A00026CAQA00266,"ATLANTIC DIVING SUPPLY, INC.",Department of Justice,1036366.7,EO 14398 - UNMANNED AIRCRAFT SYSTEMS - SKYDIO,2026-09-17,2026-09-17 16:39:13
CONT_AWD_15DD0A25P00000053_1524_-NONE-_-NONE-,15DD0A25P00000053,"SKYDIO, INC",Department of Justice,3331.66,TITLE: SKYDIO ENTERPRISE SOFTWARE FOR 4 X2E'S. REQUESTOR: DAVID D HAYUNGA POP DATES: 10/01/2025 TO 09/30/2026,2025-09-22,2026-02-12 16:58:45
CONT_AWD_15DD0A26P00000005_1524_-NONE-_-NONE-,15DD0A26P00000005,"ATLANTIC DIVING SUPPLY, INC.",Department of Justice,19820.54,TITLE: SKYDIOX10 CHICAGO FEB 26 REQUESTOR: DAVID D HAYUNGA DELIVERY DATE: 02/27/2026,2026-03-31,2026-03-31 10:11:18
CONT_AWD_15DD0A26P00000008_1524_-NONE-_-NONE-,15DD0A26P00000008,"ATLANTIC DIVING SUPPLY, INC.",Department of Justice,19820.54,TITLE: SKYDIOX10 FOR WDO REQUESTOR: DEREK  COVATCH DELIVERY DATE: 04/30/2026 SKYDIOX10 (SUAS) WILL BE USED OPERATIONALLY IN WDO.,2026-05-14,2026-05-14 12:47:02
CONT_AWD_15DD0A26P00000009_1524_-NONE-_-NONE-,15DD0A26P00000009,"ATLANTIC DIVING SUPPLY, INC.",Department of Justice,9980.0,TITLE: SKYDIOX2E VIDEO STREAMING 2026 REQUESTOR: DAVID D HAYUNGA POP DATES: 03/31/2026 TO 03/30/2027 SKYDIOX2E VIDEO STREAMING FROM THE DRONE TO THE ENTRY TEAM FOR OFFICER SAFETY,2026-03-10,2026-03-10 15:31:46
CONT_AWD_15DD0A26P00000010_1524_-NONE-_-NONE-,15DD0A26P00000010,"ATLANTIC DIVING SUPPLY, INC.",Department of Justice,19820.54,TITLE: SKYDIO X10 NEW YORK REQUESTOR: DAVID D HAYUNGA ITJA#: ITJA0017213 DELIVERY DATE: 04/30/2026 SKYDIO X10 OUTDOOR DRONE USED FOR INVESTAGATION AND OFFICER/AGENT SAFETY.,2026-03-23,2026-04-14 13:22:15
CONT_AWD_15DDEL26P00000030_1524_-NONE-_-NONE-,15DDEL26P00000030,"ATLANTIC DIVING SUPPLY, INC.",Department of Justice,14190.0,ELP/ADS/DRONEROBOT  REQUESTOR: FRANCES M MARTINEZ DELIVERY DATE: 07/01/2026,2026-07-28,2026-08-10 16:47:00
CONT_AWD_15DDHQ26F00000218_1524_47QSMA19D08Q1_4732,15DDHQ26F00000218,"ATLANTIC DIVING SUPPLY, INC.",Department of Justice,26390.0,SKYDIO R10 KIT,2026-03-06,2026-03-06 11:58:25
CONT_AWD_15DDHQ26P00000658_1524_-NONE-_-NONE-,15DDHQ26P00000658,VPRIME TECH INC,Department of Justice,16690.34,SKYDIO R10 INDOOR DRONES,2026-06-25,2026-07-08 10:16:22
CONT_AWD_15DDHQ26P00000661_1524_-NONE-_-NONE-,15DDHQ26P00000661,PRIMEPRO BUSINESS SOLUTIONS LLC,Department of Justice,0.0,PARROT ANAFI UKR PHASE 1,2026-07-07,2026-09-03 08:49:28
CONT_AWD_15DDHQ26P00001005_1524_-NONE-_-NONE-,15DDHQ26P00001005,W S DARLEY & CO,Department of Justice,248081.79,PARROT ANAFI UKR PHASE 1,2026-09-18,2026-09-18 10:16:44
CONT_AWD_15F06725P0001064_1549_-NONE-_-NONE-,15F06725P0001064,W S DARLEY & CO,Department of Justice,619956.78,SCUBA GEAR,2025-09-15,2026-01-28 11:42:32
CONT_AWD_15F06726F0000267_1549_15F06725D0000766_1549,15F06726F0000267,US21 INC,Department of Justice,1075.0,PRCS ELITE CHARGER,2026-02-24,2026-03-12 14:45:22
CONT_AWD_15F06726F0000269_1549_15F06725D0000751_1549,15F06726F0000269,"ATLANTIC DIVING SUPPLY, INC.",Department of Justice,1205744.98,TACTICAL EQUIPMENT,2026-02-24,2026-03-12 14:55:32
CONT_AWD_15F06726F0000407_1549_15F06725D0000751_1549,15F06726F0000407,"ATLANTIC DIVING SUPPLY, INC.",Department of Justice,1039255.93,TACTICAL EQUIPMENT,2026-03-26,2026-04-22 17:17:12
CONT_AWD_15F06726F0000432_1549_15F06725D0000763_1549,15F06726F0000432,W S DARLEY & CO,Department of Justice,375247.56,TACTICAL EQUIPMENT,2026-03-27,2026-03-30 14:26:24
CONT_AWD_15F06726F0000650_1549_15F06725D0000751_1549,15F06726F0000650,"ATLANTIC DIVING SUPPLY, INC.",Department of Justice,144022.81,TACTICAL EQUIPMENT,2026-04-30,2026-05-12 17:18:45
CONT_AWD_15F06726F0000655_1549_15F06725D0000760_1549,15F06726F0000655,ASPETTO INC,Department of Justice,390266.85,TACTICAL EQUIPMENT,2026-05-04,2026-05-12 17:19:52
CONT_AWD_15F06726F0000912_1549_15F06725D0000763_1549,15F06726F0000912,W S DARLEY & CO,Department of Justice,775378.12,TACTICAL EQUIPMENT,2026-06-24,2026-07-24 14:54:37
CONT_AWD_15F06726F0000973_1549_15F06725D0000763_1549,15F06726F0000973,W S DARLEY & CO,Department of Justice,71842.92,DRONE TARRIFF BULK UPLOAD,2026-07-02,2026-07-02 14:13:08
CONT_AWD_15F06726F0001113_1549_15F06725D0000763_1549,15F06726F0001113,W S DARLEY & CO,Department of Justice,547114.07,TACTICAL EQUIPMENT,2026-07-28,2026-08-11 15:48:07
CONT_AWD_15F06726F0001176_1549_15F06725D0000763_1549,15F06726F0001176,W S DARLEY & CO,Department of Justice,23416.0,TACTICAL EQUIPMENT DELIVERY ORDER.,2026-08-04,2026-08-25 09:31:13
CONT_AWD_15F06726F0001351_1549_15F06725D0000763_1549,15F06726F0001351,W S DARLEY & CO,Department of Justice,1706394.61,TACTICAL EQUIPMENT DELIVERY ORDER.,2026-08-25,2026-08-27 10:47:59
CONT_AWD_15F06726F0001611_1549_15F06725D0000763_1549,15F06726F0001611,W S DARLEY & CO,Department of Justice,557249.65,TACTICAL EQUIPMENT,2026-09-17,2026-09-17 14:33:06
CONT_AWD_15M10324FA4700091_1544_15A00020DAQA00604_1560,15M10324FA4700091,"ATLANTIC DIVING SUPPLY, INC.",Department of Justice,15000.0,SKYDIO X2D UAS KIT  PURCHASING UAS OFF ATF IDIQ CONTRACT 15A00020DAQA00604.,2024-03-12,2026-03-13 11:58:47
CONT_AWD_1605C125P00014_1605_-NONE-_-NONE-,1605C125P00014,"SKYDIO, INC",Department of Labor,190340.04,TO OBTAIN DRONES FOR OSHA FLEET,2025-06-25,2025-11-26 07:23:05
CONT_AWD_1605C426P00020_1605_-NONE-_-NONE-,1605C426P00020,UNIQUE TECHNOLOGY SYSTEMS LLC,Department of Labor,324949.8,TO PROCURE SKYDIO X10 STARTER KIT NA + VT300-L.,2026-06-08,2026-06-08 13:16:47
CONT_AWD_191NLE18P0090_1900_-NONE-_-NONE-,191NLE18P0090,"PROJECT SERVICES INTERNATIONAL CORPORATION, INC",Department of State,70761.0,"PURCHASE ORDER TO PROVIDE AERIAL SURVEILLANCE VEHICLES TO THE GUATEMALAN NATIONAL POLICE. INL SECTION, US EMBASSY GUATEMALA CITY.",2018-08-02,2025-12-12 14:12:50
CONT_AWD_191NLE26F0014_1900_19AQMM25D0186_1900,191NLE26F0014,"SKYDIO, INC",Department of State,130498.3,"NEW DELIVER ORDER IN THE AMOUNT OF $130,498.30 FOR UAS WITH A DELIVERY DATE OF 11/7/26. THIS REQUIREMENT IS IN SUPPORT OF THE INL SECTION AT THE U.S. EMBASSY ISLAMABAD, PAKISTAN.",2026-06-10,2026-09-16 13:39:13
CONT_AWD_19AQMM25F0189_1900_19AQMM25D0182_1900,19AQMM25F0189,QUANTUM-SYSTEMS INC,Department of State,19592152.9,PURCHASE OF VECTOR DRONES SYSTEMS AND UPGRADES.,2024-12-20,2026-07-30 16:57:56
CONT_AWD_19AQMM25F1638_1900_19AQMM25D0182_1900,19AQMM25F1638,QUANTUM-SYSTEMS INC,Department of State,27527527.27,PURCHASE OF VECTOR DRONES SYSTEMS AND UPGRADES.,2025-09-22,2026-03-05 09:42:35
CONT_AWD_19AQMM26C0257_1900_-NONE-_-NONE-,19AQMM26C0257,STREAM TECHNO LLC,Department of State,24998500.0,INL DRONES AND GROUND CONTROL STATIONS,2026-02-19,2026-08-11 10:34:03
CONT_AWD_19AQMM26C0264_1900_-NONE-_-NONE-,19AQMM26C0264,STREAM TECHNO LLC,Department of State,14994135.0,INL DRONES AND GROUND CONTROL STATIONS,2026-02-19,2026-08-11 10:34:48
CONT_AWD_19AQMM26C0675_1900_-NONE-_-NONE-,19AQMM26C0675,HYLIO INC,Department of State,2800995.8,"UAS SYSTEMS, SPARE PARTS, AND SUPPORT.",2026-08-07,2026-08-11 10:32:27
CONT_AWD_19AQMM26F0930_1900_19AQMM22D0045_1900,19AQMM26F0930,"BERRY AVIATION, INC.",Department of State,2999721.92,INL BOGOTA COUNTERUAS - DETECT AND DEFEAT PROJECT,2026-08-12,2026-08-12 11:04:21
CONT_AWD_19PE5026F0262_1900_19AQMM25D0186_1900,19PE5026F0262,"SKYDIO, INC",Department of State,86588.18,DHS/HSI - SKYDIO X10D (TCIU),2026-08-20,2026-08-21 11:33:13
CONT_AWD_19PM0726F0196_1900_47QSMS25D00B2_4732,19PM0726F0196,BARFIELD INC,Department of State,57651.0,SUAS AND ACCESSORIES,2026-09-09,2026-09-17 14:54:45
CONT_AWD_47QFWA23C0005_4732_-NONE-_-NONE-,47QFWA23C0005,"GENERAL ATOMICS AERONAUTICAL SYSTEMS, INC.",General Services Administration,11812165.86,PROLIFERATED LOW EARTH ORBIT PLEO,2023-06-20,2026-03-11 12:56:05
CONT_AWD_693C7325P000024_6925_-NONE-_-NONE-,693C7325P000024,"FRONTIER PRECISION, INC",Department of Transportation,229729.01,SURVEY DRONE AND LIDAR EQUIPMENT,2025-04-17,2025-10-16 12:32:16
CONT_AWD_693JK426P600015_6901_-NONE-_-NONE-,693JK426P600015,W S DARLEY & CO,Department of Transportation,17621.46,"PROCUREMENT OF A TRACE (2.4GHZ) SMALL UNMANNED AIRCRAFT SYSTEM (SUAS) BUNDLE, INCLUDING THERMAL IMAGING (EO/IR) AND GROUND CONTROL CAPABILITIES, FOR OPERATIONAL USE BY PSD SPECIAL AGENTS. THIS EQUIPMENT SUPPORTS ADVANCED INTELLIGENCE, SURVEILLANCE, A",2026-06-08,2026-06-23 18:05:50
CONT_AWD_6982AF22P000032_6925_-NONE-_-NONE-,6982AF22P000032,"FRONTIER PRECISION, INC",Department of Transportation,141722.3,SYSTEM DRONE,2022-09-09,2026-01-15 15:59:44
CONT_AWD_70B02C20P00000194_7014_-NONE-_-NONE-,70B02C20P00000194,ILC ASTROSPACE LLC,Department of Homeland Security,22238358.0,PURCHASE ORDER AWARD FOR THE PURCHASE OF 2-420K AEROSTATS.,2020-04-09,2026-07-14 10:39:01
CONT_AWD_70B02C25F00000448_7014_70B02C24A00000030_7014,70B02C25F00000448,"ATLANTIC DIVING SUPPLY, INC.",Department of Homeland Security,53248.76,YUMA SECTOR X10D ORDER,2025-08-20,2026-09-08 11:46:40
CONT_AWD_70B02C25F00000449_7014_70B02C24A00000030_7014,70B02C25F00000449,"ATLANTIC DIVING SUPPLY, INC.",Department of Homeland Security,25650.96,SEATTLE SECTOR SUAS ORDER,2025-07-10,2026-09-08 11:46:40
CONT_AWD_70B02C25F00000908_7014_70B02C24A00000030_7014,70B02C25F00000908,"ATLANTIC DIVING SUPPLY, INC.",Department of Homeland Security,4242025.67,X10D 0004,2025-09-24,2026-09-08 11:46:40
CONT_AWD_70B02C26F00000166_7014_70B02C24A00000030_7014,70B02C26F00000166,"ATLANTIC DIVING SUPPLY, INC.",Department of Homeland Security,24159.68,NEW CALL ORDER,2026-02-09,2026-09-08 11:46:40
CONT_AWD_70B02C26F00000208_7014_70B02C26A00000005_7014,70B02C26F00000208,BARFIELD INC,Department of Homeland Security,765683.4,ANAFI UKR SUAS,2026-07-27,2026-07-27 06:39:27
CONT_AWD_70B02C26F00000545_7014_70B02C24A00000030_7014,70B02C26F00000545,"ATLANTIC DIVING SUPPLY, INC.",Department of Homeland Security,826229.04,WARRANTY AND PARTS/ SPARES,2026-07-28,2026-07-28 06:53:30
CONT_AWD_70B02C26F00000853_7014_70B02C26A00000005_7014,70B02C26F00000853,BARFIELD INC,Department of Homeland Security,36897.48,ANAFI UKR DELIVERY ORDER,2026-09-01,2026-09-01 10:14:46
CONT_AWD_70B02C26F00000860_7014_70B02C24A00000030_7014,70B02C26F00000860,"ATLANTIC DIVING SUPPLY, INC.",Department of Homeland Security,319743.1,SKYDIO SUAS DRONES,2026-08-27,2026-08-27 16:21:54
CONT_AWD_70B03C25F00000630_7014_70B02C24A00000030_7014,70B03C25F00000630,"ATLANTIC DIVING SUPPLY, INC.",Department of Homeland Security,167604.12,SKYDIO X10D AND ACCESSORIES,2025-09-16,2026-09-08 11:46:40
CONT_AWD_70B03C25F00001185_7014_70B02C24A00000030_7014,70B03C25F00001185,"ATLANTIC DIVING SUPPLY, INC.",Department of Homeland Security,26801.27,SKYDIO X10D KIT-VT300-Z,2025-09-23,2026-09-08 11:46:40
CONT_AWD_70B03C26F00000640_7014_70B02C24A00000030_7014,70B03C26F00000640,"ATLANTIC DIVING SUPPLY, INC.",Department of Homeland Security,90149.85,THE EL PASO SECTOR SPECIAL OPERATIONS GROUP INTENTS TO PURCHASE 3 SKYDIO X10D DRONES,2026-07-28,2026-08-17 10:57:23
CONT_AWD_70B03C26F00000652_7014_70B02C24A00000030_7014,70B03C26F00000652,"ATLANTIC DIVING SUPPLY, INC.",Department of Homeland Security,30194.59,USBP SAN DIEGO SECTOR PURCHASE OF 1 KSDIO X10D DRONE PLUS ACCESSORIES,2026-08-03,2026-08-03 16:33:58
CONT_AWD_70B03C26F00000707_7014_GS07F5965P_4730,70B03C26F00000707,"ATLANTIC DIVING SUPPLY, INC.",Department of Homeland Security,0.0,DRONE,2026-08-17,2026-08-18 15:11:16
CONT_AWD_70B03C26F00000793_7014_70B02C24A00000030_7014,70B03C26F00000793,"ATLANTIC DIVING SUPPLY, INC.",Department of Homeland Security,27852.93,DRONE,2026-08-20,2026-08-20 10:46:17
CONT_AWD_70B03C26F00000988_7014_47QSMS25D00B2_4732,70B03C26F00000988,BARFIELD INC,Department of Homeland Security,88724.7,PARROT UKR XLR SUAS DRONES,2026-09-11,2026-09-11 17:05:04
CONT_AWD_70B04C26F00000964_7014_70B02C26A00000005_7014,70B04C26F00000964,BARFIELD INC,Department of Homeland Security,312558.6,DRONES FOR US CUSTOMS AND BORDER PROTECTION,2026-09-14,2026-09-14 09:24:01
CONT_AWD_70B06C25P00000507_7014_-NONE-_-NONE-,70B06C25P00000507,"SENECA STRATEGIC PARTNERS, LLC",Department of Homeland Security,886539.9,8(A) DIRECT AWARD PURCHASE ORDER FOR DRONE AS FIRST RESPONDER,2025-09-18,2026-09-14 15:32:20
CONT_AWD_70CMSD24P00000095_7012_-NONE-_-NONE-,70CMSD24P00000095,FLIGHTWAVE AEROSPACE SYSTEMS CORPORATION,Department of Homeland Security,0.0,SMALL UNMANNED AERIAL SYSTEM (SUAS),2024-08-14,2026-07-30 14:26:21
CONT_AWD_70CMSD25FC0000039_7012_70B02C24A00000030_7014,70CMSD25FC0000039,"ATLANTIC DIVING SUPPLY, INC.",Department of Homeland Security,514169.68,THIS AWARD PROCURES SMALL UNMANNED AIRCRAFT SYSTEMS WHICH PROVIDES HOMELAND SECURITY INVESTIGATIONS PERSONNEL WITH AERIAL CAPABILITIES WHEN CONDUCTING LAW ENFORCEMENT INVESTIGATIONS NATIONWIDE.,2025-09-14,2026-08-18 08:31:46
CONT_AWD_70CMSD26FC0000028_7012_70B02C24A00000030_7014,70CMSD26FC0000028,"ATLANTIC DIVING SUPPLY, INC.",Department of Homeland Security,28714.36,THIS AWARD PROCURES SMALL UNMANNED AIRCRAFT SYSTEM WHICH PROVIDES HOMELAND SECURITY INVESTIGATION PERSONNEL WITH AERIAL CAPABILITIES WHEN CONDUCTING LAW ENFORCEMENT INVESTIGATIONS NATIONWIDE.,2026-08-03,2026-08-03 15:10:45
CONT_AWD_70CMSD26FC0000033_7012_70B02C24A00000030_7014,70CMSD26FC0000033,"ATLANTIC DIVING SUPPLY, INC.",Department of Homeland Security,32234.21,THIS AWARD PROCURES SMALL UNMANNED AIRCRAFT SYSTEMS WHICH PROVIDES HOMELAND SECURITY INVESTIGATIONS PERSONNEL WITH AERIAL CAPABILITIES WHEN CONDUCTING LAW ENFORCEMENT INVESTIGATIONS NATIONWIDE.,2026-08-31,2026-08-31 11:23:43
CONT_AWD_70CMSD26FC0000034_7012_70B02C24A00000030_7014,70CMSD26FC0000034,"ATLANTIC DIVING SUPPLY, INC.",Department of Homeland Security,59862.32,"PURCHASE OF SMALL UNMANNED AIRCRAFT SYSTEMS (SUAS), THEIR ACCESSORIES, AND ASSOCIATED PARTS AND SERVICES IN SUPPORT OF HOMELAND SECURITY INVESTIGATIONS.",2026-08-18,2026-08-18 12:50:30
CONT_AWD_70CMSD26FC0000036_7012_70B02C24A00000030_7014,70CMSD26FC0000036,"ATLANTIC DIVING SUPPLY, INC.",Department of Homeland Security,499759.59,THIS AWARD PROCURES SMALL UNMANNED AIRCRAFT SYSTEM WHICH PROVIDES HOMELAND SECURITY INVESTIGATION PERSONNEL WITH AERIAL CAPABILITIES WHEN CONDUCTING LAW ENFORCEMENT INVESTIGATIONS NATIONWIDE.,2026-08-26,2026-08-26 11:48:24
CONT_AWD_70CMSD26FC0000037_7012_70B02C24A00000030_7014,70CMSD26FC0000037,"ATLANTIC DIVING SUPPLY, INC.",Department of Homeland Security,1892000.0,THIS AWARD PROCURES SMALL UNMANNED AIRCRAFT SYSTEM WHICH PROVIDES HOMELAND SECURITY INVESTIGATION PERSONNEL WITH AERIAL CAPABILITIES WHEN CONDUCTING LAW ENFORCEMENT INVESTIGATIONS NATIONWIDE.,2026-08-26,2026-08-26 11:59:19
CONT_AWD_70CMSD26FC0000041_7012_70B02C24A00000030_7014,70CMSD26FC0000041,"ATLANTIC DIVING SUPPLY, INC.",Department of Homeland Security,32506.23,THIS AWARD PROCURES SMALL UNMANNED AIRCRAFT SYSTEM WHICH PROVIDES HOMELAND SECURITY INVESTIGATION PERSONNEL WITH AERIAL CAPABILITIES WHEN CONDUCTING LAW ENFORCEMENT INVESTIGATIONS,2026-08-31,2026-08-31 07:46:43
CONT_AWD_70CMSD26FC0000045_7012_70B02C24A00000030_7014,70CMSD26FC0000045,"ATLANTIC DIVING SUPPLY, INC.",Department of Homeland Security,172286.16,"THIS CALL ORDER IS FOR SMALL, UNMANNED AIRCRAFT SYSTEMS WHICH PROVIDE HOMELAND SECURITY INVESTIGATIONS WITH AERIAL CAPABILITIES WHEN CONDUCTING LAW ENFORCEMENT OPERATIONS AND INVESTIGATIONS.",2026-09-09,2026-09-09 13:25:03
CONT_AWD_70CMSD26FC0000058_7012_70B02C24A00000030_7014,70CMSD26FC0000058,"ATLANTIC DIVING SUPPLY, INC.",Department of Homeland Security,29286.1,"PURCHASE OF SMALL UNMANNED AIRCRAFT SYSTEMS (SUAS), THEIR ACCESSORIES, AND ASSOCIATED PARTS AND SERVICES IN SUPPORT OF HOMELAND SECURITY INVESTIGATIONS.",2026-09-20,2026-09-20 16:59:17
CONT_AWD_70CMSD26FC0000059_7012_70B02C24A00000030_7014,70CMSD26FC0000059,"ATLANTIC DIVING SUPPLY, INC.",Department of Homeland Security,59312.16,"PURCHASE OF SMALL UNMANNED AIRCRAFT SYSTEMS (SUAS), THEIR ACCESSORIES, AND ASSOCIATED PARTS AND SERVICES IN SUPPORT OF HOMELAND SECURITY INVESTIGATIONS.",2026-09-20,2026-09-20 18:57:20
CONT_AWD_70CMSD26FR0000092_7012_47QSMA19D08Q1_4732,70CMSD26FR0000092,"ATLANTIC DIVING SUPPLY, INC.",Department of Homeland Security,28424.67,"THIS ORDER PROVIDES ONE SKYDIO X10D SMALL, UNMANNED AIRCRAFT SYSTEM TO PROVIDE FIELD-DEPLOYABLE AERIAL RECONNAISSANCE FOR HOMELAND SECURITY INVESTIGATIONS.",2026-09-06,2026-09-06 08:20:15
CONT_AWD_70CMSD26P00000078_7012_-NONE-_-NONE-,70CMSD26P00000078,AUTERION GOVERNMENT SOLUTIONS INC,Department of Homeland Security,1235350.0,THIS ORDER PROVIDES SMALL UNMANNED AIRCRAFT SYSTEMS FOR SUPPORT IN HOMELAND SECURITY OPERATIONS AND INVESTIGATIONS.,2026-08-29,2026-08-29 09:25:36
CONT_AWD_70CMSW26FC0000082_7012_70B02C24A00000030_7014,70CMSW26FC0000082,"ATLANTIC DIVING SUPPLY, INC.",Department of Homeland Security,67132.6,THIS AWARD IS TO PROCURE SMALL UNMANNED AIRCRAFT SYSTEM TO SUPPORT THE OFFICE OF FIREARMS AND TACTICAL PROGRAMS,2026-08-17,2026-08-29 08:38:22
CONT_AWD_70CMSW26FR0000056_7012_47QSMS25D008P_4732,70CMSW26FR0000056,W S DARLEY & CO,Department of Homeland Security,227910.11,THIS AWARD PROCURES SMALL UNMANNED AIRCRAFT SYSTEMS FOR THE OFFICE OF FIREARMS AND TACTICAL PROGRAMS.,2026-08-10,2026-08-10 10:58:11
CONT_AWD_70LGLY26FSSB00037_7015_70B02C24A00000030_7014,70LGLY26FSSB00037,"ATLANTIC DIVING SUPPLY, INC.",Department of Homeland Security,168239.19,SUPPLIES REQUIRED FOR CYD SUAS/C-UAS TRAINING PROGRAM COURSE (SKYDIO).,2026-04-03,2026-06-26 11:42:48
CONT_AWD_70LGLY26PSSB00014_7015_-NONE-_-NONE-,70LGLY26PSSB00014,"GENERAL PACIFIC, INC",Department of Homeland Security,183148.0,DJI SUPPLIES REQUIRED FOR CYD SUAS/C-UAS TRAINING PROGRAM COURSE,2026-03-26,2026-06-28 14:05:53
CONT_AWD_70LGLY26PSSB00030_7015_-NONE-_-NONE-,70LGLY26PSSB00030,"NEROS, INC.",Department of Homeland Security,13494.5,ARCHER 8 DRONES FOR THE FEDERAL LAW ENFORCEMENT TRAINING CENTERS (FLETC) FIRM FIXED-PRICE,2026-09-01,2026-09-17 09:00:28
CONT_AWD_70RSAT24P00000029_7001_-NONE-_-NONE-,70RSAT24P00000029,W S DARLEY & CO,Department of Homeland Security,94034.5,THIS IS A NEW CONTRACT FOR BLUE LIST UAS (DRONES). THIS REQUIREMENT HAS AN APPROVED WAIVER.,2024-09-30,2026-01-28 10:44:39
CONT_AWD_70T05025F6116N001_7013_70B02C24A00000030_7014,70T05025F6116N001,"ATLANTIC DIVING SUPPLY, INC.",Department of Homeland Security,79700.16,CALL ORDER AGAINST 70B02C24A00000030 SMALL UNMANNED AIRCRAFT SYSTEM (SUAS),2025-09-22,2026-09-08 11:46:40
CONT_AWD_70T05025F7670N009_7013_70B02C24A00000030_7014,70T05025F7670N009,"ATLANTIC DIVING SUPPLY, INC.",Department of Homeland Security,86284.38,CALL ORDER AGAINST BLANKET PURCHASE AGREEMENT CONTRACT 70B02C24A00000030 - SMALL UNMANNED AIRCRAFT SYSTEM (SUAS) AND ACCESSORIES.,2025-09-08,2026-09-08 11:46:40
CONT_AWD_70T05026F7672N002_7013_70B02C24A00000030_7014,70T05026F7672N002,"ATLANTIC DIVING SUPPLY, INC.",Department of Homeland Security,76952.88,CALL ORDER FOR SMALL UNMANNED AIRCRAFT SYSTEM (SUAS) AGAINST IDIQ 70B02C24A00000030.,2026-01-27,2026-09-08 11:46:40
CONT_AWD_70US0926P70092912_7009_-NONE-_-NONE-,70US0926P70092912,IRSA UMAR,Department of Homeland Security,0.0,THE PURPOSE OF THIS ORDER TO PROCURE SKYDIO KITS AND PLANS.,2026-08-13,2026-08-25 09:42:23
CONT_AWD_70US0926P70092991_7009_-NONE-_-NONE-,70US0926P70092991,"ATLANTIC DIVING SUPPLY, INC.",Department of Homeland Security,80743.22,THE PURPOSE OF THIS ORDER IS TO PROCURE SKYDIO DRONE KITS.,2026-09-08,2026-09-08 12:49:44
CONT_AWD_70Z02325FNSFF0002_7008_70B02C24A00000030_7014,70Z02325FNSFF0002,"ATLANTIC DIVING SUPPLY, INC.",Department of Homeland Security,31305.89,SKYDIO X10D UAS ACCESSORIES AND PARTS,2025-08-06,2026-09-08 11:46:40
CONT_AWD_70Z02626CNSFF0001_7008_-NONE-_-NONE-,70Z02626CNSFF0001,"ATLANTIC DIVING SUPPLY, INC.",Department of Homeland Security,16732.63,SKYDIO X10 DRONE,2025-11-13,2026-05-14 08:08:11
CONT_AWD_70Z02626FNSFF0003_7008_70B02C24A00000030_7014,70Z02626FNSFF0003,"ATLANTIC DIVING SUPPLY, INC.",Department of Homeland Security,29232.28,NSF CENTER OF EXPERTISE DRONE,2026-08-20,2026-08-20 12:40:38
CONT_AWD_70Z03326FSEAT0033_7008_70B02C24A00000030_7014,70Z03326FSEAT0033,"ATLANTIC DIVING SUPPLY, INC.",Department of Homeland Security,31305.62,SKYDIO DRONE SECTOR PUGET SOUND IMD,2026-08-26,2026-08-26 11:57:19
CONT_AWD_70Z04125FYORK0006_7008_70B02C24A00000030_7014,70Z04125FYORK0006,"ATLANTIC DIVING SUPPLY, INC.",Department of Homeland Security,28381.84,SKYDIO X10D DRONE,2025-08-20,2026-04-20 13:38:17
CONT_AWD_75D30126F21501_7523_47QSMA19D08Q1_4732,75D30126F21501,"ATLANTIC DIVING SUPPLY, INC.",Department of Health and Human Services,46247.12,X10D DRONE - EO 14398,2026-09-02,2026-09-02 16:52:22
CONT_AWD_80NSSC26P0038_8000_-NONE-_-NONE-,80NSSC26P0038,"AERO SYSTEMS WEST, INC.",National Aeronautics and Space Administration,33198.0,ASW HLM HEXACOPTER,2025-12-02,2026-03-23 12:28:08
CONT_AWD_89233124PNA000189_8900_-NONE-_-NONE-,89233124PNA000189,FLIGHTWAVE AEROSPACE SYSTEMS CORPORATION,Department of Energy,60100.0,PROCURE TWO (2) EDGE 130 BLUE PRO KIT UNMANNED AIRCRAFT SYSTEMS (UAS) EDGE 130 BLUE PRO KIT - WITH OVERWATCH2. PART #6100-0002-04. FOR THE OFFICE OF SECURE TRANSPORTATION'S (OST) OPERATIONS.,2024-05-14,2026-01-06 16:40:13
CONT_AWD_89233126FNA400748_8900_89233126DNA000072_8900,89233126FNA400748,"ANDURIL INDUSTRIES, INC.",Department of Energy,13864074.4,"PROCURE THE BASE YEAR COSTS WITH BASE YEAR OPERATIONS AND SUSTAINMENT, AND 5-YEAR OPERATIONS AND SUSTAINMENT SUPPORT WITH OPTIONS. PANTEX SITE. PROVIDING A COUNTER UNCREWED AIRCRAFT SYSTEM (CUAS) PLATFORM FOR THE NATIONAL NUCLEAR SECURITY ADMINISTRAT",2025-11-18,2026-08-18 15:37:21
CONT_AWD_89233126FNA400749_8900_89233126DNA000072_8900,89233126FNA400749,"ANDURIL INDUSTRIES, INC.",Department of Energy,11340702.0,"PROCURE THE BASE YEAR COSTS WITH BASE YEAR OPERATIONS AND SUSTAINMENT, AND 5-YEAR OPERATIONS AND SUSTAINMENT SUPPORT WITH OPTIONS. Y12 SITE. PROVIDING A COUNTER UNCREWED AIRCRAFT SYSTEM (CUAS) PLATFORM FOR THE NATIONAL NUCLEAR SECURITY ADMINISTRATION",2025-11-18,2026-05-05 12:11:06
CONT_AWD_89233126FNA400787_8900_89233126DNA000072_8900,89233126FNA400787,"ANDURIL INDUSTRIES, INC.",Department of Energy,9073144.0,"PROCURE THE BASE YEAR COSTS WITH BASE YEAR OPERATIONS AND SUSTAINMENT, AND 5-YEAR OPERATIONS AND SUSTAINMENT SUPPORT WITH OPTIONS. LOS ALAMOS NATIONAL LABORATORY (LANL) SITE. PROVIDING A COUNTER UNCREWED AIRCRAFT SYSTEM (CUAS) PLATFORM FOR THE NATION",2026-05-07,2026-05-07 09:40:32
CONT_AWD_89233126FNA400803_8900_89233126DNA000072_8900,89233126FNA400803,"ANDURIL INDUSTRIES, INC.",Department of Energy,5769619.0,"THE TASK ORDER INCLUDES THE BASE YEAR TO INCLUDE OPERATIONS AND SUSTAINMENT. THE EFFORT SUPPORTS DEFENSE NUCLEAR SECURITY (DNS/NA-70) IN THE DESIGN, DEVELOPMENT, INTEGRATION, TESTING, DEPLOYMENT, AND SUSTAINMENT OF COLLABORATIVE AUTONOMOUS SYSTEMS FO",2026-07-28,2026-07-28 07:50:18
CONT_AWD_89503026PWA000541_8900_-NONE-_-NONE-,89503026PWA000541,"ATLANTIC DIVING SUPPLY, INC.",Department of Energy,20953.95,SKYDIO X10 DRONE WITH VT300Z STARTER KIT,2026-09-03,2026-09-03 16:11:23
CONT_AWD_FA228025F0035_9700_FA228025D0001_9700,FA228025F0035,"ANDURIL INDUSTRIES, INC.",Department of Defense,19425000.0,"FALCON INTELLIGENCE, SURVEILLANCE AND RECONNAISSANCE",2025-09-23,2026-03-09 13:29:25
CONT_AWD_FA228026F0011_9700_FA873025DB001_9700,FA228026F0011,"FIRESTORM LABS, INC.",Department of Defense,1650000.0,SOCPAC,2026-05-04,2026-05-04 13:18:15
CONT_AWD_FA251726PA021_9700_-NONE-_-NONE-,FA251726PA021,"ANDURIL INDUSTRIES, INC.",Department of Defense,596934.0,FAK ANDURIL GHOST,2026-06-09,2026-06-12 14:20:08
CONT_AWD_FA252126FG056_9700_47QSMS25D00B2_4732,FA252126FG056,BARFIELD INC,Department of Defense,23760.0,UNMANNED AIRCRAFT,2025-10-01,2026-07-27 13:44:47
CONT_AWD_FA282325P0113_9700_-NONE-_-NONE-,FA282325P0113,SITECH SOUTH LLC,Department of Defense,69987.0,WINGTRA ONE SUAS AND ACCESSORIES,2025-09-26,2026-01-28 10:33:07
CONT_AWD_FA282326P0030_9700_-NONE-_-NONE-,FA282326P0030,"DRONE ROUND, LLC",Department of Defense,92048.0,PURCHASE OF A DRONE TRAINING COURSE AND AMMUNITION,2026-05-25,2026-08-24 20:22:49
CONT_AWD_FA441723P0074_9700_-NONE-_-NONE-,FA441723P0074,AMERICAN UNMANNED AIRCRAFT LLC,Department of Defense,46357.5,1 HEAVY LIFT DRONE,2023-07-26,2026-04-01 10:07:08
CONT_AWD_FA441726P0012_9700_-NONE-_-NONE-,FA441726P0012,"NEROS, INC.",Department of Defense,223500.0,"THE CONTRACTOR SHALL PROVIDE ALL LABOR, EQUIPMENT, MATERIALS, TOOLS, PARTS, SHIPPING, AND ALL OTHER ITEMS NECESSARY TO DELIVER THE FOLLOWING ITEMS: 0001 - NEROS ARCHER QUADCOPTER (SUAS), SUPPORTING ACCESSORIES AND TRAINING. QTY: 1 LOT.",2026-01-27,2026-05-29 10:06:05
CONT_AWD_FA441726P0014_9700_-NONE-_-NONE-,FA441726P0014,"OAK GROVE TECHNOLOGIES, LLC",Department of Defense,99490.09,SUPPLIES/EQUIPMENT: AN ABSOLUTE MINIMUM QUANTITY OF FIFTY (50) CHIMERA GROUP-1 SMALL UNMANNED AERIAL SYSTEMS (SUAS). THESE SYSTEMS ARE MISSION-CRITICAL AND WILL BE USED FOR THE MISSION QUALIFICATION TRAINING (MQT) OF THE UNITS SHORT RANGE TEAMS.,2026-02-09,2026-08-12 11:27:49
CONT_AWD_FA441726P0033_9700_-NONE-_-NONE-,FA441726P0033,TEAL DRONES INC,Department of Defense,128680.0,DRONES AND TRAINING  IAW ATTACHED SUCCESSFUL PROPOSAL,2026-04-15,2026-04-22 14:03:43
CONT_AWD_FA441726P0043_9700_-NONE-_-NONE-,FA441726P0043,WINGXPAND INC.,Department of Defense,371680.0,"THE CONTRACTOR SHALL PROVIDE ALL LABOR, EQUIPMENT, TOOLS, PARTS, SHIPPING, AND ALL OTHER ITEMS NECESSARY TO DELIVER THE FOLLOWING ITEMS: 0001: WINGXPAND XRAI SMART UAS-VTOL MISSION DOMINANCE PACKAGE (SILVUS) IAW QUOTE 1S0TA0S-2A (SBIR III).",2026-05-14,2026-05-17 22:54:19
CONT_AWD_FA441726P0046_9700_-NONE-_-NONE-,FA441726P0046,"ATLANTIC DIVING SUPPLY, INC.",Department of Defense,0.0,"TWO (2) LIGHTWEIGHT, MODULAR SKYDIO X10D SUAS KITS WITH THERMAL/GPS CAPABILITIES, NIGHTSENSE, MOLLE POUCHES, CHARGERS, AND 3+ SPARE BATTERIES PER SYSTEM. MUST DELIVER 30+ MIN FLIGHT TIME AND BE DIU BLUE UAS/DAFMAN 11-501 COMPLIANT.",2026-06-08,2026-06-15 09:11:16
CONT_AWD_FA480326C0007_9700_-NONE-_-NONE-,FA480326C0007,AUTERION GOVERNMENT SOLUTIONS INC,Department of Defense,293715.18,"THIS SYSTEM IS REQUIRED TO PROVIDE A COUNTER-UAS C-UAS CAPABILITY. THIS IS SOFTWARE-DRIVEN VISUAL TRACKING AND INTERCEPT CAPABILITIES FOR UNMANNED AERIAL VEHICLES (UAVS), SPECIFICALLY FOR LOITERING MUNITIONS.",2026-04-10,2026-05-15 08:34:53
CONT_AWD_FA480326F0016_9700_FA480326D0001_9700,FA480326F0016,"KRAUS HAMDANI AEROSPACE, INC.",Department of Defense,10045818.82,DELIVERY ORDER 02,2026-04-15,2026-05-04 15:55:19
CONT_AWD_FA480326F0022_9700_FA480326D0001_9700,FA480326F0022,"KRAUS HAMDANI AEROSPACE, INC.",Department of Defense,9989612.53,DELIVERY ORDER 03,2026-05-15,2026-05-19 10:24:29
CONT_AWD_FA480326F0029_9700_FA480326D0006_9700,FA480326F0029,"CLOUDFIT SOFTWARE, LLC",Department of Defense,254287.09,"EQUIPMENT, SOFTWARE, AND ACCESSORIES.",2026-06-10,2026-06-10 09:06:22
CONT_AWD_FA480326P0036_9700_-NONE-_-NONE-,FA480326P0036,"GREY RAVEN GROUP, LLC",Department of Defense,487370.0,"POINSETT PACKAGE RED AIR SWARM DRONE BUNDLE HARDWARE, SOFTWARE, AND FIELD SUPPORT SERVICES.",2026-05-07,2026-08-10 10:59:25
CONT_AWD_FA485526FG002_9700_47QSMS25D00B2_4732,FA485526FG002,BARFIELD INC,Department of Defense,22220.0,UNMANNED AIRCRAFT,2025-10-01,2026-05-12 15:24:28
CONT_AWD_FA486126F0100_9700_47QSMA19D08Q1_4732,FA486126F0100,"ATLANTIC DIVING SUPPLY, INC.",Department of Defense,30698.93,PURCHASE AND DELIVERY OF SKYDIO DRONE IN ACCORDANCE WITH ATTACHMENT 1 - SKYDIO DRONE QUOTE.,2026-04-02,2026-08-24 20:22:49
CONT_AWD_FA487726C0005_9700_-NONE-_-NONE-,FA487726C0005,"DIGITAL FORCE TECHNOLOGIES, LLC",Department of Defense,920000.0,ODIN DRONE DETECTION SYSTEM,2026-04-24,2026-04-24 15:57:44
CONT_AWD_FA487726P0024_9700_-NONE-_-NONE-,FA487726P0024,DRAGOON TECHNOLOGY LLC,Department of Defense,497931.0,DRAGOON CORIOLIS DRONES WITH STARLINK CAPABILITIES.,2026-03-19,2026-03-26 19:18:20
CONT_AWD_FA487726P0034_9700_-NONE-_-NONE-,FA487726P0034,ROGUE INDUSTRIES LLC,Department of Defense,1244140.79,LAYERED COUNTER UNMANNED AERIAL SYSTEM (CUAS) KIT.,2026-04-10,2026-04-11 22:33:28
CONT_AWD_FA487726P0062_9700_-NONE-_-NONE-,FA487726P0062,ROGUE INDUSTRIES LLC,Department of Defense,1326337.88,PROCUREMENT OF TWO (2) INTEGRATED C-UAS EW DEFEAT SYSTEMS WITH INTERCEPTOR CAPABILITIES,2026-06-03,2026-06-17 11:36:27
CONT_AWD_FA489023F0039_9700_FA489018D0010_9700,FA489023F0039,"AEROVIRONMENT, INC.",Department of Defense,3204624.04,"FY22 TRANCHE 2 EL SALVADOR CIDT TRAINING AND SUPT - RAVEN UAS EQUIPMENT, TRAINING, AND LOGISTICS SUPPORT",2023-03-29,2026-02-26 13:27:39
CONT_AWD_FA489025F0056_9700_FA489023D0001_9700,FA489025F0056,"NEXT EVOLUTION WATER SOLUTIONS, INC.",Department of Defense,1299859.91,FISCAL YEAR 24 TRANCHE 3 UNITED STATES INDO-PACIFIC COMMAND TAIWAN PHASE II UNMANNED AERIAL SYSTEMS,2025-06-27,2026-03-06 08:39:04
CONT_AWD_FA489026F0048_9700_FA489023D0003_9700,FA489026F0048,"CAMBRIDGE INTERNATIONAL SYSTEMS, INC.",Department of Defense,953554.35,"COUNTER-NARCOTICS AND GLOBAL THREATS OPERATIONS, LOGISTICS AND TRAINING SUPPORT. THIS CONTRACT WILL SUPPORT ALL ORGANIZATIONS TO MEET NATIONAL DEFENSE STRATEGIES AND OBJECTIVES.",2026-05-15,2026-08-19 16:20:59
CONT_AWD_FA520526F0081_9700_47QSMA19D08Q1_4732,FA520526F0081,"ATLANTIC DIVING SUPPLY, INC.",Department of Defense,95126.46,SKYDIO DRONE,2026-06-12,2026-06-17 17:59:30
CONT_AWD_FA542224C0016_9700_-NONE-_-NONE-,FA542224C0016,"ANDURIL INDUSTRIES, INC.",Department of Defense,1153000.0,GHOST-X SBIR PHASE 3 UNDER SBIR# F191-005-1461,2024-09-20,2026-04-28 10:45:19
CONT_AWD_FA568226P0035_9700_-NONE-_-NONE-,FA568226P0035,"MIG GOV, LLC",Department of Defense,183998.52,ORQA SYSTEM - NEROS ARCHER/ARCHER STRIKE SYSTEM,2026-06-18,2026-06-18 08:21:18
CONT_AWD_FA660626C0015_9700_-NONE-_-NONE-,FA660626C0015,"DRONE EXPRESS, INC",Department of Defense,0.0,THIS ACTION IS FOR A NEW REQUIREMENT TO PROCURE ONE DEXA DE-2020 AUTONOMOUS AIRCRAFT SYSTEM. THE CONTEMPLATED CONTRACTED TYPE IS FIRM-FIXED-PRICE AND WILL BE EXECUTED VIA GOVERNMENT PURCHASE CARD (GPC).,2026-05-08,2026-05-08 22:02:48
CONT_AWD_FA664326P0004_9700_-NONE-_-NONE-,FA664326P0004,HARRIS AERIAL LLC,Department of Defense,114448.0,HARRIS AERIAL HX8 KIT,2026-06-17,2026-06-25 14:43:05
CONT_AWD_FA700025F0180_9700_GS07F0426X_4732,FA700025F0180,DUNCAN-PARNELL INC,Department of Defense,716182.45,"SMALL UNMANNED AIRCRAFT SYSTEMS (SUAS), COMPONENTS AND TRAINING",2025-09-30,2026-05-05 16:38:48
CONT_AWD_FA706026FG019_9700_47QSMA19D08Q1_4732,FA706026FG019,"ATLANTIC DIVING SUPPLY, INC.",Department of Defense,125788.44,UNMANNED AIRCRAFT,2025-10-01,2026-08-19 09:42:17
CONT_AWD_FA706026FG022_9700_47QSMA19D08Q1_4732,FA706026FG022,"ATLANTIC DIVING SUPPLY, INC.",Department of Defense,55553.66,UNMANNED AIRCRAFT,2025-10-01,2026-09-02 11:58:28
CONT_AWD_FA813626F0018_9700_47QSMA19D08Q1_4732,FA813626F0018,"ATLANTIC DIVING SUPPLY, INC.",Department of Defense,31345.54,"OSS FM9 DRONE - SKYDIO X10D. SEE ATTACHED QUOTE FOR LINE ITEMS, DESCRIPTIONS, AND QUANTITIES.",2026-05-07,2026-09-15 20:07:28
CONT_AWD_FA862015C3001_9700_-NONE-_-NONE-,FA862015C3001,NORTHROP GRUMMAN SYSTEMS CORPORATION,Department of Defense,634956236.78,"GLOBAL HAWK, ACAT 1, FMS ROK",2014-12-16,2026-06-01 11:44:18
CONT_AWD_FA862018C2002_9700_-NONE-_-NONE-,FA862018C2002,"GENERAL ATOMICS AERONAUTICAL SYSTEMS, INC.",Department of Defense,123777264.32,FRANCE EXPORTABLE MQ-9 REAPER 3RD AND 4TH SYSTEMS,2018-08-22,2026-05-14 18:01:48
CONT_AWD_FA862018C2009_9700_-NONE-_-NONE-,FA862018C2009,"GENERAL ATOMICS AERONAUTICAL SYSTEMS, INC.",Department of Defense,309812533.2,UNDEFINITIZED CONTRACT ACTION FOR FMS UK MQ-9B PROTECTOR,2018-03-30,2026-05-13 11:52:28
CONT_AWD_FA862018F2361_9700_FA862015G4040_9700,FA862018F2361,"GENERAL ATOMICS AERONAUTICAL SYSTEMS, INC.",Department of Defense,70732867.63,FY18 BLK 30 GCS RETROFIT,2018-09-21,2026-05-22 07:00:33
CONT_AWD_FA862018F2372_9700_FA862015G4040_9700,FA862018F2372,"GENERAL ATOMICS AERONAUTICAL SYSTEMS, INC.",Department of Defense,20343088.35,"FY18 MRC, AUTOMATIC TAKEOFF AND LANDING CONTROL",2017-10-27,2026-03-04 15:57:19
CONT_AWD_FA862019C2009_9700_-NONE-_-NONE-,FA862019C2009,BAE SYSTEMS INFORMATION AND ELECTRONIC SYSTEMS INTEGRATION INC.,Department of Defense,50831389.9,MQ-9 REAPER PROGRAM FRANCE AIR FORCE FMS SENSOR EFFORT,2019-05-29,2026-05-11 16:47:50
CONT_AWD_FA862020F2383_9700_FA862015G4040_9700,FA862020F2383,"GENERAL ATOMICS AERONAUTICAL SYSTEMS, INC.",Department of Defense,42413164.36,MQ-9 REAPER LINK-16 INTEGRATION,2019-10-03,2026-02-12 12:42:31
CONT_AWD_FA862020F2390_9700_FA862015G4040_9700,FA862020F2390,"GENERAL ATOMICS AERONAUTICAL SYSTEMS, INC.",Department of Defense,33348682.7,MQ-9 BLOCK 5 WEAPONIZATION AND FOREIGN MILITARY SALES (FMS) POD INTEGRATION (FRANCE),2019-10-25,2025-12-03 19:14:00
CONT_AWD_FA862020F2401_9700_FA862017D2000_9700,FA862020F2401,"GENERAL ATOMICS AERONAUTICAL SYSTEMS, INC.",Department of Defense,26535990.17,MQ-9 REAPER GROUND CONTROL STATION AND AIRFRAME SPARES ORGANIC DEPOT,2020-09-25,2026-05-07 17:41:43
CONT_AWD_FA862020F2817_9700_FA862017D2000_9700,FA862020F2817,"GENERAL ATOMICS AERONAUTICAL SYSTEMS, INC.",Department of Defense,31278555.05,MQ-9 REAPER AUTOMATIC TAKEOFF AND LANDING CAPABILITY (ATLC),2020-07-02,2026-01-12 17:08:03
CONT_AWD_FA862023F4085_9700_FA862019G4023_9700,FA862023F4085,"AEVEX AEROSPACE, LLC",Department of Defense,8853520.46,BIG SAFARI,2023-04-14,2026-02-26 08:57:44
CONT_AWD_FA862023F4098_9700_FA862019G4023_9700,FA862023F4098,"AEVEX AEROSPACE, LLC",Department of Defense,2491010.77,BIG SAFARI,2023-09-15,2026-04-01 09:31:00
CONT_AWD_FA862024F4040_9700_FA862019G4023_9700,FA862024F4040,"AEVEX AEROSPACE, LLC",Department of Defense,11882004.0,BIG SAFARI,2024-01-22,2026-05-29 10:21:33
CONT_AWD_FA862025FB090_9700_FA862024GB001_9700,FA862025FB090,"AEVEX AEROSPACE, LLC",Department of Defense,22133636.58,BIG SAFARI,2025-02-13,2026-04-07 12:42:05
CONT_AWD_FA862926FB002_9700_FA862926DB001_9700,FA862926FB002,"AEROVIRONMENT, INC",Department of Defense,49257580.67,SUAS HURRICANE DRONES,2025-10-03,2026-05-27 10:11:04
CONT_AWD_FA862926FB004_9700_FA862926DB002_9700,FA862926FB004,"ANDURIL INDUSTRIES, INC.",Department of Defense,1708441.0,AGILE-LAUNCH TACTICALLY-INTEGRATED UNMANNED SYSTEM (ALTIUS) 600,2025-10-24,2026-03-18 13:45:11
CONT_AWD_FA862926PB002_9700_-NONE-_-NONE-,FA862926PB002,"AEROVIRONMENT, INC",Department of Defense,4922723.0,HURRICANE AND TRAINING ASSETS,2026-03-30,2026-06-16 14:39:04
CONT_AWD_FA862926PB003_9700_-NONE-_-NONE-,FA862926PB003,"AEROVIRONMENT, INC",Department of Defense,4451223.0,ACC/A3J-MIPR-TACP ACC HURRICANE ORDER,2026-04-29,2026-05-28 14:25:26
CONT_AWD_FA867810C0100_9700_-NONE-_-NONE-,FA867810C0100,THE BOEING COMPANY,Department of Defense,329846037.78,QF-16 FULL SCALE AERIAL TARGET (FSAT),2010-03-08,2026-07-10 15:51:31
CONT_AWD_FA867822C0003_9700_-NONE-_-NONE-,FA867822C0003,THE BOEING COMPANY,Department of Defense,25240939.01,"QF-16 FULL SCALE AERIAL TARGET LOT 6'S BLK 25 AND BLK 30 UNIQUE MATERIAL FOR DRONE PECULIAR EQUIPMENT PACKAGE, PROGRAM INTEGRATION SUPPORT, PRODUCTION LINE SUPPORT MATERIAL, AND WARRANTY FOR DRONE PECULIAR EQUIPMENT LAY-IN MATERIAL.",2021-11-19,2026-06-24 11:01:50
CONT_AWD_FA867825FB003_9700_FA867821D0001_9700,FA867825FB003,"KRATOS UNMANNED AERIAL SYSTEMS, INC",Department of Defense,57503169.58,"PURCHASE OF LOT 21 AFSAT BQM-167A TARGETS AND ASSOCIATED LOT 21 DATA.   *NOTE: POP FOR CLIN 4001, 4002 EXTENDED FROM 24 TO 29 MONTHS, CLIN 4004 FROM 26 TO 31 MONTHS. AS A RESULT, KUAS AGREES TO PROVIDE CY 26 AND CY 27 STORAGE UP TO 100 TARGETS.",2025-02-28,2026-04-01 13:22:36
CONT_AWD_FA868126FB012_9700_FA868126DB001_9700,FA868126FB012,BAE SYSTEMS INFORMATION AND ELECTRONIC SYSTEMS INTEGRATION INC.,Department of Defense,38976662.0,A2A DUAL MODE,2026-02-12,2026-06-04 09:34:43
CONT_AWD_FA868920C2013_9700_-NONE-_-NONE-,FA868920C2013,"GENERAL ATOMICS AERONAUTICAL SYSTEMS, INC.",Department of Defense,229638616.36,BELGIUM MQ-9B SKYGUARDIAN,2020-08-14,2026-08-17 09:59:56
CONT_AWD_FA868921F2004_9700_FA862017D2000_9700,FA868921F2004,"GENERAL ATOMICS AERONAUTICAL SYSTEMS, INC.",Department of Defense,4472830.42,MQ-9 REAPER FY20 MISSION READINESS CAPABILITY,2021-08-04,2026-06-04 03:58:36
CONT_AWD_FA868921F2408_9700_FA868920D2020_9700,FA868921F2408,"GENERAL ATOMICS AERONAUTICAL SYSTEMS, INC.",Department of Defense,310406704.19,MQ-9 REAPER FISCAL YEAR 21 UNILATERAL AIRCRAFT PRODUCTION BUY,2021-04-21,2026-03-17 13:49:37
CONT_AWD_FA868921F2605_9700_FA868920D2020_9700,FA868921F2605,"GENERAL ATOMICS AERONAUTICAL SYSTEMS, INC.",Department of Defense,70817643.6,MQ-9 REAPER BLOCK 5 POWER RETROFIT UCA,2021-07-16,2026-03-16 13:59:59
CONT_AWD_FA868921F2800_9700_FA868920D2020_9700,FA868921F2800,"GENERAL ATOMICS AERONAUTICAL SYSTEMS, INC.",Department of Defense,58466882.66,MQ-9 REAPER FOREIGN MILITARY SALES ITALY MID-LIFE MODERNIZATION LOT 1,2021-09-08,2025-12-12 15:50:56
CONT_AWD_FA868921F2802_9700_FA862017D2000_9700,FA868921F2802,"GENERAL ATOMICS AERONAUTICAL SYSTEMS, INC.",Department of Defense,54188254.89,MQ-9 REAPER OPEN MISSION SYSTEMS STELLAR RELAY TECHNICAL MATURATION EFFORT,2021-03-19,2026-05-15 14:12:31
CONT_AWD_FA868921F2805_9700_FA868920D2020_9700,FA868921F2805,"GENERAL ATOMICS AERONAUTICAL SYSTEMS, INC.",Department of Defense,89786384.3,MQ-9 AGILE REAPER ENTERPRISE SOLUTION (ARES) IDIQ FRANCE HARDWARE AIRCRAFT PROCUREMENT,2021-07-01,2026-04-23 07:26:26
CONT_AWD_FA868922F2400_9700_FA868920D2020_9700,FA868922F2400,"GENERAL ATOMICS AERONAUTICAL SYSTEMS, INC.",Department of Defense,128050591.0,MQ-9 REAPER 2022 UNITED STATES MARINE CORPS PRODUCTION BUY,2022-05-24,2026-04-22 14:25:03
CONT_AWD_FA868922FB001_9700_FA862017D2000_9700,FA868922FB001,"GENERAL ATOMICS AERONAUTICAL SYSTEMS, INC.",Department of Defense,87554261.55,MQ-9 REAPER LEAD OFF HITTER (LOH) 5,2022-08-26,2026-06-12 13:35:05
CONT_AWD_FA868923C2018_9700_-NONE-_-NONE-,FA868923C2018,"GENERAL ATOMICS AERONAUTICAL SYSTEMS, INC.",Department of Defense,470692041.17,MQ-9B PRODUCTION FMS TAIWAN,2023-04-27,2026-05-12 13:24:03
CONT_AWD_FA868923CB002_9700_-NONE-_-NONE-,FA868923CB002,RAYTHEON COMPANY,Department of Defense,17174570.6,MQ-9 REAPER MALET MTS-B III SOFTWARE,2023-09-29,2026-06-17 09:13:50
CONT_AWD_FA868923F2250_9700_FA868920D2020_9700,FA868923F2250,"GENERAL ATOMICS AERONAUTICAL SYSTEMS, INC.",Department of Defense,41865689.17,MQ-9 REAPER PROLIFERATED LOW EARTH ORBIT (PLEO),2023-06-10,2026-04-15 14:09:38
CONT_AWD_FA868923F2452_9700_FA868920D2020_9700,FA868923F2452,"GENERAL ATOMICS AERONAUTICAL SYSTEMS, INC.",Department of Defense,93563757.47,MQ-9 REAPER FMS NETHERLANDS - LOT 2 PRODUCTION,2023-09-18,2026-04-08 11:32:48
CONT_AWD_FA868923F2650_9700_FA868920D2020_9700,FA868923F2650,"GENERAL ATOMICS AERONAUTICAL SYSTEMS, INC.",Department of Defense,126270632.93,MQ-9 REAPER OPEN MISSION SYSTEM (OMS) STELLAR RELAY (SR) AND LINK-16 RETROFIT UCA,2023-09-26,2026-06-10 09:15:28
CONT_AWD_FA868923F2850_9700_FA868920D2020_9700,FA868923F2850,"GENERAL ATOMICS AERONAUTICAL SYSTEMS, INC.",Department of Defense,80637544.72,MQ-9 REAPER FOREIGN MILITARY SALES (FMS) ITALY MID LIFE MODERNIZATION LOT 2,2023-07-14,2026-03-04 11:52:31
CONT_AWD_FA868924C2020_9700_-NONE-_-NONE-,FA868924C2020,"GENERAL ATOMICS AERONAUTICAL SYSTEMS, INC.",Department of Defense,102936807.97,"MQ-9 FMS NETHERLANDS, LOT 2 PRODUCTION CUT-IN UCA",2024-04-17,2026-04-15 09:37:43
CONT_AWD_FA868924F2251_9700_FA868920D2020_9700,FA868924F2251,"GENERAL ATOMICS AERONAUTICAL SYSTEMS, INC.",Department of Defense,3921067.79,MQ-9 REAPER CLEAN UP HITTER (CUH) 3.5,2023-12-21,2026-04-22 12:11:13
CONT_AWD_FA868924F2451_9700_FA868920D2020_9700,FA868924F2451,"GENERAL ATOMICS AERONAUTICAL SYSTEMS, INC.",Department of Defense,94358723.59,MQ-9 REAPER JOINT UNION OPERATIONAL NEED PROLIFERLATED LOW EARTH ORBIT PHASE II,2024-04-22,2026-08-18 09:10:59
CONT_AWD_FA868924FB008_9700_FA868923D2012_9700,FA868924FB008,"L3 TECHNOLOGIES, INC.",Department of Defense,1972051.52,MQ-9 COMMUNICATION REAPER INTEGRATED UPGRADE SOLUTIONS (CRIUS) DELIVERY ORDER 3,2024-07-03,2026-03-10 14:40:46
CONT_AWD_FA868925FB007_9700_FA868920D2020_9700,FA868925FB007,"GENERAL ATOMICS AERONAUTICAL SYSTEMS, INC.",Department of Defense,1265329.0,SITE SURVEY STUDY IN SUPPORT OF THE INDIA MQ-9B PROGRAM,2025-08-05,2026-01-26 11:43:01
CONT_AWD_FA868925FB009_9700_FA868920D2020_9700,FA868925FB009,"GENERAL ATOMICS AERONAUTICAL SYSTEMS, INC.",Department of Defense,9989587.0,PLEO RETROFIT PH IV FOLLOW-ON,2025-09-09,2026-06-22 12:19:48
CONT_AWD_FA868925FB010_9700_FA868925DB001_9700,FA868925FB010,"GENERAL ATOMICS AERONAUTICAL SYSTEMS, INC.",Department of Defense,468927076.98,IRIS DELIVERY ORDER (DO) 1 FOR INDIA MQ-9B FMS,2025-09-08,2026-06-17 19:08:04
CONT_AWD_FA868926CB005_9700_-NONE-_-NONE-,FA868926CB005,"GENERAL ATOMICS AERONAUTICAL SYSTEMS, INC.",Department of Defense,7660262.96,HARDENED SERVER AND ANCILLARY EQUIPMENT TO PROTECT EXPORTABLE MQ-9A AVSIM AND T-OFP SOFTWARE AND ENABLES AIRCREW TRAINING WITH A MEDIUM ALTITUDE LONG ENDURANCE TACTICAL (MALET) JOINT SYSTEM INTEGRATION LABORATORY [JSIL] AIRCREW TRAINER (MJAT).,2026-05-07,2026-06-16 13:53:55
CONT_AWD_FA868926FB001_9700_FA868925DB001_9700,FA868926FB001,"GENERAL ATOMICS AERONAUTICAL SYSTEMS, INC.",Department of Defense,81930834.59,QATAR MQ-9B GREEN AC PURCHASE,2026-05-26,2026-06-02 11:09:32
CONT_AWD_FA868926FB002_9700_FA868925DB001_9700,FA868926FB002,"GENERAL ATOMICS AERONAUTICAL SYSTEMS, INC.",Department of Defense,1214281.0,THIS DELIVERY ORDER INCLUDES ALL ACTIVITIES REQUIRED FOR THE PROCUREMENT OF HARDWARE FOR POLAND MQ-9 FMS REQUIREMENTS.,2026-01-22,2026-03-12 13:24:06
CONT_AWD_FA868926FB006_9700_FA868925DB001_9700,FA868926FB006,"GENERAL ATOMICS AERONAUTICAL SYSTEMS, INC.",Department of Defense,873460.0,QATAR SITE SURVEY,2026-01-26,2026-04-13 08:35:31
CONT_AWD_H9224026FE296_9700_H9224026DE025_9700,H9224026FE296,W S DARLEY & CO,Department of Defense,859500.0,PARROT ANAFI UKR XLR SYSTEMS DRONES AND PARTS,2026-05-20,2026-05-20 16:53:10
CONT_AWD_H9227826PE007_9700_-NONE-_-NONE-,H9227826PE007,NAPATREE TECHNOLOGY LLC,Department of Defense,40000.0,2 X BUMBLEBEE GROUND CONTROL STATION V1,2026-05-04,2026-05-04 06:47:07
CONT_AWD_H9227826PE008_9700_-NONE-_-NONE-,H9227826PE008,GRAYLINEX LLC,Department of Defense,98000.0,"KRAKEN MARITIME FIBER OPTIC TETHER SPOOLS IN 5, 10, 15, AND 20 STATUTE MILE CONFIGURATIONS IS REQUIRED",2026-05-15,2026-05-20 12:12:27
CONT_AWD_H9227826PE009_9700_-NONE-_-NONE-,H9227826PE009,"AIRGILITY, INC",Department of Defense,244900.0,UAS SUPPLIES; FFP,2026-05-27,2026-05-27 10:05:38
CONT_AWD_H9227826PE011_9700_-NONE-_-NONE-,H9227826PE011,ELISTAIR INC.,Department of Defense,47314.8,TETHERED UAV SYSTEM.,2026-06-05,2026-06-05 07:05:15
CONT_AWD_H9240318F0008_9700_H9222216D0028_9700,H9240318F0008,THE BOEING COMPANY,Department of Defense,1723047.37,OCONUS FSR SUPPORT,2018-05-07,2026-06-02 17:15:41
CONT_AWD_H9240824F0006_9700_H9240821D0003_9700,H9240824F0006,TECHNOLOGY SERVICE CORP,Department of Defense,14738015.56,AV,2024-08-26,2026-01-28 10:10:17
CONT_AWD_M0068126P0002_9700_-NONE-_-NONE-,M0068126P0002,W S DARLEY & CO,Department of Defense,721394.72,"ACQUISITION OF SMALL UNMANNED AERIAL SYSTEMS (SUAS) FOR 1ST MARINE DIVISION (1MARDIV) IN SUPPORT OF THE NAVY AND MARINE CORPS 250TH BIRTHDAY DEMONSTRATION WHICH IS A WHITE HOUSE-DIRECTED, SERVICE-LEVEL COMMEMORATIVE EVENT.",2025-12-15,2026-04-10 18:46:40
CONT_AWD_M6700126P0028_9700_-NONE-_-NONE-,M6700126P0028,GHOST LABS LLC,Department of Defense,37914.8,COUNTER UAS KITS,2026-04-13,2026-06-26 11:52:02
CONT_AWD_M6700126P0036_9700_-NONE-_-NONE-,M6700126P0036,PRIMEPRO BUSINESS SOLUTIONS LLC,Department of Defense,23515.91,VARIOUS SUAS COMPONENTS. SEE PARTS LIST ATTACHED.,2026-05-11,2026-09-14 09:56:14
CONT_AWD_M6700126P0044_9700_-NONE-_-NONE-,M6700126P0044,LUMENIER HOLDCO LLC,Department of Defense,2741.93,SUAS COMPONENTS - 11TH MEU,2026-05-27,2026-05-27 15:51:02
CONT_AWD_M6786126P0020_9700_-NONE-_-NONE-,M6786126P0020,"NEROS, INC.",Department of Defense,335995.0,4TH MARINE DIVISION AND 4TH LIGHT ARMORED RECONNAISSANCE BATTALION HAS A REQUIREMENT TO PROCURE ARCHER 8 FPV DRONES AND RESPECTIVE TRAINING FOR 20 MARINES TO OPERATE AND UTILIZE DRONES IN AN OPERATIONAL ATMOSPHERE.,2026-06-02,2026-06-02 15:30:43
CONT_AWD_N0001919C0008_9700_-NONE-_-NONE-,N0001919C0008,NORTHROP GRUMMAN SYSTEMS CORPORATION,Department of Defense,1811548807.37,MQ-4C TRITON LRIP LOT 5 LONG LEAD ITEMS TO SUPPORT U.S. NAVY AND COOPERATIVE PARTNER AUSTRALIA.,2019-05-29,2026-04-10 12:42:24
CONT_AWD_N0001919F0005_9700_N0001915G0026_9700,N0001919F0005,NORTHROP GRUMMAN SYSTEMS CORPORATION,Department of Defense,549539.98,PRESERVATION AND STORAGE OF UA B8 (169171) AND UA B9 (169172).,2018-11-29,2026-03-19 16:38:38
CONT_AWD_N0001921F0188_9700_N0001920G0005_9700,N0001921F0188,NORTHROP GRUMMAN SYSTEMS CORPORATION,Department of Defense,19505357.0,IN SUPPORT OF THE NON-DESTRUCTIVE TEST AND INSPECTION (NDI) (REFERENCE STANDARDS) SUPPORT EQUIPMENT EFFORT FOR THE MQ-4C TRITON UAS PROGRAM FOR USN AND RAAF.,2021-09-22,2026-05-19 07:05:31
CONT_AWD_N0001921F0362_9700_N0001920G0005_9700,N0001921F0362,NORTHROP GRUMMAN SYSTEMS CORPORATION,Department of Defense,5422877.61,UA B10 PRESERVATION AND STORAGE,2021-02-24,2026-05-04 21:29:46
CONT_AWD_N0001922C0048_9700_-NONE-_-NONE-,N0001922C0048,THE BOEING COMPANY,Department of Defense,59447000.0,LRIP LOT 1 LONG LEAD MATERIALS,2022-09-28,2026-03-06 13:05:26
CONT_AWD_N0001922F0031_9700_N0001920G0005_9700,N0001922F0031,NORTHROP GRUMMAN SYSTEMS CORPORATION,Department of Defense,18035019.12,THE PURPOSE OF THIS MODIFICATION IS TO PROCURE USN MAINTENANCE & RAAF TASK ANALYSES.   NAVAIR PID# N00019-20-RFPREQ-PMA-262-0284 PR# 1301005156 PR# 1301005338,2022-05-26,2025-12-15 20:20:08
CONT_AWD_N0001923C0021_9700_-NONE-_-NONE-,N0001923C0021,"KRATOS UNMANNED AERIAL SYSTEMS, INC",Department of Defense,238798157.3,SUBSONIC AERIAL TARGET (SSAT) BQM-177A FULL RATE PRODUCTION,2023-01-31,2026-03-16 19:26:40
CONT_AWD_N0001923C0033_9700_-NONE-_-NONE-,N0001923C0033,THE SURVICE ENGINEERING COMPANY LLC,Department of Defense,55432360.69,"TRUAS TRV-150C SYSTEMS & ASSOCIATED SYSTEMS ENGINEERING/PROGRAM MANAGEMENT, SPARES, REPAIR OF REPAIRABLES, ETC.  NOTE: SOLE SOURCE AWARD PURSUANT TO 10 USC 4022(F), BUT CAR CODING DOES NOT INCLUDE THIS AS AN OPTION, AND HENCE FAR 6.302-1 SELECTED.",2023-04-11,2026-06-11 12:03:56
CONT_AWD_N0001923F0041_9700_N0001920G0005_9700,N0001923F0041,NORTHROP GRUMMAN SYSTEMS CORPORATION,Department of Defense,220500476.78,"THE PURPOSE OF THIS DELIVERY ORDER IS TO RETROFIT B9, B10, MB6P INTO THE IFC4.2 CONFIGURATION.",2023-08-23,2026-06-18 15:32:22
CONT_AWD_N0001923F0313_9700_N0001922D0038_9700,N0001923F0313,"INSITU, INC.",Department of Defense,14333089.0,"PROCURE FOUR (4) RQ-21 BLACKJACK AIR VEHICLES (AV) AND ASSOCIATED SUPPORT EQUIPMENT, SPARES, AND TRAINING IN SUPPORT OF THE BANGLADESH AIR FORCE FMS CASE BG-P-LAK AND BUILDING PARTNER CAPACITY/GLOBAL PEACE OPERATIONS INITIATIVE CASE Q9-P-LAB.",2023-03-31,2026-04-02 16:25:14
CONT_AWD_N0001923F0319_9700_N0001922D0038_9700,N0001923F0319,"INSITU, INC.",Department of Defense,19056454.08,"RQ-21A AIR VEHICLES, TRAINING, SUPPORT EQUIPMENT, AND SPARES",2023-03-31,2026-04-02 16:23:02
CONT_AWD_N0001923F0578_9700_N0001922D0038_9700,N0001923F0578,"INSITU, INC.",Department of Defense,14407018.94,THE PURPOSE OF THIS DELIVERY ORDER IS TO PROCURE HARDWARE AND SERVICES TO CONVERT THE LEBANON AIR FORCE (LAF) FLEET FROM ANALOG TO DIGITAL AND THE ABILITY TO OPERATE THE NEW DIGITAL AND VIDAR TECHNOLOGY.,2023-08-15,2026-06-05 11:59:15
CONT_AWD_N0001923F2503_9700_N0001922G0006_9700,N0001923F2503,"GENERAL ATOMICS AERONAUTICAL SYSTEMS, INC.",Department of Defense,16909654.0,MQ9A -25 CONVERSION,2023-08-01,2026-06-22 09:06:25
CONT_AWD_N0001924F0328_9700_N0001922D0038_9700,N0001924F0328,"INSITU, INC.",Department of Defense,8877956.65,"THE PURPOSE OF THIS DELIVERY ORDER IS TO PROCURE INITIAL SCANEAGLE HARDWARE AND SERVICES IN SUPPORT OF A FUTURE SITE FOR FMS BULGARIA, BU-P-LBJ.",2024-09-23,2025-12-05 11:30:28
CONT_AWD_N0001925F0323_9700_N0001922D0038_9700,N0001925F0323,"INSITU, INC.",Department of Defense,9927199.56,SPARES EXHIBIT MX,2025-08-28,2026-04-02 13:24:19
CONT_AWD_N0001925F0971_9700_FA865621DA045_9700,N0001925F0971,SHIELD AI INC,Department of Defense,11322584.92,V-BAT VTOL UNMANNED AIRCRAFT,2025-09-03,2026-05-01 15:14:36
CONT_AWD_N0001925F2142_9700_N0001922D0038_9700,N0001925F2142,"INSITU, INC.",Department of Defense,1111640.44,SCANEAGLE SPARES,2025-05-28,2025-12-19 09:33:02
CONT_AWD_N0001925F5000_9700_N0001922D0038_9700,N0001925F5000,"INSITU, INC.",Department of Defense,2108882.3,FMS RQ-21A HARDWARE AND SERVICES THAILAND LAF,2025-08-20,2026-03-18 12:36:19
CONT_AWD_N0001925P1000_9700_-NONE-_-NONE-,N0001925P1000,"REDWIRE DEFENSE TECH SLO, LLC",Department of Defense,1480410.0,"THE PURPOSE OF THIS PURCHASE ORDER IS TO PROCURE A VXE30 STALKER UNMANNED AERIAL VEHICLE (UAV), ASSOCIATED HARDWARE, AND TRAINING IN SUPPORT OF THE GUYANA DEFENCE FORCE, FOREIGN MILITARY SALES (FMS) CASE GU-P-LAG.",2025-09-22,2026-04-28 16:15:44
CONT_AWD_N0001926F1004_9700_N0001922D0038_9700,N0001926F1004,"INSITU, INC.",Department of Defense,129985.74,FMS SCANEAGLE KENYA KE-P-GAD SPARES,2025-11-19,2026-02-04 19:16:21
CONT_AWD_N0001926F1011_9700_N0001922D0038_9700,N0001926F1011,"INSITU, INC.",Department of Defense,979283.26,"THE PURPOSE OF THIS NEW DELIVERY ORDER IS TO PROCURE SPARES, PAYLOADS AND TOOLS FOR THE PHILIPPINES NAVY, UNDER FMS CASE PH-P-LAH",2025-12-10,2025-12-11 06:10:46
CONT_AWD_N0001926F1019_9700_N0001922D0038_9700,N0001926F1019,"INSITU, INC.",Department of Defense,3329.64,FMS SCANEAGLE BAHRAIN BA-P-SAS 22D0038 26F1019 BATTERIES,2026-01-07,2026-05-26 20:15:50
CONT_AWD_N0001926F1021_9700_N0001922D0038_9700,N0001926F1021,"INSITU, INC.",Department of Defense,462123.64,THE PURPOSE OF THIS NEW TASK ORDER IS TO PROCURE HARDWARE IN SUPPORT OF THE PHILIPPINES FMS CASE PI-P-BBZ.,2026-01-07,2026-01-07 14:30:18
CONT_AWD_N0001926F1040_9700_N0001922D0038_9700,N0001926F1040,"INSITU, INC.",Department of Defense,803130.36,"THE PURPOSE OF THIS ACTION IS TO PROCURE SPARES, TOOLS, AND TRAINING SERVICES IN SUPPORT OF TUNISIA FMS CASE TU-P-GAW.",2026-02-27,2026-06-09 14:56:10
CONT_AWD_N0001926F1042_9700_N0001922D0038_9700,N0001926F1042,"INSITU, INC.",Department of Defense,517341.41,9 MONTHS OF OPERATION ACTION CENTER (OAC) SUPPORT AND REQUIRED SPARES IN SUPPORT OF PHILIPPINES FMS CASE PH-P-LAE.,2026-02-27,2026-04-13 12:32:38
CONT_AWD_N0016425CJR94_9700_-NONE-_-NONE-,N0016425CJR94,"ANDURIL INDUSTRIES, INC.",Department of Defense,93994917.0,PRODUCTION AND DELIVERY OF ALTIUS 600M-V LOITERING MUNITIONS AND SUPPORTING HARDWARE,2025-02-11,2025-12-11 15:10:35
CONT_AWD_N0016425FJ051_9700_N0016425GJR96_9700,N0016425FJ051,"PLATFORM SYSTEMS, INCORPORATED",Department of Defense,3088674.0,VANILLA LE-UAS,2025-04-02,2025-12-29 09:08:31
CONT_AWD_N0016425FJ608_9700_N0016425GJR96_9700,N0016425FJ608,"PLATFORM SYSTEMS, INCORPORATED",Department of Defense,39596289.0,VANILLA UAS AND ASSOCIATED EQUIPMENT AND TRAINING,2025-08-25,2026-04-15 21:47:53
CONT_AWD_N0016726P1081_9700_-NONE-_-NONE-,N0016726P1081,"SKYDIO, INC",Department of Defense,31625.35,NSWCCD CODE 742 HAS A REQUIREMENT FOR A SKYDIO UAV AND A SKYDIO NIGHTSENSE IR ATTACHMENT.,2026-06-16,2026-06-16 14:51:13
CONT_AWD_N0017326P1508_9700_-NONE-_-NONE-,N0017326P1508,HARRIS AERIAL LLC,Department of Defense,21938.99,BATTERY RACK ASSEMBLY FOR CARRIER H6 AND HX8,2026-04-13,2026-08-27 16:29:57
CONT_AWD_N0017424P0129_9700_-NONE-_-NONE-,N0017424P0129,AEROTARGETS INTERNATIONAL LLC,Department of Defense,594306.0,LONG RANGE DISPENSE SUBMUNITION BODY DEVELOPMENT,2024-08-15,2026-05-28 08:53:38
CONT_AWD_N0017826FS794_9700_47QSWA23D00A9_4732,N0017826FS794,"BLACK RIVER SYSTEMS COMPANY, INC.",Department of Defense,31074.22,NINJA EMULATION SYSTEM,2026-04-20,2026-04-21 11:46:44
CONT_AWD_N0038325FV60Z_9700_N0038320GV601_9700,N0038325FV60Z,HONEYWELL INTERNATIONAL INC.,Department of Defense,36091.4,"VALVE,AIRCRAFT,MATE",2025-03-25,2025-11-12 09:12:23
CONT_AWD_N0042123C0010_9700_-NONE-_-NONE-,N0042123C0010,"KRATOS UNMANNED AERIAL SYSTEMS, INC",Department of Defense,83517930.39,PURCHASE OF AIRCRAFT AND EXPERIMENTATION SUPPORT,2022-12-30,2026-05-11 19:51:17
CONT_AWD_N0042126F0337_9700_N0042124G0005_9700,N0042126F0337,FEDTRIBE LLC,Department of Defense,643999.65,REFURBISHED RQ-21A AIR VEHICLE,2025-12-17,2026-02-05 06:30:59
CONT_AWD_N6133126P0062_9700_-NONE-_-NONE-,N6133126P0062,VERGE INC,Department of Defense,48393.89,VERGE AERO DRONES,2026-02-10,2026-02-10 14:17:39
CONT_AWD_N6600126P6083_9700_-NONE-_-NONE-,N6600126P6083,"GENERAL PACIFIC, INC",Department of Defense,71093.0,UAV PARTS AND ACCESSORIES.,2026-03-23,2026-09-20 20:20:56
CONT_AWD_N6893626P5093_9700_-NONE-_-NONE-,N6893626P5093,"MODALAI, INC.",Department of Defense,21039.95,MODAL STINGER DRONES,2026-01-26,2026-05-10 20:17:06
CONT_AWD_N6893626P5254_9700_-NONE-_-NONE-,N6893626P5254,"NEROS, INC.",Department of Defense,73850.0,NEROS HARDWARE,2026-06-20,2026-06-20 15:05:24
CONT_AWD_NNG17FD73C_8000_-NONE-_-NONE-,NNG17FD73C,LOCKHEED MARTIN CORP,National Aeronautics and Space Administration,352334981.32,"THE LUCY SPACECRAFT AND MISSION OPERATIONS CONTRACT EMBODIES THE MISSION'S REQUIREMENT TO DESIGN, DEVELOPMENT, TEST, AND OPERATE THE LUCY SPACECRAFT BUS. LUCY WILL EXPLORE SIX JUPITER TROJAN ASTEROIDS TRAPPED BY JUPITERS GRAVITY IN TWO SWARMS THAT SHARE THE PLANETS ORBIT, ONE LEADING AND ONE TRAILING JUPITER IN ITS 12-YEAR CIRCUIT AROUND THE SUN. THE TROJANS ARE THOUGHT TO BE RELICS OF A MUCH EARLIER ERA IN THE HISTORY OF THE SOLAR SYSTEM, AND MAY HAVE FORMED FAR BEYOND JUPITERS CURRENT ORBIT.",2017-06-09,2026-09-11 11:41:24
CONT_AWD_SPE4A219F1293_9700_SPE4AX17D9006_9700,SPE4A219F1293,LOCKHEED MARTIN CORPORATION,Department of Defense,0.0,8506484600!AF GEN III SUPPORT,2019-04-25,2025-11-21 10:48:17
CONT_AWD_SPE4AX26FN16F_9700_SPE4AX24D9414_9700,SPE4AX26FN16F,ASRC FEDERAL FACILITIES LOGISTICS LLC,Department of Defense,28917.46,4571348354!STRAT CONT IST DIV V GA-AF,2026-03-31,2026-04-30 06:25:59
CONT_AWD_SPE4AX26FN16G_9700_SPE4AX24D9414_9700,SPE4AX26FN16G,ASRC FEDERAL FACILITIES LOGISTICS LLC,Department of Defense,4425.14,4571348338!STRAT CONT IST DIV V GA-AF,2026-03-31,2026-04-30 06:26:06
CONT_AWD_SPE4AX26FN16H_9700_SPE4AX24D9414_9700,SPE4AX26FN16H,ASRC FEDERAL FACILITIES LOGISTICS LLC,Department of Defense,33242.53,4571348374!STRAT CONT IST DIV V GA-AF,2026-03-31,2026-04-30 06:25:54
CONT_AWD_SPE4AX26FN16J_9700_SPE4AX24D9414_9700,SPE4AX26FN16J,ASRC FEDERAL FACILITIES LOGISTICS LLC,Department of Defense,34520.22,4571348343!STRAT CONT IST DIV V GA-AF,2026-04-01,2026-04-30 06:26:05
CONT_AWD_SPE4AX26FN16K_9700_SPE4AX24D9414_9700,SPE4AX26FN16K,ASRC FEDERAL FACILITIES LOGISTICS LLC,Department of Defense,8702.91,4571347696!STRAT CONT IST DIV V GA-AF,2026-04-01,2026-04-30 06:25:45
CONT_AWD_SPE4AX26FN16L_9700_SPE4AX24D9414_9700,SPE4AX26FN16L,ASRC FEDERAL FACILITIES LOGISTICS LLC,Department of Defense,43316.15,4571348368!STRAT CONT IST DIV V GA-AF,2026-04-01,2026-04-30 06:25:51
CONT_AWD_SPE4AX26FN16Y_9700_SPE4AX24D9414_9700,SPE4AX26FN16Y,ASRC FEDERAL FACILITIES LOGISTICS LLC,Department of Defense,19030.05,4571996292!STRAT CONT IST DIV V GA-AF,2026-06-01,2026-07-09 06:44:34
CONT_AWD_SPE4AX26FN16Z_9700_SPE4AX24D9414_9700,SPE4AX26FN16Z,ASRC FEDERAL FACILITIES LOGISTICS LLC,Department of Defense,9177.01,4571996298!STRAT CONT IST DIV V GA-AF,2026-06-01,2026-07-09 06:44:50
CONT_AWD_SPE4AX26FN43C_9700_SPE4AX24D9414_9700,SPE4AX26FN43C,ASRC FEDERAL FACILITIES LOGISTICS LLC,Department of Defense,1999.62,4571348342!STRAT CONT IST DIV V GA-AF,2026-03-31,2026-04-30 06:25:59
CONT_AWD_SPE4AX26FN43D_9700_SPE4AX24D9414_9700,SPE4AX26FN43D,ASRC FEDERAL FACILITIES LOGISTICS LLC,Department of Defense,19635.89,4571348376!STRAT CONT IST DIV V GA-AF,2026-03-31,2026-04-30 06:25:55
CONT_AWD_SPE4AX26FN43E_9700_SPE4AX24D9414_9700,SPE4AX26FN43E,ASRC FEDERAL FACILITIES LOGISTICS LLC,Department of Defense,30311.7,4571348363!STRAT CONT IST DIV V GA-AF,2026-03-31,2026-04-30 06:25:55
CONT_AWD_SPE4AX26FN43F_9700_SPE4AX24D9414_9700,SPE4AX26FN43F,ASRC FEDERAL FACILITIES LOGISTICS LLC,Department of Defense,2561.7,4571348341!STRAT CONT IST DIV V GA-AF,2026-04-01,2026-04-30 06:26:05
CONT_AWD_SPE4AX26FN43G_9700_SPE4AX24D9414_9700,SPE4AX26FN43G,ASRC FEDERAL FACILITIES LOGISTICS LLC,Department of Defense,21018.2,4571348375!STRAT CONT IST DIV V GA-AF,2026-04-01,2026-04-30 06:44:37
CONT_AWD_SPE4AX26FN43H_9700_SPE4AX24D9414_9700,SPE4AX26FN43H,ASRC FEDERAL FACILITIES LOGISTICS LLC,Department of Defense,3823.05,4571348361!STRAT CONT IST DIV V GA-AF,2026-04-01,2026-04-30 06:26:04
CONT_AWD_SPE4AX26FN43T_9700_SPE4AX24D9414_9700,SPE4AX26FN43T,ASRC FEDERAL FACILITIES LOGISTICS LLC,Department of Defense,16922.82,4571996294!STRAT CONT IST DIV V GA-AF,2026-06-01,2026-07-30 01:49:39
CONT_AWD_SPE4AX26FN43V_9700_SPE4AX24D9414_9700,SPE4AX26FN43V,ASRC FEDERAL FACILITIES LOGISTICS LLC,Department of Defense,9189.9,4571995470!STRAT CONT IST DIV V GA-AF,2026-06-01,2026-07-30 01:49:39
CONT_AWD_SPM4AX26FN915_9700_SPE4AX24D9414_9700,SPM4AX26FN915,ASRC FEDERAL FACILITIES LOGISTICS LLC,Department of Defense,92017.67,4571348339!FLEET_READINESS_CENTER,2026-03-31,2026-04-30 06:25:58
CONT_AWD_SPMYM226P5246_9700_-NONE-_-NONE-,SPMYM226P5246,FLYABILITY INC,Department of Defense,237218.0,ELIOS 3 NDT PACKAGE,2026-01-22,2026-01-22 08:27:02
CONT_AWD_SPMYM226P7177_9700_-NONE-_-NONE-,SPMYM226P7177,HYDROMEA SA,Department of Defense,195633.48,**URGENT** EXRAY ROV MAIN,2026-06-16,2026-06-16 17:24:32
CONT_AWD_SPMYM226P7199_9700_-NONE-_-NONE-,SPMYM226P7199,CLEO ROBOTICS LABS INC.,Department of Defense,52105.0,DRONUT DD1 SYSTEM,2026-05-12,2026-05-13 13:55:59
CONT_AWD_SPMYM226P7271_9700_-NONE-_-NONE-,SPMYM226P7271,DEEP TREKKER INC,Department of Defense,56468.25,PHOTON EXPERT PKG,2026-05-18,2026-05-18 15:31:23
CONT_AWD_W15P7T25F0055_9700_W15P7T23D0003_9700,W15P7T25F0055,"LEIDOS, INC.",Department of Defense,7799404.11,PROCURE LAPTOP AND PACKING LABELS,2025-01-29,2026-01-27 16:08:03
CONT_AWD_W15P7T25F0074_9700_W15P7T23D0003_9700,W15P7T25F0074,"LEIDOS, INC.",Department of Defense,809120.0,PROCURE HOST INTERFACE CABLE AND SWITCH,2025-02-05,2026-05-08 09:57:23
CONT_AWD_W15P7T25F0076_9700_W15P7T23D0003_9700,W15P7T25F0076,"LEIDOS, INC.",Department of Defense,199183.76,CABLE ASSEMBLY POWER,2025-03-31,2026-01-05 11:24:21
CONT_AWD_W15P7T25F0089_9700_W15P7T23D0003_9700,W15P7T25F0089,"LEIDOS, INC.",Department of Defense,1426132.88,"PROCURE NETWORK ESSENTIALS, SWITCH MODULES, FIREWALL, LAPTOP, SERVER SYSTEM, MODULE UPLINK SWITCH, ROUTER, NETWORK ADVANTAGE, BONDED STORAGE",2025-03-04,2025-12-16 13:04:46
CONT_AWD_W15P7T25F0092_9700_W15P7T23D0003_9700,W15P7T25F0092,"LEIDOS, INC.",Department of Defense,670084.8,BASIC PURCHASE TO ORDER ITEMS DL160RS GEN10 1U 22.,2025-04-04,2026-01-05 11:23:46
CONT_AWD_W15P7T25F0130_9700_W15P7T23D0003_9700,W15P7T25F0130,"LEIDOS, INC.",Department of Defense,17680128.0,PURCHASE OF CISCO COMMUNICATION EQUIPMENT,2025-05-16,2026-04-28 08:38:06
CONT_AWD_W15P7T25F0136_9700_W15P7T23D0003_9700,W15P7T25F0136,"LEIDOS, INC.",Department of Defense,1254826.0,PROCURE DIGITAL TO ANALOG INTERFACE,2025-04-08,2026-02-05 14:24:30
CONT_AWD_W15P7T25F0142_9700_W15P7T23D0003_9700,W15P7T25F0142,"LEIDOS, INC.",Department of Defense,1281926.0,PROCURE SYSTEM RACK,2025-04-16,2026-04-20 13:47:04
CONT_AWD_W15P7T25F0148_9700_W15P7T23D0003_9700,W15P7T25F0148,"LEIDOS, INC.",Department of Defense,45498.0,"PROCURE SOLID STATE DRIVE, SERVER BUNDLE, RUGGED LAPTOP, AND LICENSE & SOFTWARE",2025-04-25,2026-02-26 09:49:50
CONT_AWD_W15P7T25F0149_9700_W15P7T23D0003_9700,W15P7T25F0149,"LEIDOS, INC.",Department of Defense,1254826.0,PROCURE DIGITAL TO ANALOG INTERFACE,2025-04-22,2026-02-12 09:28:30
CONT_AWD_W15P7T25F0155_9700_W15P7T23D0003_9700,W15P7T25F0155,"LEIDOS, INC.",Department of Defense,15202375.0,"PROCURE MASTER CONTROL STATION, FULL FUNCTION CREW STATION, RADIO INTERFACE TERMINAL, TACTICAL CONTROL CONSOLE, DUAL ENHANCED OPERATOR STATION, OPERATOR STATION, AND LOUDSPEAKER",2025-04-30,2026-02-25 14:21:12
CONT_AWD_W15P7T25F0164_9700_W15P7T23D0003_9700,W15P7T25F0164,"LEIDOS, INC.",Department of Defense,1584702.0,"PROCURE SYSTEM RACK, CONSOLE CONTROL, UNIVERSAL CONTROL, DISPLAY SPARE, DUAL UNIVERSAL SERIAL BUS, PANEL MOUNT, FILTER, AUDIO ASSEMBLY, POWER SUPPLY, FIBER CABLE, FAN EXHAUST ASSEMBLY, DUAL INPUT, BLU RAY, SOLID STATE DRIVE, FAN RACK,",2025-05-08,2026-06-04 12:41:47
CONT_AWD_W15P7T25F0167_9700_W15P7T23D0003_9700,W15P7T25F0167,"LEIDOS, INC.",Department of Defense,729322.0,"COMMON HARDWARE SYSTEMS 6TH GENERATION CONTRACT PROVIDES PROCUREMENT OF COMMERCIAL INFORMATION TECHNOLOGY INCLUDING COMMERCIAL AND NON-DEVELOPMENTAL ITEMS, CUSTOMIZABLE SUSTAINMENT STRATEGIES, NON-PERSONAL SERVICES AND CONTINUOUS TECHNOLOGY UPGRADES.",2025-05-14,2026-01-28 07:23:17
CONT_AWD_W15P7T25F0174_9700_W15P7T23D0003_9700,W15P7T25F0174,"LEIDOS, INC.",Department of Defense,1963785.0,"PROCURE MOBILE WORKSTATION, TOWER WORKSTATION, AND RUGGED PORTABLE WORKSTATION",2025-05-16,2026-02-26 16:25:05
CONT_AWD_W15P7T25F0199_9700_W15P7T23D0003_9700,W15P7T25F0199,"LEIDOS, INC.",Department of Defense,121810.0,AN EQUIPMENT PURCHASES OFF OF THE CHS-6 CONTRACT.,2025-06-25,2026-05-26 08:21:57
CONT_AWD_W15P7T25F0210_9700_W15P7T23D0003_9700,W15P7T25F0210,"LEIDOS, INC.",Department of Defense,24011.0,PROCURE TACTICAL MEDIA ACQUISITION KIT AND LAPTOP,2025-09-12,2025-12-16 10:34:45
CONT_AWD_W15P7T25F0211_9700_W15P7T23D0003_9700,W15P7T25F0211,"LEIDOS, INC.",Department of Defense,882420.0,PROCURE DRONE BUSTER,2025-07-17,2025-12-03 13:16:15
CONT_AWD_W15P7T25F0212_9700_W15P7T23D0003_9700,W15P7T25F0212,"LEIDOS, INC.",Department of Defense,1415127.0,PROCURE UNMANNED ARIEL SYSTEM,2025-07-15,2026-01-21 13:03:20
CONT_AWD_W15P7T25F0234_9700_W15P7T23D0003_9700,W15P7T25F0234,"LEIDOS, INC.",Department of Defense,2290638.0,PROCURE SENSOR,2025-08-28,2026-04-16 10:29:26
CONT_AWD_W15P7T25F0236_9700_W15P7T23D0003_9700,W15P7T25F0236,"LEIDOS, INC.",Department of Defense,2992398.0,"PROCUREMENT OF COMMUNICATION EQUIPMENT, ANTENNAS, BATTERIES, CHARGERS, AND WIRELESS EQUIPMENT",2025-08-07,2026-03-10 17:23:41
CONT_AWD_W15P7T25F0247_9700_W15P7T23D0003_9700,W15P7T25F0247,"LEIDOS, INC.",Department of Defense,852260.0,PROCURE ANTI-UNMANNED AERIAL SYSTEM,2025-08-18,2026-01-13 13:44:39
CONT_AWD_W15P7T25F0253_9700_W15P7T23D0003_9700,W15P7T25F0253,"LEIDOS, INC.",Department of Defense,92160.0,"PROCURE TELEVISION, PORTABLE SOLID STATE DRIVE, UNPOPULATED TRANSIT CASE, AND RUGGED LAPTOP",2025-08-28,2025-12-03 13:45:28
CONT_AWD_W15P7T25F0292_9700_W15P7T23D0003_9700,W15P7T25F0292,"LEIDOS, INC.",Department of Defense,11859.0,PROCURE TOWER WORKSTATION,2025-09-16,2026-01-20 16:25:21
CONT_AWD_W15P7T25F0298_9700_W15P7T23D0003_9700,W15P7T25F0298,"LEIDOS, INC.",Department of Defense,1804000.0,"PROCURE LAPTOPS, DVD WRITER AND FOAM CASE",2025-09-16,2026-02-06 10:17:28
CONT_AWD_W15P7T25F0319_9700_W15P7T23D0003_9700,W15P7T25F0319,"LEIDOS, INC.",Department of Defense,118379.0,"PROCURE INTERCOM HUB, DUAL HANDSET, POWER CABLE, DUAL CONTROL INTERFACE PAN, SOFT CREW ACCESS UNIT, MULTIFUNCTION INTERFACE CABLE, SPEAKER, AVIATION STYLE HEADSET, ETHERNET EXTERNAL CABLE,",2025-09-24,2026-05-15 14:12:12
CONT_AWD_W15P7T26F0011_9700_W15P7T23D0003_9700,W15P7T26F0011,"LEIDOS, INC.",Department of Defense,81739.0,PROCURE LAPTOP KIT AND LAPTOP PRO,2025-12-04,2026-05-28 07:22:47
CONT_AWD_W15P7T26F0012_9700_W15P7T23D0003_9700,W15P7T26F0012,"LEIDOS, INC.",Department of Defense,6038494.0,PROCURE RADIO AND LICENSE BUNDLE,2025-12-18,2026-05-15 12:55:07
CONT_AWD_W15P7T26F0020_9700_W15P7T23D0003_9700,W15P7T26F0020,"LEIDOS, INC.",Department of Defense,51984.0,AN EQUIPMENT PURCHASES OFF  OF THE CHS-6 CONTRACT.,2026-01-08,2026-02-05 14:08:47
CONT_AWD_W15P7T26F0021_9700_W15P7T23D0003_9700,W15P7T26F0021,"LEIDOS, INC.",Department of Defense,225105.0,"PROCURE CONNECTOR CABLE, TACTICAL ROUTER, SMALL HARD DRIVE, LAPTOP, AND HOST CABLE",2026-01-20,2026-01-20 10:41:49
CONT_AWD_W15P7T26F0022_9700_W15P7T23D0003_9700,W15P7T26F0022,"LEIDOS, INC.",Department of Defense,2223753.26,"PROCURE PRO-PROCESSOR LAPTOP, RUGGED LAPTOP, RUGGED TABLET WITH DETACHABLE KEYBOARD, LABELS, AND PACKAGING",2026-01-22,2026-01-22 15:31:47
CONT_AWD_W15P7T26F0023_9700_W15P7T23D0003_9700,W15P7T26F0023,"LEIDOS, INC.",Department of Defense,86121.15,"PROCURE NETWORK ADVANTAGE, LABELS, & PACKAGING",2026-01-22,2026-04-02 07:28:50
CONT_AWD_W15P7T26F0034_9700_W15P7T23D0003_9700,W15P7T26F0034,"LEIDOS, INC.",Department of Defense,84564.0,"X600 PRO -  INCLUDES: GE-SVFDKSD3Y KEEP YOUR SOLID STATE DRIVE 3-YR, REMOVABLE 1TB PCLE SSD (GSSGX7), AND DEPLOY CASE (590GBL001004)",2026-01-27,2026-01-27 07:15:08
CONT_AWD_W15P7T26F0054_9700_W15P7T23D0003_9700,W15P7T26F0054,"LEIDOS, INC.",Department of Defense,2226045.0,"PROCURE BAND ANTENNA, EMISSIVE KEYBOARD, HEADSET CONNECTOR, RUGGED SENSOR DONGLE, WIRELESS DONGLE, SPEAKER MICROPHONE, SPEAKER, STUB ANTENNA",2026-02-27,2026-02-27 08:44:08
CONT_AWD_W15P7T26F0055_9700_W15P7T23D0003_9700,W15P7T26F0055,"LEIDOS, INC.",Department of Defense,17432.0,ORDER FROM CHS CATALOG,2026-03-26,2026-03-27 16:08:31
CONT_AWD_W15P7T26F0084_9700_W15P7T23D0003_9700,W15P7T26F0084,"LEIDOS, INC.",Department of Defense,43701700.0,PROCURE VOYAGER,2026-03-27,2026-04-20 14:52:47
CONT_AWD_W15P7T26F0089_9700_W15P7T23D0003_9700,W15P7T26F0089,"LEIDOS, INC.",Department of Defense,128482452.0,PROCURE TACTICAL EDGE COMPUTER KITS,2026-04-10,2026-05-14 14:14:04
CONT_AWD_W15P7T26F0090_9700_W15P7T23D0003_9700,W15P7T26F0090,"LEIDOS, INC.",Department of Defense,5327450.0,PROCURE TACTICAL EDGE COMPUTER KIT AND MOUNT KIT,2026-04-03,2026-04-16 10:04:37
CONT_AWD_W15P7T26F0099_9700_W15P7T23D0003_9700,W15P7T26F0099,"LEIDOS, INC.",Department of Defense,208215.0,PROCURE LAPTOPS,2026-05-14,2026-07-12 07:15:10
CONT_AWD_W15P7T26F0100_9700_W15P7T23D0003_9700,W15P7T26F0100,"LEIDOS, INC.",Department of Defense,71720.0,PURCHASED ITEMS THROUGH DELIVERY ORDER CHS626-DO-AMDTD-3293,2026-04-21,2026-04-21 16:12:01
CONT_AWD_W15P7T26F0101_9700_W15P7T23D0003_9700,W15P7T26F0101,"LEIDOS, INC.",Department of Defense,478640.0,"PROCURE A PORTABLE, MULTI-MISSION UNMANNED AERIAL SYSTEM DETECTION SYSTEM",2026-04-16,2026-07-17 07:25:37
CONT_AWD_W15P7T26F0102_9700_W15P7T23D0003_9700,W15P7T26F0102,"LEIDOS, INC.",Department of Defense,18564.0,PROCURE COMPACT DESKTOP,2026-05-12,2026-06-14 07:14:24
CONT_AWD_W15P7T26F0103_9700_W15P7T23D0003_9700,W15P7T26F0103,"LEIDOS, INC.",Department of Defense,4195186.53,PROCURE DRONE SYSTEM AND ACCESSORIES,2026-04-22,2026-04-22 16:55:55
CONT_AWD_W15P7T26F0107_9700_W15P7T23D0003_9700,W15P7T26F0107,"LEIDOS, INC.",Department of Defense,3396936.0,PROCURE A COUNTER-DRONE SYSTEM,2026-04-24,2026-04-24 08:46:21
CONT_AWD_W15P7T26F0108_9700_W15P7T23D0003_9700,W15P7T26F0108,"LEIDOS, INC.",Department of Defense,55692.0,PROCURE DELL PRO MAX MICRO,2026-05-01,2026-05-01 16:04:40
CONT_AWD_W15P7T26F0109_9700_W15P7T23D0003_9700,W15P7T26F0109,"LEIDOS, INC.",Department of Defense,701946.4,"PROCURE CISCO WEBEX CODEC PRO, TOUCHLINK PRO TOUCH PANELS, 64 INCH TV, 75 INCH TV, PRECISION CAMERA CONTROLLER, WEB CAMERA, DIRECT VIEW DISPLAY, LASER ILLUMINATION PROJECTOR, LENS, SCISSOR LIFT, AND BONDED STORAGE",2026-04-24,2026-04-24 13:15:03
CONT_AWD_W15P7T26F0114_9700_W15P7T23D0003_9700,W15P7T26F0114,"LEIDOS, INC.",Department of Defense,526415.0,"PROCURE ANTENNA, DATA CONVERTER, FIREWALL, LAPTOP",2026-05-01,2026-05-01 10:09:09
CONT_AWD_W15P7T26F0128_9700_W15P7T23D0003_9700,W15P7T26F0128,"LEIDOS, INC.",Department of Defense,948449.21,PROCURING DELL PRO RUGGED,2026-06-02,2026-08-27 10:18:29
CONT_AWD_W15P7T26F0129_9700_W15P7T23D0003_9700,W15P7T26F0129,"LEIDOS, INC.",Department of Defense,224340.0,"PROCURING GETAC X600 PRO, TACLINK TO SINCGARS CABLE, AND ULTRALINK TACTICAL ROUTER ON CHS-6 CONTRACT.",2026-06-04,2026-08-27 10:18:29
CONT_AWD_W15P7T26F0130_9700_W15P7T23D0003_9700,W15P7T26F0130,"LEIDOS, INC.",Department of Defense,4206930.0,PROCURE COMMERCIAL IT HARDWARE USING THE CHS CONTRACT,2026-05-20,2026-05-20 10:22:40
CONT_AWD_W31P4Q14C0158_9700_-NONE-_-NONE-,W31P4Q14C0158,"GRIFFON AEROSPACE, INC.",Department of Defense,4024879.4,BASIC CONTRACT AWARD FOR ENGINEERING SERVICES WITH VARIOUS OPTION SLINS FOR HARDWARE AND SERVICES OVER A 5-YEAR PERIOD.,2014-08-19,2026-06-09 07:05:21
CONT_AWD_W50S7X26PA003_9700_-NONE-_-NONE-,W50S7X26PA003,"SWARM DEFENSE TECHNOLOGIES, LLC",Department of Defense,143420.0,"THE PROCUREMENT IS FOR A COMPLETE SYSTEM OF DRONES AND ASSOCIATED WITH COMMAND AND CONTROL (C2) SOFTWARE CAPABLE OF EXECUTING COMPLEX, AUTONOMOUS SWARM OPERATIONS.",2026-03-25,2026-05-20 13:54:43
CONT_AWD_W58RGZ13C0142_9700_-NONE-_-NONE-,W58RGZ13C0142,"GENERAL ATOMICS AERONAUTICAL SYSTEMS, INC.",Department of Defense,3273525.3,WARRIOR ALPHA/BLOCK 0 UNMANNED AIRCRAFT SYSTEM (UAS) ENGINEERING SERVICES SUPPORT FOR FY13 (BASE) / FY14 (OPTION).,2013-09-27,2026-04-28 15:34:46
CONT_AWD_W58RGZ19C0022_9700_-NONE-_-NONE-,W58RGZ19C0022,"GENERAL ATOMICS AERONAUTICAL SYSTEMS, INC.",Department of Defense,397979427.08,REQUIREMENT IS FOR THE PROCUREMENT OF FULL RATE PRODUCTION 5.,2019-07-15,2026-02-09 15:17:54
CONT_AWD_W58RGZ19F0256_9700_W58RGZ18D0138_9700,W58RGZ19F0256,"GENERAL ATOMICS AERONAUTICAL SYSTEMS, INC.",Department of Defense,5521971.32,ENGINEERING SERVICES FY19 - 23 FOR GRAY EAGLE AIRCRAFT SYSTEM,2019-03-08,2026-05-13 16:41:21
CONT_AWD_W58RGZ19F0406_9700_W58RGZ18D0138_9700,W58RGZ19F0406,"GENERAL ATOMICS AERONAUTICAL SYSTEMS, INC.",Department of Defense,7880922.7,ENGINEERING SERVICES FOR GRAY EAGLE,2019-05-06,2026-04-02 07:14:17
CONT_AWD_W58RGZ20F0074_9700_W58RGZ18D0138_9700,W58RGZ20F0074,"GENERAL ATOMICS AERONAUTICAL SYSTEMS, INC.",Department of Defense,7356723.05,ENGINEERING SERVICES FY19- FY23 FOR GRAY EAGLE AIRCRAFT SYSTEM,2019-10-30,2025-11-13 17:32:39
CONT_AWD_W58RGZ21C0041_9700_-NONE-_-NONE-,W58RGZ21C0041,"AEROVIRONMENT, INC.",Department of Defense,4151320.11,ACQUISITION OF PUMA AND WASP AIRCRAFT SYSTEM FOR BANGLADESH,2021-09-27,2026-04-02 15:20:12
CONT_AWD_W58RGZ22C0014_9700_-NONE-_-NONE-,W58RGZ22C0014,"GENERAL ATOMICS AERONAUTICAL SYSTEMS, INC.",Department of Defense,130478200.4,MQ-1C GRAY EAGLE EXTENDED RANGE FULL RATE PRODUCTION VI,2021-11-18,2026-04-20 12:42:07
CONT_AWD_W58RGZ22C0021_9700_-NONE-_-NONE-,W58RGZ22C0021,"AEROVIRONMENT, INC.",Department of Defense,6172242.4,PROCUREMENT OF PUMA LE,2022-01-21,2026-04-16 10:29:52
CONT_AWD_W58RGZ23C0007_9700_-NONE-_-NONE-,W58RGZ23C0007,"AEROVIRONMENT, INC",Department of Defense,323054027.34,UKRAINE RQ-20B ALL ENVIRONMENT (AE) 3 AND LONG ENDURANCE (LE) PUMA UNMANNED AIRCRAFT SYSTEMS (UAS) ACCESSORIES AND SERVICES IN SUPPORT OF,2022-11-09,2025-11-18 12:31:17
CONT_AWD_W58RGZ23C0039_9700_-NONE-_-NONE-,W58RGZ23C0039,"AEROVIRONMENT, INC",Department of Defense,18415152.93,"(11) SYSTEM, TOP, C-CODE, M3/M4/M6 NON-NATO, PAL, RSTA, I45, PUMA AE 3 (11) ASSY, TACTICAL LAUNCHER, BASIC, PUMA AE II (11) ASSY, UNIT ISP, DDL, I45, PUMA AE 3",2023-07-21,2026-01-26 15:34:08
CONT_AWD_W58RGZ24C0021_9700_-NONE-_-NONE-,W58RGZ24C0021,"GENERAL ATOMICS AERONAUTICAL SYSTEMS, INC.",Department of Defense,367444098.15,PRODUCTION READY TEST ASSET UNDEFINITIZED CONTRACT ACTION,2023-12-01,2026-04-15 14:48:52
CONT_AWD_W58RGZ24C0031_9700_-NONE-_-NONE-,W58RGZ24C0031,"GENERAL ATOMICS AERONAUTICAL SYSTEMS, INC.",Department of Defense,780291808.0,GRAY EAGLE PERFORMANCE BASED LOGISTICS 2024-2029,2024-04-18,2026-06-17 13:52:19
CONT_AWD_W58RGZ24C0039_9700_-NONE-_-NONE-,W58RGZ24C0039,"AEROVIRONMENT, INC",Department of Defense,603137.16,THIS IS A REQUIREMENT TO DELIVER PUMAS TO MICRONESIA.,2024-08-30,2026-04-30 15:30:59
CONT_AWD_W58RGZ25C0019_9700_-NONE-_-NONE-,W58RGZ25C0019,"AEROVIRONMENT, INC",Department of Defense,62630394.02,"PUMA AE 3, PUMA LE, PUMA ACCESSORIES, ERA, PUMA SOFTWARE UPDATE KIT, CONTRACTOR LOGISTICS SUPPORTS SERVICES (CLS), OCONUS/CONUS, CONTRACTOR TRANSPORTATION SERVICES, TRAINING SERVICES, TRILLIUM HD59 PAYLOAD HARDWARE IN SUPPORT OF UKRAINE.",2025-04-30,2026-05-12 15:50:01
CONT_AWD_W58RGZ25C0026_9700_-NONE-_-NONE-,W58RGZ25C0026,"AEROVIRONMENT, INC",Department of Defense,5350738.39,UAV IN SUPPORT OF TUNSISA,2025-09-11,2026-01-26 12:40:57
CONT_AWD_W58RGZ26F0022_9700_W58RGZ26D0001_9700,W58RGZ26F0022,"AEROVIRONMENT, INC",Department of Defense,6347643.63,DELIVERY ORDER FOR PUMA LE SYSTEMS IN SUPPORT OF TUNISIA,2025-10-27,2025-11-05 11:07:10
CONT_AWD_W58RGZ26F0028_9700_W58RGZ26D0001_9700,W58RGZ26F0028,"AEROVIRONMENT, INC",Department of Defense,4973557.56,"PUMAS, RAVENS AND SPARES IN SUPPORT OF MACEDONIA",2025-12-05,2026-05-04 17:58:59
CONT_AWD_W58RGZ26F0029_9700_W58RGZ26D0001_9700,W58RGZ26F0029,"AEROVIRONMENT, INC",Department of Defense,2577099.0,IRAQ DELIVERY ORDER,2025-11-18,2025-11-20 13:09:41
CONT_AWD_W58RGZ26F0054_9700_W58RGZ26D0001_9700,W58RGZ26F0054,"AEROVIRONMENT, INC",Department of Defense,1689386.73,PUMA VISUAL NAVIGATION SYSTEM,2025-12-01,2026-05-19 16:06:02
CONT_AWD_W58RGZ26F0064_9700_W58RGZ26D0001_9700,W58RGZ26F0064,"AEROVIRONMENT, INC",Department of Defense,4284883.33,FMS REQUIREMENT FOR COLOMBIA.,2026-01-13,2026-03-31 11:36:50
CONT_AWD_W58RGZ26F0102_9700_W58RGZ26G0020_9700,W58RGZ26F0102,THE SURVICE ENGINEERING COMPANY LLC,Department of Defense,985580.31,JTAARS BOA ORDER,2025-12-22,2026-01-31 19:01:47
CONT_AWD_W58RGZ26F0139_9700_W58RGZ26D0001_9700,W58RGZ26F0139,"AEROVIRONMENT, INC",Department of Defense,10582330.82,FMS REQUIREMENT IN SUPPORT OF TUNISIA.,2026-03-04,2026-04-28 11:12:19
CONT_AWD_W58RGZ26F0141_9700_W58RGZ26G0047_9700,W58RGZ26F0141,"ULTISAT, INC",Department of Defense,19780.0,"IN SUPPORT OF EXECUTIVE ORDER 14307 - UNLEASHING AMERICAN DRONE DOMINANCE, THE ARMY CONTRACTING COMMAND - REDSTONE ARSENAL ESTABLISHES THIS BASIC ORDERING AGREEMENT TO PROCURE DRONES AND DRONE COMPONENTS.",2026-01-23,2026-06-08 18:41:45
CONT_AWD_W58RGZ26F0167_9700_W58RGZ26D0001_9700,W58RGZ26F0167,"AEROVIRONMENT, INC",Department of Defense,3607810.27,FMS REQUIREMENT FOR ESTONIA.,2026-02-13,2026-02-13 15:16:04
CONT_AWD_W58RGZ26F0205_9700_W58RGZ26G0061_9700,W58RGZ26F0205,"GRIFFON AEROSPACE, INC.",Department of Defense,18979032.0,GRIFFON ARROWHEAD ORDER,2026-03-05,2026-04-27 15:46:53
CONT_AWD_W58RGZ26F0206_9700_W58RGZ26G0062_9700,W58RGZ26F0206,"AEROVIRONMENT, INC",Department of Defense,17583318.0,"IN ACCORDANCE WITH THE DIRECTIVES ESTABLISHED IN THE DEPARTMENT OF WAR MEMORANDUM DATED 10 JULY 2025, IN SUPPORT OF EXECUTIVE ORDER 14307-UNLEASHING U.S. MILITARY DRONE DOMINANCE.",2026-03-12,2026-06-10 17:11:09
CONT_AWD_W58RGZ26F0211_9700_W58RGZ26G0061_9700,W58RGZ26F0211,"GRIFFON AEROSPACE, INC.",Department of Defense,77729004.5,"IN SUPPORT OF EXECUTIVE ORDER- UNLEASHING AMERICA DRONE DOMINANCE, THE ARMY CONTRACTING COMMAND-REDSTONE ARSENAL ESTABLISHES THIS BASIC ORDERING AGREEMENT TO PROCURE DRONES AND DRONE DOMINANT COMPONENTS.",2026-03-16,2026-06-12 11:20:22
CONT_AWD_W58RGZ26F0222_9700_W58RGZ26D0001_9700,W58RGZ26F0222,"AEROVIRONMENT, INC",Department of Defense,1003342.65,DRONES IN SUPPORT OF EGYPT,2026-04-02,2026-04-27 17:41:57
CONT_AWD_W58RGZ26F0223_9700_W58RGZ26G0020_9700,W58RGZ26F0223,THE SURVICE ENGINEERING COMPANY LLC,Department of Defense,13155389.06,ACQUISITION OF JOINT TACTICAL AUTONOMOUS AREIAL RESUPPLY VEHICLE,2026-03-19,2026-06-04 09:40:41
CONT_AWD_W58RGZ26F0226_9700_W58RGZ26G0026_9700,W58RGZ26F0226,MISTRAL INC,Department of Defense,20039666.18,"IN SUPPORT OF EXECUTIVE ORDER- UNLEASHING DRONE DOMINANCE, THE ARMY CONTRACTING COMMAND-REDSTONE ARSENAL ESTABLISHED THE BASIC ORDERING AGREEMENT TO PROCURE DRONES AND DRONE DOMINANT COMPONENTS.",2026-04-02,2026-06-22 12:09:27
CONT_AWD_W58RGZ26F0236_9700_W58RGZ26G0062_9700,W58RGZ26F0236,"AEROVIRONMENT, INC",Department of Defense,527955.0,"IN ACCORDANCE WITH THE DIRECTIVES ESTABLISHED IN THE DEPARTMENT OF WAR MEMORANDUM DATED 10 JULY 2025, IN SUPPORT OF EXECUTIVE ORDER 14307-UNLEASHING U.S. MILITARY DRONE DOMINANCE",2026-03-18,2026-06-10 16:57:42
CONT_AWD_W58RGZ26F0238_9700_W58RGZ26G0005_9700,W58RGZ26F0238,"AEROVIRONMENT, INC",Department of Defense,0.0,"TUAS HAS A REQUIREMENT TO PROCURE 82X P550 LONG RANGE RECONNAISSANCE (LRR) SYSTEMS: LRR SYSTEM TO SUPPORT RECONNAISSANCE, SURVEILLANCE, AND TARGET ACQUISITION (RSTA) CAPABILITIES FOR MANEUVER COMMANDERS.",2026-03-20,2026-06-02 10:44:12
CONT_AWD_W58RGZ26F0244_9700_W58RGZ26G0060_9700,W58RGZ26F0244,PERFORMANCE DRONE WORKS LLC,Department of Defense,15259840.0,THE SMALL UNCREWED AIRCRAFT SYSTEMS (SUAS) PRODUCT OFFICE HAS AN URGENT REQUIREMENT TO PROCURE C100X UAS SYSTEMS AND ASSOCIATED COMPONENTS.,2026-03-27,2026-06-16 09:26:05
CONT_AWD_W58RGZ26F0245_9700_W58RGZ26D0001_9700,W58RGZ26F0245,"AEROVIRONMENT, INC",Department of Defense,242664.0,FMS REQUIREMENT FOR COUNTRY TAJIKISTAN.,2026-03-27,2026-07-18 20:15:47
CONT_AWD_W58RGZ26F0247_9700_W58RGZ26G0057_9700,W58RGZ26F0247,"ANDURIL INDUSTRIES, INC.",Department of Defense,16788000.0,"IN ACCORDANCE WITH THE DIRECTIVES ESTABLISHED IN THE DEPARTMENT OF WARE MEMORANDUM DATED 10 JULY 2025, IN SUPPORT OF EXECUTIVE ORDER 14307 - UNLEASHING U.S. MILITARY DRONE DOMINANCE.",2026-04-01,2026-04-02 14:17:57
CONT_AWD_W58RGZ26F0292_9700_W58RGZ26G0068_9700,W58RGZ26F0292,INTEGRATE DG LLC,Department of Defense,0.0,"IN ACCORDANCE WITH THE DIRECTIVES ESTABLISHED IN THE DEPARTMENT OF WAR MEMORANDUM DATED 10 JULY 2025, IN SUPPORT OF EXECUTIVE ORDER 14307-UNLEASHING U.S. MILITARY DRONE DOMINANCE",2026-04-30,2026-06-11 14:55:16
CONT_AWD_W58RGZ26F0294_9700_W58RGZ26G0062_9700,W58RGZ26F0294,"AEROVIRONMENT, INC",Department of Defense,157662.0,"IN ACCORDANCE WITH THE DIRECTIVES ESTABLISHED IN DEPT OF WAR MEMORANDUM DATE 10 JULY 2025, IN SUPPORT OF EXECUTIVE ORDER 14307-UNLEASHING MILITARY DRONE DOMINANCE",2026-04-29,2026-04-30 12:15:53
CONT_AWD_W58RGZ26F0319_9700_W58RGZ26G0056_9700,W58RGZ26F0319,EDGESOURCE CORPORATION,Department of Defense,202111.87,RECOGNIZED ASSESSOR AWARD IN SUPPORT OF DOW DRONE DOMINANCE GAUNTLET,2026-05-13,2026-06-11 09:09:02
CONT_AWD_W58RGZ26F0329_9700_W58RGZ26G0057_9700,W58RGZ26F0329,"ANDURIL INDUSTRIES, INC.",Department of Defense,679780.0,THE UNCREWED AIRCRAFT SYSTEMS (UAS) OFFICE HAS AN URGENT REQUIREMENT TO PROCURE GHOST-X UAV HARDWARE AND SERVICES.,2026-06-01,2026-06-05 12:31:58
CONT_AWD_W58RGZ26F0331_9700_W58RGZ26G0006_9700,W58RGZ26F0331,"REDWIRE DEFENSE TECH OPERATIONS, LLC",Department of Defense,1484540.0,IN SUPPORT OF EXECUTIVE ORDER 14387-UNLEASHING AMERICAN DRONE DOMINANCE THE ARMY CONTRACTING COMMAND-REDSTONE ARSENAL ESTABLISHES THIS BASIC ORDERING AGREEMENT TO PROCURE DRONES.,2026-05-02,2026-08-28 14:27:00
CONT_AWD_W58RGZ26F0332_9700_W58RGZ26G0061_9700,W58RGZ26F0332,"GRIFFON AEROSPACE, INC.",Department of Defense,67940895.16,"IN ACCORDANCE WITH THE DIRECTIVES ESTABLISHED IN THE DEPARTMENT OF WAR MEMORANDUM DATED 10 JULY 2025, IN SUPPORT OF EXECUTIVE ORDER 14307-UNLEASHING U.S. MILITARY DRONE DOMINANCE",2026-06-03,2026-09-01 15:27:58
CONT_AWD_W58RGZ26F0333_9700_W58RGZ26G0006_9700,W58RGZ26F0333,"REDWIRE DEFENSE TECH OPERATIONS, LLC",Department of Defense,15857020.0,TACTICAL UNCREWED AIRCRAFT SYSTEMS (TUAS) LONG RANGE RECONNAISSANCE (LRR) PROGRAM,2026-06-03,2026-06-04 14:45:54
CONT_AWD_W58RGZ26F0334_9700_W58RGZ26G0005_9700,W58RGZ26F0334,"AEROVIRONMENT, INC",Department of Defense,117306231.51,AWARD IN SUPPORT OF TUAS BATTALION RECONNAISSANCE UAV REQUIREMENT.,2026-06-03,2026-06-09 17:28:12
CONT_AWD_W900KK20F0057_9700_W900KK20D0006_9700,W900KK20F0057,"GRIFFON AEROSPACE, INC.",Department of Defense,202564.44,AIR DEFENSE ARTILLERY TARGETS,2020-02-24,2026-03-24 08:04:53
CONT_AWD_W900KK21F0033_9700_W31P4Q18D0029_9700,W900KK21F0033,"GRIFFON AEROSPACE, INC.",Department of Defense,6660238.61,"ORDER FOR PILOT SERVICES, FIELD SUPPORT/OPERATION FOR SMALL UNMANNED AERIAL SYSTEMS.",2021-01-19,2026-06-03 13:00:52
CONT_AWD_W900KK23F0112_9700_W900KK23D0015_9700,W900KK23F0112,"KRATOS UNMANNED AERIAL SYSTEMS, INC",Department of Defense,24749987.76,REPLACEMENT ENGINE FOR FIREJET TARGET SYSTEM.  ADVANCED SUBSCALE AERIAL PLATFORM PROGRAM.,2023-09-15,2026-05-05 09:03:27
CONT_AWD_W900KK25FA087_9700_W900KK22D0010_9700,W900KK25FA087,"GRIFFON AEROSPACE, INC.",Department of Defense,3064152.72,"DELIVERY ORDER 58 UNDER THE AIR DEFENSE ARTILLERY TARGETS II (ADA-T II) INDEFINITE DELIVERY/INDEFINITE QUANTITY (IDIQ) CONTRACT W900KK-22-D-0010 FOR ENGINEERING SERVICES, SUB-ESM 03-10 AND 03-13.",2025-06-03,2026-06-03 11:24:09
CONT_AWD_W900KK25FA098_9700_W900KK24D0028_9700,W900KK25FA098,"AEVEX AEROSPACE, LLC",Department of Defense,1859192.79,DELIVERY ORDER FOR SMALL UNMANNED AERIAL COUNTER SYSTEMS.,2025-06-26,2026-04-16 13:08:39
CONT_AWD_W900KK25FA134_9700_W900KK22D0010_9700,W900KK25FA134,"GRIFFON AEROSPACE, INC.",Department of Defense,2468715.0,"DELIVERY ORDER (DO) #69 UNDER THE AIR DEFENSE ARTILLERY TARGETS (ADA-T) CONTRACT W900KK-22-D-0010, USED TO PROVIDE AERIAL TARGET REPLACEMENT HARDWARE FOR ITEMS USED IN SUPPORT OF ARMY AND NAVY TRAINING AND TEST EVENTS.",2025-09-02,2026-05-29 10:41:51
CONT_AWD_W900KK25FA156_9700_W900KK24D0026_9700,W900KK25FA156,QINETIQ INC.,Department of Defense,159781.2,"DELIVERY ORDER FOR PROCUREMENT OF MQM-185 AERIAL TARGETS, SPARES, GROUND SUPPORT EQUIPMENT AND ENGINEERING SUPPORT.",2025-09-26,2026-03-25 14:20:31
CONT_AWD_W900KK26FA032_9700_W900KK22D0010_9700,W900KK26FA032,"GRIFFON AEROSPACE, INC.",Department of Defense,1802967.0,"DELIVERY ORDER (DO) #71 UNDER THE AIR DEFENSE ARTILLERY TARGETS (ADA-T) CONTRACT W900KK-22-D-0010, USED TO PROVIDE AERIAL TARGET REPLACEMENT HARDWARE FOR ITEMS USED IN SUPPORT OF ARMY AND NAVY TRAINING AND TEST EVENTS.",2026-01-30,2026-01-30 13:09:29
CONT_AWD_W900KK26FA044_9700_W900KK23D0015_9700,W900KK26FA044,"KRATOS UNMANNED AERIAL SYSTEMS, INC",Department of Defense,7551400.6,"TO PROVIDE ACCREDITED, THREAT REPRESENTATIVE UNMANNED AERIAL TARGET SYSTEMS FOR USE IN SENSOR PRESENTATIONS OR LIVE FIRE TRACKING AND ENGAGEMENT FOR WEAPONS SYSTEMS TESTING.",2026-03-19,2026-03-19 13:05:00
CONT_AWD_W900KK26FA047_9700_W900KK22D0010_9700,W900KK26FA047,"GRIFFON AEROSPACE, INC.",Department of Defense,368491.0,"DELIVERY ORDER (DO) #74 UNDER THE AIR DEFENSE ARTILLERY TARGETS (ADA-T) CONTRACT W900KK-22-D-0010, USED TO PROVIDE AERIAL TARGET REPLACEMENT HARDWARE FOR ITEMS USED IN SUPPORT OF ARMY AND NAVY TRAINING AND TEST EVENTS.",2026-03-04,2026-09-13 07:19:25
CONT_AWD_W900KK26FA062_9700_W900KK22D0010_9700,W900KK26FA062,"GRIFFON AEROSPACE, INC.",Department of Defense,158802.0,"DELIVERY ORDER (DO) #76 UNDER THE AIR DEFENSE ARTILLERY TARGETS (ADA-T) CONTRACT W900KK-22-D-0010, USED TO PROVIDE AERIAL TARGET REPLACEMENT HARDWARE FOR ITEMS USED IN SUPPORT OF ARMY AND NAVY TRAINING AND TEST EVENTS.",2026-04-03,2026-04-03 11:16:41
CONT_AWD_W900KK26FA066_9700_W900KK23D0015_9700,W900KK26FA066,"KRATOS UNMANNED AERIAL SYSTEMS, INC",Department of Defense,2786709.68,"TO PROVIDE ACCREDITED, THREAT REPRESENTATIVE UNMANNED AERIAL TARGET SYSTEMS FOR USE IN SENSOR PRESENTATIONS OR LIVE FIRE TRACKING AND ENGAGEMENT FOR WEAPONS SYSTEMS TESTING.",2026-05-08,2026-05-08 13:44:22
CONT_AWD_W900KK26FA104_9700_W900KK23D0015_9700,W900KK26FA104,"KRATOS UNMANNED AERIAL SYSTEMS, INC",Department of Defense,6279408.0,"DELIVERY ORDER FOR BQM-167 AND MQM-178 TARGET PLATFORMS. TO PROVIDE ACCREDITED, THREAT REPRESENTATIVE UNMANNED AERIAL TARGET SYSTEMS FOR USE IN SENSOR PRESENTATIONS OR LIVE FIRE TRACKING AND ENGAGEMENT FOR WEAPONS SYSTEMS TESTING.",2026-05-20,2026-05-20 15:24:23
CONT_AWD_W900KK26FA107_9700_W900KK22D0010_9700,W900KK26FA107,"GRIFFON AEROSPACE, INC.",Department of Defense,346070.0,DELIVERY ORDER (DO) 84 UNDER AIR DEFENSE ARTILLERY TARGETS (ADAT) CONTRACT FOR AERIAL TARGETS REPLACEMENT HARDWARE EXPENDED DURING NAVY TRAINING AND TEST EVENTS,2026-06-12,2026-06-12 11:15:54
CONT_AWD_W900KK26FA109_9700_W900KK22D0010_9700,W900KK26FA109,"GRIFFON AEROSPACE, INC.",Department of Defense,788315.0,"DELIVERY ORDER (DO) #79 UNDER THE AIR DEFENSE ARTILLERY TARGETS (ADA-T) CONTRACT W900KK-22-D-0010, USED TO PROVIDE AERIAL TARGET REPLACEMENT HARDWARE FOR ITEMS USED IN SUPPORT OF ARMY AND NAVY TRAINING AND TEST EVENTS.",2026-06-11,2026-06-11 15:28:55
CONT_AWD_W900KK26FA112_9700_W900KK23D0015_9700,W900KK26FA112,"KRATOS UNMANNED AERIAL SYSTEMS, INC",Department of Defense,8310622.6,"TO PROVIDE ACCREDITED, THREAT REPRESENTATIVE UNMANNED AERIAL TARGET SYSTEMS FOR USE IN SENSOR PRESENTATIONS OR LIVE FIRE TRACKING AND ENGAGEMENT FOR WEAPONS SYSTEMS TESTING.",2026-06-22,2026-06-22 15:40:31
CONT_AWD_W911QY25PA016_9700_-NONE-_-NONE-,W911QY25PA016,"SKYDIO, INC",Department of Defense,42115.35,DRONE - SKYDIO X10D PLUS 3D SCAN,2025-06-04,2026-01-30 08:25:46
CONT_AWD_W911RX26PA003_9700_-NONE-_-NONE-,W911RX26PA003,STRATEGIC LOGIX LLC,Department of Defense,24664.82,UNMANNED AIRCRAFT SYSTEMS,2026-01-12,2026-04-28 17:06:11
CONT_AWD_W911S224P0695_9700_-NONE-_-NONE-,W911S224P0695,SUNCORE DISTRIBUTION LLC,Department of Defense,38903.25,UNISON BUY # 1173179 EDGE 130 (SUAS) PRO KIT,2024-06-12,2026-03-26 12:09:43
CONT_AWD_W911S225FA226_9700_W911S225AA091_9700,W911S225FA226,W S DARLEY & CO,Department of Defense,186520.0,S2P2: UAS SOLICITATION # W911S225U1681,2025-09-08,2025-11-03 10:43:56
CONT_AWD_W911S225FA246_9700_W911S225AA095_9700,W911S225FA246,PERFORMANCE DRONE WORKS LLC,Department of Defense,2670615.0,S2P2: UAS - SOLICITATION# W911S225U1585,2025-09-22,2026-05-06 06:58:14
CONT_AWD_W911S225FA248_9700_W911S225AA086_9700,W911S225FA248,"VANTAGE ROBOTICS, INC.",Department of Defense,799675.0,S2P2: UAS SOLICITATION W911S225U1826,2025-09-22,2026-05-12 12:27:55
CONT_AWD_W911S225FA252_9700_W911S225AA086_9700,W911S225FA252,"VANTAGE ROBOTICS, INC.",Department of Defense,109478.75,S2P2 - UAS - W911S225U2112,2025-09-26,2026-04-22 15:28:45
CONT_AWD_W911S225FA259_9700_W911S225AA084_9700,W911S225FA259,"FW ACQUISITION, INC.",Department of Defense,85085.0,S2P2: UAS SOLICITATION # W911S225U1584,2025-09-29,2026-02-19 13:01:50
CONT_AWD_W911S225PA774_9700_-NONE-_-NONE-,W911S225PA774,"ROBOLINK, INC.",Department of Defense,224549.22,S2P2: COMPETITION DRONES SOLICITATION# W911S225U1593,2025-09-02,2026-01-21 13:05:09
CONT_AWD_W911S225PB107_9700_-NONE-_-NONE-,W911S225PB107,"CAPITAL SCIENCES, LLC",Department of Defense,50025.0,S2P2 : UAV TRACKING SYSTEM : SOLICITATION W911S225U1981,2025-09-22,2025-10-09 16:24:03
CONT_AWD_W911S226FA023_9700_W911S225AA090_9700,W911S226FA023,"NEROS, INC.",Department of Defense,65770.0,S2P2: UAS: W911S225U2148,2025-12-15,2026-03-16 08:30:21
CONT_AWD_W911S226FA053_9700_W911S225AA090_9700,W911S226FA053,"NEROS, INC.",Department of Defense,71000.0,MASTER BLANKET PURCHASE AGREEMENT FOR BLUE LIST COMPLIANT UNMANNED AIRCRAFT SYSTEMS AND PARTS.,2026-01-29,2026-04-28 11:33:27
CONT_AWD_W911S226FA064_9700_W911S225AA090_9700,W911S226FA064,"NEROS, INC.",Department of Defense,216340.0,S2P2: UAS SOLICITATION # W911S226U2479,2026-02-20,2026-05-27 07:20:53
CONT_AWD_W911S226FA066_9700_W911S226AA007_9700,W911S226FA066,TITAN DYNAMICS INC,Department of Defense,49680.11,S2P2: UAS SOLICITATION # W911S226U2390,2026-02-20,2026-06-08 10:25:51
CONT_AWD_W911S226FA076_9700_W911S225AA091_9700,W911S226FA076,W S DARLEY & CO,Department of Defense,35226.5,S2P2: UAS: W911S226U2554,2026-02-26,2026-03-23 12:43:38
CONT_AWD_W911S226FA080_9700_W911S225AA102_9700,W911S226FA080,"ATLANTIC DIVING SUPPLY, INC.",Department of Defense,161308.31,S2P2: PRESCRIBED FIRE DRONE: W911S226U2251,2026-03-05,2026-03-17 12:22:30
CONT_AWD_W911S226FA088_9700_W911S225AA086_9700,W911S226FA088,"VANTAGE ROBOTICS, INC.",Department of Defense,39143.0,S2P2: UAS: W911S226U2670,2026-03-19,2026-06-29 11:34:44
CONT_AWD_W911S226FA090_9700_W911S225AA090_9700,W911S226FA090,"NEROS, INC.",Department of Defense,27130.0,MASTER BLANKET PURCHASE AGREEMENT FOR BLUE LIST COMPLIANT UNMANNED AIRCRAFT SYSTEMS AND PARTS.,2026-03-24,2026-05-27 07:20:53
CONT_AWD_W911S226FA104_9700_W91CRB21A0002_9700,W911S226FA104,"ATLANTIC DIVING SUPPLY, INC.",Department of Defense,0.0,S2P2: UAS SOLICITATION: W911S226U2648,2026-04-02,2026-04-03 12:53:16
CONT_AWD_W911S226FA106_9700_W911S225AA102_9700,W911S226FA106,"ATLANTIC DIVING SUPPLY, INC.",Department of Defense,137824.94,S2P2: UAS SOLICITATION: W911S226U2648 MASTER BLANKET PURCHASE AGREEMENT FOR BLUE LIST COMPLIANT UNMANNED AIRCRAFT SYSTEMS AND PARTS.,2026-04-07,2026-04-07 09:52:09
CONT_AWD_W911S226FA110_9700_W911S225AA090_9700,W911S226FA110,"NEROS, INC.",Department of Defense,51000.0,S2P2: UAS CROSSBOW: W911S226U2745,2026-04-13,2026-07-07 09:01:11
CONT_AWD_W911S226FA113_9700_W911S225AA090_9700,W911S226FA113,"NEROS, INC.",Department of Defense,127585.0,S2P2: UAS SOLICITATION # W911S226U2857,2026-04-15,2026-06-30 13:19:21
CONT_AWD_W911S226FA116_9700_W911S225AA102_9700,W911S226FA116,"ATLANTIC DIVING SUPPLY, INC.",Department of Defense,47853.7,S2P2: UAS: SOLICITATION: W911S2U2608 MASTER BLANKET PURCHASE AGREEMENT FOR BLUE LIST COMPLIANT UNMANNED AIRCRAFT SYSTEMS AND PARTS.,2026-04-16,2026-04-16 09:45:24
CONT_AWD_W911S226FA135_9700_W911S226AA007_9700,W911S226FA135,TITAN DYNAMICS INC,Department of Defense,0.0,S2P2: UAS: W911S226U3022,2026-05-01,2026-05-01 11:32:55
CONT_AWD_W911S226FA168_9700_W911S225AA102_9700,W911S226FA168,"ATLANTIC DIVING SUPPLY, INC.",Department of Defense,28354.8,S2P2: UAS: W911S226U3300,2026-06-22,2026-06-22 15:51:00
CONT_AWD_W911S226PA196_9700_-NONE-_-NONE-,W911S226PA196,STRATEGIC LOGIX LLC,Department of Defense,27600.0,S2P2 : UAS : SOLICITATION # W911S226U2484,2026-02-13,2026-03-30 08:35:23
CONT_AWD_W911S226PA258_9700_-NONE-_-NONE-,W911S226PA258,THE WREKD COMPANY LLC,Department of Defense,44887.4,S2P2: FPV DRONE PACKAGE: W911S226U2343,2026-03-10,2026-05-04 15:02:05
CONT_AWD_W911S226PA259_9700_-NONE-_-NONE-,W911S226PA259,THE WREKD COMPANY LLC,Department of Defense,15761.0,S2P2: FPV TOOLS AND SPARES EQUIPMENT SOLICITATION# W911S226U2344,2026-03-12,2026-06-02 11:09:18
CONT_AWD_W911S226PA268_9700_-NONE-_-NONE-,W911S226PA268,THE WREKD COMPANY LLC,Department of Defense,23485.19,S2P2 - TINY WHOOP TRAINER FPV (DRONE) PACKAGE W911S226U2335,2026-03-11,2026-03-23 13:52:18
CONT_AWD_W911S226PA333_9700_-NONE-_-NONE-,W911S226PA333,W S DARLEY & CO,Department of Defense,48855.07,S2P2: UAS: SOLICITATION: W911S226U2835,2026-03-30,2026-09-01 08:38:28
CONT_AWD_W911S226PA487_9700_-NONE-_-NONE-,W911S226PA487,ATLAS GATE CONTRACTING LLC,Department of Defense,22486.4,G32-SPRINT FPV SYSTEM,2026-05-05,2026-06-09 15:31:14
CONT_AWD_W911S226PA488_9700_-NONE-_-NONE-,W911S226PA488,TITAN DYNAMICS INC,Department of Defense,89400.0,S2P2: UAS: W911S226U3022,2026-05-05,2026-05-27 08:42:58
CONT_AWD_W911S226PA621_9700_-NONE-_-NONE-,W911S226PA621,CANINE DEFENSE TECHNOLOGIES LLC,Department of Defense,99500.0,S2P2 : UAS : SOLICITATION # W911S226U3183,2026-06-04,2026-08-10 12:22:28
CONT_AWD_W911S226PA680_9700_-NONE-_-NONE-,W911S226PA680,"ROBOLINK, INC.",Department of Defense,76787.0,S2P2: DRONES SOLICITATION # W911S226U3361,2026-06-18,2026-06-18 10:39:50
CONT_AWD_W911SD24P0114_9700_-NONE-_-NONE-,W911SD24P0114,FLIGHTWAVE AEROSPACE SYSTEMS CORPORATION,Department of Defense,35300.0,FLIGHTWAVE THE EDGE 130 BLUE,2024-08-16,2026-03-27 14:31:08
CONT_AWD_W911SD26FA006_9700_GS07F087BA_4732,W911SD26FA006,RDO EQUIPMENT CO,Department of Defense,20138.8,WINGTRA SPARE DRONE GEN II,2026-01-09,2026-07-20 09:05:13
CONT_AWD_W911SD26PA043_9700_-NONE-_-NONE-,W911SD26PA043,"OAKUM GROUP, LLC",Department of Defense,98230.0,ASTRO MAX LIDAR UAS PACKAGE,2026-04-14,2026-08-04 11:33:24
CONT_AWD_W9124726PA012_9700_-NONE-_-NONE-,W9124726PA012,TEAL DRONES INC,Department of Defense,56201.45,IRF DRONE REQUIREMENT 30X RED CAT HOLDINGS TEAL - FANG 7 FPVS. NDAA COMPLIANT AND UAS BLUE LIST CERTIFIED. IN ORDER TO CONDUCT RAPID CUAS TRAINING FOR 3-4 AD WITH APPROVED SYSTEMS. IN ORDER TO CONDUCT RAPID C-UAS TRAINING SYSTEMS.,2026-02-26,2026-03-16 09:20:25
CONT_AWD_W912CH26CA012_9700_-NONE-_-NONE-,W912CH26CA012,SMART SHOOTER INC.,Department of Defense,3151202.0,SMASH 2000LE FIRE CONTROL SYSTEM AND ASSOCIATED SPARES AND TRAINING COURSE.,2026-03-21,2026-06-16 13:21:44
CONT_AWD_W912CH26PA009_9700_-NONE-_-NONE-,W912CH26PA009,"ATLANTIC DIVING SUPPLY, INC.",Department of Defense,621353.5,PROCUREMENT OF X10D SYSTEMS FROM SKYDIO.,2026-03-25,2026-06-16 14:42:55
CONT_AWD_W912EE26PA032_9700_-NONE-_-NONE-,W912EE26PA032,"SEILER INSTRUMENT AND MANUFACTURING COMPANY, INCORPORATED",Department of Defense,50100.0,THE TECHNICAL SERVICE BRANCH NEEDS AN INSPIRED FLIGHT 1200A UNMANNED AIRCRAFT SYSTEM.,2026-05-28,2026-05-28 10:24:14
CONT_AWD_W912JF26PA010_9700_-NONE-_-NONE-,W912JF26PA010,"DRONE CENTRAL, LLC",Department of Defense,18971.37,77TH AVIATION TRAINING DRONES,2026-04-20,2026-08-31 20:27:18
CONT_AWD_W912JV26PA006_9700_-NONE-_-NONE-,W912JV26PA006,3AUTONOMY LLC,Department of Defense,124600.0,RTI 3D PRINTED GROUP 1 UAS KITS CONTRACT PR BILLING CYCLE ENDING 19MAY2026 249 RTI,2026-06-01,2026-06-01 16:24:58
CONT_AWD_W912K326PA007_9700_-NONE-_-NONE-,W912K326PA007,NAPATREE TECHNOLOGY LLC,Department of Defense,300000.0,DRONES,2026-02-10,2026-03-05 09:30:59
CONT_AWD_W912L726PA011_9700_-NONE-_-NONE-,W912L726PA011,"NEROS, INC.",Department of Defense,14700.0,DRONE,2026-04-02,2026-04-02 11:31:19
CONT_AWD_W912L726PA014_9700_-NONE-_-NONE-,W912L726PA014,SUPPLYCORE LLC,Department of Defense,92391.3,117TH RTI RTI EQUIPMENT NEEDS BLUE LABEL SUAS CONTRACT #3 TDA UNIT DODAAC: W90YRL SFC PHILIP WALLACE 615-355-3692,2026-04-15,2026-04-17 09:20:56
CONT_AWD_W912L726PA015_9700_-NONE-_-NONE-,W912L726PA015,"MODALAI, INC.",Department of Defense,17039.95,117TH RTI RTI EQUIPMENT NEEDS BLUE LABEL SUAS CONTRACT #2 TDA UNIT DODAAC: W90YRL SFC PHILIP WALLACE 615-355-3692,2026-04-22,2026-04-22 11:19:34
CONT_AWD_W912PB26FA158_9700_W912PB26AA002_9700,W912PB26FA158,DRONIVO GMBH,Department of Defense,210291.09,SMALL UNMANNED AIRCRAFT SYSTEM ANCILLARY EQUIPMENT AND BATTERIES FOR 7TH ATC.,2026-01-29,2026-02-05 09:53:11
CONT_AWD_W912PB26FA188_9700_W912PB26AA004_9700,W912PB26FA188,ORQA D.O.O.,Department of Defense,24730.0,SMALL UNMANNED AIRCRAFT SYSTEM-RECOVERABLE PLATFORMS FOR 7TH ATC CATC.,2026-01-30,2026-03-04 09:12:48
CONT_AWD_W912PB26FA261_9700_W912PB26AA015_9700,W912PB26FA261,"SINE ADVANCED ENGINEERING, INC.",Department of Defense,272500.0,UAV PLATFORMS AND TRAINING FOR 7TH ARMY TRAINING COMMAND (ATC).,2026-03-12,2026-03-12 11:04:32
CONT_AWD_W912PB26FA285_9700_W912PB26AA002_9700,W912PB26FA285,DRONIVO GMBH,Department of Defense,1431000.0,ANAFI PARROT UKR XLR SUAS AND BATTERIES FOR 2D CAVALRY REGIMENT.,2026-03-17,2026-03-17 09:34:31
CONT_AWD_W912PB26FA343_9700_W912PB26AA002_9700,W912PB26FA343,DRONIVO GMBH,Department of Defense,874810.0,FLYTRAP 5.0 (SBS26) EBEE VISION SUAS AND BATTERIES FOR 2D CAVALRY REGIMENT,2026-04-02,2026-04-02 07:22:52
CONT_AWD_W912PB26FA349_9700_W912PB26AA004_9700,W912PB26FA349,ORQA D.O.O.,Department of Defense,280711.54,FLYTRAP 5.0 (SB26) PBAS SUAS ISO 2D CALVARY DIVISION,2026-03-31,2026-03-31 07:07:08
CONT_AWD_W912PB26FA353_9700_W912PB26AA015_9700,W912PB26FA353,"SINE ADVANCED ENGINEERING, INC.",Department of Defense,258254.46,SINE BEACONS AND FSR SUPPORT IAW ATTACHED PWS AND QUOTE #1012.,2026-04-02,2026-06-15 07:46:48
CONT_AWD_W912PB26FA364_9700_W912PB26AA012_9700,W912PB26FA364,UAB DANGOLAKIS,Department of Defense,23364.65,FLYTRAP 5.0 (SB26) ELRS UAS FOR 2D CALVARY DIVISION,2026-04-08,2026-04-08 07:10:15
CONT_AWD_W912PB26FA386_9700_W912PB26AA012_9700,W912PB26FA386,UAB DANGOLAKIS,Department of Defense,120516.21,SOCEUR TEIL UAS PARTS,2026-04-19,2026-06-05 04:56:49
CONT_AWD_W912PB26FA400_9700_W912PB26AA002_9700,W912PB26FA400,DRONIVO GMBH,Department of Defense,208380.0,PURCHASE OF 3 EACH EBEE VISION AND 3 EACH EBEE VISION GROUND CONTROL SYSTEMS,2026-04-29,2026-04-29 05:30:32
CONT_AWD_W912PB26FA417_9700_W912PB26AA002_9700,W912PB26FA417,DRONIVO GMBH,Department of Defense,134190.0,THE 2D CAVALRY REGIMENT (2CR) REQUIRES THE PROCUREMENT OF 44 COMMERCIAL GROUP 2 FIXED-WING SRR/MRR DRONES TO SERVE AS AERIAL TARGETS.,2026-05-12,2026-05-12 09:38:15
CONT_AWD_W912PB26FA471_9700_W912PB26AA003_9700,W912PB26FA471,GUL,Department of Defense,266696.5,TEIL BENCH STOCK AND LAB IMPROVEMENT_ 028830,2026-06-09,2026-06-09 11:00:26
CONT_AWD_W912PB26FA475_9700_W912PB26AA003_9700,W912PB26FA475,GUL,Department of Defense,187467.25,TEIL BENCH STOCK AND LAB IMPROVEMENT PROJECT_028839,2026-06-15,2026-06-15 06:05:25
CONT_AWD_W912PB26PA051_9700_-NONE-_-NONE-,W912PB26PA051,6966624 CANADA INC,Department of Defense,96010.79,PTKM-1R TRAINING,2026-06-18,2026-06-18 04:07:35
CONT_AWD_W912SR26PA001_9700_-NONE-_-NONE-,W912SR26PA001,DRONIVO GMBH,Department of Defense,202170.17,BRAND NAME RESTRICTION TO PROCURE PARROT AND EBEE PLATFORM UAS LISTED VIA BLUE UAS SELECT,2025-12-05,2026-02-12 10:21:45
CONT_AWD_W912SV25FA099_9700_GS07F188AA_4732,W912SV25FA099,RPT CONSULTING LLC,Department of Defense,0.0,MA NATIONAL GUARD TRAINING INSTITUTE PURCHASE OF DRONE FOR TRAINING PURPOSES,2025-09-23,2026-03-19 12:15:31
CONT_AWD_W91QVN26PA017_9700_-NONE-_-NONE-,W91QVN26PA017,KENCOA AEROSPACE CORPORATION,Department of Defense,14465.32,READY-TO-FLY UAS WITH SPARE BATTERIES,2026-04-09,2026-07-01 19:47:50
CONT_AWD_W91ZRS26FC010_9700_47QSMS25D008P_4732,W91ZRS26FC010,W S DARLEY & CO,Department of Defense,23701.2,DRONE RTI,2026-05-22,2026-08-07 07:03:05
