contract_award_unique_key,award_id_piid,parent_award_agency_id,parent_award_agency_name,parent_award_id_piid,disaster_emergency_fund_codes,outlayed_amount_from_COVID-19_supplementals,obligated_amount_from_COVID-19_supplementals,outlayed_amount_from_IIJA_supplemental,obligated_amount_from_IIJA_supplemental,total_obligated_amount,total_outlayed_amount,current_total_value_of_award,potential_total_value_of_award,award_base_action_date,award_base_action_date_fiscal_year,award_latest_action_date,award_latest_action_date_fiscal_year,period_of_performance_start_date,period_of_performance_current_end_date,period_of_performance_potential_end_date,ordering_period_end_date,solicitation_date,awarding_agency_code,awarding_agency_name,awarding_sub_agency_code,awarding_sub_agency_name,awarding_office_code,awarding_office_name,funding_agency_code,funding_agency_name,funding_sub_agency_code,funding_sub_agency_name,funding_office_code,funding_office_name,treasury_accounts_funding_this_award,federal_accounts_funding_this_award,object_classes_funding_this_award,program_activities_funding_this_award,foreign_funding,foreign_funding_description,sam_exception,sam_exception_description,recipient_uei,recipient_duns,recipient_name,recipient_name_raw,recipient_doing_business_as_name,cage_code,recipient_parent_uei,recipient_parent_duns,recipient_parent_name,recipient_parent_name_raw,recipient_country_code,recipient_country_name,recipient_address_line_1,recipient_address_line_2,recipient_city_name,prime_award_summary_recipient_county_fips_code,recipient_county_name,prime_award_summary_recipient_state_fips_code,recipient_state_code,recipient_state_name,recipient_zip_4_code,prime_award_summary_recipient_cd_original,prime_award_summary_recipient_cd_current,recipient_phone_number,recipient_fax_number,primary_place_of_performance_country_code,primary_place_of_performance_country_name,primary_place_of_performance_city_name,prime_award_summary_place_of_performance_county_fips_code,primary_place_of_performance_county_name,prime_award_summary_place_of_performance_state_fips_code,primary_place_of_performance_state_code,primary_place_of_performance_state_name,primary_place_of_performance_zip_4,prime_award_summary_place_of_performance_cd_original,prime_award_summary_place_of_performance_cd_current,award_or_idv_flag,award_type_code,award_type,idv_type_code,idv_type,multiple_or_single_award_idv_code,multiple_or_single_award_idv,type_of_idc_code,type_of_idc,type_of_contract_pricing_code,type_of_contract_pricing,prime_award_base_transaction_description,solicitation_identifier,number_of_actions,inherently_governmental_functions,inherently_governmental_functions_description,product_or_service_code,product_or_service_code_description,contract_bundling_code,contract_bundling,dod_claimant_program_code,dod_claimant_program_description,naics_code,naics_description,recovered_materials_sustainability_code,recovered_materials_sustainability,domestic_or_foreign_entity_code,domestic_or_foreign_entity,dod_acquisition_program_code,dod_acquisition_program_description,information_technology_commercial_item_category_code,information_technology_commercial_item_category,epa_designated_product_code,epa_designated_product,country_of_product_or_service_origin_code,country_of_product_or_service_origin,place_of_manufacture_code,place_of_manufacture,subcontracting_plan_code,subcontracting_plan,extent_competed_code,extent_competed,solicitation_procedures_code,solicitation_procedures,type_of_set_aside_code,type_of_set_aside,evaluated_preference_code,evaluated_preference,research_code,research,fair_opportunity_limited_sources_code,fair_opportunity_limited_sources,other_than_full_and_open_competition_code,other_than_full_and_open_competition,number_of_offers_received,commercial_item_acquisition_procedures_code,commercial_item_acquisition_procedures,small_business_competitiveness_demonstration_program,simplified_procedures_for_certain_commercial_items_code,simplified_procedures_for_certain_commercial_items,a76_fair_act_action_code,a76_fair_act_action,fed_biz_opps_code,fed_biz_opps,local_area_set_aside_code,local_area_set_aside,price_evaluation_adjustment_preference_percent_difference,clinger_cohen_act_planning_code,clinger_cohen_act_planning,materials_supplies_articles_equipment_code,materials_supplies_articles_equipment,labor_standards_code,labor_standards,construction_wage_rate_requirements_code,construction_wage_rate_requirements,interagency_contracting_authority_code,interagency_contracting_authority,other_statutory_authority,program_acronym,parent_award_type_code,parent_award_type,parent_award_single_or_multiple_code,parent_award_single_or_multiple,major_program,national_interest_action_code,national_interest_action,cost_or_pricing_data_code,cost_or_pricing_data,cost_accounting_standards_clause_code,cost_accounting_standards_clause,government_furnished_property_code,government_furnished_property,sea_transportation_code,sea_transportation,consolidated_contract_code,consolidated_contract,performance_based_service_acquisition_code,performance_based_service_acquisition,multi_year_contract_code,multi_year_contract,contract_financing_code,contract_financing,purchase_card_as_payment_method_code,purchase_card_as_payment_method,contingency_humanitarian_or_peacekeeping_operation_code,contingency_humanitarian_or_peacekeeping_operation,alaskan_native_corporation_owned_firm,american_indian_owned_business,indian_tribe_federally_recognized,native_hawaiian_organization_owned_firm,tribally_owned_firm,veteran_owned_business,service_disabled_veteran_owned_business,woman_owned_business,women_owned_small_business,economically_disadvantaged_women_owned_small_business,joint_venture_women_owned_small_business,joint_venture_economic_disadvantaged_women_owned_small_bus,minority_owned_business,subcontinent_asian_asian_indian_american_owned_business,asian_pacific_american_owned_business,black_american_owned_business,hispanic_american_owned_business,native_american_owned_business,other_minority_owned_business,contracting_officers_determination_of_business_size,contracting_officers_determination_of_business_size_code,emerging_small_business,community_developed_corporation_owned_firm,labor_surplus_area_firm,us_federal_government,federally_funded_research_and_development_corp,federal_agency,us_state_government,us_local_government,city_local_government,county_local_government,inter_municipal_local_government,local_government_owned,municipality_local_government,school_district_local_government,township_local_government,us_tribal_government,foreign_government,organizational_type,corporate_entity_not_tax_exempt,corporate_entity_tax_exempt,partnership_or_limited_liability_partnership,sole_proprietorship,small_agricultural_cooperative,international_organization,us_government_entity,community_development_corporation,domestic_shelter,educational_institution,foundation,hospital_flag,manufacturer_of_goods,veterinary_hospital,hispanic_servicing_institution,receives_contracts,receives_financial_assistance,receives_contracts_and_financial_assistance,airport_authority,council_of_governments,housing_authorities_public_tribal,interstate_entity,planning_commission,port_authority,transit_authority,subchapter_scorporation,limited_liability_corporation,foreign_owned,for_profit_organization,nonprofit_organization,other_not_for_profit_organization,the_ability_one_program,private_university_or_college,state_controlled_institution_of_higher_learning,1862_land_grant_college,1890_land_grant_college,1994_land_grant_college,minority_institution,historically_black_college,tribal_college,alaskan_native_servicing_institution,native_hawaiian_servicing_institution,school_of_forestry,veterinary_college,dot_certified_disadvantage,self_certified_small_disadvantaged_business,small_disadvantaged_business,c8a_program_participant,historically_underutilized_business_zone_hubzone_firm,sba_certified_8a_joint_venture,highly_compensated_officer_1_name,highly_compensated_officer_1_amount,highly_compensated_officer_2_name,highly_compensated_officer_2_amount,highly_compensated_officer_3_name,highly_compensated_officer_3_amount,highly_compensated_officer_4_name,highly_compensated_officer_4_amount,highly_compensated_officer_5_name,highly_compensated_officer_5_amount,usaspending_permalink,last_modified_date
CONT_AWD_0001_9700_FA862015G4040_9700,0001,9700,DEPT OF DEFENSE,FA862015G4040,,,,,,461123951.37,,461123951.37,461123951.37,2017-05-16,2017,2021-05-24,2021,2017-05-16,2021-06-30,2021-06-30 00:00:00,,,097,Department of Defense,5700,Department of the Air Force,FA8689,FA8689  AFLCMC WIIK        UAS,097,Department of Defense,5700,Department of the Air Force,F4FDAC,F4FDAC AFLCMC MAUS DIVISION WII,,,,,X,NOT APPLICABLE,,,ZH4NVFG3Z526,824684229,"GENERAL ATOMICS AERONAUTICAL SYSTEMS, INC.","GENERAL ATOMICS AERONAUTICAL SYSTEMS, INC.",,0YJB5,YX6EL4J1WLP9,859181984,GENERAL ATOMICS,GENERAL ATOMICS AERONAUTICAL SYSTEMS  INC.,USA,UNITED STATES,14200 KIRKHAM WAY,,POWAY,06073,SAN DIEGO,06,CA,CALIFORNIA,920647103,CA-52,CA-48,8585256451,8583122920,USA,UNITED STATES,POWAY,06073,SAN DIEGO,06,CA,CALIFORNIA,920647103,CA-52,CA-48,AWARD,C,DELIVERY ORDER,,,,,,,J,FIRM FIXED PRICE,"ACAT 1C, PREDATOR-REAPER, FISCAL YEAR 2016 PRODUCTION BUY OF 36 AIRCRAFT",,1,,,1550,UNMANNED AIRCRAFT,H,NOT BUNDLED,A1A,AIRFRAMES AND SPARES,336411,AIRCRAFT MANUFACTURING,C,NO CLAUSES INCLUDED AND NO SUSTAINABILITY INCLUDED,A,U.S. OWNED BUSINESS,424,MQ-9 REAPER,Z,NOT IT PRODUCTS OR SERVICES,E,NOT REQUIRED,USA,UNITED STATES,D,MFG IN U.S.,,,C,NOT COMPETED,SSS,ONLY ONE SOURCE,NONE,NO SET ASIDE USED.,NONE,NO PREFERENCE USED,,,,,FOC,FOLLOW-ON CONTRACT (FAR 6.302-1(A)(2)(II/III)),1,D,COMMERCIAL ITEM PROCEDURES NOT USED,f,,,N,NO,,,N,NO,,N,NO,X,NOT APPLICABLE,X,NOT APPLICABLE,X,NOT APPLICABLE,X,NOT APPLICABLE,,,D,BOA,S,SINGLE AWARD,,NONE,NONE,Y,YES,,,N,TRANSACTION DOES NOT USE GFE/GFP,U,UNKNOWN,N,NO,X,NOT APPLICABLE,,,A,FAR 52.232-16 PROGRESS PAYMENTS,N,NO,X,NOT APPLICABLE,f,f,f,f,f,f,f,f,f,f,f,f,f,f,f,f,f,f,f,OTHER THAN SMALL BUSINESS,O,f,f,f,f,f,f,f,f,f,f,f,f,f,f,f,f,f,CORPORATE NOT TAX EXEMPT,t,f,f,f,f,f,f,f,f,f,f,f,t,f,f,f,f,t,f,f,f,f,f,f,f,f,f,f,t,f,f,f,f,f,f,f,f,f,f,f,f,f,f,f,f,f,f,f,f,f,LINDEN P BLUE,2433022.00,JAMES N BLUE,2276657.00,DAVID R ALEXANDER,1955403.00,BARTON B ROPER,956408.00,ELIAHU  YEHEZKEL,928770.00,https://www.usaspending.gov/award/CONT_AWD_0001_9700_FA862015G4040_9700/,2021-05-25 17:56:48+00
CONT_AWD_0001_9700_N6833514G0040_9700,0001,9700,DEPT OF DEFENSE,N6833514G0040,,,,,,11223351.04,,11262688.00,11262688.00,2014-09-29,2014,2019-12-05,2020,2014-09-25,2017-09-28,2017-09-28 00:00:00,,,097,Department of Defense,1700,Department of the Navy,N68335,NAVAIR WARFARE CTR AIRCRAFT DIV,097,Department of Defense,1700,Department of the Navy,N68335,NAVAIR WARFARE CTR AIRCRAFT DIV,,,,,X,NOT APPLICABLE,,,M7L6QRM22UN4,095275343,NAVMAR APPLIED SCIENCES CORP,NAVMAR APPLIED SCIENCES CORPORATION,,4P854,M7L6QRM22UN4,095275343,NAVMAR APPLIED SCIENCES CORP,NAVMAR APPLIED SCIENCES CORPORATION,USA,UNITED STATES,65 W ST RD BLDG C,,WARMINSTER,42017,BUCKS,42,PA,PENNSYLVANIA,189743225,PA-01,PA-01,2156754900,2156720597,USA,UNITED STATES,WARMINSTER,42017,BUCKS,42,PA,PENNSYLVANIA,189743225,PA-01,PA-01,AWARD,C,DELIVERY ORDER,,,,,,,U,COST PLUS FIXED FEE,SSP C4ISR SENSOR DEVELOPMENT,,1,,,1550,UNMANNED AIRCRAFT,D,NOT A BUNDLED REQUIREMENT,A7,ELECTRONICS AND COMMUNICATION EQUIPMENT,541712,"RESEARCH AND DEVELOPMENT IN THE PHYSICAL, ENGINEERING, AND LIFE SCIENCES (EXCEPT BIOTECHNOLOGY)",C,NO CLAUSES INCLUDED AND NO SUSTAINABILITY INCLUDED,A,U.S. OWNED BUSINESS,000,NONE,Z,NOT IT PRODUCTS OR SERVICES,A,MEETS REQUIREMENTS,USA,UNITED STATES,D,MFG IN U.S.,,,B,NOT AVAILABLE FOR COMPETITION,SSS,ONLY ONE SOURCE,NONE,NO SET ASIDE USED.,NONE,NO PREFERENCE USED,SR3,SMALL BUSINESS INNOVATION RESEARCH PROGRAM PHASE III ACTION,,,OTH,AUTHORIZED BY STATUTE (FAR 6.302-5(A)(2)(I)),1,D,COMMERCIAL ITEM PROCEDURES NOT USED,f,,,N,NO,X,NOT APPLICABLE,N,NO,,N,NO,Y,YES,X,NOT APPLICABLE,X,NOT APPLICABLE,X,NOT APPLICABLE,,,D,BOA,S,SINGLE AWARD,,NONE,NONE,Y,YES,,,N,TRANSACTION DOES NOT USE GFE/GFP,U,UNKNOWN,N,NO,X,NOT APPLICABLE,,,Z,NOT APPLICABLE,N,NO,X,NOT APPLICABLE,f,f,f,f,f,t,t,f,f,f,f,f,f,f,f,f,f,f,f,OTHER THAN SMALL BUSINESS,O,f,f,f,f,f,f,f,f,f,f,f,f,f,f,f,f,f,CORPORATE NOT TAX EXEMPT,t,f,f,f,f,f,f,f,f,f,f,f,t,f,f,f,f,t,f,f,f,f,f,f,f,f,f,f,t,f,f,f,f,f,f,f,f,f,f,f,f,f,f,f,f,f,f,f,f,f,T.  FENERTY,316814.00,R  BAUDER,227201.00,R  CORRENTE,195282.00,D  FENTON,188993.00,L  HOWARTH,188308.00,https://www.usaspending.gov/award/CONT_AWD_0001_9700_N6833514G0040_9700/,2019-12-05 09:24:04+00
CONT_AWD_0001_9700_W911NF16D0038_9700,0001,9700,DEPT OF DEFENSE,W911NF16D0038,,,,,,8050753.00,,8050753.00,16101506.00,2016-09-29,2016,2021-01-29,2021,2016-09-29,2017-12-28,2018-09-28 00:00:00,,,097,Department of Defense,2100,Department of the Army,W911NF,W6QK ACC-APG DURHAM,097,Department of Defense,2100,Department of the Army,W71B7J,W262 CCDC ARL,,,,,X,NOT APPLICABLE,,,FN6ABUNCP1S8,179328117,"NEANY, INC.","NEANY, INC",,1KJN4,FN6ABUNCP1S8,179328117,"NEANY, INC.",NEANY  INC,USA,UNITED STATES,44010 COMMERCE AVE STE A,,HOLLYWOOD,24037,ST. MARY'S,24,MD,MARYLAND,206363117,MD-05,MD-05,3013733017,3013733927,USA,UNITED STATES,HOLLYWOOD,24037,SAINT MARYS,24,MD,MARYLAND,206363117,MD-05,MD-05,AWARD,C,DELIVERY ORDER,,,,,,,U,COST PLUS FIXED FEE,"IGF::OT::IGF ARROW AND PERSISTENT SURVEILLANCE SYSTEMS (PSS) ENHANCEMENT, EXPERIMENTATION AND EVALUATION (APSSE3)",W911NF16R0025,1,OT,OTHER FUNCTIONS,1550,UNMANNED AIRCRAFT,D,NOT A BUNDLED REQUIREMENT,S1,SERVICES,336411,AIRCRAFT MANUFACTURING,C,NO CLAUSES INCLUDED AND NO SUSTAINABILITY INCLUDED,A,U.S. OWNED BUSINESS,000,NONE,Z,NOT IT PRODUCTS OR SERVICES,A,MEETS REQUIREMENTS,USA,UNITED STATES,D,MFG IN U.S.,,,C,NOT COMPETED,SSS,ONLY ONE SOURCE,,,NONE,NO PREFERENCE USED,,,,,ONE,ONLY ONE SOURCE-OTHER (FAR 6.302-1 OTHER),,D,COMMERCIAL ITEM PROCEDURES NOT USED,f,N,NO,N,NO,X,NOT APPLICABLE,N,NO,,N,NO,Y,YES,Y,YES,X,NOT APPLICABLE,X,NOT APPLICABLE,,,B,IDC,S,SINGLE AWARD,,NONE,NONE,N,NO,,,N,TRANSACTION DOES NOT USE GFE/GFP,U,UNKNOWN,N,NO,X,NOT APPLICABLE,N,NO,Z,NOT APPLICABLE,N,NO,X,NOT APPLICABLE,f,f,f,f,f,f,f,f,f,f,f,f,t,f,f,t,f,f,f,SMALL BUSINESS,S,f,f,f,f,f,f,f,f,f,f,f,f,f,f,f,f,f,CORPORATE NOT TAX EXEMPT,t,f,f,f,f,f,f,f,f,f,f,f,f,f,f,f,f,t,f,f,f,f,f,f,f,f,f,f,t,f,f,f,f,f,f,f,f,f,f,f,f,f,f,f,f,t,f,f,f,f,STEVEN  STEPTOE,20937020.00,JOHNNIE D TAYLOR,170515.00,BRIAN  KENNEDY,161262.00,DARCELLA  LOWE,93636.00,LYNDA  LUTZ,93636.00,https://www.usaspending.gov/award/CONT_AWD_0001_9700_W911NF16D0038_9700/,2021-01-29 09:00:08+00
CONT_AWD_0002_9700_N6833514G0040_9700,0002,9700,DEPT OF DEFENSE,N6833514G0040,,,,,,11303648.48,,11353762.00,11353762.00,2014-09-26,2014,2020-08-26,2020,2014-09-24,2017-09-25,2017-09-25 00:00:00,,,097,Department of Defense,1700,Department of the Navy,N68335,NAVAIR WARFARE CTR AIRCRAFT DIV,097,Department of Defense,1700,Department of the Navy,N3555A,NAVAL AIR WARFARE CTR AIRCRAFT DIV,,,,,X,NOT APPLICABLE,,,M7L6QRM22UN4,095275343,NAVMAR APPLIED SCIENCES CORP,NAVMAR APPLIED SCIENCES CORPORATION,,4P854,M7L6QRM22UN4,095275343,NAVMAR APPLIED SCIENCES CORP,NAVMAR APPLIED SCIENCES CORPORATION,USA,UNITED STATES,65 W ST RD BLDG C,,WARMINSTER,42017,BUCKS,42,PA,PENNSYLVANIA,189743225,PA-01,PA-01,2156754900,2156720597,USA,UNITED STATES,WARMINSTER,42017,BUCKS,42,PA,PENNSYLVANIA,189743225,PA-01,PA-01,AWARD,C,DELIVERY ORDER,,,,,,,U,COST PLUS FIXED FEE,SSP IISR SENSOR DEVELOPMENT,,1,OT,OTHER FUNCTIONS,1550,UNMANNED AIRCRAFT,D,NOT A BUNDLED REQUIREMENT,A7,ELECTRONICS AND COMMUNICATION EQUIPMENT,541712,"RESEARCH AND DEVELOPMENT IN THE PHYSICAL, ENGINEERING, AND LIFE SCIENCES (EXCEPT BIOTECHNOLOGY)",C,NO CLAUSES INCLUDED AND NO SUSTAINABILITY INCLUDED,A,U.S. OWNED BUSINESS,000,NONE,Z,NOT IT PRODUCTS OR SERVICES,A,MEETS REQUIREMENTS,USA,UNITED STATES,D,MFG IN U.S.,,,B,NOT AVAILABLE FOR COMPETITION,SSS,ONLY ONE SOURCE,NONE,NO SET ASIDE USED.,NONE,NO PREFERENCE USED,SR3,SMALL BUSINESS INNOVATION RESEARCH PROGRAM PHASE III ACTION,,,OTH,AUTHORIZED BY STATUTE (FAR 6.302-5(A)(2)(I)),1,D,COMMERCIAL ITEM PROCEDURES NOT USED,f,,,N,NO,X,NOT APPLICABLE,N,NO,0.00,N,NO,Y,YES,X,NOT APPLICABLE,X,NOT APPLICABLE,X,NOT APPLICABLE,,,D,BOA,S,SINGLE AWARD,,NONE,NONE,Y,YES,,,N,TRANSACTION DOES NOT USE GFE/GFP,U,UNKNOWN,N,NO,X,NOT APPLICABLE,,,Z,NOT APPLICABLE,N,NO,X,NOT APPLICABLE,f,f,f,f,f,t,t,f,f,f,f,f,f,f,f,f,f,f,f,OTHER THAN SMALL BUSINESS,O,f,f,f,f,f,f,f,f,f,f,f,f,f,f,f,f,f,CORPORATE NOT TAX EXEMPT,t,f,f,f,f,f,f,f,f,f,f,f,t,f,f,f,f,t,f,f,f,f,f,f,f,f,f,f,t,f,f,f,f,f,f,f,f,f,f,f,f,f,f,f,f,f,f,f,f,f,T.  FENERTY,259259.00,R  BAUDER,219306.00,K  KEWKO,208152.00,C  PATTON,184712.00,D  HAMMOND,187615.00,https://www.usaspending.gov/award/CONT_AWD_0002_9700_N6833514G0040_9700/,2020-08-26 13:11:01+00
CONT_AWD_0002_9700_W58RGZ14D0111_9700,0002,9700,DEPT OF DEFENSE,W58RGZ14D0111,,,,,,2601882.84,,2601882.84,2601882.84,2014-07-21,2014,2021-01-14,2021,2014-07-21,2019-09-30,2019-09-30 12:09:00,,,097,Department of Defense,2100,Department of the Army,W58RGZ,W6QK ACC-RSA,097,Department of Defense,2100,Department of the Army,W81UHH,W6DQ 01 PEO AVN,,,,,X,NOT APPLICABLE,,,WNFAAJU8F1X1,926741406,NORTHROP GRUMMAN SYSTEMS CORPORATION,NORTHROP GRUMMAN SYSTEMS CORPORATION,,0W6H8,NKVZLJL93QT6,967356127,NORTHROP GRUMMAN CORPORATION,NORTHROP GRUMMAN SYSTEMS CORPORATION,USA,UNITED STATES,4067 ENTERPRISE WAY,,SIERRA VISTA,04003,COCHISE,04,AZ,ARIZONA,856352273,AZ-02,AZ-06,7037134096,,USA,UNITED STATES,SIERRA VISTA,04003,COCHISE,04,AZ,ARIZONA,856352273,AZ-02,AZ-06,AWARD,C,DELIVERY ORDER,,,,,,,U,COST PLUS FIXED FEE,"HUNTER UAS ENGINEERING SERVICES - ESM-002, COPPERHEAD PAYLOAD INTEGRATION&TESTING",,1,,,1550,UNMANNED AIRCRAFT,D,NOT A BUNDLED REQUIREMENT,S1,SERVICES,336411,AIRCRAFT MANUFACTURING,C,NO CLAUSES INCLUDED AND NO SUSTAINABILITY INCLUDED,A,U.S. OWNED BUSINESS,000,NONE,Z,NOT IT PRODUCTS OR SERVICES,E,NOT REQUIRED,USA,UNITED STATES,D,MFG IN U.S.,,,C,NOT COMPETED,SSS,ONLY ONE SOURCE,,,NONE,NO PREFERENCE USED,,,,,ONE,ONLY ONE SOURCE-OTHER (FAR 6.302-1 OTHER),,D,COMMERCIAL ITEM PROCEDURES NOT USED,f,N,NO,N,NO,Y,YES,N,NO,,N,NO,N,NO,N,NO,N,NO,X,NOT APPLICABLE,,,B,IDC,S,SINGLE AWARD,,NONE,NONE,Y,YES,,,Y,TRANSACTION USES GFE/GFP,N,NO,N,NO,X,NOT APPLICABLE,N,NO,Z,NOT APPLICABLE,N,NO,X,NOT APPLICABLE,f,f,f,f,f,f,f,f,f,f,f,f,f,f,f,f,f,f,f,OTHER THAN SMALL BUSINESS,O,f,f,f,f,f,f,f,f,f,f,f,f,f,f,f,f,f,CORPORATE NOT TAX EXEMPT,t,f,f,f,f,f,f,f,f,f,f,f,f,f,f,f,f,t,f,f,f,f,f,f,f,f,f,f,t,f,f,f,f,f,f,f,f,f,f,f,f,f,f,f,f,f,f,f,f,f,,,,,,,,,,,https://www.usaspending.gov/award/CONT_AWD_0002_9700_W58RGZ14D0111_9700/,2021-02-17 10:18:24+00
CONT_AWD_0002_9700_W58RGZ17D0055_9700,0002,9700,DEPT OF DEFENSE,W58RGZ17D0055,,,,,,29578924.31,,29578924.31,29578924.31,2017-07-11,2017,2023-10-11,2024,2017-07-11,2023-08-31,2023-08-31 00:00:00,,,097,Department of Defense,2100,Department of the Army,W58RGZ,W6QK ACC-RSA,097,Department of Defense,2100,Department of the Army,W81UHH,W6DQ 01 PEO AVN,,,,,X,NOT APPLICABLE,,,FRJQGQHDX4J3,,"L3 TECHNOLOGIES, INC.","L3 TECHNOLOGIES, INC.",,06401,PNE9R5EJMWK8,,"L3HARRIS TECHNOLOGIES, INC.",L3 TECHNOLOGIES  INC.,USA,UNITED STATES,640 N 2200 W,,SALT LAKE CITY,49035,SALT LAKE,49,UT,UTAH,841162925,UT-02,UT-02,8016060372,8015942004,USA,UNITED STATES,HILL AFB,49011,DAVIS,49,UT,UTAH,840565805,UT-01,UT-01,AWARD,C,DELIVERY ORDER,,,,,,,U,COST PLUS FIXED FEE,"CONTRACT W58RGZ-17-D-0055, TASK ORDER 0002 - ENGINEERING TECHNICAL SERVICES (ETS) FOR ROVER SPECTRUM REALLOCATION MODIFICATIONS (SRM)",,1,,,1550,UNMANNED AIRCRAFT,H,NOT BUNDLED,,,336411,AIRCRAFT MANUFACTURING,C,NO CLAUSES INCLUDED AND NO SUSTAINABILITY INCLUDED,A,U.S. OWNED BUSINESS,,,Z,NOT IT PRODUCTS OR SERVICES,E,NOT REQUIRED,USA,UNITED STATES,D,MFG IN U.S.,,,C,NOT COMPETED,SSS,ONLY ONE SOURCE,,,NONE,NO PREFERENCE USED,,,,,ONE,ONLY ONE SOURCE-OTHER (FAR 6.302-1 OTHER),,D,COMMERCIAL PRODUCTS/SERVICES PROCEDURES NOT USED,f,N,NO,N,NO,X,NOT APPLICABLE,N,NO,,N,NO,Y,YES,X,NOT APPLICABLE,X,NOT APPLICABLE,X,NOT APPLICABLE,,,B,IDC,S,SINGLE AWARD,,NONE,NONE,Y,YES,,,N,TRANSACTION DOES NOT USE GFE/GFP,N,NO,D,NOT CONSOLIDATED,X,NOT APPLICABLE,Y,YES,Z,NOT APPLICABLE,N,NO,X,NOT APPLICABLE,f,f,f,f,f,f,f,f,f,f,f,f,f,f,f,f,f,f,f,OTHER THAN SMALL BUSINESS,O,f,f,f,f,f,f,f,f,f,f,f,f,f,f,f,f,f,CORPORATE NOT TAX EXEMPT,t,f,f,f,f,f,f,f,f,f,f,f,t,f,f,f,f,f,f,f,f,f,f,f,f,f,f,f,t,f,f,f,f,f,f,f,f,f,f,f,f,f,f,f,f,f,f,f,f,f,,,,,,,,,,,https://www.usaspending.gov/award/CONT_AWD_0002_9700_W58RGZ17D0055_9700/,2025-04-26 12:29:38+00
CONT_AWD_0003_9700_N0001915G0026_9700,0003,9700,DEPT OF DEFENSE,N0001915G0026,,,,,,19894544.00,,19894544.00,19894544.00,2017-08-01,2017,2023-12-07,2024,2017-08-01,2023-12-31,2023-12-31 00:00:00,,,097,Department of Defense,1700,Department of the Navy,N00019,NAVAL AIR SYSTEMS COMMAND,097,Department of Defense,1700,Department of the Navy,N00019,NAVAL AIR SYSTEMS COMMAND,,,,,X,NOT APPLICABLE,,,PK8PM2GNVMP8,,NORTHROP GRUMMAN SYSTEMS CORPORATION,NORTHROP GRUMMAN SYSTEMS CORPORATION,,70974,NKVZLJL93QT6,,NORTHROP GRUMMAN CORPORATION,NORTHROP GRUMMAN SYSTEMS CORPORATION,USA,UNITED STATES,2000 W NASA BLVD,,MELBOURNE,12009,BREVARD,12,FL,FLORIDA,329042322,FL-08,FL-08,3219515444,3219515755,USA,UNITED STATES,SAN DIEGO,06073,SAN DIEGO,06,CA,CALIFORNIA,921272412,CA-50,CA-50,AWARD,C,DELIVERY ORDER,,,,,,,U,COST PLUS FIXED FEE,LRIP 2 DMS NRE,N0001914R0023,1,,,1550,UNMANNED AIRCRAFT,H,NOT BUNDLED,A1A,AIRFRAMES AND SPARES,336413,OTHER AIRCRAFT PARTS AND AUXILIARY EQUIPMENT MANUFACTURING,C,NO CLAUSES INCLUDED AND NO SUSTAINABILITY INCLUDED,A,U.S. OWNED BUSINESS,373,MQ-4C TRITON,Z,NOT IT PRODUCTS OR SERVICES,A,MEETS REQUIREMENTS,USA,UNITED STATES,D,MFG IN U.S.,,,C,NOT COMPETED,SSS,ONLY ONE SOURCE,,,NONE,NO PREFERENCE USED,,,,,ONE,ONLY ONE SOURCE-OTHER (FAR 6.302-1 OTHER),1,D,COMMERCIAL PRODUCTS/SERVICES PROCEDURES NOT USED,f,,,N,NO,,,N,NO,,N,NO,Y,YES,N,NO,N,NO,X,NOT APPLICABLE,,,D,BOA,S,SINGLE AWARD,,NONE,NONE,,,,,Y,TRANSACTION USES GFE/GFP,U,UNKNOWN,D,NOT CONSOLIDATED,X,NOT APPLICABLE,,,A,FAR 52.232-16 PROGRESS PAYMENTS,N,NO,X,NOT APPLICABLE,f,f,f,f,f,f,f,f,f,f,f,f,f,f,f,f,f,f,f,OTHER THAN SMALL BUSINESS,O,f,f,f,f,f,f,f,f,f,f,f,f,f,f,f,f,f,CORPORATE NOT TAX EXEMPT,t,f,f,f,f,f,f,f,f,f,f,f,f,f,f,f,f,t,f,f,f,f,f,f,f,f,f,f,t,f,f,f,f,f,f,f,f,f,f,f,f,f,f,f,f,f,f,f,f,f,,,,,,,,,,,https://www.usaspending.gov/award/CONT_AWD_0003_9700_N0001915G0026_9700/,2023-12-07 08:29:47+00
CONT_AWD_0003_9700_W58RGZ14D0111_9700,0003,9700,DEPT OF DEFENSE,W58RGZ14D0111,,,,,,1074980.86,,1074980.86,1074980.86,2016-09-08,2016,2021-09-22,2021,2016-09-08,2017-09-07,2017-09-07 00:00:00,,,097,Department of Defense,2100,Department of the Army,W58RGZ,W6QK ACC-RSA,097,Department of Defense,2100,Department of the Army,W81UHH,W6DQ 01 PEO AVN,,,,,X,NOT APPLICABLE,,,WNFAAJU8F1X1,,NORTHROP GRUMMAN SYSTEMS CORPORATION,NORTHROP GRUMMAN SYSTEMS CORPORATION,,0W6H8,NKVZLJL93QT6,,NORTHROP GRUMMAN CORPORATION,NORTHROP GRUMMAN SYSTEMS CORPORATION,USA,UNITED STATES,4067 ENTERPRISE WAY,,SIERRA VISTA,04003,COCHISE,04,AZ,ARIZONA,856352273,AZ-02,AZ-06,7037134096,,USA,UNITED STATES,SIERRA VISTA,04003,COCHISE,04,AZ,ARIZONA,856352273,AZ-02,AZ-06,AWARD,C,DELIVERY ORDER,,,,,,,U,COST PLUS FIXED FEE,ENGINEERING SERVICES MEMORANDUM (ESM) 003 - HUNTER UAS COPPERHEAD PAYLOAD INTEGRATION.,,1,,,1550,UNMANNED AIRCRAFT,D,NOT A BUNDLED REQUIREMENT,S1,SERVICES,336411,AIRCRAFT MANUFACTURING,C,NO CLAUSES INCLUDED AND NO SUSTAINABILITY INCLUDED,A,U.S. OWNED BUSINESS,000,NONE,Z,NOT IT PRODUCTS OR SERVICES,E,NOT REQUIRED,USA,UNITED STATES,D,MFG IN U.S.,,,C,NOT COMPETED,SSS,ONLY ONE SOURCE,,,NONE,NO PREFERENCE USED,,,,,ONE,ONLY ONE SOURCE-OTHER (FAR 6.302-1 OTHER),,D,COMMERCIAL ITEM PROCEDURES NOT USED,f,N,NO,N,NO,Y,YES,N,NO,,N,NO,N,NO,N,NO,N,NO,X,NOT APPLICABLE,,,B,IDC,S,SINGLE AWARD,,NONE,NONE,Y,YES,,,Y,TRANSACTION USES GFE/GFP,N,NO,N,NO,X,NOT APPLICABLE,N,NO,Z,NOT APPLICABLE,N,NO,X,NOT APPLICABLE,f,f,f,f,f,f,f,f,f,f,f,f,f,f,f,f,f,f,f,OTHER THAN SMALL BUSINESS,O,f,f,f,f,f,f,f,f,f,f,f,f,f,f,f,f,f,CORPORATE NOT TAX EXEMPT,t,f,f,f,f,f,f,f,f,f,f,f,f,f,f,f,f,t,f,f,f,f,f,f,f,f,f,f,t,f,f,f,f,f,f,f,f,f,f,f,f,f,f,f,f,f,f,f,f,f,,,,,,,,,,,https://www.usaspending.gov/award/CONT_AWD_0003_9700_W58RGZ14D0111_9700/,2025-04-24 10:59:59+00
CONT_AWD_0004_9700_W58RGZ14D0111_9700,0004,9700,DEPT OF DEFENSE,W58RGZ14D0111,,,,,,1251901.67,,1251901.67,1251901.67,2016-09-08,2016,2021-08-23,2021,2016-09-08,2020-05-15,2020-05-15 12:05:00,,,097,Department of Defense,2100,Department of the Army,W58RGZ,W6QK ACC-RSA,097,Department of Defense,2100,Department of the Army,W81UHH,W6DQ 01 PEO AVN,,,,,X,NOT APPLICABLE,,,WNFAAJU8F1X1,926741406,NORTHROP GRUMMAN SYSTEMS CORPORATION,NORTHROP GRUMMAN SYSTEMS CORPORATION,,0W6H8,NKVZLJL93QT6,967356127,NORTHROP GRUMMAN CORPORATION,NORTHROP GRUMMAN SYSTEMS CORPORATION,USA,UNITED STATES,4067 ENTERPRISE WAY,,SIERRA VISTA,04003,COCHISE,04,AZ,ARIZONA,856352273,AZ-02,AZ-06,7037134096,,USA,UNITED STATES,SIERRA VISTA,04003,COCHISE,04,AZ,ARIZONA,856352273,AZ-02,AZ-06,AWARD,C,DELIVERY ORDER,,,,,,,U,COST PLUS FIXED FEE,ENGINEERING SERVICES MEMORANDUM (ESM) 004 - DUAL BAND SIGINT INTEGRATION AND CAPABILITY EXPANSION.,,1,,,1550,UNMANNED AIRCRAFT,D,NOT A BUNDLED REQUIREMENT,S1,SERVICES,336411,AIRCRAFT MANUFACTURING,C,NO CLAUSES INCLUDED AND NO SUSTAINABILITY INCLUDED,A,U.S. OWNED BUSINESS,000,NONE,Z,NOT IT PRODUCTS OR SERVICES,E,NOT REQUIRED,USA,UNITED STATES,D,MFG IN U.S.,,,C,NOT COMPETED,SSS,ONLY ONE SOURCE,,,NONE,NO PREFERENCE USED,,,,,ONE,ONLY ONE SOURCE-OTHER (FAR 6.302-1 OTHER),,D,COMMERCIAL ITEM PROCEDURES NOT USED,f,N,NO,N,NO,Y,YES,N,NO,,N,NO,N,NO,N,NO,N,NO,X,NOT APPLICABLE,,,B,IDC,S,SINGLE AWARD,,NONE,NONE,Y,YES,,,Y,TRANSACTION USES GFE/GFP,N,NO,N,NO,X,NOT APPLICABLE,N,NO,Z,NOT APPLICABLE,N,NO,X,NOT APPLICABLE,f,f,f,f,f,f,f,f,f,f,f,f,f,f,f,f,f,f,f,OTHER THAN SMALL BUSINESS,O,f,f,f,f,f,f,f,f,f,f,f,f,f,f,f,f,f,CORPORATE NOT TAX EXEMPT,t,f,f,f,f,f,f,f,f,f,f,f,f,f,f,f,f,t,f,f,f,f,f,f,f,f,f,f,t,f,f,f,f,f,f,f,f,f,f,f,f,f,f,f,f,f,f,f,f,f,,,,,,,,,,,https://www.usaspending.gov/award/CONT_AWD_0004_9700_W58RGZ14D0111_9700/,2021-08-23 11:46:49+00
CONT_AWD_0005_9700_FA920110D0345_9700,0005,9700,DEPT OF DEFENSE,FA920110D0345,,,,,,403566.81,,403196.81,811707.71,2012-07-12,2012,2019-12-11,2020,2012-07-12,2016-03-29,2016-03-29 00:00:00,,,097,Department of Defense,9763,Defense Contract Management Agency,S1002A,DCMA SOUTHEAST,097,Department of Defense,5700,Department of the Air Force,FA9201,FA9201  AAC PKET,,,,,X,NOT APPLICABLE,,,ZNMULCE7MGK2,006468131,ANYAR INC.,ANYAR INC,,3ZFJ4,ZNMULCE7MGK2,006468131,ANYAR INC.,ANYAR INC,USA,UNITED STATES,1169 JOHN SIMS PKWY E,,NICEVILLE,12091,OKALOOSA,12,FL,FLORIDA,325782752,FL-01,FL-01,8506781581,8506783261,USA,UNITED STATES,FORT WALTON BEACH,12091,OKALOOSA,12,FL,FLORIDA,325471379,FL-01,FL-01,AWARD,C,DELIVERY ORDER,,,,,,,U,COST PLUS FIXED FEE,SUAVES DELIVERY ORDER 0005,,1,,,1550,UNMANNED AIRCRAFT,D,NOT A BUNDLED REQUIREMENT,C9E,ALL OTHERS NOT IDENTIFIABLE TO ANY OTHER PROCUREMENT PROGRAM,541712,"RESEARCH AND DEVELOPMENT IN THE PHYSICAL, ENGINEERING, AND LIFE SCIENCES (EXCEPT BIOTECHNOLOGY)",C,NO CLAUSES INCLUDED AND NO SUSTAINABILITY INCLUDED,A,U.S. OWNED BUSINESS,000,NONE,Z,NOT IT PRODUCTS OR SERVICES,E,NOT REQUIRED,USA,UNITED STATES,D,MFG IN U.S.,,,B,NOT AVAILABLE FOR COMPETITION,SSS,ONLY ONE SOURCE,,,NONE,NO PREFERENCE USED,,,,,OTH,AUTHORIZED BY STATUTE (FAR 6.302-5(A)(2)(I)),,D,COMMERCIAL ITEM PROCEDURES NOT USED,f,N,NO,N,NO,X,NOT APPLICABLE,N,NO,,N,NO,Y,YES,X,NOT APPLICABLE,X,NOT APPLICABLE,X,NOT APPLICABLE,,,B,IDC,S,SINGLE AWARD,,NONE,NONE,N,NO,,,N,TRANSACTION DOES NOT USE GFE/GFP,U,UNKNOWN,N,NO,X,NOT APPLICABLE,N,NO,Z,NOT APPLICABLE,N,NO,X,NOT APPLICABLE,f,f,f,f,f,f,f,t,f,f,f,f,t,f,f,t,f,f,f,SMALL BUSINESS,S,f,f,f,f,f,f,f,f,f,f,f,f,f,f,f,f,f,CORPORATE NOT TAX EXEMPT,t,f,f,f,f,f,f,f,f,f,f,f,f,f,f,f,f,t,f,f,f,f,f,f,f,f,f,f,t,f,f,f,f,f,f,f,f,f,f,f,f,f,f,f,f,f,t,t,f,f,,,,,,,,,,,https://www.usaspending.gov/award/CONT_AWD_0005_9700_FA920110D0345_9700/,2019-12-11 08:49:35+00
CONT_AWD_0005_9700_W58RGZ14D0111_9700,0005,9700,DEPT OF DEFENSE,W58RGZ14D0111,,,,,,6750192.12,,6750192.12,6750192.12,2016-09-26,2016,2021-09-08,2021,2016-09-26,2018-09-25,2018-09-25 12:09:00,,,097,Department of Defense,2100,Department of the Army,W58RGZ,W6QK ACC-RSA,097,Department of Defense,2100,Department of the Army,W81UHH,W6DQ 01 PEO AVN,,,,,X,NOT APPLICABLE,,,WNFAAJU8F1X1,926741406,NORTHROP GRUMMAN SYSTEMS CORPORATION,NORTHROP GRUMMAN SYSTEMS CORPORATION,,0W6H8,NKVZLJL93QT6,967356127,NORTHROP GRUMMAN CORPORATION,NORTHROP GRUMMAN SYSTEMS CORPORATION,USA,UNITED STATES,4067 ENTERPRISE WAY,,SIERRA VISTA,04003,COCHISE,04,AZ,ARIZONA,856352273,AZ-02,AZ-06,7037134096,,USA,UNITED STATES,SIERRA VISTA,04003,COCHISE,04,AZ,ARIZONA,856352273,AZ-02,AZ-06,AWARD,C,DELIVERY ORDER,,,,,,,U,COST PLUS FIXED FEE,ENGINEERING SERVICES MEMORANDUM (ESM) 005 - HD PAYLOAD INTEGRATION&TESTING.,,1,,,1550,UNMANNED AIRCRAFT,D,NOT A BUNDLED REQUIREMENT,S1,SERVICES,336411,AIRCRAFT MANUFACTURING,C,NO CLAUSES INCLUDED AND NO SUSTAINABILITY INCLUDED,A,U.S. OWNED BUSINESS,000,NONE,Z,NOT IT PRODUCTS OR SERVICES,E,NOT REQUIRED,USA,UNITED STATES,D,MFG IN U.S.,,,C,NOT COMPETED,SSS,ONLY ONE SOURCE,,,NONE,NO PREFERENCE USED,,,,,ONE,ONLY ONE SOURCE-OTHER (FAR 6.302-1 OTHER),,D,COMMERCIAL ITEM PROCEDURES NOT USED,f,N,NO,N,NO,Y,YES,N,NO,,N,NO,N,NO,N,NO,N,NO,X,NOT APPLICABLE,,,B,IDC,S,SINGLE AWARD,,NONE,NONE,Y,YES,,,Y,TRANSACTION USES GFE/GFP,N,NO,N,NO,X,NOT APPLICABLE,N,NO,Z,NOT APPLICABLE,N,NO,X,NOT APPLICABLE,f,f,f,f,f,f,f,f,f,f,f,f,f,f,f,f,f,f,f,OTHER THAN SMALL BUSINESS,O,f,f,f,f,f,f,f,f,f,f,f,f,f,f,f,f,f,CORPORATE NOT TAX EXEMPT,t,f,f,f,f,f,f,f,f,f,f,f,f,f,f,f,f,t,f,f,f,f,f,f,f,f,f,f,t,f,f,f,f,f,f,f,f,f,f,f,f,f,f,f,f,f,f,f,f,f,,,,,,,,,,,https://www.usaspending.gov/award/CONT_AWD_0005_9700_W58RGZ14D0111_9700/,2021-09-08 17:17:00+00
CONT_AWD_0006_9700_FA862015G4040_9700,0006,9700,DEPT OF DEFENSE,FA862015G4040,,,,,,26572104.00,,31508100.00,31508100.00,2016-07-20,2016,2022-02-10,2022,2016-07-20,2018-06-27,2018-06-27 00:00:00,,,097,Department of Defense,5700,Department of the Air Force,FA8620,FA8620  AFLCMC WIJK    BIG SAFARI,097,Department of Defense,5700,Department of the Air Force,F4FDAC,F4FDAC AFLCMC MAUS DIVISION WII,,,,,X,NOT APPLICABLE,,,ZH4NVFG3Z526,,"GENERAL ATOMICS AERONAUTICAL SYSTEMS, INC.","GENERAL ATOMICS AERONAUTICAL SYSTEMS, INC.",,0YJB5,YX6EL4J1WLP9,,GENERAL ATOMICS,GENERAL ATOMICS AERONAUTICAL SYSTEMS  INC.,USA,UNITED STATES,14200 KIRKHAM WAY,,POWAY,06073,SAN DIEGO,06,CA,CALIFORNIA,920647103,CA-52,CA-48,8585256451,8583122920,USA,UNITED STATES,POWAY,06073,SAN DIEGO,06,CA,CALIFORNIA,920647103,CA-52,CA-48,AWARD,C,DELIVERY ORDER,,,,,,,J,FIRM FIXED PRICE,BLOCK 25/30 GCS PRODUCTION UCA ISSUANCE,,1,,,1550,UNMANNED AIRCRAFT,D,NOT A BUNDLED REQUIREMENT,A1C,OTHER AIRCRAFT EQUIPMENT,336411,AIRCRAFT MANUFACTURING,C,NO CLAUSES INCLUDED AND NO SUSTAINABILITY INCLUDED,A,U.S. OWNED BUSINESS,424,MQ-9 REAPER,Z,NOT IT PRODUCTS OR SERVICES,E,NOT REQUIRED,USA,UNITED STATES,D,MFG IN U.S.,,,C,NOT COMPETED,SSS,ONLY ONE SOURCE,NONE,NO SET ASIDE USED.,NONE,NO PREFERENCE USED,,,,,ONE,ONLY ONE SOURCE-OTHER (FAR 6.302-1 OTHER),1,D,COMMERCIAL ITEM PROCEDURES NOT USED,f,,,N,NO,,,N,NO,0.00,N,NO,X,NOT APPLICABLE,X,NOT APPLICABLE,X,NOT APPLICABLE,X,NOT APPLICABLE,,,D,BOA,S,SINGLE AWARD,,NONE,NONE,Y,YES,,,Y,TRANSACTION USES GFE/GFP,U,UNKNOWN,N,NO,X,NOT APPLICABLE,,,A,FAR 52.232-16 PROGRESS PAYMENTS,N,NO,X,NOT APPLICABLE,f,f,f,f,f,f,f,f,f,f,f,f,f,f,f,f,f,f,f,OTHER THAN SMALL BUSINESS,O,f,f,f,f,f,f,f,f,f,f,f,f,f,f,f,f,f,CORPORATE NOT TAX EXEMPT,t,f,f,f,f,f,f,f,f,f,f,f,t,f,f,f,f,t,f,f,f,f,f,f,f,f,f,f,t,f,f,f,f,f,f,f,f,f,f,f,f,f,f,f,f,f,f,f,f,f,LINDEN P BLUE,2895083.00,JAMES N BLUE,2711455.00,DAVID R ALEXANDER,2193634.00,BARTON B ROPER,1018876.00,ELIAHU  YEHEZKEL,937199.00,https://www.usaspending.gov/award/CONT_AWD_0006_9700_FA862015G4040_9700/,2022-02-28 15:18:00+00
CONT_AWD_0006_9700_N0001911D0012_9700,0006,9700,DEPT OF DEFENSE,N0001911D0012,,,,,,1667239.87,,1667239.87,1667239.87,2012-03-29,2012,2024-05-20,2024,2012-03-09,2012-09-28,2012-09-28 00:00:00,,,097,Department of Defense,1700,Department of the Navy,N00019,NAVAL AIR SYSTEMS COMMAND,097,Department of Defense,1700,Department of the Navy,N00019,NAVAL AIR SYSTEMS COMMAND,,,,,X,NOT APPLICABLE,,,QXMUHJ7XTF89,,"INSITU, INC.","INSITU, INC.",,02FP7,NU2UC8MX6NK1,,THE BOEING COMPANY,THE BOEING COMPANY,USA,UNITED STATES,118 E COLUMBIA RIVER WAY,,BINGEN,53039,KLICKITAT,53,WA,WASHINGTON,986059086,WA-04,WA-04,5094936520,5094931032,USA,UNITED STATES,BINGEN,53039,KLICKITAT,53,WA,WASHINGTON,986059086,WA-04,WA-04,AWARD,C,DELIVERY ORDER,,,,,,,J,FIRM FIXED PRICE,PURCHASE OF SCAN EAGLE HARDWARE AND SERVICES FOR FMS,,1,,,1550,UNMANNED AIRCRAFT,D,NOT A BUNDLED REQUIREMENT,A1A,AIRFRAMES AND SPARES,336411,AIRCRAFT MANUFACTURING,C,NO CLAUSES INCLUDED AND NO SUSTAINABILITY INCLUDED,A,U.S. OWNED BUSINESS,000,NONE,Z,NOT IT PRODUCTS OR SERVICES,E,NOT REQUIRED,USA,UNITED STATES,D,MFG IN U.S.,,,C,NOT COMPETED,SSS,ONLY ONE SOURCE,,,NONE,NO PREFERENCE USED,,,,,URG,URGENCY (FAR 6.302-2),,D,COMMERCIAL PRODUCTS/SERVICES PROCEDURES NOT USED,f,N,NO,N,NO,X,NOT APPLICABLE,N,NO,,N,NO,Y,YES,X,NOT APPLICABLE,X,NOT APPLICABLE,X,NOT APPLICABLE,,,B,IDC,S,SINGLE AWARD,,,,Y,YES,,,N,TRANSACTION DOES NOT USE GFE/GFP,N,NO,N,NO,X,NOT APPLICABLE,N,NO,D,UNUSUAL PROGRESS PAYMENTS OR ADVANCE PAYMENTS,N,NO,X,NOT APPLICABLE,f,f,f,f,f,f,f,f,f,f,f,f,f,f,f,f,f,f,f,OTHER THAN SMALL BUSINESS,O,f,f,f,f,f,f,f,f,f,f,f,f,f,f,f,f,f,CORPORATE NOT TAX EXEMPT,t,f,f,f,f,f,f,f,f,f,f,f,t,f,f,t,f,f,f,f,f,f,f,f,f,f,f,f,t,f,f,f,f,f,f,f,f,f,f,f,f,f,f,f,f,f,f,f,f,f,,,,,,,,,,,https://www.usaspending.gov/award/CONT_AWD_0006_9700_N0001911D0012_9700/,2024-05-20 10:15:42+00
CONT_AWD_0007_9700_FA862015G4040_9700,0007,9700,DEPT OF DEFENSE,FA862015G4040,,,,,,394694282.13,,304281461.02,304393009.84,2016-08-11,2016,2021-09-14,2021,2016-08-15,2019-12-31,2019-12-31 00:00:00,,,097,Department of Defense,5700,Department of the Air Force,FA8689,FA8689  AFLCMC WIIK        UAS,097,Department of Defense,5700,Department of the Air Force,F4FDAC,F4FDAC AFLCMC MAUS DIVISION WII,,,,,X,NOT APPLICABLE,,,ZH4NVFG3Z526,824684229,"GENERAL ATOMICS AERONAUTICAL SYSTEMS, INC.","GENERAL ATOMICS AERONAUTICAL SYSTEMS, INC.",,0YJB5,YX6EL4J1WLP9,859181984,GENERAL ATOMICS,GENERAL ATOMICS AERONAUTICAL SYSTEMS  INC.,USA,UNITED STATES,14200 KIRKHAM WAY,,POWAY,06073,SAN DIEGO,06,CA,CALIFORNIA,920647103,CA-52,CA-48,8585256451,8583122920,USA,UNITED STATES,POWAY,06073,SAN DIEGO,06,CA,CALIFORNIA,920647103,CA-52,CA-48,AWARD,C,DELIVERY ORDER,,,,,,,L,FIXED PRICE INCENTIVE,"ACAT 1C, MQ-9, FY15 MQ-9 PRODUCTION",,1,,,1550,UNMANNED AIRCRAFT,D,NOT A BUNDLED REQUIREMENT,A1A,AIRFRAMES AND SPARES,336411,AIRCRAFT MANUFACTURING,C,NO CLAUSES INCLUDED AND NO SUSTAINABILITY INCLUDED,A,U.S. OWNED BUSINESS,424,MQ-9 REAPER,Z,NOT IT PRODUCTS OR SERVICES,E,NOT REQUIRED,USA,UNITED STATES,D,MFG IN U.S.,,,C,NOT COMPETED,SSS,ONLY ONE SOURCE,NONE,NO SET ASIDE USED.,NONE,NO PREFERENCE USED,,,,,FOC,FOLLOW-ON CONTRACT (FAR 6.302-1(A)(2)(II/III)),1,D,COMMERCIAL ITEM PROCEDURES NOT USED,f,,,N,NO,,,N,NO,,N,NO,X,NOT APPLICABLE,X,NOT APPLICABLE,X,NOT APPLICABLE,X,NOT APPLICABLE,,,D,BOA,S,SINGLE AWARD,,NONE,NONE,Y,YES,,,N,TRANSACTION DOES NOT USE GFE/GFP,U,UNKNOWN,N,NO,X,NOT APPLICABLE,,,A,FAR 52.232-16 PROGRESS PAYMENTS,N,NO,X,NOT APPLICABLE,f,f,f,f,f,f,f,f,f,f,f,f,f,f,f,f,f,f,f,OTHER THAN SMALL BUSINESS,O,f,f,f,f,f,f,f,f,f,f,f,f,f,f,f,f,f,CORPORATE NOT TAX EXEMPT,t,f,f,f,f,f,f,f,f,f,f,f,t,f,f,f,f,t,f,f,f,f,f,f,f,f,f,f,t,f,f,f,f,f,f,f,f,f,f,f,f,f,f,f,f,f,f,f,f,f,LINDEN P BLUE,2433022.00,JAMES N BLUE,2276657.00,DAVID R ALEXANDER,1955403.00,BARTON B ROPER,956408.00,ELIAHU  YEHEZKEL,928770.00,https://www.usaspending.gov/award/CONT_AWD_0007_9700_FA862015G4040_9700/,2021-09-14 12:39:49+00
CONT_AWD_0009_9700_N6833511G0009_9700,0009,9700,DEPT OF DEFENSE,N6833511G0009,,,,,,10315169.91,,10315169.91,10315169.91,2015-09-29,2015,2023-11-29,2024,2015-09-30,2018-01-31,2018-01-31 00:00:00,,,097,Department of Defense,9763,Defense Contract Management Agency,S4801A,DCMA SEATTLE,097,Department of Defense,1700,Department of the Navy,N68335,NAVAIR WARFARE CTR AIRCRAFT DIV,,,,,X,NOT APPLICABLE,,,QXMUHJ7XTF89,,"INSITU, INC.","INSITU, INC.",,02FP7,NU2UC8MX6NK1,,THE BOEING COMPANY,THE BOEING COMPANY,USA,UNITED STATES,118 E COLUMBIA RIVER WAY,,BINGEN,53039,KLICKITAT,53,WA,WASHINGTON,986059086,WA-04,WA-04,5094936520,5094931032,USA,UNITED STATES,BINGEN,53039,KLICKITAT,53,WA,WASHINGTON,986059086,WA-04,WA-04,AWARD,C,DELIVERY ORDER,,,,,,,J,FIRM FIXED PRICE,SCANEAGLE UAV,,1,,,1550,UNMANNED AIRCRAFT,D,NOT A BUNDLED REQUIREMENT,C9E,ALL OTHERS NOT IDENTIFIABLE TO ANY OTHER PROCUREMENT PROGRAM,541712,"RESEARCH AND DEVELOPMENT IN THE PHYSICAL, ENGINEERING, AND LIFE SCIENCES (EXCEPT BIOTECHNOLOGY)",C,NO CLAUSES INCLUDED AND NO SUSTAINABILITY INCLUDED,A,U.S. OWNED BUSINESS,000,NONE,Z,NOT IT PRODUCTS OR SERVICES,A,MEETS REQUIREMENTS,USA,UNITED STATES,D,MFG IN U.S.,,,B,NOT AVAILABLE FOR COMPETITION,SSS,ONLY ONE SOURCE,NONE,NO SET ASIDE USED.,NONE,NO PREFERENCE USED,,,,,IA,INTERNATIONAL AGREEMENT (FAR 6.302-4),1,D,COMMERCIAL PRODUCTS/SERVICES PROCEDURES NOT USED,f,,,N,NO,X,NOT APPLICABLE,N,NO,,N,NO,Y,YES,X,NOT APPLICABLE,N,NO,X,NOT APPLICABLE,,,D,BOA,S,SINGLE AWARD,,NONE,NONE,Y,YES,,,N,TRANSACTION DOES NOT USE GFE/GFP,U,UNKNOWN,N,NO,X,NOT APPLICABLE,,,Z,NOT APPLICABLE,N,NO,X,NOT APPLICABLE,f,f,f,f,f,f,f,f,f,f,f,f,f,f,f,f,f,f,f,OTHER THAN SMALL BUSINESS,O,f,f,f,f,f,f,f,f,f,f,f,f,f,f,f,f,f,CORPORATE NOT TAX EXEMPT,t,f,f,f,f,f,f,f,f,f,f,f,t,f,f,t,f,f,f,f,f,f,f,f,f,f,f,f,t,f,f,f,f,f,f,f,f,f,f,f,f,f,f,f,f,f,f,f,f,f,,,,,,,,,,,https://www.usaspending.gov/award/CONT_AWD_0009_9700_N6833511G0009_9700/,2023-11-29 18:55:02+00
CONT_AWD_0010_9700_N0001915G0014_9700,0010,9700,DEPT OF DEFENSE,N0001915G0014,,,,,,0.00,,0.00,0.00,2017-02-14,2017,2020-12-16,2021,2017-02-07,2020-12-14,2020-12-14 00:00:00,,,097,Department of Defense,1700,Department of the Navy,N00019,NAVAL AIR SYSTEMS COMMAND,097,Department of Defense,1700,Department of the Navy,N00019,NAVAL AIR SYSTEMS COMMAND,,,,,X,NOT APPLICABLE,,,QXMUHJ7XTF89,878164086,"INSITU, INC.","INSITU, INC.",,02FP7,NU2UC8MX6NK1,009256819,THE BOEING COMPANY,THE BOEING COMPANY,USA,UNITED STATES,118 E COLUMBIA RIVER WAY,,BINGEN,53039,KLICKITAT,53,WA,WASHINGTON,986059086,WA-03,WA-04,4808911045,4258654452,USA,UNITED STATES,BINGEN,53039,KLICKITAT,53,WA,WASHINGTON,986059086,WA-03,WA-04,AWARD,C,DELIVERY ORDER,,,,,,,J,FIRM FIXED PRICE,DELIVERY ORDER FOR THE PROCUREMENT OF ONE (1) AIR VEHICLE INSPECTION (AV 1020).,,1,,,1550,UNMANNED AIRCRAFT,H,NOT BUNDLED,A1A,AIRFRAMES AND SPARES,336411,AIRCRAFT MANUFACTURING,C,NO CLAUSES INCLUDED AND NO SUSTAINABILITY INCLUDED,A,U.S. OWNED BUSINESS,000,NONE,Z,NOT IT PRODUCTS OR SERVICES,A,MEETS REQUIREMENTS,USA,UNITED STATES,D,MFG IN U.S.,F,INDIVIDUAL SUBCONTRACT PLAN,C,NOT COMPETED,SSS,ONLY ONE SOURCE,NONE,NO SET ASIDE USED.,NONE,NO PREFERENCE USED,,,,,ONE,ONLY ONE SOURCE-OTHER (FAR 6.302-1 OTHER),,D,COMMERCIAL ITEM PROCEDURES NOT USED,f,,,N,NO,,,N,NO,,Y,YES,Y,YES,N,NO,N,NO,X,NOT APPLICABLE,,,D,BOA,S,SINGLE AWARD,,NONE,NONE,N,NO,,,Y,TRANSACTION USES GFE/GFP,U,UNKNOWN,N,NO,X,NOT APPLICABLE,,,Z,NOT APPLICABLE,N,NO,X,NOT APPLICABLE,f,f,f,f,f,f,f,f,f,f,f,f,f,f,f,f,f,f,f,OTHER THAN SMALL BUSINESS,O,f,f,f,f,f,f,f,f,f,f,f,f,f,f,f,f,f,CORPORATE NOT TAX EXEMPT,t,f,f,f,f,f,f,f,f,f,f,f,t,f,f,f,f,t,f,f,f,f,f,f,f,f,f,f,t,f,f,f,f,f,f,f,f,f,f,f,f,f,f,f,f,f,f,f,f,f,,,,,,,,,,,https://www.usaspending.gov/award/CONT_AWD_0010_9700_N0001915G0014_9700/,2021-02-17 10:18:24+00
CONT_AWD_0011_9700_N6833511G0009_9700,0011,9700,DEPT OF DEFENSE,N6833511G0009,,,,,,67998059.70,,67998061.93,67998061.93,2015-11-25,2016,2022-07-11,2022,2015-11-25,2018-06-30,2018-06-30 00:00:00,,,097,Department of Defense,9763,Defense Contract Management Agency,S0507A,DCMA MOUNTAIN PACIFIC (STOCKTON),097,Department of Defense,1700,Department of the Navy,N68335,NAVAIR WARFARE CTR AIRCRAFT DIV,,,,,B,FOREIGN FUNDS NON-FMS,,,QXMUHJ7XTF89,,"INSITU, INC.","INSITU, INC.",,02FP7,NU2UC8MX6NK1,,THE BOEING COMPANY,THE BOEING COMPANY,USA,UNITED STATES,118 E COLUMBIA RIVER WAY,,BINGEN,53039,KLICKITAT,53,WA,WASHINGTON,986059086,WA-03,WA-04,5094936520,5094931032,USA,UNITED STATES,BINGEN,53039,KLICKITAT,53,WA,WASHINGTON,986059086,WA-03,WA-04,AWARD,C,DELIVERY ORDER,,,,,,,J,FIRM FIXED PRICE,IGF::OT::IGF  SCANEAGLE UAV'S,,1,CL,CLOSELY ASSOCIATED,1550,UNMANNED AIRCRAFT,D,NOT A BUNDLED REQUIREMENT,C9E,ALL OTHERS NOT IDENTIFIABLE TO ANY OTHER PROCUREMENT PROGRAM,541712,"RESEARCH AND DEVELOPMENT IN THE PHYSICAL, ENGINEERING, AND LIFE SCIENCES (EXCEPT BIOTECHNOLOGY)",C,NO CLAUSES INCLUDED AND NO SUSTAINABILITY INCLUDED,A,U.S. OWNED BUSINESS,000,NONE,Z,NOT IT PRODUCTS OR SERVICES,A,MEETS REQUIREMENTS,USA,UNITED STATES,D,MFG IN U.S.,,,B,NOT AVAILABLE FOR COMPETITION,SSS,ONLY ONE SOURCE,NONE,NO SET ASIDE USED.,NONE,NO PREFERENCE USED,SR3,SMALL BUSINESS INNOVATION RESEARCH PROGRAM PHASE III ACTION,,,OTH,AUTHORIZED BY STATUTE (FAR 6.302-5(A)(2)(I)),1,D,COMMERCIAL PRODUCTS/SERVICES PROCEDURES NOT USED,f,,,N,NO,N,NO,N,NO,,N,NO,Y,YES,X,NOT APPLICABLE,N,NO,X,NOT APPLICABLE,,,D,BOA,S,SINGLE AWARD,,NONE,NONE,N,NO,,,N,TRANSACTION DOES NOT USE GFE/GFP,U,UNKNOWN,N,NO,X,NOT APPLICABLE,,,A,FAR 52.232-16 PROGRESS PAYMENTS,N,NO,X,NOT APPLICABLE,f,f,f,f,f,f,f,f,f,f,f,f,f,f,f,f,f,f,f,OTHER THAN SMALL BUSINESS,O,f,f,f,f,f,f,f,f,f,f,f,f,f,f,f,f,f,CORPORATE NOT TAX EXEMPT,t,f,f,f,f,f,f,f,f,f,f,f,t,f,f,t,f,f,f,f,f,f,f,f,f,f,f,f,t,f,f,f,f,f,f,f,f,f,f,f,f,f,f,f,f,f,f,f,f,f,,,,,,,,,,,https://www.usaspending.gov/award/CONT_AWD_0011_9700_N6833511G0009_9700/,2022-07-11 17:53:55+00
CONT_AWD_0013_9700_FA862010G3038_9700,0013,9700,DEPT OF DEFENSE,FA862010G3038,,,,,,84319404.01,,67872421.76,67872421.76,2012-08-17,2012,2021-02-24,2021,2012-08-17,2018-07-31,2018-07-31 00:00:00,,,097,Department of Defense,5700,Department of the Air Force,FA8620,FA8620  AFLCMC WIJK    BIG SAFARI,097,Department of Defense,5700,Department of the Air Force,F4FDAC,F4FDAC AFLCMC MAUS DIVISION WII,,,,,X,NOT APPLICABLE,,,ZH4NVFG3Z526,,"GENERAL ATOMICS AERONAUTICAL SYSTEMS, INC.","GENERAL ATOMICS AERONAUTICAL SYSTEMS, INC.",,0YJB5,YX6EL4J1WLP9,,GENERAL ATOMICS,GENERAL ATOMICS AERONAUTICAL SYSTEMS  INC.,USA,UNITED STATES,14200 KIRKHAM WAY,,POWAY,06073,SAN DIEGO,06,CA,CALIFORNIA,920647103,CA-52,CA-48,8583124309,8583122920,USA,UNITED STATES,POWAY,06073,SAN DIEGO,06,CA,CALIFORNIA,920647103,CA-52,CA-48,AWARD,C,DELIVERY ORDER,,,,,,,J,FIRM FIXED PRICE,MQ-9 FY10/11 RETROFIT,,1,,,1550,UNMANNED AIRCRAFT,D,NOT A BUNDLED REQUIREMENT,A1C,OTHER AIRCRAFT EQUIPMENT,336411,AIRCRAFT MANUFACTURING,C,NO CLAUSES INCLUDED AND NO SUSTAINABILITY INCLUDED,A,U.S. OWNED BUSINESS,000,NONE,Z,NOT IT PRODUCTS OR SERVICES,E,NOT REQUIRED,USA,UNITED STATES,D,MFG IN U.S.,,,C,NOT COMPETED,SSS,ONLY ONE SOURCE,NONE,NO SET ASIDE USED.,NONE,NO PREFERENCE USED,,,,,ONE,ONLY ONE SOURCE-OTHER (FAR 6.302-1 OTHER),1,D,COMMERCIAL ITEM PROCEDURES NOT USED,f,,,N,NO,X,NOT APPLICABLE,N,NO,,N,NO,X,NOT APPLICABLE,Y,YES,X,NOT APPLICABLE,X,NOT APPLICABLE,,,D,BOA,S,SINGLE AWARD,,NONE,NONE,Y,YES,,,N,TRANSACTION DOES NOT USE GFE/GFP,U,UNKNOWN,N,NO,X,NOT APPLICABLE,,,A,FAR 52.232-16 PROGRESS PAYMENTS,N,NO,X,NOT APPLICABLE,f,f,f,f,f,f,f,f,f,f,f,f,f,f,f,f,f,f,f,OTHER THAN SMALL BUSINESS,O,f,f,f,f,f,f,f,f,f,f,f,f,f,f,f,f,f,CORPORATE NOT TAX EXEMPT,t,f,f,f,f,f,f,f,f,f,f,f,t,f,f,t,f,f,f,f,f,f,f,f,f,f,f,f,t,f,f,f,f,f,f,f,f,f,f,f,f,f,f,f,f,f,f,f,f,f,LINDEN P BLUE,2895083.00,JAMES N BLUE,2711455.00,DAVID R ALEXANDER,2193634.00,BARTON B ROPER,1018876.00,ELIAHU  YEHEZKEL,937199.00,https://www.usaspending.gov/award/CONT_AWD_0013_9700_FA862010G3038_9700/,2022-04-14 22:57:35+00
CONT_AWD_0014_9700_FA862015G4040_9700,0014,9700,DEPT OF DEFENSE,FA862015G4040,,,,,,32053672.72,,32907551.59,32907551.59,2016-01-22,2016,2022-06-07,2022,2016-01-22,2018-02-03,2021-03-30 00:00:00,,,097,Department of Defense,9763,Defense Contract Management Agency,S0303A,DCMA SPECIAL PRGMS UNMANNED SYSTEMS,097,Department of Defense,5700,Department of the Air Force,F4FDAC,F4FDAC AFLCMC MAUS DIVISION WII,,,,,X,NOT APPLICABLE,,,ZH4NVFG3Z526,,"GENERAL ATOMICS AERONAUTICAL SYSTEMS, INC.","GENERAL ATOMICS AERONAUTICAL SYSTEMS, INC.",,0YJB5,YX6EL4J1WLP9,,GENERAL ATOMICS,GENERAL ATOMIC TECHNOLOGIES CORPORATION,USA,UNITED STATES,14200 KIRKHAM WAY,,POWAY,06073,SAN DIEGO,06,CA,CALIFORNIA,920647103,CA-52,CA-48,8585256451,8583122920,USA,UNITED STATES,POWAY,06073,SAN DIEGO,06,CA,CALIFORNIA,920647103,CA-52,CA-48,AWARD,C,DELIVERY ORDER,,,,,,,U,COST PLUS FIXED FEE,MALET LOH SOFTWARE LINE,,1,CT,CRITICAL FUNCTIONS,1550,UNMANNED AIRCRAFT,D,NOT A BUNDLED REQUIREMENT,A1A,AIRFRAMES AND SPARES,336411,AIRCRAFT MANUFACTURING,C,NO CLAUSES INCLUDED AND NO SUSTAINABILITY INCLUDED,A,U.S. OWNED BUSINESS,000,NONE,Z,NOT IT PRODUCTS OR SERVICES,E,NOT REQUIRED,USA,UNITED STATES,D,MFG IN U.S.,,,C,NOT COMPETED,SSS,ONLY ONE SOURCE,NONE,NO SET ASIDE USED.,NONE,NO PREFERENCE USED,,,,,FOC,FOLLOW-ON CONTRACT (FAR 6.302-1(A)(2)(II/III)),1,D,COMMERCIAL PRODUCTS/SERVICES PROCEDURES NOT USED,f,,,N,NO,,,N,NO,0.00,N,NO,X,NOT APPLICABLE,X,NOT APPLICABLE,X,NOT APPLICABLE,X,NOT APPLICABLE,,,D,BOA,S,SINGLE AWARD,,NONE,NONE,Y,YES,,,N,TRANSACTION DOES NOT USE GFE/GFP,U,UNKNOWN,N,NO,X,NOT APPLICABLE,,,Z,NOT APPLICABLE,N,NO,X,NOT APPLICABLE,f,f,f,f,f,f,f,f,f,f,f,f,f,f,f,f,f,f,f,OTHER THAN SMALL BUSINESS,O,f,f,f,f,f,f,f,f,f,f,f,f,f,f,f,f,f,CORPORATE NOT TAX EXEMPT,t,f,f,f,f,f,f,f,f,f,f,f,t,f,f,f,f,t,f,f,f,f,f,f,f,f,f,f,t,f,f,f,f,f,f,f,f,f,f,f,f,f,f,f,f,f,f,f,f,f,LINDEN P BLUE,2895083.00,JAMES N BLUE,2711455.00,DAVID R ALEXANDER,2193634.00,BARTON B ROPER,1018876.00,ELIAHU  YEHEZKEL,937199.00,https://www.usaspending.gov/award/CONT_AWD_0014_9700_FA862015G4040_9700/,2022-07-13 10:03:41+00
CONT_AWD_0018_9700_FA862011G4050_9700,0018,9700,DEPT OF DEFENSE,FA862011G4050,,,,,,95937076.57,,83765575.57,83765574.57,2016-04-25,2016,2021-07-22,2021,2016-04-25,2020-01-31,2020-01-31 00:00:00,,,097,Department of Defense,5700,Department of the Air Force,FA8689,FA8689  AFLCMC WIIK        UAS,097,Department of Defense,5700,Department of the Air Force,F4FDAC,F4FDAC AFLCMC MAUS DIVISION WII,,,,,X,NOT APPLICABLE,,,HEBCLD22EJD1,799855812,RAYTHEON COMPANY,RAYTHEON COMPANY,,96214,PPLZG8J3N9D4,001344142,RTX CORP,RAYTHEON TECHNOLOGIES CORPORATION,USA,UNITED STATES,2501 W UNIVERSITY DR,,MCKINNEY,48085,COLLIN,48,TX,TEXAS,750712813,TX-03,TX-03,3106479438,3106473536,USA,UNITED STATES,MCKINNEY,48085,COLLIN,48,TX,TEXAS,750711300,TX-03,TX-03,AWARD,C,DELIVERY ORDER,,,,,,,L,FIXED PRICE INCENTIVE,FY15 PRODUCTION,,1,,,1550,UNMANNED AIRCRAFT,D,NOT A BUNDLED REQUIREMENT,A1C,OTHER AIRCRAFT EQUIPMENT,336411,AIRCRAFT MANUFACTURING,C,NO CLAUSES INCLUDED AND NO SUSTAINABILITY INCLUDED,A,U.S. OWNED BUSINESS,000,NONE,Z,NOT IT PRODUCTS OR SERVICES,E,NOT REQUIRED,USA,UNITED STATES,D,MFG IN U.S.,,,C,NOT COMPETED,SSS,ONLY ONE SOURCE,NONE,NO SET ASIDE USED.,NONE,NO PREFERENCE USED,,,,,FOC,FOLLOW-ON CONTRACT (FAR 6.302-1(A)(2)(II/III)),1,D,COMMERCIAL ITEM PROCEDURES NOT USED,f,,,N,NO,,,N,NO,0.00,N,NO,X,NOT APPLICABLE,N,NO,X,NOT APPLICABLE,X,NOT APPLICABLE,,,D,BOA,M,MULTIPLE AWARD,,NONE,NONE,Y,YES,,,N,TRANSACTION DOES NOT USE GFE/GFP,U,UNKNOWN,N,NO,X,NOT APPLICABLE,,,Z,NOT APPLICABLE,N,NO,X,NOT APPLICABLE,f,f,f,f,f,f,f,f,f,f,f,f,f,f,f,f,f,f,f,OTHER THAN SMALL BUSINESS,O,f,f,f,f,f,f,f,f,f,f,f,f,f,f,f,f,f,CORPORATE NOT TAX EXEMPT,t,f,f,f,f,f,f,f,f,f,f,f,f,f,f,t,f,f,f,f,f,f,f,f,f,f,f,f,t,f,f,f,f,f,f,f,f,f,f,f,f,f,f,f,f,f,f,f,f,f,,,,,,,,,,,https://www.usaspending.gov/award/CONT_AWD_0018_9700_FA862011G4050_9700/,2021-07-27 16:55:37+00
CONT_AWD_0020_9700_FA862015G4040_9700,0020,9700,DEPT OF DEFENSE,FA862015G4040,,,,,,12374394.10,,18194192.10,26647335.10,2016-01-27,2016,2022-03-17,2022,2016-01-27,2020-03-31,2020-03-31 00:00:00,,,097,Department of Defense,9763,Defense Contract Management Agency,S0303A,DCMA SPECIAL PRGMS UNMANNED SYSTEMS,097,Department of Defense,5700,Department of the Air Force,FA8689,FA8689  AFLCMC WIIK        UAS,,,,,X,NOT APPLICABLE,,,ZH4NVFG3Z526,,"GENERAL ATOMICS AERONAUTICAL SYSTEMS, INC.","GENERAL ATOMICS AERONAUTICAL SYSTEMS, INC.",,0YJB5,YX6EL4J1WLP9,,GENERAL ATOMICS,GENERAL ATOMICS AERONAUTICAL SYSTEMS  INC.,USA,UNITED STATES,14200 KIRKHAM WAY,,POWAY,06073,SAN DIEGO,06,CA,CALIFORNIA,920647103,CA-52,CA-48,8585256451,8583122920,USA,UNITED STATES,POWAY,06073,SAN DIEGO,06,CA,CALIFORNIA,920647103,CA-52,CA-48,AWARD,C,DELIVERY ORDER,,,,,,,U,COST PLUS FIXED FEE,FOLLOW-ON TEST AND EVALUATION,,1,,,1550,UNMANNED AIRCRAFT,D,NOT A BUNDLED REQUIREMENT,A1C,OTHER AIRCRAFT EQUIPMENT,336411,AIRCRAFT MANUFACTURING,C,NO CLAUSES INCLUDED AND NO SUSTAINABILITY INCLUDED,A,U.S. OWNED BUSINESS,424,MQ-9 REAPER,Z,NOT IT PRODUCTS OR SERVICES,E,NOT REQUIRED,USA,UNITED STATES,D,MFG IN U.S.,,,C,NOT COMPETED,SSS,ONLY ONE SOURCE,NONE,NO SET ASIDE USED.,NONE,NO PREFERENCE USED,,,,,FOC,FOLLOW-ON CONTRACT (FAR 6.302-1(A)(2)(II/III)),1,D,COMMERCIAL ITEM PROCEDURES NOT USED,f,,,N,NO,,,N,NO,0.00,N,NO,X,NOT APPLICABLE,X,NOT APPLICABLE,X,NOT APPLICABLE,X,NOT APPLICABLE,,,D,BOA,S,SINGLE AWARD,,NONE,NONE,Y,YES,,,N,TRANSACTION DOES NOT USE GFE/GFP,U,UNKNOWN,N,NO,X,NOT APPLICABLE,,,Z,NOT APPLICABLE,N,NO,X,NOT APPLICABLE,f,f,f,f,f,f,f,f,f,f,f,f,f,f,f,f,f,f,f,OTHER THAN SMALL BUSINESS,O,f,f,f,f,f,f,f,f,f,f,f,f,f,f,f,f,f,CORPORATE NOT TAX EXEMPT,t,f,f,f,f,f,f,f,f,f,f,f,t,f,f,f,f,t,f,f,f,f,f,f,f,f,f,f,t,f,f,f,f,f,f,f,f,f,f,f,f,f,f,f,f,f,f,f,f,f,LINDEN P BLUE,2895083.00,JAMES N BLUE,2711455.00,DAVID R ALEXANDER,2193634.00,BARTON B ROPER,1018876.00,ELIAHU  YEHEZKEL,937199.00,https://www.usaspending.gov/award/CONT_AWD_0020_9700_FA862015G4040_9700/,2022-03-25 12:07:44+00
CONT_AWD_0021_9700_FA862015G4040_9700,0021,9700,DEPT OF DEFENSE,FA862015G4040,,,,,,4512643.00,,6069317.00,6069317.00,2016-05-27,2016,2022-04-27,2022,2016-05-27,2018-03-31,2018-03-31 00:00:00,,,097,Department of Defense,9763,Defense Contract Management Agency,S0303A,DCMA SPECIAL PRGMS UNMANNED SYSTEMS,097,Department of Defense,5700,Department of the Air Force,FA8620,FA8620  AFLCMC WIJK    BIG SAFARI,,,,,X,NOT APPLICABLE,,,ZH4NVFG3Z526,,"GENERAL ATOMICS AERONAUTICAL SYSTEMS, INC.","GENERAL ATOMICS AERONAUTICAL SYSTEMS, INC.",,0YJB5,YX6EL4J1WLP9,,GENERAL ATOMICS,GENERAL ATOMIC TECHNOLOGIES CORPORATION,USA,UNITED STATES,14200 KIRKHAM WAY,,POWAY,06073,SAN DIEGO,06,CA,CALIFORNIA,920647103,CA-52,CA-48,8585256451,8583122920,USA,UNITED STATES,POWAY,06073,SAN DIEGO,06,CA,CALIFORNIA,920647103,CA-52,CA-48,AWARD,C,DELIVERY ORDER,,,,,,,U,COST PLUS FIXED FEE,REAPER AIR-TO-AIR MISSILE (RAAM) AIM-9X LIVE,,1,,,1550,UNMANNED AIRCRAFT,D,NOT A BUNDLED REQUIREMENT,A1A,AIRFRAMES AND SPARES,336411,AIRCRAFT MANUFACTURING,C,NO CLAUSES INCLUDED AND NO SUSTAINABILITY INCLUDED,A,U.S. OWNED BUSINESS,000,NONE,Z,NOT IT PRODUCTS OR SERVICES,E,NOT REQUIRED,USA,UNITED STATES,D,MFG IN U.S.,,,C,NOT COMPETED,SSS,ONLY ONE SOURCE,NONE,NO SET ASIDE USED.,NONE,NO PREFERENCE USED,,,,,FOC,FOLLOW-ON CONTRACT (FAR 6.302-1(A)(2)(II/III)),1,D,COMMERCIAL ITEM PROCEDURES NOT USED,f,,,N,NO,,,N,NO,,N,NO,X,NOT APPLICABLE,X,NOT APPLICABLE,X,NOT APPLICABLE,X,NOT APPLICABLE,,,D,BOA,S,SINGLE AWARD,,NONE,NONE,Y,YES,,,Y,TRANSACTION USES GFE/GFP,U,UNKNOWN,N,NO,X,NOT APPLICABLE,,,Z,NOT APPLICABLE,N,NO,X,NOT APPLICABLE,f,f,f,f,f,f,f,f,f,f,f,f,f,f,f,f,f,f,f,OTHER THAN SMALL BUSINESS,O,f,f,f,f,f,f,f,f,f,f,f,f,f,f,f,f,f,CORPORATE NOT TAX EXEMPT,t,f,f,f,f,f,f,f,f,f,f,f,t,f,f,f,f,t,f,f,f,f,f,f,f,f,f,f,t,f,f,f,f,f,f,f,f,f,f,f,f,f,f,f,f,f,f,f,f,f,LINDEN P BLUE,2895083.00,JAMES N BLUE,2711455.00,DAVID R ALEXANDER,2193634.00,BARTON B ROPER,1018876.00,ELIAHU  YEHEZKEL,937199.00,https://www.usaspending.gov/award/CONT_AWD_0021_9700_FA862015G4040_9700/,2022-04-27 19:19:37+00
CONT_AWD_0021_9700_H9222216D0028_9700,0021,9700,DEPT OF DEFENSE,H9222216D0028,,,,,,1482419.72,,1482419.72,1482419.72,2017-09-14,2017,2020-02-07,2020,2017-09-14,2018-08-31,2018-08-31 00:00:00,,,097,Department of Defense,97ZS,U.S. Special Operations Command,H92222,HQUSSOCOM,097,Department of Defense,97ZS,U.S. Special Operations Command,H92222,HQUSSOCOM,,,,,X,NOT APPLICABLE,,,LAJJQWA1PF31,832963453,THE BOEING COMPANY,"BOEING COMPANY, THE",,8V613,NU2UC8MX6NK1,009256819,THE BOEING COMPANY,THE BOEING COMPANY,USA,UNITED STATES,5000 E MCDOWELL RD,,MESA,04013,MARICOPA,04,AZ,ARIZONA,852159707,AZ-05,AZ-04,4808911311,5627951529,USA,UNITED STATES,MESA,04013,MARICOPA,04,AZ,ARIZONA,852159707,AZ-05,AZ-04,AWARD,C,DELIVERY ORDER,,,,,,,U,COST PLUS FIXED FEE,OCONUS FSR SUPPORT,,1,,,1550,UNMANNED AIRCRAFT,H,NOT BUNDLED,A1A,AIRFRAMES AND SPARES,336411,AIRCRAFT MANUFACTURING,C,NO CLAUSES INCLUDED AND NO SUSTAINABILITY INCLUDED,A,U.S. OWNED BUSINESS,000,NONE,Z,NOT IT PRODUCTS OR SERVICES,A,MEETS REQUIREMENTS,AUS,AUSTRALIA,L,MFG OUTSIDE U.S. - QUALIFYING COUNTRY (DOD ONLY),,,C,NOT COMPETED,SSS,ONLY ONE SOURCE,,,NONE,NO PREFERENCE USED,,,,,NS,NATIONAL SECURITY (FAR 6.302-6),,D,COMMERCIAL ITEM PROCEDURES NOT USED,f,N,NO,N,NO,X,NOT APPLICABLE,N,NO,,N,NO,N,NO,X,NOT APPLICABLE,X,NOT APPLICABLE,X,NOT APPLICABLE,,,B,IDC,S,SINGLE AWARD,,NONE,NONE,N,NO,,,N,TRANSACTION DOES NOT USE GFE/GFP,U,UNKNOWN,D,NOT CONSOLIDATED,X,NOT APPLICABLE,N,NO,Z,NOT APPLICABLE,N,NO,X,NOT APPLICABLE,f,f,f,f,f,f,f,f,f,f,f,f,f,f,f,f,f,f,f,OTHER THAN SMALL BUSINESS,O,f,f,f,f,f,f,f,f,f,f,f,f,f,f,f,f,f,CORPORATE NOT TAX EXEMPT,t,f,f,f,f,f,f,f,f,f,f,f,t,f,f,f,f,t,f,f,f,f,f,f,f,f,f,f,t,f,f,f,f,f,f,f,f,f,f,f,f,f,f,f,f,f,f,f,f,f,,,,,,,,,,,https://www.usaspending.gov/award/CONT_AWD_0021_9700_H9222216D0028_9700/,2020-02-07 09:33:53+00
CONT_AWD_0022_9700_FA862011G4050_9700,0022,9700,DEPT OF DEFENSE,FA862011G4050,,,,,,1853174.00,,1853174.00,2814625.00,2016-07-11,2016,2022-02-16,2022,2016-07-12,2018-02-28,2018-02-28 00:00:00,,,097,Department of Defense,5700,Department of the Air Force,FA8689,FA8689  AFLCMC WIIK        UAS,097,Department of Defense,5700,Department of the Air Force,F4FDAC,F4FDAC AFLCMC MAUS DIVISION WII,,,,,X,NOT APPLICABLE,,,HEBCLD22EJD1,,RAYTHEON COMPANY,RAYTHEON COMPANY,,96214,PPLZG8J3N9D4,,RTX CORP,RAYTHEON COMPANY,USA,UNITED STATES,2501 W UNIVERSITY DR,,MCKINNEY,48085,COLLIN,48,TX,TEXAS,750712813,TX-03,TX-03,3106479438,3106473536,USA,UNITED STATES,MCKINNEY,48085,COLLIN,48,TX,TEXAS,750711300,TX-03,TX-03,AWARD,C,DELIVERY ORDER,,,,,,,U,COST PLUS FIXED FEE,MTS-B HD/TLA OPERATIONAL TEST SUPPORT,,1,,,1550,UNMANNED AIRCRAFT,D,NOT A BUNDLED REQUIREMENT,A1C,OTHER AIRCRAFT EQUIPMENT,336411,AIRCRAFT MANUFACTURING,C,NO CLAUSES INCLUDED AND NO SUSTAINABILITY INCLUDED,A,U.S. OWNED BUSINESS,000,NONE,Z,NOT IT PRODUCTS OR SERVICES,E,NOT REQUIRED,USA,UNITED STATES,D,MFG IN U.S.,,,C,NOT COMPETED,SSS,ONLY ONE SOURCE,NONE,NO SET ASIDE USED.,NONE,NO PREFERENCE USED,,,,,ONE,ONLY ONE SOURCE-OTHER (FAR 6.302-1 OTHER),1,D,COMMERCIAL ITEM PROCEDURES NOT USED,f,,,N,NO,,,N,NO,0.00,N,NO,X,NOT APPLICABLE,N,NO,X,NOT APPLICABLE,X,NOT APPLICABLE,,,D,BOA,M,MULTIPLE AWARD,,NONE,NONE,Y,YES,,,N,TRANSACTION DOES NOT USE GFE/GFP,U,UNKNOWN,N,NO,X,NOT APPLICABLE,,,Z,NOT APPLICABLE,N,NO,X,NOT APPLICABLE,f,f,f,f,f,f,f,f,f,f,f,f,f,f,f,f,f,f,f,OTHER THAN SMALL BUSINESS,O,f,f,f,f,f,f,f,f,f,f,f,f,f,f,f,f,f,CORPORATE NOT TAX EXEMPT,t,f,f,f,f,f,f,f,f,f,f,f,f,f,f,t,f,f,f,f,f,f,f,f,f,f,f,f,t,f,f,f,f,f,f,f,f,f,f,f,f,f,f,f,f,f,f,f,f,f,,,,,,,,,,,https://www.usaspending.gov/award/CONT_AWD_0022_9700_FA862011G4050_9700/,2022-02-28 15:50:34+00
CONT_AWD_0025_9700_H9222216D0028_9700,0025,9700,DEPT OF DEFENSE,H9222216D0028,,,,,,9944383.46,,9944383.46,9944383.46,2017-12-08,2018,2026-06-02,2026,2017-12-08,2019-06-03,2019-06-03 00:00:00,,,097,Department of Defense,97ZS,U.S. Special Operations Command,H92408,HQ USSOCOM,097,Department of Defense,97ZS,U.S. Special Operations Command,H92506,USSOCOM-VO,,,,,X,NOT APPLICABLE,,,LAJJQWA1PF31,,THE BOEING COMPANY,"BOEING COMPANY, THE",,8V613,NU2UC8MX6NK1,,THE BOEING COMPANY,THE BOEING COMPANY,USA,UNITED STATES,5000 E MCDOWELL RD,,MESA,04013,MARICOPA,04,AZ,ARIZONA,852159707,AZ-04,AZ-04,4808911311,5627951529,USA,UNITED STATES,MESA,04013,MARICOPA,04,AZ,ARIZONA,852159707,AZ-04,AZ-04,AWARD,C,DELIVERY ORDER,,,,,,,J,FIRM FIXED PRICE,"UAV - AIR VEHICLES, PROGRAM MANAGEMENT SUPPORT, SPARES",,1,,,1550,UNMANNED AIRCRAFT,H,NOT BUNDLED,A1A,AIRFRAMES AND SPARES,336411,AIRCRAFT MANUFACTURING,C,NO CLAUSES INCLUDED AND NO SUSTAINABILITY INCLUDED,A,U.S. OWNED BUSINESS,000,NONE,Z,NOT IT PRODUCTS OR SERVICES,A,MEETS REQUIREMENTS,AUT,AUSTRIA,L,MFG OUTSIDE U.S. - QUALIFYING COUNTRY (DOD ONLY),F,INDIVIDUAL SUBCONTRACT PLAN,C,NOT COMPETED,SSS,ONLY ONE SOURCE,,,NONE,NO PREFERENCE USED,,,,,NS,NATIONAL SECURITY (FAR 6.302-6),,D,COMMERCIAL PRODUCTS/SERVICES PROCEDURES NOT USED,f,N,NO,N,NO,X,NOT APPLICABLE,N,NO,,N,NO,N,NO,X,NOT APPLICABLE,X,NOT APPLICABLE,X,NOT APPLICABLE,,,B,IDC,S,SINGLE AWARD,,,,N,NO,,,N,TRANSACTION DOES NOT USE GFE/GFP,U,UNKNOWN,D,NOT CONSOLIDATED,X,NOT APPLICABLE,N,NO,Z,NOT APPLICABLE,N,NO,X,NOT APPLICABLE,f,f,f,f,f,f,f,f,f,f,f,f,f,f,f,f,f,f,f,OTHER THAN SMALL BUSINESS,O,f,f,f,f,f,f,f,f,f,f,f,f,f,f,f,f,f,CORPORATE NOT TAX EXEMPT,t,f,f,f,f,f,f,f,f,f,f,f,t,f,f,f,f,t,f,f,f,f,f,f,f,f,f,f,t,f,f,f,f,f,f,f,f,f,f,f,f,f,f,f,f,f,f,f,f,f,,,,,,,,,,,https://www.usaspending.gov/award/CONT_AWD_0025_9700_H9222216D0028_9700/,2026-06-02 17:14:29+00
CONT_AWD_0027_9700_FA862015G4040_9700,0027,9700,DEPT OF DEFENSE,FA862015G4040,,,,,,8889099.90,,7593551.90,7593551.90,2016-09-20,2016,2022-03-14,2022,2016-09-20,2019-04-16,2019-04-16 00:00:00,,,097,Department of Defense,9763,Defense Contract Management Agency,S0303A,DCMA SPECIAL PRGMS UNMANNED SYSTEMS,097,Department of Defense,5700,Department of the Air Force,F4FDAC,F4FDAC AFLCMC MAUS DIVISION WII,,,,,X,NOT APPLICABLE,,,ZH4NVFG3Z526,,"GENERAL ATOMICS AERONAUTICAL SYSTEMS, INC.","GENERAL ATOMICS AERONAUTICAL SYSTEMS, INC.",,0YJB5,YX6EL4J1WLP9,,GENERAL ATOMICS,GENERAL ATOMICS AERONAUTICAL SYSTEMS  INC.,USA,UNITED STATES,14200 KIRKHAM WAY,,POWAY,06073,SAN DIEGO,06,CA,CALIFORNIA,920647103,CA-52,CA-48,8585256451,8583122920,USA,UNITED STATES,POWAY,06073,SAN DIEGO,06,CA,CALIFORNIA,920647103,CA-52,CA-48,AWARD,C,DELIVERY ORDER,,,,,,,J,FIRM FIXED PRICE,HOAT AIRCRAFT KITS AND UPDATES,,1,,,1550,UNMANNED AIRCRAFT,D,NOT A BUNDLED REQUIREMENT,A1C,OTHER AIRCRAFT EQUIPMENT,336411,AIRCRAFT MANUFACTURING,C,NO CLAUSES INCLUDED AND NO SUSTAINABILITY INCLUDED,A,U.S. OWNED BUSINESS,424,MQ-9 REAPER,Z,NOT IT PRODUCTS OR SERVICES,E,NOT REQUIRED,USA,UNITED STATES,D,MFG IN U.S.,,,C,NOT COMPETED,SSS,ONLY ONE SOURCE,NONE,NO SET ASIDE USED.,NONE,NO PREFERENCE USED,,,,,FOC,FOLLOW-ON CONTRACT (FAR 6.302-1(A)(2)(II/III)),1,D,COMMERCIAL ITEM PROCEDURES NOT USED,f,,,N,NO,,,N,NO,0.00,N,NO,X,NOT APPLICABLE,X,NOT APPLICABLE,X,NOT APPLICABLE,X,NOT APPLICABLE,,,D,BOA,S,SINGLE AWARD,,NONE,NONE,Y,YES,,,N,TRANSACTION DOES NOT USE GFE/GFP,U,UNKNOWN,N,NO,X,NOT APPLICABLE,,,Z,NOT APPLICABLE,N,NO,X,NOT APPLICABLE,f,f,f,f,f,f,f,f,f,f,f,f,f,f,f,f,f,f,f,OTHER THAN SMALL BUSINESS,O,f,f,f,f,f,f,f,f,f,f,f,f,f,f,f,f,f,CORPORATE NOT TAX EXEMPT,t,f,f,f,f,f,f,f,f,f,f,f,t,f,f,f,f,t,f,f,f,f,f,f,f,f,f,f,t,f,f,f,f,f,f,f,f,f,f,f,f,f,f,f,f,f,f,f,f,f,LINDEN P BLUE,2895083.00,JAMES N BLUE,2711455.00,DAVID R ALEXANDER,2193634.00,BARTON B ROPER,1018876.00,ELIAHU  YEHEZKEL,937199.00,https://www.usaspending.gov/award/CONT_AWD_0027_9700_FA862015G4040_9700/,2022-03-25 12:02:10+00
CONT_AWD_0034_9700_FA862015G4040_9700,0034,9700,DEPT OF DEFENSE,FA862015G4040,,,,,,82675179.16,,82675179.16,82675179.16,2017-01-04,2017,2023-09-28,2023,2017-01-04,2021-03-01,2021-03-01 00:00:00,,,097,Department of Defense,5700,Department of the Air Force,FA8620,FA8620  AFLCMC WIJK    BIG SAFARI,097,Department of Defense,5700,Department of the Air Force,F4FDAC,F4FDAC AFLCMC MAUS DIVISION WII,,,,,A,FOREIGN FUNDS FMS,,,ZH4NVFG3Z526,,"GENERAL ATOMICS AERONAUTICAL SYSTEMS, INC.","GENERAL ATOMICS AERONAUTICAL SYSTEMS, INC.",,0YJB5,YX6EL4J1WLP9,,GENERAL ATOMICS,GENERAL ATOMIC TECHNOLOGIES CORPORATION,USA,UNITED STATES,14200 KIRKHAM WAY,,POWAY,06073,SAN DIEGO,06,CA,CALIFORNIA,920647103,CA-48,CA-48,8585256451,8583122920,USA,UNITED STATES,POWAY,06073,SAN DIEGO,06,CA,CALIFORNIA,920647103,CA-48,CA-48,AWARD,C,DELIVERY ORDER,,,,,,,J,FIRM FIXED PRICE,SPAIN MQ-9 BLOCK 5 SYSTEM UCA,,1,,,1550,UNMANNED AIRCRAFT,D,NOT A BUNDLED REQUIREMENT,A1A,AIRFRAMES AND SPARES,336411,AIRCRAFT MANUFACTURING,C,NO CLAUSES INCLUDED AND NO SUSTAINABILITY INCLUDED,A,U.S. OWNED BUSINESS,000,NONE,Z,NOT IT PRODUCTS OR SERVICES,E,NOT REQUIRED,USA,UNITED STATES,D,MFG IN U.S.,,,B,NOT AVAILABLE FOR COMPETITION,SSS,ONLY ONE SOURCE,NONE,NO SET ASIDE USED.,NONE,NO PREFERENCE USED,,,,,IA,INTERNATIONAL AGREEMENT (FAR 6.302-4),1,D,COMMERCIAL PRODUCTS/SERVICES PROCEDURES NOT USED,f,,,N,NO,,,N,NO,,N,NO,X,NOT APPLICABLE,X,NOT APPLICABLE,X,NOT APPLICABLE,X,NOT APPLICABLE,,,D,BOA,S,SINGLE AWARD,,NONE,NONE,Y,YES,,,Y,TRANSACTION USES GFE/GFP,U,UNKNOWN,N,NO,X,NOT APPLICABLE,,,Z,NOT APPLICABLE,N,NO,X,NOT APPLICABLE,f,f,f,f,f,f,f,f,f,f,f,f,f,f,f,f,f,f,f,OTHER THAN SMALL BUSINESS,O,f,f,f,f,f,f,f,f,f,f,f,f,f,f,f,f,f,CORPORATE NOT TAX EXEMPT,t,f,f,f,f,f,f,f,f,f,f,f,t,f,f,f,f,t,f,f,f,f,f,f,f,f,f,f,t,f,f,f,f,f,f,f,f,f,f,f,f,f,f,f,f,f,f,f,f,f,JAMES N BLUE,3049492.00,LINDEN P BLUE,2698674.00,DAVID R ALEXANDER,2367023.00,BARTON B ROPER,1115148.00,TUAN H NGUYEN,713815.00,https://www.usaspending.gov/award/CONT_AWD_0034_9700_FA862015G4040_9700/,2023-09-28 17:06:56+00
CONT_AWD_0035_9700_FA862010G3038_9700,0035,9700,DEPT OF DEFENSE,FA862010G3038,,,,,,124418006.83,,124431323.23,124431323.23,2011-09-27,2011,2022-04-07,2022,2011-09-27,2016-09-30,2016-09-30 00:00:00,,,097,Department of Defense,5700,Department of the Air Force,FA8620,FA8620  AFLCMC WIJK    BIG SAFARI,097,Department of Defense,5700,Department of the Air Force,F4FDAC,F4FDAC AFLCMC MAUS DIVISION WII,,,,,X,NOT APPLICABLE,,,ZH4NVFG3Z526,,"GENERAL ATOMICS AERONAUTICAL SYSTEMS, INC.","GENERAL ATOMICS AERONAUTICAL SYSTEMS, INC.",,0YJB5,YX6EL4J1WLP9,,GENERAL ATOMICS,GENERAL ATOMIC TECHNOLOGIES CORPORATION,USA,UNITED STATES,14200 KIRKHAM WAY,,POWAY,06073,SAN DIEGO,06,CA,CALIFORNIA,920647103,CA-52,CA-48,8583124309,8583122920,USA,UNITED STATES,POWAY,06073,SAN DIEGO,06,CA,CALIFORNIA,920647103,CA-52,CA-48,AWARD,C,DELIVERY ORDER,,,,,,,J,FIRM FIXED PRICE,MQ-9 FY 09/10 SPARES AND SUPPORT EQUIPMENT,,1,,,1550,UNMANNED AIRCRAFT,D,NOT A BUNDLED REQUIREMENT,A1B,AIRCRAFT ENGINES AND SPARES,336411,AIRCRAFT MANUFACTURING,C,NO CLAUSES INCLUDED AND NO SUSTAINABILITY INCLUDED,A,U.S. OWNED BUSINESS,000,NONE,Z,NOT IT PRODUCTS OR SERVICES,E,NOT REQUIRED,USA,UNITED STATES,D,MFG IN U.S.,,,C,NOT COMPETED,SSS,ONLY ONE SOURCE,NONE,NO SET ASIDE USED.,NONE,NO PREFERENCE USED,,,,,ONE,ONLY ONE SOURCE-OTHER (FAR 6.302-1 OTHER),1,D,COMMERCIAL ITEM PROCEDURES NOT USED,f,,,N,NO,X,NOT APPLICABLE,N,NO,,N,NO,X,NOT APPLICABLE,Y,YES,X,NOT APPLICABLE,X,NOT APPLICABLE,,,D,BOA,S,SINGLE AWARD,,NONE,NONE,Y,YES,,,N,TRANSACTION DOES NOT USE GFE/GFP,U,UNKNOWN,N,NO,X,NOT APPLICABLE,,,A,FAR 52.232-16 PROGRESS PAYMENTS,N,NO,X,NOT APPLICABLE,f,f,f,f,f,f,f,f,f,f,f,f,f,f,f,f,f,f,f,OTHER THAN SMALL BUSINESS,O,f,f,f,f,f,f,f,f,f,f,f,f,f,f,f,f,f,CORPORATE NOT TAX EXEMPT,t,f,f,f,f,f,f,f,f,f,f,f,t,f,f,t,f,f,f,f,f,f,f,f,f,f,f,f,t,f,f,f,f,f,f,f,f,f,f,f,f,f,f,f,f,f,f,f,f,f,LINDEN P BLUE,2895083.00,JAMES N BLUE,2711455.00,DAVID R ALEXANDER,2193634.00,BARTON B ROPER,1018876.00,ELIAHU  YEHEZKEL,937199.00,https://www.usaspending.gov/award/CONT_AWD_0035_9700_FA862010G3038_9700/,2022-04-11 01:59:04+00
CONT_AWD_0035_9700_N0001912G0008_9700,0035,9700,DEPT OF DEFENSE,N0001912G0008,,,,,,173639.00,,173639.00,173639.00,2015-01-07,2015,2020-02-05,2020,2014-12-23,2016-02-09,2016-02-09 00:00:00,,,097,Department of Defense,1700,Department of the Navy,N00019,NAVAL AIR SYSTEMS COMMAND,097,Department of Defense,1700,Department of the Navy,N00019,NAVAL AIR SYSTEMS COMMAND,,,,,X,NOT APPLICABLE,,,QXMUHJ7XTF89,878164086,"INSITU, INC.","INSITU, INC.",,02FP7,NU2UC8MX6NK1,009256819,THE BOEING COMPANY,THE BOEING COMPANY,USA,UNITED STATES,118 E COLUMBIA RIVER WAY,,BINGEN,53039,KLICKITAT,53,WA,WASHINGTON,986059086,WA-03,WA-04,5094936520,5094931032,USA,UNITED STATES,BINGEN,53039,KLICKITAT,53,WA,WASHINGTON,986059086,WA-03,WA-04,AWARD,C,DELIVERY ORDER,,,,,,,J,FIRM FIXED PRICE,PROCUREMENT OF HARDWARE AND SERVICES FOR NGH TRAINING IN SUPPORT OF NSW SE.,,1,,,1550,UNMANNED AIRCRAFT,D,NOT A BUNDLED REQUIREMENT,A1A,AIRFRAMES AND SPARES,336411,AIRCRAFT MANUFACTURING,C,NO CLAUSES INCLUDED AND NO SUSTAINABILITY INCLUDED,A,U.S. OWNED BUSINESS,000,NONE,Z,NOT IT PRODUCTS OR SERVICES,A,MEETS REQUIREMENTS,USA,UNITED STATES,D,MFG IN U.S.,,,C,NOT COMPETED,SSS,ONLY ONE SOURCE,,,NONE,NO PREFERENCE USED,,,,,ONE,ONLY ONE SOURCE-OTHER (FAR 6.302-1 OTHER),1,D,COMMERCIAL ITEM PROCEDURES NOT USED,f,,,N,NO,X,NOT APPLICABLE,N,NO,,Y,YES,Y,YES,N,NO,N,NO,X,NOT APPLICABLE,,,D,BOA,S,SINGLE AWARD,,NONE,NONE,N,NO,,,N,TRANSACTION DOES NOT USE GFE/GFP,N,NO,N,NO,X,NOT APPLICABLE,,,Z,NOT APPLICABLE,N,NO,X,NOT APPLICABLE,f,f,f,f,f,f,f,f,f,f,f,f,f,f,f,f,f,f,f,OTHER THAN SMALL BUSINESS,O,f,f,f,f,f,f,f,f,f,f,f,f,f,f,f,f,f,CORPORATE NOT TAX EXEMPT,t,f,f,f,f,f,f,f,f,f,f,f,t,f,f,t,f,f,f,f,f,f,f,f,f,f,f,f,t,f,f,f,f,f,f,f,f,f,f,f,f,f,f,f,f,f,f,f,f,f,,,,,,,,,,,https://www.usaspending.gov/award/CONT_AWD_0035_9700_N0001912G0008_9700/,2020-02-05 12:34:57+00
CONT_AWD_0047_9700_FA862010G3038_9700,0047,9700,DEPT OF DEFENSE,FA862010G3038,,,,,,5841784.72,,5455497.72,9576430.72,2012-09-28,2012,2022-01-18,2022,2012-09-28,2016-12-31,2016-12-31 00:00:00,,,097,Department of Defense,5700,Department of the Air Force,FA8620,FA8620  AFLCMC WIJK    BIG SAFARI,097,Department of Defense,5700,Department of the Air Force,F4FDAG,F4FDAG AFLCMC WI SHARED,,,,,X,NOT APPLICABLE,,,ZH4NVFG3Z526,,"GENERAL ATOMICS AERONAUTICAL SYSTEMS, INC.","GENERAL ATOMICS AERONAUTICAL SYSTEMS, INC.",,0YJB5,YX6EL4J1WLP9,,GENERAL ATOMICS,GENERAL ATOMICS AERONAUTICAL SYSTEMS  INC.,USA,UNITED STATES,14200 KIRKHAM WAY,,POWAY,06073,SAN DIEGO,06,CA,CALIFORNIA,920647103,CA-52,CA-48,8583124309,8583122920,USA,UNITED STATES,POWAY,06073,SAN DIEGO,06,CA,CALIFORNIA,920647103,CA-52,CA-48,AWARD,C,DELIVERY ORDER,,,,,,,J,FIRM FIXED PRICE,HD RETROFIT,,1,,,1550,UNMANNED AIRCRAFT,D,NOT A BUNDLED REQUIREMENT,A1C,OTHER AIRCRAFT EQUIPMENT,336411,AIRCRAFT MANUFACTURING,C,NO CLAUSES INCLUDED AND NO SUSTAINABILITY INCLUDED,A,U.S. OWNED BUSINESS,000,NONE,Z,NOT IT PRODUCTS OR SERVICES,E,NOT REQUIRED,USA,UNITED STATES,D,MFG IN U.S.,,,C,NOT COMPETED,SSS,ONLY ONE SOURCE,NONE,NO SET ASIDE USED.,NONE,NO PREFERENCE USED,,,,,ONE,ONLY ONE SOURCE-OTHER (FAR 6.302-1 OTHER),1,D,COMMERCIAL ITEM PROCEDURES NOT USED,f,,,N,NO,X,NOT APPLICABLE,N,NO,,N,NO,X,NOT APPLICABLE,Y,YES,X,NOT APPLICABLE,X,NOT APPLICABLE,,,D,BOA,S,SINGLE AWARD,,NONE,NONE,Y,YES,,,N,TRANSACTION DOES NOT USE GFE/GFP,U,UNKNOWN,N,NO,X,NOT APPLICABLE,,,A,FAR 52.232-16 PROGRESS PAYMENTS,N,NO,X,NOT APPLICABLE,f,f,f,f,f,f,f,f,f,f,f,f,f,f,f,f,f,f,f,OTHER THAN SMALL BUSINESS,O,f,f,f,f,f,f,f,f,f,f,f,f,f,f,f,f,f,CORPORATE NOT TAX EXEMPT,t,f,f,f,f,f,f,f,f,f,f,f,t,f,f,t,f,f,f,f,f,f,f,f,f,f,f,f,t,f,f,f,f,f,f,f,f,f,f,f,f,f,f,f,f,f,f,f,f,f,LINDEN P BLUE,2895083.00,JAMES N BLUE,2711455.00,DAVID R ALEXANDER,2193634.00,BARTON B ROPER,1018876.00,ELIAHU  YEHEZKEL,937199.00,https://www.usaspending.gov/award/CONT_AWD_0047_9700_FA862010G3038_9700/,2022-05-10 22:09:34+00
CONT_AWD_0049_9700_FA862010G3038_9700,0049,9700,DEPT OF DEFENSE,FA862010G3038,,,,,,6184322.29,,6184322.29,6184322.29,2012-01-10,2012,2020-12-15,2021,2012-01-10,2015-12-16,2015-12-16 00:00:00,,,097,Department of Defense,5700,Department of the Air Force,FA8620,FA8620  AFLCMC WIJK    BIG SAFARI,097,Department of Defense,5700,Department of the Air Force,F4FDAC,F4FDAC AFLCMC MAUS DIVISION WII,,,,,X,NOT APPLICABLE,,,ZH4NVFG3Z526,824684229,"GENERAL ATOMICS AERONAUTICAL SYSTEMS, INC.","GENERAL ATOMICS AERONAUTICAL SYSTEMS, INC.",,0YJB5,YX6EL4J1WLP9,859181984,GENERAL ATOMICS,GENERAL ATOMICS AERONAUTICAL SYSTEMS  INC.,USA,UNITED STATES,14200 KIRKHAM WAY,,POWAY,06073,SAN DIEGO,06,CA,CALIFORNIA,920647103,CA-52,CA-48,8583124309,8583122920,USA,UNITED STATES,POWAY,06073,SAN DIEGO,06,CA,CALIFORNIA,920647103,CA-52,CA-48,AWARD,C,DELIVERY ORDER,,,,,,,J,FIRM FIXED PRICE,FY11 PRODUCTION RATE TOOLING,,1,,,1550,UNMANNED AIRCRAFT,D,NOT A BUNDLED REQUIREMENT,A1B,AIRCRAFT ENGINES AND SPARES,336411,AIRCRAFT MANUFACTURING,C,NO CLAUSES INCLUDED AND NO SUSTAINABILITY INCLUDED,A,U.S. OWNED BUSINESS,000,NONE,Z,NOT IT PRODUCTS OR SERVICES,E,NOT REQUIRED,USA,UNITED STATES,D,MFG IN U.S.,,,C,NOT COMPETED,SSS,ONLY ONE SOURCE,NONE,NO SET ASIDE USED.,NONE,NO PREFERENCE USED,,,,,ONE,ONLY ONE SOURCE-OTHER (FAR 6.302-1 OTHER),1,D,COMMERCIAL ITEM PROCEDURES NOT USED,f,,,N,NO,X,NOT APPLICABLE,N,NO,,N,NO,X,NOT APPLICABLE,Y,YES,X,NOT APPLICABLE,X,NOT APPLICABLE,,,D,BOA,S,SINGLE AWARD,,NONE,NONE,N,NO,,,N,TRANSACTION DOES NOT USE GFE/GFP,U,UNKNOWN,N,NO,X,NOT APPLICABLE,,,A,FAR 52.232-16 PROGRESS PAYMENTS,N,NO,X,NOT APPLICABLE,f,f,f,f,f,f,f,f,f,f,f,f,f,f,f,f,f,f,f,OTHER THAN SMALL BUSINESS,O,f,f,f,f,f,f,f,f,f,f,f,f,f,f,f,f,f,CORPORATE NOT TAX EXEMPT,t,f,f,f,f,f,f,f,f,f,f,f,t,f,f,t,f,f,f,f,f,f,f,f,f,f,f,f,t,f,f,f,f,f,f,f,f,f,f,f,f,f,f,f,f,f,f,f,f,f,LINDEN P BLUE,2433022.00,JAMES N BLUE,2276657.00,DAVID R ALEXANDER,1955403.00,BARTON B ROPER,956408.00,ELIAHU  YEHEZKEL,928770.00,https://www.usaspending.gov/award/CONT_AWD_0049_9700_FA862010G3038_9700/,2021-02-18 15:51:41+00
CONT_AWD_0050_9700_FA862010G3038_9700,0050,9700,DEPT OF DEFENSE,FA862010G3038,,,,,,277590115.75,,76427162.27,76427162.27,2013-10-15,2014,2023-04-06,2023,2013-10-15,2017-05-26,2017-05-26 00:00:00,,,097,Department of Defense,5700,Department of the Air Force,FA8689,FA8689  AFLCMC WIIK        UAS,097,Department of Defense,5700,Department of the Air Force,F4FDAC,F4FDAC AFLCMC MAUS DIVISION WII,,,,,X,NOT APPLICABLE,,,ZH4NVFG3Z526,,"GENERAL ATOMICS AERONAUTICAL SYSTEMS, INC.","GENERAL ATOMICS AERONAUTICAL SYSTEMS, INC.",,0YJB5,YX6EL4J1WLP9,,GENERAL ATOMICS,GENERAL ATOMIC TECHNOLOGIES CORPORATION,USA,UNITED STATES,14200 KIRKHAM WAY,,POWAY,06073,SAN DIEGO,06,CA,CALIFORNIA,920647103,CA-52,CA-48,8583124309,8583122920,USA,UNITED STATES,POWAY,06073,SAN DIEGO,06,CA,CALIFORNIA,920647103,CA-48,CA-48,AWARD,C,DELIVERY ORDER,,,,,,,J,FIRM FIXED PRICE,FY13 MQ-9 REAPER PRODUCTION,,1,,,1550,UNMANNED AIRCRAFT,D,NOT A BUNDLED REQUIREMENT,A1A,AIRFRAMES AND SPARES,336411,AIRCRAFT MANUFACTURING,C,NO CLAUSES INCLUDED AND NO SUSTAINABILITY INCLUDED,A,U.S. OWNED BUSINESS,000,NONE,Z,NOT IT PRODUCTS OR SERVICES,E,NOT REQUIRED,USA,UNITED STATES,D,MFG IN U.S.,,,C,NOT COMPETED,SSS,ONLY ONE SOURCE,NONE,NO SET ASIDE USED.,NONE,NO PREFERENCE USED,,,,,ONE,ONLY ONE SOURCE-OTHER (FAR 6.302-1 OTHER),1,D,COMMERCIAL PRODUCTS/SERVICES PROCEDURES NOT USED,f,,,N,NO,X,NOT APPLICABLE,N,NO,0.00,N,NO,X,NOT APPLICABLE,Y,YES,X,NOT APPLICABLE,X,NOT APPLICABLE,,,D,BOA,S,SINGLE AWARD,,NONE,NONE,N,NO,,,N,TRANSACTION DOES NOT USE GFE/GFP,U,UNKNOWN,N,NO,X,NOT APPLICABLE,,,A,FAR 52.232-16 PROGRESS PAYMENTS,N,NO,X,NOT APPLICABLE,f,f,f,f,f,f,f,f,f,f,f,f,f,f,f,f,f,f,f,OTHER THAN SMALL BUSINESS,O,f,f,f,f,f,f,f,f,f,f,f,f,f,f,f,f,f,CORPORATE NOT TAX EXEMPT,t,f,f,f,f,f,f,f,f,f,f,f,t,f,f,t,f,f,f,f,f,f,f,f,f,f,f,f,t,f,f,f,f,f,f,f,f,f,f,f,f,f,f,f,f,f,f,f,f,f,JAMES N BLUE,3049492.00,LINDEN P BLUE,2698674.00,DAVID R ALEXANDER,2367023.00,BARTON B ROPER,1115148.00,TUAN H NGUYEN,713815.00,https://www.usaspending.gov/award/CONT_AWD_0050_9700_FA862010G3038_9700/,2023-04-07 11:18:40+00
CONT_AWD_0051_9700_FA862010G3038_9700,0051,9700,DEPT OF DEFENSE,FA862010G3038,,,,,,24317392.00,,-1871762.00,-1871762.00,2012-03-02,2012,2021-08-09,2021,2012-03-02,2021-07-23,2021-07-23 00:00:00,,,097,Department of Defense,5700,Department of the Air Force,FA8620,FA8620  AFLCMC WIJK    BIG SAFARI,097,Department of Defense,5700,Department of the Air Force,F4FDAC,F4FDAC AFLCMC MAUS DIVISION WII,,,,,X,NOT APPLICABLE,,,ZH4NVFG3Z526,824684229,"GENERAL ATOMICS AERONAUTICAL SYSTEMS, INC.","GENERAL ATOMICS AERONAUTICAL SYSTEMS, INC.",,0YJB5,YX6EL4J1WLP9,859181984,GENERAL ATOMICS,GENERAL ATOMICS AERONAUTICAL SYSTEMS  INC.,USA,UNITED STATES,14200 KIRKHAM WAY,,POWAY,06073,SAN DIEGO,06,CA,CALIFORNIA,920647103,CA-52,CA-48,8583124309,8583122920,USA,UNITED STATES,POWAY,06073,SAN DIEGO,06,CA,CALIFORNIA,920647103,CA-52,CA-48,AWARD,C,DELIVERY ORDER,,,,,,,L,FIXED PRICE INCENTIVE,UCA FOR TWO OT&E AIRCRAFT,,1,,,1550,UNMANNED AIRCRAFT,D,NOT A BUNDLED REQUIREMENT,A1A,AIRFRAMES AND SPARES,336411,AIRCRAFT MANUFACTURING,C,NO CLAUSES INCLUDED AND NO SUSTAINABILITY INCLUDED,A,U.S. OWNED BUSINESS,000,NONE,Z,NOT IT PRODUCTS OR SERVICES,E,NOT REQUIRED,USA,UNITED STATES,D,MFG IN U.S.,,,C,NOT COMPETED,SSS,ONLY ONE SOURCE,NONE,NO SET ASIDE USED.,NONE,NO PREFERENCE USED,,,,,ONE,ONLY ONE SOURCE-OTHER (FAR 6.302-1 OTHER),1,D,COMMERCIAL ITEM PROCEDURES NOT USED,f,,,N,NO,X,NOT APPLICABLE,N,NO,,N,NO,X,NOT APPLICABLE,Y,YES,X,NOT APPLICABLE,X,NOT APPLICABLE,,,D,BOA,S,SINGLE AWARD,,NONE,NONE,,,,,N,TRANSACTION DOES NOT USE GFE/GFP,U,UNKNOWN,N,NO,X,NOT APPLICABLE,,,A,FAR 52.232-16 PROGRESS PAYMENTS,N,NO,X,NOT APPLICABLE,f,f,f,f,f,f,f,f,f,f,f,f,f,f,f,f,f,f,f,OTHER THAN SMALL BUSINESS,O,f,f,f,f,f,f,f,f,f,f,f,f,f,f,f,f,f,CORPORATE NOT TAX EXEMPT,t,f,f,f,f,f,f,f,f,f,f,f,t,f,f,t,f,f,f,f,f,f,f,f,f,f,f,f,t,f,f,f,f,f,f,f,f,f,f,f,f,f,f,f,f,f,f,f,f,f,LINDEN P BLUE,2433022.00,JAMES N BLUE,2276657.00,DAVID R ALEXANDER,1955403.00,BARTON B ROPER,956408.00,ELIAHU  YEHEZKEL,928770.00,https://www.usaspending.gov/award/CONT_AWD_0051_9700_FA862010G3038_9700/,2021-10-29 09:54:25+00
CONT_AWD_0052_9700_FA862010G3038_9700,0052,9700,DEPT OF DEFENSE,FA862010G3038,,,,,,94028678.20,,124098458.00,124098458.00,2012-11-05,2013,2020-12-15,2021,2012-11-05,2016-05-31,2016-05-31 00:00:00,,,097,Department of Defense,5700,Department of the Air Force,FA8620,FA8620  AFLCMC WIJK    BIG SAFARI,097,Department of Defense,5700,Department of the Air Force,F4FDAC,F4FDAC AFLCMC MAUS DIVISION WII,,,,,X,NOT APPLICABLE,,,ZH4NVFG3Z526,824684229,"GENERAL ATOMICS AERONAUTICAL SYSTEMS, INC.","GENERAL ATOMICS AERONAUTICAL SYSTEMS, INC.",,0YJB5,YX6EL4J1WLP9,859181984,GENERAL ATOMICS,GENERAL ATOMICS AERONAUTICAL SYSTEMS  INC.,USA,UNITED STATES,14200 KIRKHAM WAY,,POWAY,06073,SAN DIEGO,06,CA,CALIFORNIA,920647103,CA-52,CA-48,8583124309,8583122920,USA,UNITED STATES,POWAY,06073,SAN DIEGO,06,CA,CALIFORNIA,920647103,CA-52,CA-48,AWARD,C,DELIVERY ORDER,,,,,,,L,FIXED PRICE INCENTIVE,FY12 MODIFIED BLOCK 1PRODUCTION AIRCRAFT,,1,,,1550,UNMANNED AIRCRAFT,D,NOT A BUNDLED REQUIREMENT,A1A,AIRFRAMES AND SPARES,336411,AIRCRAFT MANUFACTURING,C,NO CLAUSES INCLUDED AND NO SUSTAINABILITY INCLUDED,A,U.S. OWNED BUSINESS,000,NONE,Z,NOT IT PRODUCTS OR SERVICES,E,NOT REQUIRED,USA,UNITED STATES,D,MFG IN U.S.,,,C,NOT COMPETED,SSS,ONLY ONE SOURCE,NONE,NO SET ASIDE USED.,NONE,NO PREFERENCE USED,,,,,ONE,ONLY ONE SOURCE-OTHER (FAR 6.302-1 OTHER),1,D,COMMERCIAL ITEM PROCEDURES NOT USED,f,,,N,NO,X,NOT APPLICABLE,N,NO,0.00,N,NO,X,NOT APPLICABLE,Y,YES,X,NOT APPLICABLE,X,NOT APPLICABLE,,,D,BOA,S,SINGLE AWARD,,NONE,NONE,N,NO,,,N,TRANSACTION DOES NOT USE GFE/GFP,U,UNKNOWN,N,NO,X,NOT APPLICABLE,,,A,FAR 52.232-16 PROGRESS PAYMENTS,N,NO,X,NOT APPLICABLE,f,f,f,f,f,f,f,f,f,f,f,f,f,f,f,f,f,f,f,OTHER THAN SMALL BUSINESS,O,f,f,f,f,f,f,f,f,f,f,f,f,f,f,f,f,f,CORPORATE NOT TAX EXEMPT,t,f,f,f,f,f,f,f,f,f,f,f,t,f,f,t,f,f,f,f,f,f,f,f,f,f,f,f,t,f,f,f,f,f,f,f,f,f,f,f,f,f,f,f,f,f,f,f,f,f,LINDEN P BLUE,2433022.00,JAMES N BLUE,2276657.00,DAVID R ALEXANDER,1955403.00,BARTON B ROPER,956408.00,ELIAHU  YEHEZKEL,928770.00,https://www.usaspending.gov/award/CONT_AWD_0052_9700_FA862010G3038_9700/,2021-02-18 15:51:41+00
CONT_AWD_0052_9700_N0001912G0008_9700,0052,9700,DEPT OF DEFENSE,N0001912G0008,,,,,,5402046.54,,6874312.77,8530372.13,2015-09-10,2015,2022-12-15,2023,2015-09-10,2018-09-28,2018-09-28 00:00:00,,,097,Department of Defense,1700,Department of the Navy,N00019,NAVAL AIR SYSTEMS COMMAND,097,Department of Defense,1700,Department of the Navy,N00019,NAVAL AIR SYSTEMS COMMAND,,,,,X,NOT APPLICABLE,,,QXMUHJ7XTF89,,"INSITU, INC.","INSITU, INC.",,02FP7,NU2UC8MX6NK1,,THE BOEING COMPANY,THE BOEING COMPANY,USA,UNITED STATES,118 E COLUMBIA RIVER WAY,,BINGEN,53039,KLICKITAT,53,WA,WASHINGTON,986059086,WA-03,WA-04,5094936520,5094931032,USA,UNITED STATES,HOOD RIVER,41027,HOOD RIVER,41,OR,OREGON,970310512,OR-02,OR-03,AWARD,C,DELIVERY ORDER,,,,,,,U,COST PLUS FIXED FEE,IGF::OT::IGF PROPULSION SYSTEM INTEGRATION DESIGN,,1,OT,OTHER FUNCTIONS,1550,UNMANNED AIRCRAFT,D,NOT A BUNDLED REQUIREMENT,A1A,AIRFRAMES AND SPARES,336411,AIRCRAFT MANUFACTURING,C,NO CLAUSES INCLUDED AND NO SUSTAINABILITY INCLUDED,A,U.S. OWNED BUSINESS,000,NONE,Z,NOT IT PRODUCTS OR SERVICES,E,NOT REQUIRED,USA,UNITED STATES,D,MFG IN U.S.,,,C,NOT COMPETED,SSS,ONLY ONE SOURCE,NONE,NO SET ASIDE USED.,NONE,NO PREFERENCE USED,,,,,ONE,ONLY ONE SOURCE-OTHER (FAR 6.302-1 OTHER),1,D,COMMERCIAL PRODUCTS/SERVICES PROCEDURES NOT USED,f,,,N,NO,N,NO,N,NO,,Y,YES,Y,YES,N,NO,N,NO,X,NOT APPLICABLE,,,D,BOA,S,SINGLE AWARD,,NONE,NONE,Y,YES,,,Y,TRANSACTION USES GFE/GFP,N,NO,N,NO,X,NOT APPLICABLE,,,Z,NOT APPLICABLE,N,NO,X,NOT APPLICABLE,f,f,f,f,f,f,f,f,f,f,f,f,f,f,f,f,f,f,f,OTHER THAN SMALL BUSINESS,O,f,f,f,f,f,f,f,f,f,f,f,f,f,f,f,f,f,CORPORATE NOT TAX EXEMPT,t,f,f,f,f,f,f,f,f,f,f,f,t,f,f,t,f,f,f,f,f,f,f,f,f,f,f,f,t,f,f,f,f,f,f,f,f,f,f,f,f,f,f,f,f,f,f,f,f,f,,,,,,,,,,,https://www.usaspending.gov/award/CONT_AWD_0052_9700_N0001912G0008_9700/,2022-12-15 21:00:15+00
CONT_AWD_0058_9700_N0001912G0008_9700,0058,9700,DEPT OF DEFENSE,N0001912G0008,,,,,,4585383.60,,4587210.61,4587210.61,2016-09-29,2016,2023-07-25,2023,2016-10-01,2018-09-30,2018-09-30 00:00:00,,,097,Department of Defense,1700,Department of the Navy,N00019,NAVAL AIR SYSTEMS COMMAND,097,Department of Defense,1700,Department of the Navy,N00019,NAVAL AIR SYSTEMS COMMAND,,,,,A,FOREIGN FUNDS FMS,,,QXMUHJ7XTF89,,"INSITU, INC.","INSITU, INC.",,02FP7,NU2UC8MX6NK1,,THE BOEING COMPANY,THE BOEING COMPANY,USA,UNITED STATES,118 E COLUMBIA RIVER WAY,,BINGEN,53039,KLICKITAT,53,WA,WASHINGTON,986059086,WA-04,WA-04,5094936520,5094931032,USA,UNITED STATES,BINGEN,53039,KLICKITAT,53,WA,WASHINGTON,986059086,WA-04,WA-04,AWARD,C,DELIVERY ORDER,,,,,,,J,FIRM FIXED PRICE,SPAN FMS CASE - SPARES AND REPAIR PARTS,,1,,,1550,UNMANNED AIRCRAFT,D,NOT A BUNDLED REQUIREMENT,A1A,AIRFRAMES AND SPARES,336411,AIRCRAFT MANUFACTURING,C,NO CLAUSES INCLUDED AND NO SUSTAINABILITY INCLUDED,A,U.S. OWNED BUSINESS,000,NONE,Z,NOT IT PRODUCTS OR SERVICES,A,MEETS REQUIREMENTS,USA,UNITED STATES,D,MFG IN U.S.,,,C,NOT COMPETED,SSS,ONLY ONE SOURCE,NONE,NO SET ASIDE USED.,NONE,NO PREFERENCE USED,,,,,ONE,ONLY ONE SOURCE-OTHER (FAR 6.302-1 OTHER),1,D,COMMERCIAL PRODUCTS/SERVICES PROCEDURES NOT USED,f,,,N,NO,N,NO,N,NO,,Y,YES,Y,YES,N,NO,N,NO,X,NOT APPLICABLE,,,D,BOA,S,SINGLE AWARD,,NONE,NONE,Y,YES,,,N,TRANSACTION DOES NOT USE GFE/GFP,N,NO,N,NO,X,NOT APPLICABLE,,,Z,NOT APPLICABLE,N,NO,X,NOT APPLICABLE,f,f,f,f,f,f,f,f,f,f,f,f,f,f,f,f,f,f,f,OTHER THAN SMALL BUSINESS,O,f,f,f,f,f,f,f,f,f,f,f,f,f,f,f,f,f,CORPORATE NOT TAX EXEMPT,t,f,f,f,f,f,f,f,f,f,f,f,t,f,f,t,f,f,f,f,f,f,f,f,f,f,f,f,t,f,f,f,f,f,f,f,f,f,f,f,f,f,f,f,f,f,f,f,f,f,,,,,,,,,,,https://www.usaspending.gov/award/CONT_AWD_0058_9700_N0001912G0008_9700/,2023-07-25 00:28:16+00
CONT_AWD_0070_9700_FA862010G3038_9700,0070,9700,DEPT OF DEFENSE,FA862010G3038,,,,,,13998237.25,,14375768.00,14375768.00,2012-03-22,2012,2022-01-24,2022,2012-03-23,2015-07-22,2015-07-22 00:00:00,,,097,Department of Defense,5700,Department of the Air Force,FA8620,FA8620  AFLCMC WIJK    BIG SAFARI,097,Department of Defense,5700,Department of the Air Force,F4FDAC,F4FDAC AFLCMC MAUS DIVISION WII,,,,,X,NOT APPLICABLE,,,ZH4NVFG3Z526,,"GENERAL ATOMICS AERONAUTICAL SYSTEMS, INC.","GENERAL ATOMICS AERONAUTICAL SYSTEMS, INC.",,0YJB5,YX6EL4J1WLP9,,GENERAL ATOMICS,GENERAL ATOMICS AERONAUTICAL SYSTEMS  INC.,USA,UNITED STATES,14200 KIRKHAM WAY,,POWAY,06073,SAN DIEGO,06,CA,CALIFORNIA,920647103,CA-52,CA-48,8583124309,8583122920,USA,UNITED STATES,POWAY,06073,SAN DIEGO,06,CA,CALIFORNIA,920647103,CA-52,CA-48,AWARD,C,DELIVERY ORDER,,,,,,,V,COST PLUS INCENTIVE FEE,COUNTER IMPROVISED EXPLOSIVE DEVICE,,1,OT,OTHER FUNCTIONS,1550,UNMANNED AIRCRAFT,D,NOT A BUNDLED REQUIREMENT,A1C,OTHER AIRCRAFT EQUIPMENT,336411,AIRCRAFT MANUFACTURING,C,NO CLAUSES INCLUDED AND NO SUSTAINABILITY INCLUDED,A,U.S. OWNED BUSINESS,000,NONE,Z,NOT IT PRODUCTS OR SERVICES,E,NOT REQUIRED,USA,UNITED STATES,D,MFG IN U.S.,,,C,NOT COMPETED,SSS,ONLY ONE SOURCE,NONE,NO SET ASIDE USED.,NONE,NO PREFERENCE USED,,,,,ONE,ONLY ONE SOURCE-OTHER (FAR 6.302-1 OTHER),1,D,COMMERCIAL ITEM PROCEDURES NOT USED,f,,,N,NO,X,NOT APPLICABLE,N,NO,,N,NO,X,NOT APPLICABLE,Y,YES,X,NOT APPLICABLE,X,NOT APPLICABLE,,,D,BOA,S,SINGLE AWARD,,NONE,NONE,N,NO,,,N,TRANSACTION DOES NOT USE GFE/GFP,U,UNKNOWN,N,NO,X,NOT APPLICABLE,,,Z,NOT APPLICABLE,N,NO,X,NOT APPLICABLE,f,f,f,f,f,f,f,f,f,f,f,f,f,f,f,f,f,f,f,OTHER THAN SMALL BUSINESS,O,f,f,f,f,f,f,f,f,f,f,f,f,f,f,f,f,f,CORPORATE NOT TAX EXEMPT,t,f,f,f,f,f,f,f,f,f,f,f,t,f,f,t,f,f,f,f,f,f,f,f,f,f,f,f,t,f,f,f,f,f,f,f,f,f,f,f,f,f,f,f,f,f,f,f,f,f,LINDEN P BLUE,2895083.00,JAMES N BLUE,2711455.00,DAVID R ALEXANDER,2193634.00,BARTON B ROPER,1018876.00,ELIAHU  YEHEZKEL,937199.00,https://www.usaspending.gov/award/CONT_AWD_0070_9700_FA862010G3038_9700/,2022-01-26 10:43:41+00
CONT_AWD_0070_9700_N0001912G0008_9700,0070,9700,DEPT OF DEFENSE,N0001912G0008,,,,,,956470.15,,956470.15,956470.15,2016-09-15,2016,2020-06-11,2020,2016-09-12,2018-10-27,2018-10-27 00:00:00,,,097,Department of Defense,1700,Department of the Navy,N00019,NAVAL AIR SYSTEMS COMMAND,097,Department of Defense,1700,Department of the Navy,N00019,NAVAL AIR SYSTEMS COMMAND,,,,,A,FOREIGN FUNDS FMS,,,QXMUHJ7XTF89,878164086,"INSITU, INC.","INSITU, INC.",,02FP7,NU2UC8MX6NK1,009256819,THE BOEING COMPANY,THE BOEING COMPANY,USA,UNITED STATES,118 E COLUMBIA RIVER WAY,,BINGEN,53039,KLICKITAT,53,WA,WASHINGTON,986059086,WA-03,WA-04,5094936520,5094931032,USA,UNITED STATES,BINGEN,53039,KLICKITAT,53,WA,WASHINGTON,986050004,WA-03,WA-03,AWARD,C,DELIVERY ORDER,,,,,,,J,FIRM FIXED PRICE,SCAN EAGLE TRAINING COURSE FOR FMS TUNISIA,,1,OT,OTHER FUNCTIONS,1550,UNMANNED AIRCRAFT,D,NOT A BUNDLED REQUIREMENT,A1A,AIRFRAMES AND SPARES,336411,AIRCRAFT MANUFACTURING,C,NO CLAUSES INCLUDED AND NO SUSTAINABILITY INCLUDED,A,U.S. OWNED BUSINESS,000,NONE,Z,NOT IT PRODUCTS OR SERVICES,E,NOT REQUIRED,USA,UNITED STATES,D,MFG IN U.S.,,,B,NOT AVAILABLE FOR COMPETITION,SSS,ONLY ONE SOURCE,NONE,NO SET ASIDE USED.,NONE,NO PREFERENCE USED,,,,,IA,INTERNATIONAL AGREEMENT (FAR 6.302-4),1,D,COMMERCIAL ITEM PROCEDURES NOT USED,f,,,N,NO,X,NOT APPLICABLE,N,NO,,Y,YES,Y,YES,N,NO,N,NO,X,NOT APPLICABLE,,,D,BOA,S,SINGLE AWARD,,NONE,NONE,N,NO,,,N,TRANSACTION DOES NOT USE GFE/GFP,N,NO,N,NO,X,NOT APPLICABLE,,,Z,NOT APPLICABLE,N,NO,X,NOT APPLICABLE,f,f,f,f,f,f,f,f,f,f,f,f,f,f,f,f,f,f,f,OTHER THAN SMALL BUSINESS,O,f,f,f,f,f,f,f,f,f,f,f,f,f,f,f,f,f,CORPORATE NOT TAX EXEMPT,t,f,f,f,f,f,f,f,f,f,f,f,t,f,f,t,f,f,f,f,f,f,f,f,f,f,f,f,t,f,f,f,f,f,f,f,f,f,f,f,f,f,f,f,f,f,f,f,f,f,,,,,,,,,,,https://www.usaspending.gov/award/CONT_AWD_0070_9700_N0001912G0008_9700/,2020-06-11 20:27:00+00
CONT_AWD_0073_9700_N0001912G0008_9700,0073,9700,DEPT OF DEFENSE,N0001912G0008,,,,,,5438699.78,,5811057.00,5811057.00,2016-09-28,2016,2023-03-21,2023,2016-09-28,2022-01-31,2022-01-31 00:00:00,,,097,Department of Defense,1700,Department of the Navy,N00019,NAVAL AIR SYSTEMS COMMAND,097,Department of Defense,1700,Department of the Navy,N00019,NAVAL AIR SYSTEMS COMMAND,,,,,X,NOT APPLICABLE,,,QXMUHJ7XTF89,,"INSITU, INC.","INSITU, INC.",,02FP7,NU2UC8MX6NK1,,THE BOEING COMPANY,THE BOEING COMPANY,USA,UNITED STATES,118 E COLUMBIA RIVER WAY,,BINGEN,53039,KLICKITAT,53,WA,WASHINGTON,986059086,WA-03,WA-04,5094936520,5094931032,USA,UNITED STATES,BINGEN,53039,KLICKITAT,53,WA,WASHINGTON,986059086,WA-04,WA-04,AWARD,C,DELIVERY ORDER,,,,,,,U,COST PLUS FIXED FEE,EO/IR TURRET UPGRADE,,1,,,1550,UNMANNED AIRCRAFT,D,NOT A BUNDLED REQUIREMENT,A1A,AIRFRAMES AND SPARES,336411,AIRCRAFT MANUFACTURING,C,NO CLAUSES INCLUDED AND NO SUSTAINABILITY INCLUDED,A,U.S. OWNED BUSINESS,000,NONE,Z,NOT IT PRODUCTS OR SERVICES,E,NOT REQUIRED,USA,UNITED STATES,D,MFG IN U.S.,,,C,NOT COMPETED,SSS,ONLY ONE SOURCE,NONE,NO SET ASIDE USED.,NONE,NO PREFERENCE USED,,,,,ONE,ONLY ONE SOURCE-OTHER (FAR 6.302-1 OTHER),1,D,COMMERCIAL PRODUCTS/SERVICES PROCEDURES NOT USED,f,,,N,NO,,,N,NO,,Y,YES,Y,YES,N,NO,N,NO,X,NOT APPLICABLE,,,D,BOA,S,SINGLE AWARD,,NONE,NONE,N,NO,,,N,TRANSACTION DOES NOT USE GFE/GFP,N,NO,N,NO,X,NOT APPLICABLE,,,Z,NOT APPLICABLE,N,NO,X,NOT APPLICABLE,f,f,f,f,f,f,f,f,f,f,f,f,f,f,f,f,f,f,f,OTHER THAN SMALL BUSINESS,O,f,f,f,f,f,f,f,f,f,f,f,f,f,f,f,f,f,CORPORATE NOT TAX EXEMPT,t,f,f,f,f,f,f,f,f,f,f,f,t,f,f,t,f,f,f,f,f,f,f,f,f,f,f,f,t,f,f,f,f,f,f,f,f,f,f,f,f,f,f,f,f,f,f,f,f,f,,,,,,,,,,,https://www.usaspending.gov/award/CONT_AWD_0073_9700_N0001912G0008_9700/,2023-03-21 21:10:56+00
CONT_AWD_0097_9700_FA862010G3038_9700,0097,9700,DEPT OF DEFENSE,FA862010G3038,,,,,,1965417.42,,0.00,0.01,2014-01-13,2014,2022-03-07,2022,2014-01-14,2015-04-30,2015-04-30 00:00:00,,,097,Department of Defense,5700,Department of the Air Force,FA8620,FA8620  AFLCMC WIJK    BIG SAFARI,097,Department of Defense,5700,Department of the Air Force,F4FDAC,F4FDAC AFLCMC MAUS DIVISION WII,,,,,X,NOT APPLICABLE,,,ZH4NVFG3Z526,,"GENERAL ATOMICS AERONAUTICAL SYSTEMS, INC.","GENERAL ATOMICS AERONAUTICAL SYSTEMS, INC.",,0YJB5,YX6EL4J1WLP9,,GENERAL ATOMICS,GENERAL ATOMICS AERONAUTICAL SYSTEMS  INC.,USA,UNITED STATES,14200 KIRKHAM WAY,,POWAY,06073,SAN DIEGO,06,CA,CALIFORNIA,920647103,CA-52,CA-48,8583124309,8583122920,USA,UNITED STATES,POWAY,06073,SAN DIEGO,06,CA,CALIFORNIA,920647103,CA-52,CA-48,AWARD,C,DELIVERY ORDER,,,,,,,J,FIRM FIXED PRICE,MQ-0 MALET IMPROVED COMMUNICATIONS,,1,,,1550,UNMANNED AIRCRAFT,D,NOT A BUNDLED REQUIREMENT,A7,ELECTRONICS AND COMMUNICATION EQUIPMENT,336411,AIRCRAFT MANUFACTURING,C,NO CLAUSES INCLUDED AND NO SUSTAINABILITY INCLUDED,A,U.S. OWNED BUSINESS,000,NONE,Z,NOT IT PRODUCTS OR SERVICES,E,NOT REQUIRED,USA,UNITED STATES,D,MFG IN U.S.,,,C,NOT COMPETED,SSS,ONLY ONE SOURCE,NONE,NO SET ASIDE USED.,NONE,NO PREFERENCE USED,,,,,ONE,ONLY ONE SOURCE-OTHER (FAR 6.302-1 OTHER),1,D,COMMERCIAL ITEM PROCEDURES NOT USED,f,,,N,NO,X,NOT APPLICABLE,N,NO,,N,NO,X,NOT APPLICABLE,Y,YES,X,NOT APPLICABLE,X,NOT APPLICABLE,,,D,BOA,S,SINGLE AWARD,,NONE,NONE,Y,YES,,,N,TRANSACTION DOES NOT USE GFE/GFP,U,UNKNOWN,N,NO,X,NOT APPLICABLE,,,Z,NOT APPLICABLE,N,NO,X,NOT APPLICABLE,f,f,f,f,f,f,f,f,f,f,f,f,f,f,f,f,f,f,f,OTHER THAN SMALL BUSINESS,O,f,f,f,f,f,f,f,f,f,f,f,f,f,f,f,f,f,CORPORATE NOT TAX EXEMPT,t,f,f,f,f,f,f,f,f,f,f,f,t,f,f,t,f,f,f,f,f,f,f,f,f,f,f,f,t,f,f,f,f,f,f,f,f,f,f,f,f,f,f,f,f,f,f,f,f,f,LINDEN P BLUE,2895083.00,JAMES N BLUE,2711455.00,DAVID R ALEXANDER,2193634.00,BARTON B ROPER,1018876.00,ELIAHU  YEHEZKEL,937199.00,https://www.usaspending.gov/award/CONT_AWD_0097_9700_FA862010G3038_9700/,2022-04-02 14:48:34+00
CONT_AWD_0118_9700_FA862010G3038_9700,0118,9700,DEPT OF DEFENSE,FA862010G3038,,,,,,79286312.18,,81706537.86,81706537.86,2014-02-05,2014,2021-08-19,2021,2014-02-05,2019-09-30,2019-09-30 00:00:00,,,097,Department of Defense,5700,Department of the Air Force,FA8689,FA8689  AFLCMC WIIK        UAS,097,Department of Defense,5700,Department of the Air Force,F4FDAC,F4FDAC AFLCMC MAUS DIVISION WII,,,,,X,NOT APPLICABLE,,,ZH4NVFG3Z526,824684229,"GENERAL ATOMICS AERONAUTICAL SYSTEMS, INC.","GENERAL ATOMICS AERONAUTICAL SYSTEMS, INC.",,0YJB5,YX6EL4J1WLP9,859181984,GENERAL ATOMICS,GENERAL ATOMICS AERONAUTICAL SYSTEMS  INC.,USA,UNITED STATES,14200 KIRKHAM WAY,,POWAY,06073,SAN DIEGO,06,CA,CALIFORNIA,920647103,CA-52,CA-48,8583124309,8583122920,USA,UNITED STATES,POWAY,06073,SAN DIEGO,06,CA,CALIFORNIA,920647103,CA-52,CA-48,AWARD,C,DELIVERY ORDER,,,,,,,U,COST PLUS FIXED FEE,MQ-9 EXTENDED RANGE (EF) ACCELERATION,,1,,,1550,UNMANNED AIRCRAFT,D,NOT A BUNDLED REQUIREMENT,A1A,AIRFRAMES AND SPARES,336411,AIRCRAFT MANUFACTURING,C,NO CLAUSES INCLUDED AND NO SUSTAINABILITY INCLUDED,A,U.S. OWNED BUSINESS,000,NONE,Z,NOT IT PRODUCTS OR SERVICES,E,NOT REQUIRED,USA,UNITED STATES,D,MFG IN U.S.,,,C,NOT COMPETED,SSS,ONLY ONE SOURCE,NONE,NO SET ASIDE USED.,NONE,NO PREFERENCE USED,,,,,ONE,ONLY ONE SOURCE-OTHER (FAR 6.302-1 OTHER),1,D,COMMERCIAL ITEM PROCEDURES NOT USED,f,,,N,NO,X,NOT APPLICABLE,N,NO,0.00,N,NO,X,NOT APPLICABLE,Y,YES,X,NOT APPLICABLE,X,NOT APPLICABLE,,,D,BOA,S,SINGLE AWARD,,NONE,NONE,N,NO,,,N,TRANSACTION DOES NOT USE GFE/GFP,U,UNKNOWN,N,NO,X,NOT APPLICABLE,,,Z,NOT APPLICABLE,N,NO,X,NOT APPLICABLE,f,f,f,f,f,f,f,f,f,f,f,f,f,f,f,f,f,f,f,OTHER THAN SMALL BUSINESS,O,f,f,f,f,f,f,f,f,f,f,f,f,f,f,f,f,f,CORPORATE NOT TAX EXEMPT,t,f,f,f,f,f,f,f,f,f,f,f,t,f,f,t,f,f,f,f,f,f,f,f,f,f,f,f,t,f,f,f,f,f,f,f,f,f,f,f,f,f,f,f,f,f,f,f,f,f,LINDEN P BLUE,2433022.00,JAMES N BLUE,2276657.00,DAVID R ALEXANDER,1955403.00,BARTON B ROPER,956408.00,ELIAHU  YEHEZKEL,928770.00,https://www.usaspending.gov/award/CONT_AWD_0118_9700_FA862010G3038_9700/,2021-09-01 15:59:28+00
CONT_AWD_0123_9700_FA862010G3038_9700,0123,9700,DEPT OF DEFENSE,FA862010G3038,,,,,,4889831.87,,5863061.00,5863061.00,2014-10-14,2015,2022-02-01,2022,2014-10-14,2017-04-30,2017-04-30 00:00:00,,,097,Department of Defense,5700,Department of the Air Force,FA8620,FA8620  AFLCMC WIJK    BIG SAFARI,097,Department of Defense,5700,Department of the Air Force,F4FDAC,F4FDAC AFLCMC MAUS DIVISION WII,,,,,X,NOT APPLICABLE,,,ZH4NVFG3Z526,,"GENERAL ATOMICS AERONAUTICAL SYSTEMS, INC.","GENERAL ATOMICS AERONAUTICAL SYSTEMS, INC.",,0YJB5,YX6EL4J1WLP9,,GENERAL ATOMICS,GENERAL ATOMICS AERONAUTICAL SYSTEMS  INC.,USA,UNITED STATES,14200 KIRKHAM WAY,,POWAY,06073,SAN DIEGO,06,CA,CALIFORNIA,920647103,CA-52,CA-48,8583124309,8583122920,USA,UNITED STATES,POWAY,06073,SAN DIEGO,06,CA,CALIFORNIA,920647103,CA-52,CA-48,AWARD,C,DELIVERY ORDER,,,,,,,U,COST PLUS FIXED FEE,"NEW D.O, FY15 MRC",,1,,,1550,UNMANNED AIRCRAFT,D,NOT A BUNDLED REQUIREMENT,A1A,AIRFRAMES AND SPARES,336411,AIRCRAFT MANUFACTURING,C,NO CLAUSES INCLUDED AND NO SUSTAINABILITY INCLUDED,A,U.S. OWNED BUSINESS,000,NONE,Z,NOT IT PRODUCTS OR SERVICES,E,NOT REQUIRED,USA,UNITED STATES,D,MFG IN U.S.,,,C,NOT COMPETED,SSS,ONLY ONE SOURCE,NONE,NO SET ASIDE USED.,NONE,NO PREFERENCE USED,,,,,ONE,ONLY ONE SOURCE-OTHER (FAR 6.302-1 OTHER),1,D,COMMERCIAL ITEM PROCEDURES NOT USED,f,,,N,NO,X,NOT APPLICABLE,N,NO,,N,NO,X,NOT APPLICABLE,Y,YES,X,NOT APPLICABLE,X,NOT APPLICABLE,,,D,BOA,S,SINGLE AWARD,,NONE,NONE,Y,YES,,,N,TRANSACTION DOES NOT USE GFE/GFP,U,UNKNOWN,N,NO,X,NOT APPLICABLE,,,Z,NOT APPLICABLE,N,NO,X,NOT APPLICABLE,f,f,f,f,f,f,f,f,f,f,f,f,f,f,f,f,f,f,f,OTHER THAN SMALL BUSINESS,O,f,f,f,f,f,f,f,f,f,f,f,f,f,f,f,f,f,CORPORATE NOT TAX EXEMPT,t,f,f,f,f,f,f,f,f,f,f,f,t,f,f,t,f,f,f,f,f,f,f,f,f,f,f,f,t,f,f,f,f,f,f,f,f,f,f,f,f,f,f,f,f,f,f,f,f,f,LINDEN P BLUE,2895083.00,JAMES N BLUE,2711455.00,DAVID R ALEXANDER,2193634.00,BARTON B ROPER,1018876.00,ELIAHU  YEHEZKEL,937199.00,https://www.usaspending.gov/award/CONT_AWD_0123_9700_FA862010G3038_9700/,2022-05-17 13:33:22+00
CONT_AWD_0130_9700_FA862010G3038_9700,0130,9700,DEPT OF DEFENSE,FA862010G3038,,,,,,1410416.34,,1593170.00,1593170.00,2014-08-25,2014,2022-02-10,2022,2014-08-25,2015-11-30,2015-11-30 00:00:00,,,097,Department of Defense,5700,Department of the Air Force,FA8620,FA8620  AFLCMC WIJK    BIG SAFARI,097,Department of Defense,5700,Department of the Air Force,F4FDAC,F4FDAC AFLCMC MAUS DIVISION WII,,,,,X,NOT APPLICABLE,,,ZH4NVFG3Z526,,"GENERAL ATOMICS AERONAUTICAL SYSTEMS, INC.","GENERAL ATOMICS AERONAUTICAL SYSTEMS, INC.",,0YJB5,YX6EL4J1WLP9,,GENERAL ATOMICS,GENERAL ATOMICS AERONAUTICAL SYSTEMS  INC.,USA,UNITED STATES,14200 KIRKHAM WAY,,POWAY,06073,SAN DIEGO,06,CA,CALIFORNIA,920647103,CA-52,CA-48,8583124309,8583122920,USA,UNITED STATES,POWAY,06073,SAN DIEGO,06,CA,CALIFORNIA,920647103,CA-52,CA-48,AWARD,C,DELIVERY ORDER,,,,,,,J,FIRM FIXED PRICE,MQ-9 ER PLUS HD KITS,,1,,,1550,UNMANNED AIRCRAFT,D,NOT A BUNDLED REQUIREMENT,A1A,AIRFRAMES AND SPARES,336411,AIRCRAFT MANUFACTURING,C,NO CLAUSES INCLUDED AND NO SUSTAINABILITY INCLUDED,A,U.S. OWNED BUSINESS,000,NONE,Z,NOT IT PRODUCTS OR SERVICES,E,NOT REQUIRED,USA,UNITED STATES,D,MFG IN U.S.,,,C,NOT COMPETED,SSS,ONLY ONE SOURCE,NONE,NO SET ASIDE USED.,NONE,NO PREFERENCE USED,,,,,ONE,ONLY ONE SOURCE-OTHER (FAR 6.302-1 OTHER),1,D,COMMERCIAL ITEM PROCEDURES NOT USED,f,,,N,NO,X,NOT APPLICABLE,N,NO,,N,NO,X,NOT APPLICABLE,Y,YES,X,NOT APPLICABLE,X,NOT APPLICABLE,,,D,BOA,S,SINGLE AWARD,,NONE,NONE,N,NO,,,N,TRANSACTION DOES NOT USE GFE/GFP,U,UNKNOWN,N,NO,X,NOT APPLICABLE,,,Z,NOT APPLICABLE,N,NO,X,NOT APPLICABLE,f,f,f,f,f,f,f,f,f,f,f,f,f,f,f,f,f,f,f,OTHER THAN SMALL BUSINESS,O,f,f,f,f,f,f,f,f,f,f,f,f,f,f,f,f,f,CORPORATE NOT TAX EXEMPT,t,f,f,f,f,f,f,f,f,f,f,f,t,f,f,t,f,f,f,f,f,f,f,f,f,f,f,f,t,f,f,f,f,f,f,f,f,f,f,f,f,f,f,f,f,f,f,f,f,f,LINDEN P BLUE,2895083.00,JAMES N BLUE,2711455.00,DAVID R ALEXANDER,2193634.00,BARTON B ROPER,1018876.00,ELIAHU  YEHEZKEL,937199.00,https://www.usaspending.gov/award/CONT_AWD_0130_9700_FA862010G3038_9700/,2022-05-11 13:41:52+00
CONT_AWD_0131_9700_FA862010G3038_9700,0131,9700,DEPT OF DEFENSE,FA862010G3038,,,,,,586856.55,,586856.55,1500071.55,2015-02-10,2015,2022-01-27,2022,2015-02-11,2016-07-29,2016-07-29 00:00:00,,,097,Department of Defense,5700,Department of the Air Force,FA8620,FA8620  AFLCMC WIJK    BIG SAFARI,097,Department of Defense,5700,Department of the Air Force,F4FDAC,F4FDAC AFLCMC MAUS DIVISION WII,,,,,X,NOT APPLICABLE,,,ZH4NVFG3Z526,,"GENERAL ATOMICS AERONAUTICAL SYSTEMS, INC.","GENERAL ATOMICS AERONAUTICAL SYSTEMS, INC.",,0YJB5,YX6EL4J1WLP9,,GENERAL ATOMICS,GENERAL ATOMICS AERONAUTICAL SYSTEMS  INC.,USA,UNITED STATES,14200 KIRKHAM WAY,,POWAY,06073,SAN DIEGO,06,CA,CALIFORNIA,920647103,CA-52,CA-48,8583124309,8583122920,USA,UNITED STATES,POWAY,06073,SAN DIEGO,06,CA,CALIFORNIA,920647103,CA-52,CA-48,AWARD,C,DELIVERY ORDER,,,,,,,U,COST PLUS FIXED FEE,GA-ASI MQ-9 INFRARED NOSE CAMERA UPGRADE,,1,OT,OTHER FUNCTIONS,1550,UNMANNED AIRCRAFT,D,NOT A BUNDLED REQUIREMENT,A1A,AIRFRAMES AND SPARES,336411,AIRCRAFT MANUFACTURING,C,NO CLAUSES INCLUDED AND NO SUSTAINABILITY INCLUDED,A,U.S. OWNED BUSINESS,000,NONE,Z,NOT IT PRODUCTS OR SERVICES,E,NOT REQUIRED,USA,UNITED STATES,D,MFG IN U.S.,,,C,NOT COMPETED,SSS,ONLY ONE SOURCE,NONE,NO SET ASIDE USED.,NONE,NO PREFERENCE USED,,,,,ONE,ONLY ONE SOURCE-OTHER (FAR 6.302-1 OTHER),1,D,COMMERCIAL ITEM PROCEDURES NOT USED,f,,,N,NO,X,NOT APPLICABLE,N,NO,0.00,N,NO,X,NOT APPLICABLE,Y,YES,X,NOT APPLICABLE,X,NOT APPLICABLE,,,D,BOA,S,SINGLE AWARD,,NONE,NONE,Y,YES,,,N,TRANSACTION DOES NOT USE GFE/GFP,U,UNKNOWN,N,NO,X,NOT APPLICABLE,,,Z,NOT APPLICABLE,N,NO,X,NOT APPLICABLE,f,f,f,f,f,f,f,f,f,f,f,f,f,f,f,f,f,f,f,OTHER THAN SMALL BUSINESS,O,f,f,f,f,f,f,f,f,f,f,f,f,f,f,f,f,f,CORPORATE NOT TAX EXEMPT,t,f,f,f,f,f,f,f,f,f,f,f,t,f,f,t,f,f,f,f,f,f,f,f,f,f,f,f,t,f,f,f,f,f,f,f,f,f,f,f,f,f,f,f,f,f,f,f,f,f,LINDEN P BLUE,2895083.00,JAMES N BLUE,2711455.00,DAVID R ALEXANDER,2193634.00,BARTON B ROPER,1018876.00,ELIAHU  YEHEZKEL,937199.00,https://www.usaspending.gov/award/CONT_AWD_0131_9700_FA862010G3038_9700/,2022-03-25 15:34:01+00
CONT_AWD_0140_9700_FA862010G3038_9700,0140,9700,DEPT OF DEFENSE,FA862010G3038,,,,,,25829374.04,,8624043.54,8624043.54,2015-05-08,2015,2022-09-13,2022,2015-05-08,2017-11-30,2017-11-30 00:00:00,,,097,Department of Defense,5700,Department of the Air Force,FA8620,FA8620  AFLCMC WIJK    BIG SAFARI,097,Department of Defense,5700,Department of the Air Force,F4FDAG,F4FDAG AFLCMC WI SHARED,,,,,X,NOT APPLICABLE,,,ZH4NVFG3Z526,,"GENERAL ATOMICS AERONAUTICAL SYSTEMS, INC.","GENERAL ATOMICS AERONAUTICAL SYSTEMS, INC.",,0YJB5,YX6EL4J1WLP9,,GENERAL ATOMICS,GENERAL ATOMIC TECHNOLOGIES CORPORATION,USA,UNITED STATES,14200 KIRKHAM WAY,,POWAY,06073,SAN DIEGO,06,CA,CALIFORNIA,920647103,CA-52,CA-48,8583124309,8583122920,USA,UNITED STATES,POWAY,06073,SAN DIEGO,06,CA,CALIFORNIA,920647103,CA-52,CA-48,AWARD,C,DELIVERY ORDER,,,,,,,J,FIRM FIXED PRICE,IGF::OT::IGF MQ-9 ESIP UCA,,1,,,1550,UNMANNED AIRCRAFT,D,NOT A BUNDLED REQUIREMENT,A1A,AIRFRAMES AND SPARES,336411,AIRCRAFT MANUFACTURING,C,NO CLAUSES INCLUDED AND NO SUSTAINABILITY INCLUDED,A,U.S. OWNED BUSINESS,000,NONE,Z,NOT IT PRODUCTS OR SERVICES,E,NOT REQUIRED,USA,UNITED STATES,D,MFG IN U.S.,,,C,NOT COMPETED,SSS,ONLY ONE SOURCE,NONE,NO SET ASIDE USED.,NONE,NO PREFERENCE USED,,,,,FOC,FOLLOW-ON CONTRACT (FAR 6.302-1(A)(2)(II/III)),1,D,COMMERCIAL PRODUCTS/SERVICES PROCEDURES NOT USED,f,,,N,NO,X,NOT APPLICABLE,N,NO,0.00,N,NO,X,NOT APPLICABLE,Y,YES,X,NOT APPLICABLE,X,NOT APPLICABLE,,,D,BOA,S,SINGLE AWARD,,NONE,NONE,N,NO,,,Y,TRANSACTION USES GFE/GFP,U,UNKNOWN,N,NO,X,NOT APPLICABLE,,,Z,NOT APPLICABLE,N,NO,X,NOT APPLICABLE,f,f,f,f,f,f,f,f,f,f,f,f,f,f,f,f,f,f,f,OTHER THAN SMALL BUSINESS,O,f,f,f,f,f,f,f,f,f,f,f,f,f,f,f,f,f,CORPORATE NOT TAX EXEMPT,t,f,f,f,f,f,f,f,f,f,f,f,t,f,f,t,f,f,f,f,f,f,f,f,f,f,f,f,t,f,f,f,f,f,f,f,f,f,f,f,f,f,f,f,f,f,f,f,f,f,LINDEN P BLUE,2895083.00,JAMES N BLUE,2711455.00,DAVID R ALEXANDER,2193634.00,BARTON B ROPER,1018876.00,ELIAHU  YEHEZKEL,937199.00,https://www.usaspending.gov/award/CONT_AWD_0140_9700_FA862010G3038_9700/,2022-09-14 16:45:18+00
CONT_AWD_12024B20F0119_12C2_12024B20A0002_12C2,12024B20F0119,12C2,FOREST SERVICE,12024B20A0002,Q: Not Designated Nonemergency/Emergency/Disaster/Wildfire Suppression,,,,,90000.00,90000.00,90000.00,90000.00,2020-05-22,2020,2020-05-22,2020,2020-05-22,2020-06-22,2020-06-22 00:00:00,,,012,Department of Agriculture,12C2,Forest Service,12024B,USDA FOREST SERVICE,012,Department of Agriculture,12C2,Forest Service,12024B,USDA FOREST SERVICE,012-X-1115-000,012-1115,25.1: Advisory and assistance services,0001: WILDLAND FIRE MANAGEMENT,X,NOT APPLICABLE,,,WNCJRXEDXB16,079990767,DRONE AMPLIFIED INC,"DRONE AMPLIFIED, INC.",,7HDU7,WNCJRXEDXB16,079990767,DRONE AMPLIFIED INC,DRONE AMPLIFIED,USA,UNITED STATES,1811 S PERSHING RD,,LINCOLN,31109,LANCASTER,31,NE,NEBRASKA,685024840,NE-01,NE-01,5313332828,,USA,UNITED STATES,LINCOLN,31109,LANCASTER,31,NE,NEBRASKA,685024840,NE-01,NE-01,AWARD,A,BPA CALL,,,,,,,J,FIRM FIXED PRICE,IGNIS 2.0 PSD UNIT,SN-2020-11,1,,,1550,UNMANNED AIRCRAFT,H,NOT BUNDLED,,,336413,OTHER AIRCRAFT PARTS AND AUXILIARY EQUIPMENT MANUFACTURING,C,NO CLAUSES INCLUDED AND NO SUSTAINABILITY INCLUDED,A,U.S. OWNED BUSINESS,,,,,E,NOT REQUIRED,USA,UNITED STATES,D,MFG IN U.S.,B,PLAN NOT REQUIRED,G,NOT COMPETED UNDER SAP,SP1,SIMPLIFIED ACQUISITION,NONE,NO SET ASIDE USED.,NONE,NO PREFERENCE USED,,,,,SP2,SAP NON-COMPETITION (FAR 13),1,A,COMMERCIAL ITEM,f,N,NO,N,NO,Y,YES,N,NO,,N,NO,N,NO,N,NO,X,NOT APPLICABLE,X,NOT APPLICABLE,,,E,BPA,S,SINGLE AWARD,,NONE,NONE,,,,,N,TRANSACTION DOES NOT USE GFE/GFP,,,D,NOT CONSOLIDATED,X,NOT APPLICABLE,,,,,N,NO,X,NOT APPLICABLE,f,f,f,f,f,f,f,f,f,f,f,f,f,f,f,f,f,f,f,SMALL BUSINESS,S,f,f,f,f,f,f,f,f,f,f,f,f,f,f,f,f,f,CORPORATE NOT TAX EXEMPT,t,f,f,f,f,f,f,f,f,f,f,f,t,f,f,f,f,t,f,f,f,f,f,f,f,f,f,f,t,f,f,f,f,f,f,f,f,f,f,f,f,f,f,f,f,f,f,f,f,f,,,,,,,,,,,https://www.usaspending.gov/award/CONT_AWD_12024B20F0119_12C2_12024B20A0002_12C2/,2021-04-27 17:35:33+00
CONT_AWD_12024B20F0141_12C2_12024B20A0002_12C2,12024B20F0141,12C2,FOREST SERVICE,12024B20A0002,Q: Not Designated Nonemergency/Emergency/Disaster/Wildfire Suppression,,,,,45000.00,45000.00,45000.00,45000.00,2020-06-30,2020,2020-06-30,2020,2020-06-30,2020-07-31,2020-07-31 00:00:00,,,012,Department of Agriculture,12C2,Forest Service,12024B,USDA FOREST SERVICE,012,Department of Agriculture,12C2,Forest Service,12024B,USDA FOREST SERVICE,012-X-1115-000,012-1115,31.0: Equipment,0001: WILDLAND FIRE MANAGEMENT,X,NOT APPLICABLE,,,WNCJRXEDXB16,079990767,DRONE AMPLIFIED INC,"DRONE AMPLIFIED, INC.",,7HDU7,WNCJRXEDXB16,079990767,DRONE AMPLIFIED INC,DRONE AMPLIFIED,USA,UNITED STATES,1811 S PERSHING RD,,LINCOLN,31109,LANCASTER,31,NE,NEBRASKA,685024840,NE-01,NE-01,5313332828,,USA,UNITED STATES,LINCOLN,31109,LANCASTER,31,NE,NEBRASKA,685021005,NE-01,NE-01,AWARD,A,BPA CALL,,,,,,,J,FIRM FIXED PRICE,IGNIS 2 SYSTEM&PARTS,SN-2020-11,1,OT,OTHER FUNCTIONS,1550,UNMANNED AIRCRAFT,H,NOT BUNDLED,,,336413,OTHER AIRCRAFT PARTS AND AUXILIARY EQUIPMENT MANUFACTURING,C,NO CLAUSES INCLUDED AND NO SUSTAINABILITY INCLUDED,A,U.S. OWNED BUSINESS,,,,,E,NOT REQUIRED,USA,UNITED STATES,D,MFG IN U.S.,B,PLAN NOT REQUIRED,G,NOT COMPETED UNDER SAP,SP1,SIMPLIFIED ACQUISITION,NONE,NO SET ASIDE USED.,NONE,NO PREFERENCE USED,,,,,SP2,SAP NON-COMPETITION (FAR 13),1,A,COMMERCIAL ITEM,f,N,NO,N,NO,Y,YES,N,NO,,N,NO,N,NO,N,NO,X,NOT APPLICABLE,X,NOT APPLICABLE,,,E,BPA,S,SINGLE AWARD,,NONE,NONE,,,,,N,TRANSACTION DOES NOT USE GFE/GFP,,,D,NOT CONSOLIDATED,X,NOT APPLICABLE,,,,,N,NO,X,NOT APPLICABLE,f,f,f,f,f,f,f,f,f,f,f,f,f,f,f,f,f,f,f,SMALL BUSINESS,S,f,f,f,f,f,f,f,f,f,f,f,f,f,f,f,f,f,CORPORATE NOT TAX EXEMPT,t,f,f,f,f,f,f,f,f,f,f,f,t,f,f,f,f,t,f,f,f,f,f,f,f,f,f,f,t,f,f,f,f,f,f,f,f,f,f,f,f,f,f,f,f,f,f,f,f,f,,,,,,,,,,,https://www.usaspending.gov/award/CONT_AWD_12024B20F0141_12C2_12024B20A0002_12C2/,2021-04-27 17:44:03+00
CONT_AWD_12305B20P0190_12H2_-NONE-_-NONE-,12305B20P0190,,,,Q: Not Designated Nonemergency/Emergency/Disaster/Wildfire Suppression,,,,,248751.00,248751.00,248751.00,248751.00,2020-09-16,2020,2020-09-24,2020,2020-09-09,2020-10-09,2020-12-17 00:00:00,,2020-08-27,012,Department of Agriculture,12H2,Agricultural Research Service,12305B,USDA ARS NEA AAO ACQ/PER PROP,012,Department of Agriculture,12H2,Agricultural Research Service,12305B,USDA ARS NEA AAO ACQ/PER PROP,012-2020/2020-1400-000,012-1400,26.0: Supplies and materials,0001: PRODUCT QUALITY/VALUE ADDED;0002: LIVESTOCK PRODUCTION;0003: CROP PRODUCTION;0004: FOOD SAFETY;0005: LIVESTOCK PROTECTION;0006: CROP PROTECTION;0007: HUMAN NUTRITION RESEARCH;0008: ENVIRONMENTAL STEWARDSHIP;0013: NATIONAL BIO-AGRO DEFENSE FACILITY,X,NOT APPLICABLE,,,FKL7FG5MRMB3,094852316,HEADWALL PHOTONICS INC,"HEADWALL PHOTONICS, INC.",,3G2V7,FKL7FG5MRMB3,094852316,HEADWALL PHOTONICS INC,HEADWALL PHOTONICS  INC.,USA,UNITED STATES,580 MAIN STREET,,BOLTON,25027,WORCESTER,25,MA,MASSACHUSETTS,017401368,MA-03,MA-03,9783534022,9783423719,USA,UNITED STATES,BOLTON,25027,WORCESTER,25,MA,MASSACHUSETTS,017401454,MA-03,MA-03,AWARD,B,PURCHASE ORDER,,,,,,,J,FIRM FIXED PRICE,"CO-ALIGNED VNIR/SWIR AIRBORNE PACKAGE HEADWALL PHOTONICS P/N 1007A-10404, HEADWALL LONG ENDURANCE DRONE, PAYLOAD-READY HEADWALL PHOTONICS P/N 1010A-00300",12305BQ1011868,1,,,1550,UNMANNED AIRCRAFT,H,NOT BUNDLED,,,334511,"SEARCH, DETECTION, NAVIGATION, GUIDANCE, AERONAUTICAL, AND NAUTICAL SYSTEM AND INSTRUMENT MANUFACTURING",C,NO CLAUSES INCLUDED AND NO SUSTAINABILITY INCLUDED,A,U.S. OWNED BUSINESS,,,,,E,NOT REQUIRED,USA,UNITED STATES,D,MFG IN U.S.,B,PLAN NOT REQUIRED,F,COMPETED UNDER SAP,SP1,SIMPLIFIED ACQUISITION,NONE,NO SET ASIDE USED.,NONE,NO PREFERENCE USED,,,,,,,2,B,SUPPLIES OR SERVICES PURSUANT TO FAR 12.102(F),f,N,NO,N,NO,Y,YES,N,NO,,N,NO,X,NOT APPLICABLE,X,NOT APPLICABLE,X,NOT APPLICABLE,X,NOT APPLICABLE,,,,,,,,NONE,NONE,,,,,N,TRANSACTION DOES NOT USE GFE/GFP,,,D,NOT CONSOLIDATED,X,NOT APPLICABLE,,,,,N,NO,X,NOT APPLICABLE,f,f,f,f,f,f,f,f,f,f,f,f,f,f,f,f,f,f,f,SMALL BUSINESS,S,f,f,f,f,f,f,f,f,f,f,f,f,f,f,f,f,f,CORPORATE NOT TAX EXEMPT,t,f,f,f,f,f,f,f,f,f,f,f,t,f,f,f,f,t,f,f,f,f,f,f,f,f,f,f,t,f,f,f,f,f,f,f,f,f,f,f,f,f,f,f,f,f,f,f,f,f,,,,,,,,,,,https://www.usaspending.gov/award/CONT_AWD_12305B20P0190_12H2_-NONE-_-NONE-/,2020-09-24 20:45:50+00
CONT_AWD_12405B19P0446_12H2_-NONE-_-NONE-,12405B19P0446,,,,Q: Not Designated Nonemergency/Emergency/Disaster/Wildfire Suppression,,,,,83738.00,83738.00,83738.00,83738.00,2019-09-12,2019,2020-07-07,2020,2019-09-12,2020-07-10,2020-07-10 00:00:00,,,012,Department of Agriculture,12H2,Agricultural Research Service,12405B,USDA ARS SEA AAO ACQ/PER PROP,012,Department of Agriculture,12H2,Agricultural Research Service,1244U9,USDA ARS SEA NSL,012-2019/2019-1400-000;012-2020/2020-1400-000,012-1400,25.2: Other services from non-Federal sources;31.0: Equipment,0001: PRODUCT QUALITY/VALUE ADDED;0002: LIVESTOCK PRODUCTION;0003: CROP PRODUCTION;0004: FOOD SAFETY;0005: LIVESTOCK PROTECTION;0006: CROP PROTECTION;0007: HUMAN NUTRITION RESEARCH;0008: ENVIRONMENTAL STEWARDSHIP;0011: DECENTRALIZED GSA AND SECURITY PAYMENTS;0012: HOMELAND SECURITY;0013: NATIONAL BIO-AGRO DEFENSE FACILITY;0881: SALARIES AND EXPENSES (REIMBURSABLE),X,NOT APPLICABLE,,,WMDZZUA9J1R3,080367004,SKYFRONT CORP,SKYFRONT CORP.,,8D7C2,WMDZZUA9J1R3,080367004,SKYFRONT CORP,SKYFRONT CORP.,USA,UNITED STATES,3499 EDISON WAY,,MENLO PARK,06081,SAN MATEO,06,CA,CALIFORNIA,940251813,CA-18,CA-15,6197735001,,USA,UNITED STATES,MENLO PARK,06081,SAN MATEO,06,CA,CALIFORNIA,940251813,CA-18,CA-15,AWARD,B,PURCHASE ORDER,,,,,,,J,FIRM FIXED PRICE,SKYFRONT: PERIMETER 4 UAS(BASE).,12405B19P-976895,1,,,1550,UNMANNED AIRCRAFT,H,NOT BUNDLED,,,336411,AIRCRAFT MANUFACTURING,C,NO CLAUSES INCLUDED AND NO SUSTAINABILITY INCLUDED,A,U.S. OWNED BUSINESS,,,,,E,NOT REQUIRED,USA,UNITED STATES,D,MFG IN U.S.,B,PLAN NOT REQUIRED,F,COMPETED UNDER SAP,SP1,SIMPLIFIED ACQUISITION,NONE,NO SET ASIDE USED.,NONE,NO PREFERENCE USED,,,,,,,5,A,COMMERCIAL ITEM,f,N,NO,N,NO,Y,YES,N,NO,,N,NO,X,NOT APPLICABLE,X,NOT APPLICABLE,X,NOT APPLICABLE,X,NOT APPLICABLE,,,,,,,,NONE,NONE,,,,,N,TRANSACTION DOES NOT USE GFE/GFP,,,D,NOT CONSOLIDATED,X,NOT APPLICABLE,,,,,N,NO,X,NOT APPLICABLE,f,f,f,f,f,f,f,f,f,f,f,f,f,f,f,f,f,f,f,SMALL BUSINESS,S,f,f,f,f,f,f,f,f,f,f,f,f,f,f,f,f,f,CORPORATE NOT TAX EXEMPT,t,f,f,f,f,f,f,f,f,f,f,f,f,f,f,f,f,t,f,f,f,f,f,f,f,f,f,f,t,f,f,f,f,f,f,f,f,f,f,f,f,f,f,f,f,t,f,f,f,f,,,,,,,,,,,https://www.usaspending.gov/award/CONT_AWD_12405B19P0446_12H2_-NONE-_-NONE-/,2020-07-07 14:27:55+00
CONT_AWD_12405B20F0150_12H2_GS03F0055X_4732,12405B20F0150,4732,FEDERAL ACQUISITION SERVICE,GS03F0055X,Q: Not Designated Nonemergency/Emergency/Disaster/Wildfire Suppression,,,,,45300.00,45300.00,45300.00,45300.00,2020-08-19,2020,2020-08-19,2020,2020-08-19,2020-10-05,2020-10-05 00:00:00,,,012,Department of Agriculture,12H2,Agricultural Research Service,12405B,USDA ARS SEA AAO ACQ/PER PROP,012,Department of Agriculture,12H2,Agricultural Research Service,12719U,USDA ARS SEA DBSFRC,012-X-1400-000,012-1400,31.0: Equipment,0881: SALARIES AND EXPENSES (REIMBURSABLE),X,NOT APPLICABLE,,,NP8FEU4139J4,,DIGITAL PLAZA LLC,"DIGITAL PLAZA, LLC",,5TUC4,NP8FEU4139J4,,DIGITAL PLAZA LLC,DIGITAL PLAZA LLC,USA,UNITED STATES,741 TENNIS AVE,,AMBLER,42091,MONTGOMERY,42,PA,PENNSYLVANIA,190022729,PA-04,PA-04,2157155680,8663902859,USA,UNITED STATES,AMBLER,42091,MONTGOMERY,42,PA,PENNSYLVANIA,190022729,PA-04,PA-04,AWARD,C,DELIVERY ORDER,,,,,,,J,FIRM FIXED PRICE,AGRICULTURAL DRONE WITH A MULTISPECTRAL IMAGING CAMERA SENSOR,,1,,,1550,UNMANNED AIRCRAFT,H,NOT BUNDLED,,,334310,AUDIO AND VIDEO EQUIPMENT MANUFACTURING,C,NO CLAUSES INCLUDED AND NO SUSTAINABILITY INCLUDED,A,U.S. OWNED BUSINESS,,,,,E,NOT REQUIRED,USA,UNITED STATES,D,MFG IN U.S.,B,PLAN NOT REQUIRED,A,FULL AND OPEN COMPETITION,MAFO,SUBJECT TO MULTIPLE AWARD FAIR OPPORTUNITY,,,NONE,NO PREFERENCE USED,,,FAIR,FAIR OPPORTUNITY GIVEN,,,1,A,COMMERCIAL ITEM,f,N,NO,N,NO,Y,YES,N,NO,,N,NO,X,NOT APPLICABLE,X,NOT APPLICABLE,X,NOT APPLICABLE,X,NOT APPLICABLE,,,C,FSS,M,MULTIPLE AWARD,,NONE,NONE,,,,,N,TRANSACTION DOES NOT USE GFE/GFP,,,D,NOT CONSOLIDATED,X,NOT APPLICABLE,,,,,N,NO,X,NOT APPLICABLE,f,f,f,f,f,f,f,f,f,f,f,f,f,f,f,f,f,f,f,SMALL BUSINESS,S,f,f,f,f,f,f,f,f,f,f,f,f,f,f,f,f,f,PARTNERSHIP,f,f,t,f,f,f,f,f,f,f,f,f,f,f,f,t,f,f,f,f,f,f,f,f,f,f,t,f,t,f,f,f,f,f,f,f,f,f,f,f,f,f,f,f,f,t,f,f,f,f,,,,,,,,,,,https://www.usaspending.gov/award/CONT_AWD_12405B20F0150_12H2_GS03F0055X_4732/,2025-12-27 10:14:25+00
CONT_AWD_12405B20P0338_12H2_-NONE-_-NONE-,12405B20P0338,,,,Q: Not Designated Nonemergency/Emergency/Disaster/Wildfire Suppression,,,,,20424.05,20424.05,20424.05,20424.05,2020-08-11,2020,2020-08-11,2020,2020-08-11,2020-10-30,2020-10-30 00:00:00,,,012,Department of Agriculture,12H2,Agricultural Research Service,12405B,USDA ARS SEA AAO ACQ/PER PROP,012,Department of Agriculture,12H2,Agricultural Research Service,124216,USDA ARS SEA CMAVE,012-X-1400-000,012-1400,26.0: Supplies and materials,0881: SALARIES AND EXPENSES (REIMBURSABLE),X,NOT APPLICABLE,,,N2A3BCSQKNL3,,RMUS LLC,RMUS LLC,,7N0X1,N2A3BCSQKNL3,,RMUS LLC,RC DIRECT LLC,USA,UNITED STATES,595 NORTH 1250 WEST STE 3,,CENTERVILLE,49011,DAVIS,49,UT,UTAH,840143801,UT-02,UT-02,8013163250,3852227847,USA,UNITED STATES,GAINESVILLE,12001,ALACHUA,12,FL,FLORIDA,326082135,FL-03,FL-03,AWARD,B,PURCHASE ORDER,,,,,,,J,FIRM FIXED PRICE,RMUS-NON-STOCK-1110 DJI AGRAS T16 AGRICULTURE DRONE-READY TO FLY KIT RMUS-CONFIG RMUS SYSTEM CALIBRATION AND INSPECTION BY MANUFACTURER CERTIFIED TECHNICIAN - LARGE AIRCRAFT RMUS-PILOT-PACK RMUS UAS PILOT SAFETY PACKAGE RMUS-SD HOLDER RMUS MICRO S,,1,,,1550,UNMANNED AIRCRAFT,H,NOT BUNDLED,,,336411,AIRCRAFT MANUFACTURING,C,NO CLAUSES INCLUDED AND NO SUSTAINABILITY INCLUDED,A,U.S. OWNED BUSINESS,,,,,E,NOT REQUIRED,USA,UNITED STATES,D,MFG IN U.S.,B,PLAN NOT REQUIRED,F,COMPETED UNDER SAP,SP1,SIMPLIFIED ACQUISITION,NONE,NO SET ASIDE USED.,NONE,NO PREFERENCE USED,,,,,,,3,A,COMMERCIAL ITEM,f,N,NO,N,NO,X,NOT APPLICABLE,N,NO,,N,NO,X,NOT APPLICABLE,X,NOT APPLICABLE,X,NOT APPLICABLE,X,NOT APPLICABLE,,,,,,,,NONE,NONE,,,,,N,TRANSACTION DOES NOT USE GFE/GFP,,,D,NOT CONSOLIDATED,X,NOT APPLICABLE,,,,,N,NO,X,NOT APPLICABLE,f,f,f,f,f,f,f,f,f,f,f,f,f,f,f,f,f,f,f,SMALL BUSINESS,S,f,f,f,f,f,f,f,f,f,f,f,f,f,f,f,f,f,PARTNERSHIP,f,f,t,f,f,f,f,f,f,f,f,f,f,f,f,f,f,t,f,f,f,f,f,f,f,f,t,f,t,f,f,f,f,f,f,f,f,f,f,f,f,f,f,f,f,f,f,f,f,f,,,,,,,,,,,https://www.usaspending.gov/award/CONT_AWD_12405B20P0338_12H2_-NONE-_-NONE-/,2025-12-27 10:18:05+00
CONT_AWD_12438920F0014_12H2_GS07F207CA_4732,12438920F0014,4732,FEDERAL ACQUISITION SERVICE,GS07F207CA,Q: Not Designated Nonemergency/Emergency/Disaster/Wildfire Suppression,,,,,22338.64,22338.64,22338.64,22338.64,2020-09-15,2020,2020-09-15,2020,2020-09-15,2020-11-30,2020-11-30 00:00:00,,2020-09-15,012,Department of Agriculture,12H2,Agricultural Research Service,124389,USDA ARS SEA TIFTON LSS,012,Department of Agriculture,12H2,Agricultural Research Service,124392,USDA ARS SEA SWR,012-2020/2020-1400-000,012-1400,26.0: Supplies and materials,0001: PRODUCT QUALITY/VALUE ADDED;0002: LIVESTOCK PRODUCTION;0003: CROP PRODUCTION;0004: FOOD SAFETY;0005: LIVESTOCK PROTECTION;0006: CROP PROTECTION;0007: HUMAN NUTRITION RESEARCH;0008: ENVIRONMENTAL STEWARDSHIP;0013: NATIONAL BIO-AGRO DEFENSE FACILITY;0881: SALARIES AND EXPENSES (REIMBURSABLE),X,NOT APPLICABLE,,,LDHDUCYYKGN4,,"CARON EAST, INC.","CARON EAST, INC.",,099E8,LDHDUCYYKGN4,,"CARON EAST, INC.",CARON/EAST,USA,UNITED STATES,429 N MECHANIC ST,,CUMBERLAND,24001,ALLEGANY,24,MD,MARYLAND,215022223,MD-06,MD-06,3017244490,3017246139,USA,UNITED STATES,TIFTON,13277,TIFT,13,GA,GEORGIA,317930748,GA-08,GA-08,AWARD,C,DELIVERY ORDER,,,,,,,J,FIRM FIXED PRICE,TERRAVIEW RANGEPRO X8 DRONE WITH EXTRA BATTERIES,,1,,,1550,UNMANNED AIRCRAFT,H,NOT BUNDLED,,,334515,INSTRUMENT MANUFACTURING FOR MEASURING AND TESTING ELECTRICITY AND ELECTRICAL SIGNALS,C,NO CLAUSES INCLUDED AND NO SUSTAINABILITY INCLUDED,A,U.S. OWNED BUSINESS,,,,,E,NOT REQUIRED,USA,UNITED STATES,D,MFG IN U.S.,B,PLAN NOT REQUIRED,A,FULL AND OPEN COMPETITION,MAFO,SUBJECT TO MULTIPLE AWARD FAIR OPPORTUNITY,,,NONE,NO PREFERENCE USED,,,FAIR,FAIR OPPORTUNITY GIVEN,,,1,A,COMMERCIAL ITEM,f,N,NO,N,NO,Y,YES,N,NO,,N,NO,X,NOT APPLICABLE,X,NOT APPLICABLE,X,NOT APPLICABLE,X,NOT APPLICABLE,,,C,FSS,M,MULTIPLE AWARD,,NONE,NONE,,,,,N,TRANSACTION DOES NOT USE GFE/GFP,,,D,NOT CONSOLIDATED,X,NOT APPLICABLE,,,,,N,NO,X,NOT APPLICABLE,f,f,f,f,f,f,f,f,f,f,f,f,f,f,f,f,f,f,f,SMALL BUSINESS,S,f,f,f,f,f,f,f,f,f,f,f,f,f,f,f,f,f,CORPORATE NOT TAX EXEMPT,t,f,f,f,f,f,f,f,f,f,f,f,f,f,f,f,f,t,f,f,f,f,f,f,f,t,f,f,t,f,f,f,f,f,f,f,f,f,f,f,f,f,f,f,f,f,f,f,f,f,,,,,,,,,,,https://www.usaspending.gov/award/CONT_AWD_12438920F0014_12H2_GS07F207CA_4732/,2025-09-10 06:17:07+00
CONT_AWD_12561520P0040_12H2_-NONE-_-NONE-,12561520P0040,,,,Q: Not Designated Nonemergency/Emergency/Disaster/Wildfire Suppression,,,,,18215.00,18215.00,18215.00,18215.00,2020-06-23,2020,2020-06-23,2020,2020-06-23,2020-07-10,2020-07-10 00:00:00,,2020-06-09,012,Department of Agriculture,12H2,Agricultural Research Service,125615,USDA ARS MWA MADISON LSS,012,Department of Agriculture,12H2,Agricultural Research Service,125615,USDA ARS MWA MADISON LSS,012-2020/2020-1400-000,012-1400,31.0: Equipment,0001: PRODUCT QUALITY/VALUE ADDED;0002: LIVESTOCK PRODUCTION;0003: CROP PRODUCTION;0004: FOOD SAFETY;0005: LIVESTOCK PROTECTION;0006: CROP PROTECTION;0007: HUMAN NUTRITION RESEARCH;0008: ENVIRONMENTAL STEWARDSHIP;0013: NATIONAL BIO-AGRO DEFENSE FACILITY,X,NOT APPLICABLE,,,WXM7JDQN58D1,,SKY FLIGHT ROBOTICS INC,"SKY FLIGHT ROBOTICS, INC.",,7EZW3,WXM7JDQN58D1,,SKY FLIGHT ROBOTICS INC,SKY FLIGHT ROBOTICS  INC.,USA,UNITED STATES,8975 MEMORY LN,,FREELAND,26145,SAGINAW,26,MI,MICHIGAN,486239120,MI-04,MI-08,9895132342,,USA,UNITED STATES,PRAIRIE DU SAC,55111,SAUK,55,WI,WISCONSIN,535789600,WI-02,WI-02,AWARD,B,PURCHASE ORDER,,,,,,,J,FIRM FIXED PRICE,DJI MATRICE 200 (HEXACOPTER DRONE) WITH MICASENSE ALTUM SENSOR KIT,12561520Q0036,1,,,1550,UNMANNED AIRCRAFT,H,NOT BUNDLED,,,336411,AIRCRAFT MANUFACTURING,C,NO CLAUSES INCLUDED AND NO SUSTAINABILITY INCLUDED,A,U.S. OWNED BUSINESS,,,,,E,NOT REQUIRED,CHN,CHINA,J,MFG OUTSIDE U.S. - DOMESTIC NONAVAILABILITY,B,PLAN NOT REQUIRED,F,COMPETED UNDER SAP,SP1,SIMPLIFIED ACQUISITION,SBA,SMALL BUSINESS SET ASIDE - TOTAL,NONE,NO PREFERENCE USED,,,,,,,10,A,COMMERCIAL ITEM,f,N,NO,N,NO,Y,YES,N,NO,,N,NO,X,NOT APPLICABLE,X,NOT APPLICABLE,X,NOT APPLICABLE,X,NOT APPLICABLE,,,,,,,,NONE,NONE,,,,,N,TRANSACTION DOES NOT USE GFE/GFP,,,D,NOT CONSOLIDATED,X,NOT APPLICABLE,,,,,N,NO,X,NOT APPLICABLE,f,f,f,f,f,f,f,t,t,f,f,f,f,f,f,f,f,f,f,SMALL BUSINESS,S,f,f,f,f,f,f,f,f,f,f,f,f,f,f,f,f,f,CORPORATE NOT TAX EXEMPT,t,f,f,f,f,f,f,f,f,f,f,f,f,f,f,f,f,t,f,f,f,f,f,f,f,t,f,f,t,f,f,f,f,f,f,f,f,f,f,f,f,f,f,f,f,t,f,f,f,f,,,,,,,,,,,https://www.usaspending.gov/award/CONT_AWD_12561520P0040_12H2_-NONE-_-NONE-/,2024-09-24 14:51:08+00
CONT_AWD_12619720F0331_12K3_GS07F207CA_4732,12619720F0331,4732,FEDERAL ACQUISITION SERVICE,GS07F207CA,Q: Not Designated Nonemergency/Emergency/Disaster/Wildfire Suppression,,,,,22577.93,22577.93,22577.93,22577.93,2020-09-10,2020,2020-09-10,2020,2020-09-10,2020-09-30,2020-09-30 00:00:00,,,012,Department of Agriculture,12K3,Animal and Plant Health Inspection Service,126197,VS DB AMES IA,012,Department of Agriculture,12H2,Agricultural Research Service,126125,USDA ARS MWA NADC,012-2020/2020-1400-000,012-1400,31.0: Equipment,0001: PRODUCT QUALITY/VALUE ADDED;0002: LIVESTOCK PRODUCTION;0003: CROP PRODUCTION;0004: FOOD SAFETY;0005: LIVESTOCK PROTECTION;0006: CROP PROTECTION;0007: HUMAN NUTRITION RESEARCH;0008: ENVIRONMENTAL STEWARDSHIP;0013: NATIONAL BIO-AGRO DEFENSE FACILITY,X,NOT APPLICABLE,,,LDHDUCYYKGN4,003077286,"CARON EAST, INC.","CARON EAST, INC.",,099E8,LDHDUCYYKGN4,003077286,"CARON EAST, INC.",CARON/EAST,USA,UNITED STATES,429 N MECHANIC ST,,CUMBERLAND,24001,ALLEGANY,24,MD,MARYLAND,215022223,MD-06,MD-06,3017244490,3017246139,USA,UNITED STATES,AMES,19169,STORY,19,IA,IOWA,500113611,IA-04,IA-04,AWARD,C,DELIVERY ORDER,,,,,,,J,FIRM FIXED PRICE,TERRAVIEW RANGEPRO X8 (RPX8-P-122-K-G),,1,,,1550,UNMANNED AIRCRAFT,H,NOT BUNDLED,,,334515,INSTRUMENT MANUFACTURING FOR MEASURING AND TESTING ELECTRICITY AND ELECTRICAL SIGNALS,C,NO CLAUSES INCLUDED AND NO SUSTAINABILITY INCLUDED,A,U.S. OWNED BUSINESS,,,,,E,NOT REQUIRED,USA,UNITED STATES,D,MFG IN U.S.,B,PLAN NOT REQUIRED,A,FULL AND OPEN COMPETITION,MAFO,SUBJECT TO MULTIPLE AWARD FAIR OPPORTUNITY,,,NONE,NO PREFERENCE USED,,,FAIR,FAIR OPPORTUNITY GIVEN,,,1,A,COMMERCIAL ITEM,f,N,NO,N,NO,Y,YES,N,NO,,N,NO,X,NOT APPLICABLE,X,NOT APPLICABLE,X,NOT APPLICABLE,X,NOT APPLICABLE,,,C,FSS,M,MULTIPLE AWARD,,NONE,NONE,,,,,N,TRANSACTION DOES NOT USE GFE/GFP,,,D,NOT CONSOLIDATED,X,NOT APPLICABLE,,,,,N,NO,X,NOT APPLICABLE,f,f,f,f,f,f,f,f,f,f,f,f,f,f,f,f,f,f,f,SMALL BUSINESS,S,f,f,f,f,f,f,f,f,f,f,f,f,f,f,f,f,f,CORPORATE NOT TAX EXEMPT,t,f,f,f,f,f,f,f,f,f,f,f,f,f,f,f,f,t,f,f,f,f,f,f,f,t,f,f,t,f,f,f,f,f,f,f,f,f,f,f,f,f,f,f,f,f,f,f,f,f,,,,,,,,,,,https://www.usaspending.gov/award/CONT_AWD_12619720F0331_12K3_GS07F207CA_4732/,2020-09-10 13:21:30+00
CONT_AWD_12639520P0387_12K3_-NONE-_-NONE-,12639520P0387,,,,Q: Not Designated Nonemergency/Emergency/Disaster/Wildfire Suppression,,,,,33200.00,33200.00,33200.00,33200.00,2020-08-24,2020,2020-08-24,2020,2020-08-24,2020-09-30,2020-09-30 00:00:00,,,012,Department of Agriculture,12K3,Animal and Plant Health Inspection Service,126395,MRPBS MINNEAPOLIS MN,012,Department of Agriculture,12K3,Animal and Plant Health Inspection Service,128KFJ,WS FERAL SWINE FORT COLLINS CO,012-2020/2020-1600-000,012-1600,31.0: Equipment,0003: WILDLIFE SERVICES,X,NOT APPLICABLE,,,FFXMNNU3PPQ3,,EMPIRE DRONE CO LLC,EMPIRE DRONE COMPANY LLC,,8FJR2,FFXMNNU3PPQ3,,EMPIRE DRONE CO LLC,EMPIRE DRONE COMPANY LLC,USA,UNITED STATES,14 CANALVIEW MALL,,FULTON,36075,OSWEGO,36,NY,NEW YORK,130691733,NY-24,NY-24,3157434285,,USA,UNITED STATES,FORT COLLINS,08069,LARIMER,08,CO,COLORADO,805212722,CO-02,CO-02,AWARD,B,PURCHASE ORDER,,,,,,,J,FIRM FIXED PRICE,DRONE - AUTEL ROBOTICS EVO 2 UAS DUAL WITH 8K AND THERMAL CAMERA BUNDLE,12639520Q090,1,,,1550,UNMANNED AIRCRAFT,H,NOT BUNDLED,,,336411,AIRCRAFT MANUFACTURING,C,NO CLAUSES INCLUDED AND NO SUSTAINABILITY INCLUDED,A,U.S. OWNED BUSINESS,,,,,E,NOT REQUIRED,USA,UNITED STATES,D,MFG IN U.S.,B,PLAN NOT REQUIRED,F,COMPETED UNDER SAP,SP1,SIMPLIFIED ACQUISITION,SBA,SMALL BUSINESS SET ASIDE - TOTAL,NONE,NO PREFERENCE USED,,,,,,,6,A,COMMERCIAL ITEM,f,N,NO,N,NO,Y,YES,N,NO,,N,NO,N,NO,N,NO,N,NO,X,NOT APPLICABLE,,,,,,,,NONE,NONE,,,,,N,TRANSACTION DOES NOT USE GFE/GFP,,,D,NOT CONSOLIDATED,X,NOT APPLICABLE,,,,,N,NO,X,NOT APPLICABLE,f,f,f,f,f,f,f,f,f,f,f,f,f,f,f,f,f,f,f,SMALL BUSINESS,S,f,f,f,f,f,f,f,f,f,f,f,f,f,f,f,f,f,PARTNERSHIP,f,f,t,f,f,f,f,f,f,f,f,f,f,f,f,f,f,t,f,f,f,f,f,f,f,f,t,f,t,f,f,f,f,f,f,f,f,f,f,f,f,f,f,f,t,t,f,f,f,f,,,,,,,,,,,https://www.usaspending.gov/award/CONT_AWD_12639520P0387_12K3_-NONE-_-NONE-/,2025-09-08 06:10:36+00
CONT_AWD_1263VY20P0019_12H2_-NONE-_-NONE-,1263VY20P0019,,,,Q: Not Designated Nonemergency/Emergency/Disaster/Wildfire Suppression,,,,,32115.00,32115.00,32115.00,32115.00,2020-09-21,2020,2020-09-21,2020,2020-09-21,2020-12-31,2020-12-31 00:00:00,,2020-08-31,012,Department of Agriculture,12H2,Agricultural Research Service,1263VY,USDA ARS MWA ST PAUL LSS,012,Department of Agriculture,12H2,Agricultural Research Service,1263VY,USDA ARS MWA ST PAUL LSS,012-2020/2020-1400-000,012-1400,31.0: Equipment,0001: PRODUCT QUALITY/VALUE ADDED;0002: LIVESTOCK PRODUCTION;0003: CROP PRODUCTION;0004: FOOD SAFETY;0005: LIVESTOCK PROTECTION;0006: CROP PROTECTION;0007: HUMAN NUTRITION RESEARCH;0008: ENVIRONMENTAL STEWARDSHIP;0013: NATIONAL BIO-AGRO DEFENSE FACILITY,X,NOT APPLICABLE,,,CM16HNKKLFL8,,"SLANTRANGE, INC.","SLANTRANGE, INC.",,8QJA5,CM16HNKKLFL8,,"SLANTRANGE, INC.",SLANTRANGE  INC.,USA,UNITED STATES,4901 MORENA BLVD STE 701,,SAN DIEGO,06073,SAN DIEGO,06,CA,CALIFORNIA,921173430,CA-52,CA-51,8587611178,,USA,UNITED STATES,SAN DIEGO,06073,SAN DIEGO,06,CA,CALIFORNIA,921173430,CA-52,CA-51,AWARD,B,PURCHASE ORDER,,,,,,,J,FIRM FIXED PRICE,DRONE AND ACCESORIES,1263VY20S0010,1,,,1550,UNMANNED AIRCRAFT,H,NOT BUNDLED,,,518210,"DATA PROCESSING, HOSTING, AND RELATED SERVICES",C,NO CLAUSES INCLUDED AND NO SUSTAINABILITY INCLUDED,A,U.S. OWNED BUSINESS,,,,,A,MEETS REQUIREMENTS,USA,UNITED STATES,D,MFG IN U.S.,B,PLAN NOT REQUIRED,F,COMPETED UNDER SAP,SP1,SIMPLIFIED ACQUISITION,SBA,SMALL BUSINESS SET ASIDE - TOTAL,NONE,NO PREFERENCE USED,,,,,,,2,A,COMMERCIAL ITEM,f,N,NO,N,NO,Y,YES,N,NO,,N,NO,N,NO,N,NO,N,NO,X,NOT APPLICABLE,,,,,,,,NONE,NONE,,,,,N,TRANSACTION DOES NOT USE GFE/GFP,,,D,NOT CONSOLIDATED,X,NOT APPLICABLE,,,,,N,NO,X,NOT APPLICABLE,f,f,f,f,f,f,f,f,f,f,f,f,f,f,f,f,f,f,f,SMALL BUSINESS,S,f,f,f,f,f,f,f,f,f,f,f,f,f,f,f,f,f,CORPORATE NOT TAX EXEMPT,t,f,f,f,f,f,f,f,f,f,f,f,f,f,f,f,f,t,f,f,f,f,f,f,f,f,f,f,t,f,f,f,f,f,f,f,f,f,f,f,f,f,f,f,f,t,f,f,f,f,,,,,,,,,,,https://www.usaspending.gov/award/CONT_AWD_1263VY20P0019_12H2_-NONE-_-NONE-/,2025-09-07 06:08:24+00
CONT_AWD_12661220P0046_12H2_-NONE-_-NONE-,12661220P0046,,,,Q: Not Designated Nonemergency/Emergency/Disaster/Wildfire Suppression,,,,,28806.00,28806.00,28806.00,28806.00,2020-09-03,2020,2020-09-03,2020,2020-09-03,2020-12-31,2020-12-31 00:00:00,,2020-07-19,012,Department of Agriculture,12H2,Agricultural Research Service,126612,USDA ARS PA RRVARC,012,Department of Agriculture,12H2,Agricultural Research Service,126652,USDA ARS PA RRVARC SPBR,012-2020/2020-1400-000,012-1400,31.0: Equipment,0001: PRODUCT QUALITY/VALUE ADDED;0002: LIVESTOCK PRODUCTION;0003: CROP PRODUCTION;0004: FOOD SAFETY;0005: LIVESTOCK PROTECTION;0006: CROP PROTECTION;0007: HUMAN NUTRITION RESEARCH;0008: ENVIRONMENTAL STEWARDSHIP;0013: NATIONAL BIO-AGRO DEFENSE FACILITY,X,NOT APPLICABLE,,,ZKKSEN4FCB89,,"FLORIDA DRONE SUPPLY, INC.","FLORIDA DRONE SUPPLY, INC.",,89ZV6,ZKKSEN4FCB89,,"FLORIDA DRONE SUPPLY, INC.",FLORIDA DRONE SUPPLY  INC.,USA,UNITED STATES,16335 S TAMIAMI TRL,,FORT MYERS,12071,LEE,12,FL,FLORIDA,339085327,FL-19,FL-19,2393988254,,USA,UNITED STATES,FARGO,38017,CASS,38,ND,NORTH DAKOTA,581022765,ND-00,ND-00,AWARD,B,PURCHASE ORDER,,,,,,,J,FIRM FIXED PRICE,UNMANNED AERIAL VEHICLE AND REMOTE SENSOR,12661220Q0035,1,,,1550,UNMANNED AIRCRAFT,H,NOT BUNDLED,,,541360,GEOPHYSICAL SURVEYING AND MAPPING SERVICES,C,NO CLAUSES INCLUDED AND NO SUSTAINABILITY INCLUDED,A,U.S. OWNED BUSINESS,,,,,E,NOT REQUIRED,USA,UNITED STATES,D,MFG IN U.S.,B,PLAN NOT REQUIRED,F,COMPETED UNDER SAP,SP1,SIMPLIFIED ACQUISITION,SBA,SMALL BUSINESS SET ASIDE - TOTAL,NONE,NO PREFERENCE USED,,,,,,,5,A,COMMERCIAL ITEM,f,N,NO,N,NO,Y,YES,N,NO,,N,NO,N,NO,N,NO,N,NO,X,NOT APPLICABLE,,,,,,,,NONE,NONE,,,,,N,TRANSACTION DOES NOT USE GFE/GFP,,,D,NOT CONSOLIDATED,X,NOT APPLICABLE,,,,,N,NO,X,NOT APPLICABLE,f,f,f,f,f,f,f,f,f,f,f,f,f,f,f,f,f,f,f,SMALL BUSINESS,S,f,f,f,f,f,f,f,f,f,f,f,f,f,f,f,f,f,CORPORATE NOT TAX EXEMPT,t,f,f,f,f,f,f,f,f,f,f,f,f,f,f,f,f,t,f,f,f,f,f,f,f,f,t,f,t,f,f,f,f,f,f,f,f,f,f,f,f,f,f,f,f,t,f,f,f,f,,,,,,,,,,,https://www.usaspending.gov/award/CONT_AWD_12661220P0046_12H2_-NONE-_-NONE-/,2025-07-11 12:51:31+00
CONT_AWD_12805B19P0270_12H2_-NONE-_-NONE-,12805B19P0270,,,,Q: Not Designated Nonemergency/Emergency/Disaster/Wildfire Suppression,,,,,0.00,0.00,0.00,0.00,2019-09-29,2019,2022-02-28,2022,2019-09-29,2020-01-31,2020-01-31 00:00:00,,,012,Department of Agriculture,12H2,Agricultural Research Service,12805B,USDA ARS PA AAO ACQ/PER PROP,012,Department of Agriculture,12H2,Agricultural Research Service,12805B,USDA ARS PA AAO ACQ/PER PROP,012-2019/2019-1400-000,012-1400,31.0: Equipment,0001: PRODUCT QUALITY/VALUE ADDED;0002: LIVESTOCK PRODUCTION;0003: CROP PRODUCTION;0004: FOOD SAFETY;0005: LIVESTOCK PROTECTION;0006: CROP PROTECTION;0007: HUMAN NUTRITION RESEARCH;0008: ENVIRONMENTAL STEWARDSHIP;0011: DECENTRALIZED GSA AND SECURITY PAYMENTS;0012: HOMELAND SECURITY;0013: NATIONAL BIO-AGRO DEFENSE FACILITY,X,NOT APPLICABLE,,,WMSKU27JXQN8,084566077,IMPOSSIBLE AEROSPACE CORPORATION,IMPOSSIBLE AEROSPACE CORPORATION,,8B2M9,WMSKU27JXQN8,084566077,IMPOSSIBLE AEROSPACE CORPORATION,IMPOSSIBLE AEROSPACE CORPORATION,USA,UNITED STATES,2222 RONALD ST,,SANTA CLARA,06085,SANTA CLARA,06,CA,CALIFORNIA,950502846,CA-17,CA-17,6696003949,,USA,UNITED STATES,SANTA CLARA,06085,SANTA CLARA,06,CA,CALIFORNIA,950504563,CA-17,CA-17,AWARD,B,PURCHASE ORDER,,,,,,,J,FIRM FIXED PRICE,DRONE WITH FLIR 336X512 PACKAGE,,1,,,1550,UNMANNED AIRCRAFT,H,NOT BUNDLED,,,336411,AIRCRAFT MANUFACTURING,C,NO CLAUSES INCLUDED AND NO SUSTAINABILITY INCLUDED,A,U.S. OWNED BUSINESS,,,,,E,NOT REQUIRED,USA,UNITED STATES,D,MFG IN U.S.,B,PLAN NOT REQUIRED,G,NOT COMPETED UNDER SAP,SP1,SIMPLIFIED ACQUISITION,NONE,NO SET ASIDE USED.,NONE,NO PREFERENCE USED,,,,,SP2,SAP NON-COMPETITION (FAR 13),1,A,COMMERCIAL ITEM,f,N,NO,N,NO,X,NOT APPLICABLE,N,NO,,N,NO,X,NOT APPLICABLE,X,NOT APPLICABLE,X,NOT APPLICABLE,X,NOT APPLICABLE,,,,,,,,NONE,NONE,,,,,N,TRANSACTION DOES NOT USE GFE/GFP,,,D,NOT CONSOLIDATED,X,NOT APPLICABLE,,,,,N,NO,X,NOT APPLICABLE,f,f,f,f,f,f,f,f,f,f,f,f,f,f,f,f,f,f,f,SMALL BUSINESS,S,f,f,f,f,f,f,f,f,f,f,f,f,f,f,f,f,f,CORPORATE NOT TAX EXEMPT,t,f,f,f,f,f,f,f,f,f,f,f,f,f,f,f,f,t,f,f,f,f,f,f,f,f,f,f,t,f,f,f,f,f,f,f,f,f,f,f,f,f,f,f,f,f,f,f,f,f,,,,,,,,,,,https://www.usaspending.gov/award/CONT_AWD_12805B19P0270_12H2_-NONE-_-NONE-/,2022-02-28 19:08:21+00
CONT_AWD_1281J820P0008_12H2_-NONE-_-NONE-,1281J820P0008,,,,Q: Not Designated Nonemergency/Emergency/Disaster/Wildfire Suppression,,,,,28459.00,28459.00,28459.00,28459.00,2020-07-01,2020,2020-07-01,2020,2020-07-01,2020-10-01,2020-10-01 00:00:00,,2020-06-17,012,Department of Agriculture,12H2,Agricultural Research Service,1281J8,USDA ARS PWA ALARC,012,Department of Agriculture,12H2,Agricultural Research Service,1281J8,USDA ARS PWA ALARC,012-2020/2020-1400-000,012-1400,26.0: Supplies and materials,0001: PRODUCT QUALITY/VALUE ADDED;0002: LIVESTOCK PRODUCTION;0003: CROP PRODUCTION;0004: FOOD SAFETY;0005: LIVESTOCK PROTECTION;0006: CROP PROTECTION;0007: HUMAN NUTRITION RESEARCH;0008: ENVIRONMENTAL STEWARDSHIP;0013: NATIONAL BIO-AGRO DEFENSE FACILITY,X,NOT APPLICABLE,,,XLM3L9N1V7M5,,"ENTERPRISE UAS, LLC","ENTERPRISE UAS, LLC",,7WW01,XLM3L9N1V7M5,,"ENTERPRISE UAS, LLC",NEAT BRANDS LLC,USA,UNITED STATES,19850 NORDHOFF PL,,CHATSWORTH,06037,LOS ANGELES,06,CA,CALIFORNIA,913116607,CA-30,CA-32,8184563735,,USA,UNITED STATES,MARICOPA,04021,PINAL,04,AZ,ARIZONA,851387927,AZ-01,AZ-02,AWARD,B,PURCHASE ORDER,,,,,,,J,FIRM FIXED PRICE,PURCHASE OF A MATRICE 210 V2 PREMIUM AGRICULTURE PACKAGE,1281J820Q0005,1,,,1550,UNMANNED AIRCRAFT,H,NOT BUNDLED,,,336411,AIRCRAFT MANUFACTURING,C,NO CLAUSES INCLUDED AND NO SUSTAINABILITY INCLUDED,A,U.S. OWNED BUSINESS,,,,,E,NOT REQUIRED,USA,UNITED STATES,D,MFG IN U.S.,B,PLAN NOT REQUIRED,F,COMPETED UNDER SAP,SP1,SIMPLIFIED ACQUISITION,SBA,SMALL BUSINESS SET ASIDE - TOTAL,NONE,NO PREFERENCE USED,,,,,,,7,A,COMMERCIAL ITEM,f,N,NO,N,NO,Y,YES,N,NO,,N,NO,N,NO,N,NO,N,NO,X,NOT APPLICABLE,,,,,,,,NONE,NONE,,,,,N,TRANSACTION DOES NOT USE GFE/GFP,,,D,NOT CONSOLIDATED,X,NOT APPLICABLE,,,,,N,NO,X,NOT APPLICABLE,f,f,f,f,f,f,f,f,f,f,f,f,t,f,f,f,f,f,t,SMALL BUSINESS,S,f,f,f,f,f,f,f,f,f,f,f,f,f,f,f,f,f,PARTNERSHIP,f,f,t,f,f,f,f,f,f,f,f,f,f,f,f,f,f,t,f,f,f,f,f,f,f,f,t,f,t,f,f,f,f,f,f,f,f,f,f,f,f,f,f,f,f,f,f,f,f,f,,,,,,,,,,,https://www.usaspending.gov/award/CONT_AWD_1281J820P0008_12H2_-NONE-_-NONE-/,2025-09-07 06:08:07+00
CONT_AWD_12905B20P0191_12H2_-NONE-_-NONE-,12905B20P0191,,,,Q: Not Designated Nonemergency/Emergency/Disaster/Wildfire Suppression,,,,,35000.00,35000.00,35000.00,35000.00,2020-09-11,2020,2020-09-11,2020,2020-09-11,2020-11-30,2020-11-30 00:00:00,,,012,Department of Agriculture,12H2,Agricultural Research Service,12905B,USDA ARS PWA AAO ACQ/PER PROP,012,Department of Agriculture,12H2,Agricultural Research Service,128415,USDA ARS PA PIBMSR,012-2020/2020-1400-000,012-1400,31.0: Equipment,0001: PRODUCT QUALITY/VALUE ADDED;0002: LIVESTOCK PRODUCTION;0003: CROP PRODUCTION;0004: FOOD SAFETY;0005: LIVESTOCK PROTECTION;0006: CROP PROTECTION;0007: HUMAN NUTRITION RESEARCH;0008: ENVIRONMENTAL STEWARDSHIP;0013: NATIONAL BIO-AGRO DEFENSE FACILITY,X,NOT APPLICABLE,,,TEMLAZ57Q5N4,,RDO CONSTRUCTION EQUIPMENT CO.,RDO CONSTRUCTION EQUIPMENT CO,,1KCP5,UNYPDNA2RXT1,,RDO HOLDINGS CO.,RDO CONSTRUCTION EQUIPMENT CO,USA,UNITED STATES,5221 MIDLAND RD,,BILLINGS,30111,YELLOWSTONE,30,MT,MONTANA,591016341,MT-00,MT-02,4062595536,4062562269,USA,UNITED STATES,BILLINGS,30111,YELLOWSTONE,30,MT,MONTANA,591010106,MT-00,MT-02,AWARD,B,PURCHASE ORDER,,,,,,,J,FIRM FIXED PRICE,DRONE  - UAV PROFESSIONAL PACKAGE WITH RX1R II&HP PPK,12905B20Q1015798,1,,,1550,UNMANNED AIRCRAFT,H,NOT BUNDLED,,,336411,AIRCRAFT MANUFACTURING,C,NO CLAUSES INCLUDED AND NO SUSTAINABILITY INCLUDED,A,U.S. OWNED BUSINESS,,,,,E,NOT REQUIRED,USA,UNITED STATES,D,MFG IN U.S.,B,PLAN NOT REQUIRED,F,COMPETED UNDER SAP,SP1,SIMPLIFIED ACQUISITION,NONE,NO SET ASIDE USED.,NONE,NO PREFERENCE USED,,,,,,,2,A,COMMERCIAL ITEM,f,N,NO,N,NO,Y,YES,N,NO,,N,NO,N,NO,N,NO,N,NO,X,NOT APPLICABLE,,,,,,,,NONE,NONE,,,,,N,TRANSACTION DOES NOT USE GFE/GFP,,,D,NOT CONSOLIDATED,X,NOT APPLICABLE,,,,,N,NO,X,NOT APPLICABLE,f,f,f,f,f,f,f,f,f,f,f,f,f,f,f,f,f,f,f,OTHER THAN SMALL BUSINESS,O,f,f,f,f,f,f,f,f,f,f,f,f,f,f,f,f,f,CORPORATE NOT TAX EXEMPT,t,f,f,f,f,f,f,f,f,f,f,f,f,f,f,f,f,t,f,f,f,f,f,f,f,t,f,f,t,f,f,f,f,f,f,f,f,f,f,f,f,f,f,f,f,f,f,f,f,f,,,,,,,,,,,https://www.usaspending.gov/award/CONT_AWD_12905B20P0191_12H2_-NONE-_-NONE-/,2025-09-03 06:08:40+00
CONT_AWD_12905B20P0203_12H2_-NONE-_-NONE-,12905B20P0203,,,,Q: Not Designated Nonemergency/Emergency/Disaster/Wildfire Suppression,,,,,26900.00,26900.00,26900.00,26900.00,2020-09-18,2020,2020-09-18,2020,2020-09-18,2020-10-30,2020-10-30 00:00:00,,,012,Department of Agriculture,12H2,Agricultural Research Service,12905B,USDA ARS PWA AAO ACQ/PER PROP,012,Department of Agriculture,12H2,Agricultural Research Service,12042Q,USDA ARS PWA HCR,012-2020/2020-1400-000,012-1400,31.0: Equipment,0001: PRODUCT QUALITY/VALUE ADDED;0002: LIVESTOCK PRODUCTION;0003: CROP PRODUCTION;0004: FOOD SAFETY;0005: LIVESTOCK PROTECTION;0006: CROP PROTECTION;0007: HUMAN NUTRITION RESEARCH;0008: ENVIRONMENTAL STEWARDSHIP;0013: NATIONAL BIO-AGRO DEFENSE FACILITY,X,NOT APPLICABLE,,,YGJHGBKJKDB5,,ADVEXURE LLC,ADVEXURE LLC,,8FF59,YGJHGBKJKDB5,,ADVEXURE LLC,ADVEXURE LLC,USA,UNITED STATES,65 LAKE CT,,SHEBOYGAN,55117,SHEBOYGAN,55,WI,WISCONSIN,530812923,WI-06,WI-06,8556252055,,USA,UNITED STATES,SHEBOYGAN,55117,SHEBOYGAN,55,WI,WISCONSIN,530818547,WI-06,WI-06,AWARD,B,PURCHASE ORDER,,,,,,,J,FIRM FIXED PRICE,DRONE,12905B20Q1012928,1,,,1550,UNMANNED AIRCRAFT,H,NOT BUNDLED,,,336411,AIRCRAFT MANUFACTURING,C,NO CLAUSES INCLUDED AND NO SUSTAINABILITY INCLUDED,A,U.S. OWNED BUSINESS,,,,,E,NOT REQUIRED,USA,UNITED STATES,D,MFG IN U.S.,B,PLAN NOT REQUIRED,F,COMPETED UNDER SAP,SP1,SIMPLIFIED ACQUISITION,NONE,NO SET ASIDE USED.,NONE,NO PREFERENCE USED,,,,,,,3,A,COMMERCIAL ITEM,f,N,NO,N,NO,Y,YES,N,NO,,N,NO,N,NO,N,NO,N,NO,X,NOT APPLICABLE,,,,,,,,NONE,NONE,,,,,N,TRANSACTION DOES NOT USE GFE/GFP,,,D,NOT CONSOLIDATED,X,NOT APPLICABLE,,,,,N,NO,X,NOT APPLICABLE,f,f,f,f,f,f,f,f,f,f,f,f,f,f,f,f,f,f,f,SMALL BUSINESS,S,f,f,f,f,f,f,f,f,f,f,f,f,f,f,f,f,f,CORPORATE NOT TAX EXEMPT,t,f,f,f,f,f,f,f,f,f,f,f,f,f,f,f,f,t,f,f,f,f,f,f,f,f,t,f,t,f,f,f,f,f,f,f,f,f,f,f,f,f,f,f,f,t,f,f,f,f,,,,,,,,,,,https://www.usaspending.gov/award/CONT_AWD_12905B20P0203_12H2_-NONE-_-NONE-/,2025-09-07 06:09:57+00
CONT_AWD_1305M219PNCNJ0362_1330_-NONE-_-NONE-,1305M219PNCNJ0362,,,,Q: Not Designated Nonemergency/Emergency/Disaster/Wildfire Suppression,,,,,0.00,0.00,0.00,0.00,2019-09-06,2019,2022-04-07,2022,2019-09-06,2020-09-06,2020-09-06 00:00:00,,,013,Department of Commerce,1330,National Oceanic and Atmospheric Administration,1305M2,DEPT OF COMMERCE NOAA,013,Department of Commerce,1330,National Oceanic and Atmospheric Administration,1333BZ,NATIONAL OCEAN SERVICE,013-2019/2020-1450-000,013-1450,31.0: Equipment,0001: NATIONAL OCEAN SERVICE,X,NOT APPLICABLE,,,GWP3HBP9H3X7,,EDUPORIUM INC,"EDUPORIUM, INC.",,7KBC5,GWP3HBP9H3X7,,EDUPORIUM INC,FOR YOUR STUDENT  INC.,USA,UNITED STATES,1 BRIDGE STREET SUITE A300,,NEWTON,25017,MIDDLESEX,25,MA,MASSACHUSETTS,024581138,MA-04,MA-04,6176007230,,USA,UNITED STATES,SILVER SPRING,24031,MONTGOMERY,24,MD,MARYLAND,209106233,MD-08,MD-08,AWARD,B,PURCHASE ORDER,,,,,,,J,FIRM FIXED PRICE,UNMANNED AERIAL SYSTEMS,,1,OT,OTHER FUNCTIONS,1550,UNMANNED AIRCRAFT,H,NOT BUNDLED,,,336411,AIRCRAFT MANUFACTURING,C,NO CLAUSES INCLUDED AND NO SUSTAINABILITY INCLUDED,A,U.S. OWNED BUSINESS,,,,,E,NOT REQUIRED,CHN,CHINA,J,MFG OUTSIDE U.S. - DOMESTIC NONAVAILABILITY,B,PLAN NOT REQUIRED,F,COMPETED UNDER SAP,SP1,SIMPLIFIED ACQUISITION,SBA,SMALL BUSINESS SET ASIDE - TOTAL,NONE,NO PREFERENCE USED,,,,,,,3,A,COMMERCIAL ITEM,f,N,NO,N,NO,X,NOT APPLICABLE,N,NO,,N,NO,X,NOT APPLICABLE,X,NOT APPLICABLE,X,NOT APPLICABLE,X,NOT APPLICABLE,,,,,,,,NONE,NONE,,,,,N,TRANSACTION DOES NOT USE GFE/GFP,,,D,NOT CONSOLIDATED,X,NOT APPLICABLE,,,,,N,NO,X,NOT APPLICABLE,f,f,f,f,f,f,f,f,f,f,f,f,t,f,f,t,f,f,f,SMALL BUSINESS,S,f,f,f,f,f,f,f,f,f,f,f,f,f,f,f,f,f,CORPORATE NOT TAX EXEMPT,t,f,f,f,f,f,f,f,f,f,f,f,f,f,f,f,f,t,f,f,f,f,f,f,f,f,f,f,t,f,f,f,f,f,f,f,f,f,f,f,f,f,f,f,f,t,f,f,f,f,,,,,,,,,,,https://www.usaspending.gov/award/CONT_AWD_1305M219PNCNJ0362_1330_-NONE-_-NONE-/,2022-04-07 09:11:34+00
CONT_AWD_1305M219PNMAN0483_1330_-NONE-_-NONE-,1305M219PNMAN0483,,,,Q: Not Designated Nonemergency/Emergency/Disaster/Wildfire Suppression,,,,,662353.00,0.00,662353.00,662353.00,2019-09-12,2019,2022-03-30,2022,2019-09-12,2022-09-12,2022-09-12 00:00:00,,,013,Department of Commerce,1330,National Oceanic and Atmospheric Administration,1305M2,DEPT OF COMMERCE NOAA,013,Department of Commerce,1330,National Oceanic and Atmospheric Administration,1333CB,OFFICE OF MARINE&AVIATION OPER.,013-2019/2020-1450-000;013-2020/2021-1450-000,013-1450,25.2: Other services from non-Federal sources,0000: UNKNOWN/OTHER;0003: OCEANIC AND ATMOSPHERIC RESEARCH,X,NOT APPLICABLE,,,FXERKLFCETB4,791029551,"L3 LATITUDE, LLC","L3 LATITUDE, LLC",,4PL48,SJULQDJ8NZU7,004203337,"L3HARRIS TECHNOLOGIES, INC",L3 TECHNOLOGIES  INC.,USA,UNITED STATES,744 SOUTH EUCLID AVENUE,,TUCSON,04019,PIMA,04,AZ,ARIZONA,857196626,AZ-03,AZ-07,5207922006,,USA,UNITED STATES,TUCSON,04019,PIMA,04,AZ,ARIZONA,857196626,AZ-03,AZ-07,AWARD,B,PURCHASE ORDER,,,,,,,J,FIRM FIXED PRICE,UNMANNED AIRCRAFT SYSTEM,1305M219QNMAN0835,1,OT,OTHER FUNCTIONS,1550,UNMANNED AIRCRAFT,H,NOT BUNDLED,,,336411,AIRCRAFT MANUFACTURING,C,NO CLAUSES INCLUDED AND NO SUSTAINABILITY INCLUDED,A,U.S. OWNED BUSINESS,,,,,E,NOT REQUIRED,USA,UNITED STATES,D,MFG IN U.S.,A,PLAN NOT INCLUDED - NO SUBCONTRACTING POSSIBILITIES,G,NOT COMPETED UNDER SAP,SP1,SIMPLIFIED ACQUISITION,NONE,NO SET ASIDE USED.,NONE,NO PREFERENCE USED,,,,,SP2,SAP NON-COMPETITION (FAR 13),1,A,COMMERCIAL ITEM,f,Y,YES,N,NO,Y,YES,N,NO,,N,NO,X,NOT APPLICABLE,X,NOT APPLICABLE,X,NOT APPLICABLE,X,NOT APPLICABLE,,,,,,,,NONE,NONE,,,,,N,TRANSACTION DOES NOT USE GFE/GFP,,,D,NOT CONSOLIDATED,X,NOT APPLICABLE,,,,,N,NO,X,NOT APPLICABLE,f,f,f,f,f,f,f,f,f,f,f,f,f,f,f,f,f,f,f,OTHER THAN SMALL BUSINESS,O,f,f,f,f,f,f,f,f,f,f,f,f,f,f,f,f,f,CORPORATE NOT TAX EXEMPT,t,f,f,f,f,f,f,f,f,f,f,f,f,f,f,f,f,t,f,f,f,f,f,f,f,t,f,f,t,f,f,f,f,f,f,f,f,f,f,f,f,f,f,f,f,f,f,f,f,f,,,,,,,,,,,https://www.usaspending.gov/award/CONT_AWD_1305M219PNMAN0483_1330_-NONE-_-NONE-/,2022-03-30 09:49:21+00
CONT_AWD_1305M220PNWWN0487_1330_-NONE-_-NONE-,1305M220PNWWN0487,,,,Q: Not Designated Nonemergency/Emergency/Disaster/Wildfire Suppression,,,,,17250.00,0.00,17250.00,17250.00,2020-08-17,2020,2020-08-17,2020,2020-08-17,2020-09-18,2020-09-18 00:00:00,,,013,Department of Commerce,1330,National Oceanic and Atmospheric Administration,1305M2,DEPT OF COMMERCE NOAA,013,Department of Commerce,1330,National Oceanic and Atmospheric Administration,1333CA,NATIONAL WEATHER SERVICE,013-2020/2021-1450-000,013-1450,26.0: Supplies and materials;31.0: Equipment,0000: UNKNOWN/OTHER,X,NOT APPLICABLE,,,FFXMNNU3PPQ3,116943596,EMPIRE DRONE CO LLC,EMPIRE DRONE COMPANY LLC,,8FJR2,FFXMNNU3PPQ3,116943596,EMPIRE DRONE CO LLC,EMPIRE DRONE COMPANY LLC,USA,UNITED STATES,14 CANALVIEW MALL,,FULTON,36075,OSWEGO,36,NY,NEW YORK,130691733,NY-24,NY-24,3157434285,,USA,UNITED STATES,FULTON,36075,OSWEGO,36,NY,NEW YORK,130691733,NY-24,NY-24,AWARD,B,PURCHASE ORDER,,,,,,,J,FIRM FIXED PRICE,DRONES FOR NWS,1305M220QNWWN0257,1,,,1550,UNMANNED AIRCRAFT,H,NOT BUNDLED,,,336411,AIRCRAFT MANUFACTURING,C,NO CLAUSES INCLUDED AND NO SUSTAINABILITY INCLUDED,A,U.S. OWNED BUSINESS,,,,,E,NOT REQUIRED,USA,UNITED STATES,D,MFG IN U.S.,B,PLAN NOT REQUIRED,F,COMPETED UNDER SAP,SP1,SIMPLIFIED ACQUISITION,SBA,SMALL BUSINESS SET ASIDE - TOTAL,NONE,NO PREFERENCE USED,,,,,,,5,A,COMMERCIAL ITEM,f,N,NO,N,NO,Y,YES,N,NO,,N,NO,X,NOT APPLICABLE,X,NOT APPLICABLE,Y,YES,X,NOT APPLICABLE,,,,,,,,NONE,NONE,,,,,N,TRANSACTION DOES NOT USE GFE/GFP,,,D,NOT CONSOLIDATED,X,NOT APPLICABLE,,,,,N,NO,X,NOT APPLICABLE,f,f,f,f,f,f,f,f,f,f,f,f,f,f,f,f,f,f,f,SMALL BUSINESS,S,f,f,f,f,f,f,f,f,f,f,f,f,f,f,f,f,f,PARTNERSHIP,f,f,t,f,f,f,f,f,f,f,f,f,f,f,f,f,f,t,f,f,f,f,f,f,f,f,t,f,t,f,f,f,f,f,f,f,f,f,f,f,f,f,f,f,t,t,f,f,f,f,,,,,,,,,,,https://www.usaspending.gov/award/CONT_AWD_1305M220PNWWN0487_1330_-NONE-_-NONE-/,2020-10-26 10:32:48+00
CONT_AWD_1305M320PNFFR0282_1330_-NONE-_-NONE-,1305M320PNFFR0282,,,,Q: Not Designated Nonemergency/Emergency/Disaster/Wildfire Suppression,,,,,107750.00,0.00,107750.00,111750.00,2020-06-09,2020,2024-12-17,2025,2020-06-09,2024-09-30,2024-09-30 00:00:00,,,013,Department of Commerce,1330,National Oceanic and Atmospheric Administration,1305M3,DEPT OF COMMERCE NOAA,013,Department of Commerce,1330,National Oceanic and Atmospheric Administration,1333BY,NATIONAL MARINE FISHERIES SERVICE,013-2020/2021-1450-000;013-2023/2024-1450-000;013-X-1450-000,013-1450,25.2: Other services from non-Federal sources;31.0: Equipment,0000: UNKNOWN/OTHER;0002: NATIONAL MARINE FISHERIES SERVICE,X,NOT APPLICABLE,,,RWSSL6M747L5,,AERIAL IMAGING SOLUTIONS LLC,AERIAL IMAGING SOLUTIONS LLC,,3KNV9,RWSSL6M747L5,,AERIAL IMAGING SOLUTIONS LLC,AERIAL IMAGING SOLUTIONS LLC,USA,UNITED STATES,5 MYRICA WAY,,OLD LYME,09130,LOWER CONNECTICUT RIVER VALLEY,09,CT,CONNECTICUT,063711874,CT-02,CT-02,8604343637,,USA,UNITED STATES,OLD LYME,09130,NEW LONDON,09,CT,CONNECTICUT,063711874,CT-02,CT-02,AWARD,B,PURCHASE ORDER,,,,,,,J,FIRM FIXED PRICE,"HEXACOPTER UNITS, MAINTENANCE AND TRAINING",NFFR7000-20-02491CM2,1,,,1550,UNMANNED AIRCRAFT,H,NOT BUNDLED,,,336411,AIRCRAFT MANUFACTURING,C,NO CLAUSES INCLUDED AND NO SUSTAINABILITY INCLUDED,A,U.S. OWNED BUSINESS,,,,,E,NOT REQUIRED,USA,UNITED STATES,D,MFG IN U.S.,B,PLAN NOT REQUIRED,G,NOT COMPETED UNDER SAP,SP1,SIMPLIFIED ACQUISITION,NONE,NO SET ASIDE USED.,NONE,NO PREFERENCE USED,,,,,SP2,SAP NON-COMPETITION (FAR 13),1,A,COMMERCIAL PRODUCTS/SERVICES,f,N,NO,N,NO,Y,YES,N,NO,,N,NO,X,NOT APPLICABLE,X,NOT APPLICABLE,X,NOT APPLICABLE,X,NOT APPLICABLE,,,,,,,,,,,,,,N,TRANSACTION DOES NOT USE GFE/GFP,,,D,NOT CONSOLIDATED,X,NOT APPLICABLE,,,,,N,NO,X,NOT APPLICABLE,f,f,f,f,f,t,f,f,f,f,f,f,f,f,f,f,f,f,f,SMALL BUSINESS,S,f,f,f,f,f,f,f,f,f,f,f,f,f,f,f,f,f,OTHER,f,f,f,f,f,f,f,f,f,f,f,f,f,f,f,f,f,t,f,f,f,f,f,f,f,f,t,f,t,f,f,f,f,f,f,f,f,f,f,f,f,f,f,f,f,f,f,f,f,f,,,,,,,,,,,https://www.usaspending.gov/award/CONT_AWD_1305M320PNFFR0282_1330_-NONE-_-NONE-/,2024-12-17 14:50:25+00
CONT_AWD_1305M320PNRMA0102_1330_-NONE-_-NONE-,1305M320PNRMA0102,,,,,,,,,10256.50,0.00,10256.50,10256.50,2019-12-31,2020,2019-12-31,2020,2019-12-31,2020-02-01,2020-02-01 00:00:00,,,013,Department of Commerce,1330,National Oceanic and Atmospheric Administration,1305M3,DEPT OF COMMERCE NOAA,013,Department of Commerce,1330,National Oceanic and Atmospheric Administration,1333CD,OFC OF OCEANIC&ATMOSPH. RESEARCH,013-2019/2020-1450-000,013-1450,26.0: Supplies and materials;31.0: Equipment,,X,NOT APPLICABLE,,,N2A3BCSQKNL3,068014485,RMUS LLC,RMUS LLC,,7N0X1,N2A3BCSQKNL3,068014485,RMUS LLC,RC DIRECT LLC,USA,UNITED STATES,595 NORTH 1250 WEST STE 3,,CENTERVILLE,49011,DAVIS,49,UT,UTAH,840143801,UT-02,UT-02,8013163250,3852227847,USA,UNITED STATES,CENTERVILLE,49011,DAVIS,49,UT,UTAH,840143801,UT-02,UT-02,AWARD,B,PURCHASE ORDER,,,,,,,J,FIRM FIXED PRICE,DJI MATRICE M600 DRONE PRO GOVERNMENT EDITION,,1,,,1550,UNMANNED AIRCRAFT,H,NOT BUNDLED,,,336411,AIRCRAFT MANUFACTURING,C,NO CLAUSES INCLUDED AND NO SUSTAINABILITY INCLUDED,A,U.S. OWNED BUSINESS,,,,,E,NOT REQUIRED,USA,UNITED STATES,D,MFG IN U.S.,B,PLAN NOT REQUIRED,F,COMPETED UNDER SAP,SP1,SIMPLIFIED ACQUISITION,SBA,SMALL BUSINESS SET ASIDE - TOTAL,NONE,NO PREFERENCE USED,,,,,,,1,A,COMMERCIAL ITEM,f,N,NO,N,NO,X,NOT APPLICABLE,N,NO,,N,NO,X,NOT APPLICABLE,X,NOT APPLICABLE,X,NOT APPLICABLE,X,NOT APPLICABLE,,,,,,,,NONE,NONE,,,,,N,TRANSACTION DOES NOT USE GFE/GFP,,,D,NOT CONSOLIDATED,X,NOT APPLICABLE,,,,,N,NO,X,NOT APPLICABLE,f,f,f,f,f,f,f,f,f,f,f,f,f,f,f,f,f,f,f,SMALL BUSINESS,S,f,f,f,f,f,f,f,f,f,f,f,f,f,f,f,f,f,PARTNERSHIP,f,f,t,f,f,f,f,f,f,f,f,f,f,f,f,f,f,t,f,f,f,f,f,f,f,f,t,f,t,f,f,f,f,f,f,f,f,f,f,f,f,f,f,f,f,f,f,f,f,f,,,,,,,,,,,https://www.usaspending.gov/award/CONT_AWD_1305M320PNRMA0102_1330_-NONE-_-NONE-/,2021-03-08 12:38:55+00
CONT_AWD_1333MF19PNFFS0331_1330_-NONE-_-NONE-,1333MF19PNFFS0331,,,,Q: Not Designated Nonemergency/Emergency/Disaster/Wildfire Suppression,,,,,15777.00,0.00,15777.00,15777.00,2019-09-18,2019,2022-10-17,2023,2019-09-18,2020-04-30,2020-04-30 00:00:00,,,013,Department of Commerce,1330,National Oceanic and Atmospheric Administration,1333MF,DEPT OF COMMERCE NOAA,013,Department of Commerce,1330,National Oceanic and Atmospheric Administration,1333BY,NATIONAL MARINE FISHERIES SERVICE,013-2019/2020-1450-000;013-X-1450-000,013-1450,26.0: Supplies and materials;31.0: Equipment,0002: NATIONAL MARINE FISHERIES SERVICE,X,NOT APPLICABLE,,,C162Q3X6SMN7,,"PRECISION HAWK USA, INC.",,,77MT5,C162Q3X6SMN7,,"PRECISION HAWK USA, INC.",PRECISION HAWK USA  INC.,USA,UNITED STATES,8601 SIX FORKS RD STE 600,,RALEIGH,37183,WAKE,37,NC,NORTH CAROLINA,276155296,NC-04,NC-02,7035820885,,USA,UNITED STATES,JUNEAU,02110,JUNEAU,02,AK,ALASKA,998018344,AK-00,AK-00,AWARD,B,PURCHASE ORDER,,,,,,,J,FIRM FIXED PRICE,DJI MAVIC PRO DRONES,ABL-19127,1,OT,OTHER FUNCTIONS,1550,UNMANNED AIRCRAFT,H,NOT BUNDLED,,,336411,AIRCRAFT MANUFACTURING,C,NO CLAUSES INCLUDED AND NO SUSTAINABILITY INCLUDED,C,FOREIGN-OWNED BUSINESS INCORPORATED IN THE U.S.,,,,,E,NOT REQUIRED,USA,UNITED STATES,D,MFG IN U.S.,B,PLAN NOT REQUIRED,F,COMPETED UNDER SAP,SP1,SIMPLIFIED ACQUISITION,SBA,SMALL BUSINESS SET ASIDE - TOTAL,NONE,NO PREFERENCE USED,,,,,,,3,A,COMMERCIAL PRODUCTS/SERVICES,f,N,NO,N,NO,X,NOT APPLICABLE,N,NO,,N,NO,X,NOT APPLICABLE,X,NOT APPLICABLE,X,NOT APPLICABLE,X,NOT APPLICABLE,,,,,,,,NONE,NONE,,,,,N,TRANSACTION DOES NOT USE GFE/GFP,,,D,NOT CONSOLIDATED,X,NOT APPLICABLE,,,,,N,NO,X,NOT APPLICABLE,f,f,f,f,f,f,f,f,f,f,f,f,f,f,f,f,f,f,f,SMALL BUSINESS,S,f,f,f,f,f,f,f,f,f,f,f,f,f,f,f,f,f,CORPORATE NOT TAX EXEMPT,t,f,f,f,f,f,f,f,f,f,f,f,f,f,f,f,f,t,f,f,f,f,f,f,f,f,f,t,t,f,f,f,f,f,f,f,f,f,f,f,f,f,f,f,f,f,f,f,f,f,,,,,,,,,,,https://www.usaspending.gov/award/CONT_AWD_1333MF19PNFFS0331_1330_-NONE-_-NONE-/,2022-11-01 22:19:06+00
CONT_AWD_1333ND20PNB730222_1341_-NONE-_-NONE-,1333ND20PNB730222,,,,,,,,,1615.00,0.00,1615.00,1615.00,2020-03-30,2020,2020-03-30,2020,2020-03-30,2020-04-15,2020-04-15 00:00:00,,2020-03-05,013,Department of Commerce,1341,National Institute of Standards and Technology,1333ND,DEPT OF COMMERCE NIST,013,Department of Commerce,1341,National Institute of Standards and Technology,1333ND,DEPT OF COMMERCE NIST,013-X-0500-000,013-0500,31.0: Equipment,,X,NOT APPLICABLE,,,YY9CNSAKZSC6,079396385,DRONE NERDS INC,DRONE NERDS INC,,7UMV3,YY9CNSAKZSC6,079396385,DRONE NERDS INC,DRONE NERDS INC,USA,UNITED STATES,5553 RAVENSWOOD RD STE 109,,FORT LAUDERDALE,12011,BROWARD,12,FL,FLORIDA,333126655,FL-23,FL-25,7864855239,,USA,UNITED STATES,FORT LAUDERDALE,12011,BROWARD,12,FL,FLORIDA,333126655,FL-23,FL-25,AWARD,B,PURCHASE ORDER,,,,,,,J,FIRM FIXED PRICE,PARROT ANAFI THERMAL DRONE PACK,NB735110-20-00470,1,,,1550,UNMANNED AIRCRAFT,H,NOT BUNDLED,,,336411,AIRCRAFT MANUFACTURING,C,NO CLAUSES INCLUDED AND NO SUSTAINABILITY INCLUDED,A,U.S. OWNED BUSINESS,,,,,E,NOT REQUIRED,FRA,FRANCE,J,MFG OUTSIDE U.S. - DOMESTIC NONAVAILABILITY,B,PLAN NOT REQUIRED,F,COMPETED UNDER SAP,SP1,SIMPLIFIED ACQUISITION,NONE,NO SET ASIDE USED.,NONE,NO PREFERENCE USED,,,,,,,3,A,COMMERCIAL ITEM,f,N,NO,N,NO,Y,YES,N,NO,,N,NO,N,NO,N,NO,N,NO,X,NOT APPLICABLE,,,,,,,,NONE,NONE,,,,,N,TRANSACTION DOES NOT USE GFE/GFP,,,D,NOT CONSOLIDATED,X,NOT APPLICABLE,,,,,N,NO,X,NOT APPLICABLE,f,f,f,f,f,f,f,f,f,f,f,f,f,f,f,f,f,f,f,SMALL BUSINESS,S,f,f,f,f,f,f,f,f,f,f,f,f,f,f,f,f,f,CORPORATE NOT TAX EXEMPT,t,f,f,f,f,f,f,f,f,f,f,f,f,f,f,f,f,t,f,f,f,f,f,f,f,f,f,f,t,f,f,f,f,f,f,f,f,f,f,f,f,f,f,f,f,f,f,f,f,f,,,,,,,,,,,https://www.usaspending.gov/award/CONT_AWD_1333ND20PNB730222_1341_-NONE-_-NONE-/,2021-10-07 11:09:37+00
CONT_AWD_140D8018F0398_1406_140D8018D0055_1406,140D8018F0398,1406,DEPARTMENTAL OFFICES,140D8018D0055,,,,,,61641.00,0.00,61641.00,61641.00,2018-03-21,2018,2021-08-19,2021,2018-03-21,2019-02-20,2019-02-20 00:00:00,,,014,Department of the Interior,1406,Departmental Offices,140D04,IBC ACQ SVCS DIRECTORATE (00004),014,Department of the Interior,1406,Departmental Offices,140D82,OFFICE OF AVIATION SERVICES (00082),014-X-4523-000,014-4523,31.0: Equipment,0807: WCF REIMBURSABLE ACTIVITIES,X,NOT APPLICABLE,,,LV1FMQQDDNK5,040635272,"BIRDSEYEVIEW AEROBOTICS, INC.","BIRDSEYEVIEW AEROBOTICS, LLC",,7CXW3,LV1FMQQDDNK5,040635272,"BIRDSEYEVIEW AEROBOTICS, INC.",BIRDSEYEVIEW LLC,USA,UNITED STATES,926 ROUTE 114,,BRADFORD,33013,MERRIMACK,33,NH,NEW HAMPSHIRE,032216218,NH-02,NH-02,6033067810,,USA,UNITED STATES,BRADFORD,33013,MERRIMACK,33,NH,NEW HAMPSHIRE,032216218,NH-02,NH-02,AWARD,C,DELIVERY ORDER,,,,,,,J,FIRM FIXED PRICE,UNMANNED AERIAL SYSTEM (UAS),,1,OT,OTHER FUNCTIONS,1550,UNMANNED AIRCRAFT,H,NOT BUNDLED,,,336413,OTHER AIRCRAFT PARTS AND AUXILIARY EQUIPMENT MANUFACTURING,C,NO CLAUSES INCLUDED AND NO SUSTAINABILITY INCLUDED,A,U.S. OWNED BUSINESS,,,,,E,NOT REQUIRED,USA,UNITED STATES,D,MFG IN U.S.,B,PLAN NOT REQUIRED,F,COMPETED UNDER SAP,SP1,SIMPLIFIED ACQUISITION,,,NONE,NO PREFERENCE USED,,,,,,,,A,COMMERCIAL ITEM,f,Y,YES,N,NO,Y,YES,N,NO,,N,NO,X,NOT APPLICABLE,X,NOT APPLICABLE,X,NOT APPLICABLE,A,ECONOMY ACT,,,B,IDC,S,SINGLE AWARD,,NONE,NONE,N,NO,,,N,TRANSACTION DOES NOT USE GFE/GFP,,,D,NOT CONSOLIDATED,X,NOT APPLICABLE,N,NO,,,N,NO,X,NOT APPLICABLE,f,f,f,f,f,f,f,f,f,f,f,f,f,f,f,f,f,f,f,SMALL BUSINESS,S,f,f,f,f,f,f,f,f,f,f,f,f,f,f,f,f,f,SOLE PROPRIETORSHIP,f,f,f,t,f,f,f,f,f,f,f,f,t,f,f,f,f,t,f,f,f,f,f,f,f,f,f,f,t,f,f,f,f,f,f,f,f,f,f,f,f,f,f,f,f,f,f,f,f,f,,,,,,,,,,,https://www.usaspending.gov/award/CONT_AWD_140D8018F0398_1406_140D8018D0055_1406/,2021-08-19 09:28:45+00
CONT_AWD_140D8018F0443_1406_140D8018D0055_1406,140D8018F0443,1406,DEPARTMENTAL OFFICES,140D8018D0055,,,,,,22222.00,0.00,22222.00,22222.00,2018-04-03,2018,2021-08-19,2021,2018-04-03,2019-02-20,2019-02-20 00:00:00,,,014,Department of the Interior,1406,Departmental Offices,140D04,IBC ACQ SVCS DIRECTORATE (00004),014,Department of the Interior,1406,Departmental Offices,140D82,OFFICE OF AVIATION SERVICES (00082),014-X-4523-000,014-4523,31.0: Equipment,0807: WCF REIMBURSABLE ACTIVITIES,X,NOT APPLICABLE,,,LV1FMQQDDNK5,040635272,"BIRDSEYEVIEW AEROBOTICS, INC.","BIRDSEYEVIEW AEROBOTICS, LLC",,7CXW3,LV1FMQQDDNK5,040635272,"BIRDSEYEVIEW AEROBOTICS, INC.",BIRDSEYEVIEW LLC,USA,UNITED STATES,926 ROUTE 114,,BRADFORD,33013,MERRIMACK,33,NH,NEW HAMPSHIRE,032216218,NH-02,NH-02,6033067810,,USA,UNITED STATES,BRADFORD,33013,MERRIMACK,33,NH,NEW HAMPSHIRE,032216218,NH-02,NH-02,AWARD,C,DELIVERY ORDER,,,,,,,J,FIRM FIXED PRICE,DELIVERY ORDER FOR UNMANNED AERIAL SYSTEM,,1,OT,OTHER FUNCTIONS,1550,UNMANNED AIRCRAFT,H,NOT BUNDLED,,,336413,OTHER AIRCRAFT PARTS AND AUXILIARY EQUIPMENT MANUFACTURING,C,NO CLAUSES INCLUDED AND NO SUSTAINABILITY INCLUDED,A,U.S. OWNED BUSINESS,,,,,E,NOT REQUIRED,USA,UNITED STATES,D,MFG IN U.S.,B,PLAN NOT REQUIRED,F,COMPETED UNDER SAP,SP1,SIMPLIFIED ACQUISITION,,,NONE,NO PREFERENCE USED,,,,,,,,A,COMMERCIAL ITEM,f,Y,YES,N,NO,Y,YES,N,NO,,N,NO,X,NOT APPLICABLE,X,NOT APPLICABLE,X,NOT APPLICABLE,A,ECONOMY ACT,,,B,IDC,S,SINGLE AWARD,,NONE,NONE,N,NO,,,N,TRANSACTION DOES NOT USE GFE/GFP,,,D,NOT CONSOLIDATED,X,NOT APPLICABLE,N,NO,,,N,NO,X,NOT APPLICABLE,f,f,f,f,f,f,f,f,f,f,f,f,f,f,f,f,f,f,f,SMALL BUSINESS,S,f,f,f,f,f,f,f,f,f,f,f,f,f,f,f,f,f,SOLE PROPRIETORSHIP,f,f,f,t,f,f,f,f,f,f,f,f,t,f,f,f,f,t,f,f,f,f,f,f,f,f,f,f,t,f,f,f,f,f,f,f,f,f,f,f,f,f,f,f,f,f,f,f,f,f,,,,,,,,,,,https://www.usaspending.gov/award/CONT_AWD_140D8018F0443_1406_140D8018D0055_1406/,2021-08-19 10:05:40+00
CONT_AWD_140D8018F0444_1406_140D8018D0055_1406,140D8018F0444,1406,DEPARTMENTAL OFFICES,140D8018D0055,,,,,,16348.00,0.00,16348.00,16348.00,2018-04-03,2018,2021-08-20,2021,2018-04-03,2019-02-20,2019-02-20 00:00:00,,,014,Department of the Interior,1406,Departmental Offices,140D04,IBC ACQ SVCS DIRECTORATE (00004),014,Department of the Interior,1406,Departmental Offices,140D82,OFFICE OF AVIATION SERVICES (00082),014-X-4523-000,014-4523,31.0: Equipment,0807: WCF REIMBURSABLE ACTIVITIES,X,NOT APPLICABLE,,,LV1FMQQDDNK5,040635272,"BIRDSEYEVIEW AEROBOTICS, INC.","BIRDSEYEVIEW AEROBOTICS, LLC",,7CXW3,LV1FMQQDDNK5,040635272,"BIRDSEYEVIEW AEROBOTICS, INC.",BIRDSEYEVIEW LLC,USA,UNITED STATES,926 ROUTE 114,,BRADFORD,33013,MERRIMACK,33,NH,NEW HAMPSHIRE,032216218,NH-02,NH-02,6033067810,,USA,UNITED STATES,BRADFORD,33013,MERRIMACK,33,NH,NEW HAMPSHIRE,032216218,NH-02,NH-02,AWARD,C,DELIVERY ORDER,,,,,,,J,FIRM FIXED PRICE,DELIVERY ORDER FOR UNMANNED AERIAL SYSTEM,,1,OT,OTHER FUNCTIONS,1550,UNMANNED AIRCRAFT,H,NOT BUNDLED,,,336413,OTHER AIRCRAFT PARTS AND AUXILIARY EQUIPMENT MANUFACTURING,C,NO CLAUSES INCLUDED AND NO SUSTAINABILITY INCLUDED,A,U.S. OWNED BUSINESS,,,,,E,NOT REQUIRED,USA,UNITED STATES,D,MFG IN U.S.,B,PLAN NOT REQUIRED,F,COMPETED UNDER SAP,SP1,SIMPLIFIED ACQUISITION,,,NONE,NO PREFERENCE USED,,,,,,,,A,COMMERCIAL ITEM,f,Y,YES,N,NO,Y,YES,N,NO,,N,NO,X,NOT APPLICABLE,X,NOT APPLICABLE,X,NOT APPLICABLE,A,ECONOMY ACT,,,B,IDC,S,SINGLE AWARD,,NONE,NONE,N,NO,,,N,TRANSACTION DOES NOT USE GFE/GFP,,,D,NOT CONSOLIDATED,X,NOT APPLICABLE,N,NO,,,N,NO,X,NOT APPLICABLE,f,f,f,f,f,f,f,f,f,f,f,f,f,f,f,f,f,f,f,SMALL BUSINESS,S,f,f,f,f,f,f,f,f,f,f,f,f,f,f,f,f,f,SOLE PROPRIETORSHIP,f,f,f,t,f,f,f,f,f,f,f,f,t,f,f,f,f,t,f,f,f,f,f,f,f,f,f,f,t,f,f,f,f,f,f,f,f,f,f,f,f,f,f,f,f,f,f,f,f,f,,,,,,,,,,,https://www.usaspending.gov/award/CONT_AWD_140D8018F0444_1406_140D8018D0055_1406/,2021-08-20 10:42:21+00
CONT_AWD_140D8018F0445_1406_140D8018D0055_1406,140D8018F0445,1406,DEPARTMENTAL OFFICES,140D8018D0055,,,,,,52345.00,0.00,52345.00,52345.00,2018-04-04,2018,2021-08-20,2021,2018-04-04,2019-02-20,2019-02-20 00:00:00,,,014,Department of the Interior,1406,Departmental Offices,140D04,IBC ACQ SVCS DIRECTORATE (00004),014,Department of the Interior,1406,Departmental Offices,140D82,OFFICE OF AVIATION SERVICES (00082),014-X-4523-000,014-4523,31.0: Equipment,0807: WCF REIMBURSABLE ACTIVITIES,X,NOT APPLICABLE,,,LV1FMQQDDNK5,040635272,"BIRDSEYEVIEW AEROBOTICS, INC.","BIRDSEYEVIEW AEROBOTICS, LLC",,7CXW3,LV1FMQQDDNK5,040635272,"BIRDSEYEVIEW AEROBOTICS, INC.",BIRDSEYEVIEW LLC,USA,UNITED STATES,926 ROUTE 114,,BRADFORD,33013,MERRIMACK,33,NH,NEW HAMPSHIRE,032216218,NH-02,NH-02,6033067810,,USA,UNITED STATES,BRADFORD,33013,MERRIMACK,33,NH,NEW HAMPSHIRE,032216218,NH-02,NH-02,AWARD,C,DELIVERY ORDER,,,,,,,J,FIRM FIXED PRICE,DELIVERY ORDER FOR UNMANNED AERIAL SYSTEM,,1,OT,OTHER FUNCTIONS,1550,UNMANNED AIRCRAFT,H,NOT BUNDLED,,,336413,OTHER AIRCRAFT PARTS AND AUXILIARY EQUIPMENT MANUFACTURING,C,NO CLAUSES INCLUDED AND NO SUSTAINABILITY INCLUDED,A,U.S. OWNED BUSINESS,,,,,E,NOT REQUIRED,USA,UNITED STATES,D,MFG IN U.S.,B,PLAN NOT REQUIRED,F,COMPETED UNDER SAP,SP1,SIMPLIFIED ACQUISITION,,,NONE,NO PREFERENCE USED,,,,,,,,A,COMMERCIAL ITEM,f,Y,YES,N,NO,Y,YES,N,NO,,N,NO,X,NOT APPLICABLE,X,NOT APPLICABLE,X,NOT APPLICABLE,A,ECONOMY ACT,,,B,IDC,S,SINGLE AWARD,,NONE,NONE,N,NO,,,N,TRANSACTION DOES NOT USE GFE/GFP,,,D,NOT CONSOLIDATED,X,NOT APPLICABLE,N,NO,,,N,NO,X,NOT APPLICABLE,f,f,f,f,f,f,f,f,f,f,f,f,f,f,f,f,f,f,f,SMALL BUSINESS,S,f,f,f,f,f,f,f,f,f,f,f,f,f,f,f,f,f,SOLE PROPRIETORSHIP,f,f,f,t,f,f,f,f,f,f,f,f,t,f,f,f,f,t,f,f,f,f,f,f,f,f,f,f,t,f,f,f,f,f,f,f,f,f,f,f,f,f,f,f,f,f,f,f,f,f,,,,,,,,,,,https://www.usaspending.gov/award/CONT_AWD_140D8018F0445_1406_140D8018D0055_1406/,2021-08-20 12:39:25+00
CONT_AWD_140D8018F0468_1406_140D8018D0055_1406,140D8018F0468,1406,DEPARTMENTAL OFFICES,140D8018D0055,,,,,,14999.00,0.00,14999.00,14999.00,2018-04-23,2018,2021-08-20,2021,2018-04-23,2019-02-20,2019-02-20 00:00:00,,,014,Department of the Interior,1406,Departmental Offices,140D04,IBC ACQ SVCS DIRECTORATE (00004),014,Department of the Interior,1406,Departmental Offices,140D82,OFFICE OF AVIATION SERVICES (00082),014-X-4523-000,014-4523,31.0: Equipment,0807: WCF REIMBURSABLE ACTIVITIES,X,NOT APPLICABLE,,,LV1FMQQDDNK5,040635272,"BIRDSEYEVIEW AEROBOTICS, INC.","BIRDSEYEVIEW AEROBOTICS, LLC",,7CXW3,LV1FMQQDDNK5,040635272,"BIRDSEYEVIEW AEROBOTICS, INC.",BIRDSEYEVIEW LLC,USA,UNITED STATES,926 ROUTE 114,,BRADFORD,33013,MERRIMACK,33,NH,NEW HAMPSHIRE,032216218,NH-02,NH-02,6033067810,,USA,UNITED STATES,BRADFORD,33013,MERRIMACK,33,NH,NEW HAMPSHIRE,032216218,NH-02,NH-02,AWARD,C,DELIVERY ORDER,,,,,,,J,FIRM FIXED PRICE,DELIVERY ORDER FOR UNMANNED AERIAL SYSTEM,,1,OT,OTHER FUNCTIONS,1550,UNMANNED AIRCRAFT,H,NOT BUNDLED,,,336413,OTHER AIRCRAFT PARTS AND AUXILIARY EQUIPMENT MANUFACTURING,C,NO CLAUSES INCLUDED AND NO SUSTAINABILITY INCLUDED,A,U.S. OWNED BUSINESS,,,,,E,NOT REQUIRED,USA,UNITED STATES,D,MFG IN U.S.,B,PLAN NOT REQUIRED,F,COMPETED UNDER SAP,SP1,SIMPLIFIED ACQUISITION,,,NONE,NO PREFERENCE USED,,,,,,,,A,COMMERCIAL ITEM,f,Y,YES,N,NO,Y,YES,N,NO,,N,NO,X,NOT APPLICABLE,X,NOT APPLICABLE,X,NOT APPLICABLE,A,ECONOMY ACT,,,B,IDC,S,SINGLE AWARD,,NONE,NONE,N,NO,,,N,TRANSACTION DOES NOT USE GFE/GFP,,,D,NOT CONSOLIDATED,X,NOT APPLICABLE,N,NO,,,N,NO,X,NOT APPLICABLE,f,f,f,f,f,f,f,f,f,f,f,f,f,f,f,f,f,f,f,SMALL BUSINESS,S,f,f,f,f,f,f,f,f,f,f,f,f,f,f,f,f,f,SOLE PROPRIETORSHIP,f,f,f,t,f,f,f,f,f,f,f,f,t,f,f,f,f,t,f,f,f,f,f,f,f,f,f,f,t,f,f,f,f,f,f,f,f,f,f,f,f,f,f,f,f,f,f,f,f,f,,,,,,,,,,,https://www.usaspending.gov/award/CONT_AWD_140D8018F0468_1406_140D8018D0055_1406/,2021-08-20 12:59:15+00
CONT_AWD_140D8018F0477_1406_140D8018D0055_1406,140D8018F0477,1406,DEPARTMENTAL OFFICES,140D8018D0055,,,,,,16348.00,0.00,16348.00,16348.00,2018-04-26,2018,2021-08-20,2021,2018-04-26,2019-02-20,2019-02-20 00:00:00,,,014,Department of the Interior,1406,Departmental Offices,140D04,IBC ACQ SVCS DIRECTORATE (00004),014,Department of the Interior,1406,Departmental Offices,140D82,OFFICE OF AVIATION SERVICES (00082),014-X-4523-000,014-4523,31.0: Equipment,0807: WCF REIMBURSABLE ACTIVITIES,X,NOT APPLICABLE,,,LV1FMQQDDNK5,040635272,"BIRDSEYEVIEW AEROBOTICS, INC.","BIRDSEYEVIEW AEROBOTICS, LLC",,7CXW3,LV1FMQQDDNK5,040635272,"BIRDSEYEVIEW AEROBOTICS, INC.",BIRDSEYEVIEW LLC,USA,UNITED STATES,926 ROUTE 114,,BRADFORD,33013,MERRIMACK,33,NH,NEW HAMPSHIRE,032216218,NH-02,NH-02,6033067810,,USA,UNITED STATES,BRADFORD,33013,MERRIMACK,33,NH,NEW HAMPSHIRE,032216218,NH-02,NH-02,AWARD,C,DELIVERY ORDER,,,,,,,J,FIRM FIXED PRICE,DELIVERY ORDER FOR UNMANNED AERIAL SYSTEM,,1,OT,OTHER FUNCTIONS,1550,UNMANNED AIRCRAFT,H,NOT BUNDLED,,,336413,OTHER AIRCRAFT PARTS AND AUXILIARY EQUIPMENT MANUFACTURING,C,NO CLAUSES INCLUDED AND NO SUSTAINABILITY INCLUDED,A,U.S. OWNED BUSINESS,,,,,E,NOT REQUIRED,USA,UNITED STATES,D,MFG IN U.S.,B,PLAN NOT REQUIRED,F,COMPETED UNDER SAP,SP1,SIMPLIFIED ACQUISITION,,,NONE,NO PREFERENCE USED,,,,,,,,A,COMMERCIAL ITEM,f,Y,YES,N,NO,Y,YES,N,NO,,N,NO,X,NOT APPLICABLE,X,NOT APPLICABLE,X,NOT APPLICABLE,A,ECONOMY ACT,,,B,IDC,S,SINGLE AWARD,,NONE,NONE,N,NO,,,N,TRANSACTION DOES NOT USE GFE/GFP,,,D,NOT CONSOLIDATED,X,NOT APPLICABLE,N,NO,,,N,NO,X,NOT APPLICABLE,f,f,f,f,f,f,f,f,f,f,f,f,f,f,f,f,f,f,f,SMALL BUSINESS,S,f,f,f,f,f,f,f,f,f,f,f,f,f,f,f,f,f,SOLE PROPRIETORSHIP,f,f,f,t,f,f,f,f,f,f,f,f,t,f,f,f,f,t,f,f,f,f,f,f,f,f,f,f,t,f,f,f,f,f,f,f,f,f,f,f,f,f,f,f,f,f,f,f,f,f,,,,,,,,,,,https://www.usaspending.gov/award/CONT_AWD_140D8018F0477_1406_140D8018D0055_1406/,2021-08-20 13:32:16+00
CONT_AWD_140D8018F0478_1406_140D8018D0055_1406,140D8018F0478,1406,DEPARTMENTAL OFFICES,140D8018D0055,,,,,,29998.00,0.00,29998.00,29998.00,2018-04-27,2018,2021-08-23,2021,2018-04-27,2019-02-20,2019-02-20 00:00:00,,,014,Department of the Interior,1406,Departmental Offices,140D04,IBC ACQ SVCS DIRECTORATE (00004),014,Department of the Interior,1406,Departmental Offices,140D82,OFFICE OF AVIATION SERVICES (00082),014-X-4523-000,014-4523,31.0: Equipment,0807: WCF REIMBURSABLE ACTIVITIES,X,NOT APPLICABLE,,,LV1FMQQDDNK5,040635272,"BIRDSEYEVIEW AEROBOTICS, INC.","BIRDSEYEVIEW AEROBOTICS, LLC",,7CXW3,LV1FMQQDDNK5,040635272,"BIRDSEYEVIEW AEROBOTICS, INC.",BIRDSEYEVIEW LLC,USA,UNITED STATES,926 ROUTE 114,,BRADFORD,33013,MERRIMACK,33,NH,NEW HAMPSHIRE,032216218,NH-02,NH-02,6033067810,,USA,UNITED STATES,BRADFORD,33013,MERRIMACK,33,NH,NEW HAMPSHIRE,032216218,NH-02,NH-02,AWARD,C,DELIVERY ORDER,,,,,,,J,FIRM FIXED PRICE,DELIVERY ORDER FOR UNMANNED AERIAL SYSTEM,,1,OT,OTHER FUNCTIONS,1550,UNMANNED AIRCRAFT,H,NOT BUNDLED,,,336413,OTHER AIRCRAFT PARTS AND AUXILIARY EQUIPMENT MANUFACTURING,C,NO CLAUSES INCLUDED AND NO SUSTAINABILITY INCLUDED,A,U.S. OWNED BUSINESS,,,,,E,NOT REQUIRED,USA,UNITED STATES,D,MFG IN U.S.,B,PLAN NOT REQUIRED,F,COMPETED UNDER SAP,SP1,SIMPLIFIED ACQUISITION,,,NONE,NO PREFERENCE USED,,,,,,,,A,COMMERCIAL ITEM,f,Y,YES,N,NO,Y,YES,N,NO,,N,NO,X,NOT APPLICABLE,X,NOT APPLICABLE,X,NOT APPLICABLE,A,ECONOMY ACT,,,B,IDC,S,SINGLE AWARD,,NONE,NONE,N,NO,,,N,TRANSACTION DOES NOT USE GFE/GFP,,,D,NOT CONSOLIDATED,X,NOT APPLICABLE,N,NO,,,N,NO,X,NOT APPLICABLE,f,f,f,f,f,f,f,f,f,f,f,f,f,f,f,f,f,f,f,SMALL BUSINESS,S,f,f,f,f,f,f,f,f,f,f,f,f,f,f,f,f,f,SOLE PROPRIETORSHIP,f,f,f,t,f,f,f,f,f,f,f,f,t,f,f,f,f,t,f,f,f,f,f,f,f,f,f,f,t,f,f,f,f,f,f,f,f,f,f,f,f,f,f,f,f,f,f,f,f,f,,,,,,,,,,,https://www.usaspending.gov/award/CONT_AWD_140D8018F0478_1406_140D8018D0055_1406/,2021-08-23 10:50:06+00
CONT_AWD_140D8018F0507_1406_140D8018D0055_1406,140D8018F0507,1406,DEPARTMENTAL OFFICES,140D8018D0055,,,,,,14999.00,0.00,14999.00,14999.00,2018-05-14,2018,2021-08-23,2021,2018-05-14,2019-02-20,2019-02-20 00:00:00,,,014,Department of the Interior,1406,Departmental Offices,140D04,IBC ACQ SVCS DIRECTORATE (00004),014,Department of the Interior,1406,Departmental Offices,140D82,OFFICE OF AVIATION SERVICES (00082),014-X-4523-000,014-4523,31.0: Equipment,0807: WCF REIMBURSABLE ACTIVITIES,X,NOT APPLICABLE,,,LV1FMQQDDNK5,040635272,"BIRDSEYEVIEW AEROBOTICS, INC.","BIRDSEYEVIEW AEROBOTICS, LLC",,7CXW3,LV1FMQQDDNK5,040635272,"BIRDSEYEVIEW AEROBOTICS, INC.",BIRDSEYEVIEW LLC,USA,UNITED STATES,926 ROUTE 114,,BRADFORD,33013,MERRIMACK,33,NH,NEW HAMPSHIRE,032216218,NH-02,NH-02,6033067810,,USA,UNITED STATES,BRADFORD,33013,MERRIMACK,33,NH,NEW HAMPSHIRE,032216218,NH-02,NH-02,AWARD,C,DELIVERY ORDER,,,,,,,J,FIRM FIXED PRICE,DELIVERY ORDER FOR UNMANNED AERIAL SYSTEM,,1,OT,OTHER FUNCTIONS,1550,UNMANNED AIRCRAFT,H,NOT BUNDLED,,,336413,OTHER AIRCRAFT PARTS AND AUXILIARY EQUIPMENT MANUFACTURING,C,NO CLAUSES INCLUDED AND NO SUSTAINABILITY INCLUDED,A,U.S. OWNED BUSINESS,,,,,E,NOT REQUIRED,USA,UNITED STATES,D,MFG IN U.S.,B,PLAN NOT REQUIRED,F,COMPETED UNDER SAP,SP1,SIMPLIFIED ACQUISITION,,,NONE,NO PREFERENCE USED,,,,,,,,A,COMMERCIAL ITEM,f,Y,YES,N,NO,Y,YES,N,NO,,N,NO,X,NOT APPLICABLE,X,NOT APPLICABLE,X,NOT APPLICABLE,A,ECONOMY ACT,,,B,IDC,S,SINGLE AWARD,,NONE,NONE,N,NO,,,N,TRANSACTION DOES NOT USE GFE/GFP,,,D,NOT CONSOLIDATED,X,NOT APPLICABLE,N,NO,,,N,NO,X,NOT APPLICABLE,f,f,f,f,f,f,f,f,f,f,f,f,f,f,f,f,f,f,f,SMALL BUSINESS,S,f,f,f,f,f,f,f,f,f,f,f,f,f,f,f,f,f,SOLE PROPRIETORSHIP,f,f,f,t,f,f,f,f,f,f,f,f,t,f,f,f,f,t,f,f,f,f,f,f,f,f,f,f,t,f,f,f,f,f,f,f,f,f,f,f,f,f,f,f,f,f,f,f,f,f,,,,,,,,,,,https://www.usaspending.gov/award/CONT_AWD_140D8018F0507_1406_140D8018D0055_1406/,2021-08-23 11:35:57+00
CONT_AWD_140D8018F0521_1406_140D8018D0055_1406,140D8018F0521,1406,DEPARTMENTAL OFFICES,140D8018D0055,,,,,,14999.00,0.00,14999.00,14999.00,2018-05-24,2018,2021-08-23,2021,2018-05-24,2019-02-20,2019-02-20 00:00:00,,,014,Department of the Interior,1406,Departmental Offices,140D04,IBC ACQ SVCS DIRECTORATE (00004),014,Department of the Interior,1406,Departmental Offices,140D82,OFFICE OF AVIATION SERVICES (00082),014-X-4523-000,014-4523,31.0: Equipment,0807: WCF REIMBURSABLE ACTIVITIES,X,NOT APPLICABLE,,,LV1FMQQDDNK5,040635272,"BIRDSEYEVIEW AEROBOTICS, INC.","BIRDSEYEVIEW AEROBOTICS, LLC",,7CXW3,LV1FMQQDDNK5,040635272,"BIRDSEYEVIEW AEROBOTICS, INC.",BIRDSEYEVIEW LLC,USA,UNITED STATES,926 ROUTE 114,,BRADFORD,33013,MERRIMACK,33,NH,NEW HAMPSHIRE,032216218,NH-02,NH-02,6033067810,,USA,UNITED STATES,BRADFORD,33013,MERRIMACK,33,NH,NEW HAMPSHIRE,032216218,NH-02,NH-02,AWARD,C,DELIVERY ORDER,,,,,,,J,FIRM FIXED PRICE,DELIVERY ORDER FOR UNMANNED AERIAL SYSTEM,,1,OT,OTHER FUNCTIONS,1550,UNMANNED AIRCRAFT,H,NOT BUNDLED,,,336413,OTHER AIRCRAFT PARTS AND AUXILIARY EQUIPMENT MANUFACTURING,C,NO CLAUSES INCLUDED AND NO SUSTAINABILITY INCLUDED,A,U.S. OWNED BUSINESS,,,,,E,NOT REQUIRED,USA,UNITED STATES,D,MFG IN U.S.,B,PLAN NOT REQUIRED,F,COMPETED UNDER SAP,SP1,SIMPLIFIED ACQUISITION,,,NONE,NO PREFERENCE USED,,,,,,,,A,COMMERCIAL ITEM,f,Y,YES,N,NO,Y,YES,N,NO,,N,NO,X,NOT APPLICABLE,X,NOT APPLICABLE,X,NOT APPLICABLE,A,ECONOMY ACT,,,B,IDC,S,SINGLE AWARD,,NONE,NONE,N,NO,,,N,TRANSACTION DOES NOT USE GFE/GFP,,,D,NOT CONSOLIDATED,X,NOT APPLICABLE,N,NO,,,N,NO,X,NOT APPLICABLE,f,f,f,f,f,f,f,f,f,f,f,f,f,f,f,f,f,f,f,SMALL BUSINESS,S,f,f,f,f,f,f,f,f,f,f,f,f,f,f,f,f,f,SOLE PROPRIETORSHIP,f,f,f,t,f,f,f,f,f,f,f,f,t,f,f,f,f,t,f,f,f,f,f,f,f,f,f,f,t,f,f,f,f,f,f,f,f,f,f,f,f,f,f,f,f,f,f,f,f,f,,,,,,,,,,,https://www.usaspending.gov/award/CONT_AWD_140D8018F0521_1406_140D8018D0055_1406/,2021-08-23 12:19:47+00
CONT_AWD_140D8018F0525_1406_140D8018D0055_1406,140D8018F0525,1406,DEPARTMENTAL OFFICES,140D8018D0055,,,,,,14999.00,0.00,14999.00,14999.00,2018-05-25,2018,2021-08-23,2021,2018-05-25,2019-02-20,2019-02-20 00:00:00,,,014,Department of the Interior,1406,Departmental Offices,140D04,IBC ACQ SVCS DIRECTORATE (00004),014,Department of the Interior,1406,Departmental Offices,140D82,OFFICE OF AVIATION SERVICES (00082),014-X-4523-000,014-4523,31.0: Equipment,0807: WCF REIMBURSABLE ACTIVITIES,X,NOT APPLICABLE,,,LV1FMQQDDNK5,040635272,"BIRDSEYEVIEW AEROBOTICS, INC.","BIRDSEYEVIEW AEROBOTICS, LLC",,7CXW3,LV1FMQQDDNK5,040635272,"BIRDSEYEVIEW AEROBOTICS, INC.",BIRDSEYEVIEW LLC,USA,UNITED STATES,926 ROUTE 114,,BRADFORD,33013,MERRIMACK,33,NH,NEW HAMPSHIRE,032216218,NH-02,NH-02,6033067810,,USA,UNITED STATES,BRADFORD,33013,MERRIMACK,33,NH,NEW HAMPSHIRE,032216218,NH-02,NH-02,AWARD,C,DELIVERY ORDER,,,,,,,J,FIRM FIXED PRICE,DELIVERY ORDER FOR UNMANNED AERIAL SYSTEM,,1,OT,OTHER FUNCTIONS,1550,UNMANNED AIRCRAFT,H,NOT BUNDLED,,,336413,OTHER AIRCRAFT PARTS AND AUXILIARY EQUIPMENT MANUFACTURING,C,NO CLAUSES INCLUDED AND NO SUSTAINABILITY INCLUDED,A,U.S. OWNED BUSINESS,,,,,E,NOT REQUIRED,USA,UNITED STATES,D,MFG IN U.S.,B,PLAN NOT REQUIRED,F,COMPETED UNDER SAP,SP1,SIMPLIFIED ACQUISITION,,,NONE,NO PREFERENCE USED,,,,,,,,A,COMMERCIAL ITEM,f,Y,YES,N,NO,Y,YES,N,NO,,N,NO,X,NOT APPLICABLE,X,NOT APPLICABLE,X,NOT APPLICABLE,A,ECONOMY ACT,,,B,IDC,S,SINGLE AWARD,,NONE,NONE,N,NO,,,N,TRANSACTION DOES NOT USE GFE/GFP,,,D,NOT CONSOLIDATED,X,NOT APPLICABLE,N,NO,,,N,NO,X,NOT APPLICABLE,f,f,f,f,f,f,f,f,f,f,f,f,f,f,f,f,f,f,f,SMALL BUSINESS,S,f,f,f,f,f,f,f,f,f,f,f,f,f,f,f,f,f,SOLE PROPRIETORSHIP,f,f,f,t,f,f,f,f,f,f,f,f,t,f,f,f,f,t,f,f,f,f,f,f,f,f,f,f,t,f,f,f,f,f,f,f,f,f,f,f,f,f,f,f,f,f,f,f,f,f,,,,,,,,,,,https://www.usaspending.gov/award/CONT_AWD_140D8018F0525_1406_140D8018D0055_1406/,2021-08-23 12:48:44+00
CONT_AWD_140D8018P0015_1406_-NONE-_-NONE-,140D8018P0015,,,,,,,,,44000.00,0.00,44000.00,44000.00,2017-12-27,2018,2022-07-13,2022,2017-12-27,2018-01-05,2018-01-05 00:00:00,,,014,Department of the Interior,1406,Departmental Offices,140D04,IBC ACQ SVCS DIRECTORATE (00004),014,Department of the Interior,1406,Departmental Offices,140D82,OFFICE OF AVIATION SERVICES (00082),014-X-4523-000,014-4523,31.0: Equipment,0807: WCF REIMBURSABLE ACTIVITIES,X,NOT APPLICABLE,,,X69EBAJ9F5E6,,"3D ROBOTICS, INC.","3D ROBOTICS, INC.",,79R90,X69EBAJ9F5E6,,"3D ROBOTICS, INC.",3D ROBOTICS  INC.,USA,UNITED STATES,1608 4TH ST STE 410,,BERKELEY,06001,ALAMEDA,06,CA,CALIFORNIA,947101749,CA-13,CA-12,6509187756,,USA,UNITED STATES,BOISE,16001,ADA,16,ID,IDAHO,837063991,ID-02,ID-02,AWARD,B,PURCHASE ORDER,,,,,,,J,FIRM FIXED PRICE,PURCHASE 20 BB11A 3DR DRONES,,1,OT,OTHER FUNCTIONS,1550,UNMANNED AIRCRAFT,H,NOT BUNDLED,,,488190,OTHER SUPPORT ACTIVITIES FOR AIR TRANSPORTATION,C,NO CLAUSES INCLUDED AND NO SUSTAINABILITY INCLUDED,A,U.S. OWNED BUSINESS,,,,,E,NOT REQUIRED,USA,UNITED STATES,D,MFG IN U.S.,B,PLAN NOT REQUIRED,G,NOT COMPETED UNDER SAP,SP1,SIMPLIFIED ACQUISITION,NONE,NO SET ASIDE USED.,NONE,NO PREFERENCE USED,,,,,SP2,SAP NON-COMPETITION (FAR 13),1,A,COMMERCIAL PRODUCTS/SERVICES,f,N,NO,N,NO,N,NO,N,NO,,N,NO,N,NO,N,NO,N,NO,A,ECONOMY ACT,,,,,,,,NONE,NONE,,,,,N,TRANSACTION DOES NOT USE GFE/GFP,,,D,NOT CONSOLIDATED,X,NOT APPLICABLE,,,,,N,NO,X,NOT APPLICABLE,f,f,f,f,f,f,f,f,f,f,f,f,f,f,f,f,f,f,f,SMALL BUSINESS,S,f,f,f,f,f,f,f,f,f,f,f,f,f,f,f,f,f,CORPORATE NOT TAX EXEMPT,t,f,f,f,f,f,f,f,f,f,f,f,t,f,f,f,f,t,f,f,f,f,f,f,f,f,f,f,t,f,f,f,f,f,f,f,f,f,f,f,f,f,f,f,f,f,f,f,f,f,,,,,,,,,,,https://www.usaspending.gov/award/CONT_AWD_140D8018P0015_1406_-NONE-_-NONE-/,2022-07-18 10:18:14+00
CONT_AWD_140D8018P0016_1406_-NONE-_-NONE-,140D8018P0016,,,,,,,,,12823.20,0.00,12823.20,12823.20,2018-01-11,2018,2022-04-15,2022,2018-01-11,2018-02-28,2018-02-28 00:00:00,,,014,Department of the Interior,1406,Departmental Offices,140D04,IBC ACQ SVCS DIRECTORATE (00004),014,Department of the Interior,1406,Departmental Offices,140D82,OFFICE OF AVIATION SERVICES (00082),014-X-4523-000,014-4523,31.0: Equipment,0807: WCF REIMBURSABLE ACTIVITIES,X,NOT APPLICABLE,,,Z75ZJGGHAGD6,,CDW GOVERNMENT LLC,CDW GOVERNMENT LLC,,6DNY3,DNDLL934GK55,,CDW CORPORATION,CDW GOVERNMENT LLC,USA,UNITED STATES,13461 SUNRISE VALLEY DR STE 350,,HERNDON,51059,FAIRFAX,51,VA,VIRGINIA,201713242,VA-11,VA-11,3127051889,3127051889,USA,UNITED STATES,BOISE,16001,ADA,16,ID,IDAHO,837063991,ID-02,ID-02,AWARD,B,PURCHASE ORDER,,,,,,,J,FIRM FIXED PRICE,IGF::OT::IGF PURCHASE OF AERIALTRONICS HERCULES 10 DEMONSTRATION,,1,OT,OTHER FUNCTIONS,1550,UNMANNED AIRCRAFT,H,NOT BUNDLED,,,488190,OTHER SUPPORT ACTIVITIES FOR AIR TRANSPORTATION,C,NO CLAUSES INCLUDED AND NO SUSTAINABILITY INCLUDED,A,U.S. OWNED BUSINESS,,,,,E,NOT REQUIRED,USA,UNITED STATES,D,MFG IN U.S.,B,PLAN NOT REQUIRED,G,NOT COMPETED UNDER SAP,SP1,SIMPLIFIED ACQUISITION,NONE,NO SET ASIDE USED.,NONE,NO PREFERENCE USED,,,,,SP2,SAP NON-COMPETITION (FAR 13),1,A,COMMERCIAL ITEM,f,N,NO,N,NO,N,NO,N,NO,,N,NO,N,NO,N,NO,N,NO,A,ECONOMY ACT,,,,,,,,NONE,NONE,,,,,N,TRANSACTION DOES NOT USE GFE/GFP,,,D,NOT CONSOLIDATED,X,NOT APPLICABLE,,,,,N,NO,X,NOT APPLICABLE,f,f,f,f,f,f,f,f,f,f,f,f,f,f,f,f,f,f,f,OTHER THAN SMALL BUSINESS,O,f,f,f,f,f,f,f,f,f,f,f,f,f,f,f,f,f,CORPORATE NOT TAX EXEMPT,t,f,f,f,f,f,f,f,f,f,f,f,f,f,f,f,f,t,f,f,f,f,f,f,f,f,f,f,t,f,f,f,f,f,f,f,f,f,f,f,f,f,f,f,f,f,f,f,f,f,,,,,,,,,,,https://www.usaspending.gov/award/CONT_AWD_140D8018P0016_1406_-NONE-_-NONE-/,2022-04-15 15:14:36+00
CONT_AWD_140D8018P0022_1406_-NONE-_-NONE-,140D8018P0022,,,,,,,,,4999.00,0.00,4999.00,4999.00,2018-02-14,2018,2022-07-22,2022,2018-02-14,2018-02-28,2018-02-28 00:00:00,,,014,Department of the Interior,1406,Departmental Offices,140D04,IBC ACQ SVCS DIRECTORATE (00004),014,Department of the Interior,1406,Departmental Offices,140D04,IBC ACQ SVCS DIRECTORATE (00004),014-X-4523-000,014-4523,31.0: Equipment,0807: WCF REIMBURSABLE ACTIVITIES,X,NOT APPLICABLE,,,YY9CNSAKZSC6,,DRONE NERDS INC,DRONE NERDS INC,,7UMV3,YY9CNSAKZSC6,,DRONE NERDS INC,DRONE NERDS INC,USA,UNITED STATES,320 NE 1ST AVENUE,,HALLANDALE,12011,BROWARD,12,FL,FLORIDA,330094207,FL-23,FL-25,7867087807,,USA,UNITED STATES,BOISE,16001,ADA,16,ID,IDAHO,837063991,ID-02,ID-02,AWARD,B,PURCHASE ORDER,,,,,,,J,FIRM FIXED PRICE,PURCHASE MATRICE 600 PRO DRONE,,1,OT,OTHER FUNCTIONS,1550,UNMANNED AIRCRAFT,H,NOT BUNDLED,,,488190,OTHER SUPPORT ACTIVITIES FOR AIR TRANSPORTATION,C,NO CLAUSES INCLUDED AND NO SUSTAINABILITY INCLUDED,A,U.S. OWNED BUSINESS,,,,,E,NOT REQUIRED,USA,UNITED STATES,D,MFG IN U.S.,B,PLAN NOT REQUIRED,F,COMPETED UNDER SAP,SP1,SIMPLIFIED ACQUISITION,SBA,SMALL BUSINESS SET ASIDE - TOTAL,NONE,NO PREFERENCE USED,,,,,,,3,A,COMMERCIAL PRODUCTS/SERVICES,f,N,NO,N,NO,N,NO,N,NO,,N,NO,N,NO,N,NO,N,NO,X,NOT APPLICABLE,,,,,,,,NONE,NONE,,,,,N,TRANSACTION DOES NOT USE GFE/GFP,,,D,NOT CONSOLIDATED,X,NOT APPLICABLE,,,,,N,NO,X,NOT APPLICABLE,f,f,f,f,f,f,f,f,f,f,f,f,f,f,f,f,f,f,f,SMALL BUSINESS,S,f,f,f,f,f,f,f,f,f,f,f,f,f,f,f,f,f,CORPORATE NOT TAX EXEMPT,t,f,f,f,f,f,f,f,f,f,f,f,f,f,f,f,f,t,f,f,f,f,f,f,f,f,f,f,t,f,f,f,f,f,f,f,f,f,f,f,f,f,f,f,f,f,f,f,f,f,,,,,,,,,,,https://www.usaspending.gov/award/CONT_AWD_140D8018P0022_1406_-NONE-_-NONE-/,2022-07-22 10:32:56+00
CONT_AWD_140D8018P0023_1406_-NONE-_-NONE-,140D8018P0023,,,,,,,,,188800.00,0.00,188800.00,188800.00,2018-02-23,2018,2021-11-09,2022,2018-02-23,2018-03-30,2018-03-30 00:00:00,,,014,Department of the Interior,1406,Departmental Offices,140D04,IBC ACQ SVCS DIRECTORATE (00004),014,Department of the Interior,1406,Departmental Offices,140D82,OFFICE OF AVIATION SERVICES (00082),014-X-4523-000,014-4523,31.0: Equipment,0807: WCF REIMBURSABLE ACTIVITIES,X,NOT APPLICABLE,,,X69EBAJ9F5E6,068854635,"3D ROBOTICS, INC.","3D ROBOTICS, INC.",,79R90,X69EBAJ9F5E6,068854635,"3D ROBOTICS, INC.",3D ROBOTICS  INC.,USA,UNITED STATES,1608 4TH ST STE 410,,BERKELEY,06001,ALAMEDA,06,CA,CALIFORNIA,947101749,CA-13,CA-12,6509187756,,USA,UNITED STATES,BERKELEY,06001,ALAMEDA,06,CA,CALIFORNIA,947101749,CA-13,CA-12,AWARD,B,PURCHASE ORDER,,,,,,,J,FIRM FIXED PRICE,SOLO 3DR BB11 AND AA11BB DRONES,,1,OT,OTHER FUNCTIONS,1550,UNMANNED AIRCRAFT,H,NOT BUNDLED,,,336411,AIRCRAFT MANUFACTURING,C,NO CLAUSES INCLUDED AND NO SUSTAINABILITY INCLUDED,A,U.S. OWNED BUSINESS,,,,,E,NOT REQUIRED,USA,UNITED STATES,D,MFG IN U.S.,B,PLAN NOT REQUIRED,G,NOT COMPETED UNDER SAP,SP1,SIMPLIFIED ACQUISITION,NONE,NO SET ASIDE USED.,NONE,NO PREFERENCE USED,,,,,SP2,SAP NON-COMPETITION (FAR 13),1,A,COMMERCIAL ITEM,f,Y,YES,N,NO,N,NO,N,NO,,N,NO,N,NO,Y,YES,X,NOT APPLICABLE,A,ECONOMY ACT,,,,,,,,NONE,NONE,,,,,N,TRANSACTION DOES NOT USE GFE/GFP,,,D,NOT CONSOLIDATED,X,NOT APPLICABLE,,,,,N,NO,X,NOT APPLICABLE,f,f,f,f,f,f,f,f,f,f,f,f,f,f,f,f,f,f,f,SMALL BUSINESS,S,f,f,f,f,f,f,f,f,f,f,f,f,f,f,f,f,f,CORPORATE NOT TAX EXEMPT,t,f,f,f,f,f,f,f,f,f,f,f,t,f,f,f,f,t,f,f,f,f,f,f,f,f,f,f,t,f,f,f,f,f,f,f,f,f,f,f,f,f,f,f,f,f,f,f,f,f,,,,,,,,,,,https://www.usaspending.gov/award/CONT_AWD_140D8018P0023_1406_-NONE-_-NONE-/,2021-11-09 07:20:57+00
CONT_AWD_140D8018P0028_1406_-NONE-_-NONE-,140D8018P0028,,,,,,,,,4999.00,0.00,4999.00,4999.00,2018-04-19,2018,2022-07-22,2022,2018-04-19,2018-05-15,2018-07-11 00:00:00,,,014,Department of the Interior,1406,Departmental Offices,140D04,IBC ACQ SVCS DIRECTORATE (00004),014,Department of the Interior,1406,Departmental Offices,140D82,OFFICE OF AVIATION SERVICES (00082),014-X-4523-000,014-4523,31.0: Equipment,0807: WCF REIMBURSABLE ACTIVITIES,X,NOT APPLICABLE,,,YY9CNSAKZSC6,,DRONE NERDS INC,DRONE NERDS INC,,7UMV3,YY9CNSAKZSC6,,DRONE NERDS INC,DRONE NERDS INC,USA,UNITED STATES,320 NE 1ST AVE,,HALLANDALE,12011,BROWARD,12,FL,FLORIDA,330094207,FL-23,FL-25,7867087807,,USA,UNITED STATES,BOISE,16001,ADA,16,ID,IDAHO,837063991,ID-02,ID-02,AWARD,B,PURCHASE ORDER,,,,,,,J,FIRM FIXED PRICE,PURCHASE MATRICE 600 PRO DRONE,,1,OT,OTHER FUNCTIONS,1550,UNMANNED AIRCRAFT,H,NOT BUNDLED,,,488190,OTHER SUPPORT ACTIVITIES FOR AIR TRANSPORTATION,C,NO CLAUSES INCLUDED AND NO SUSTAINABILITY INCLUDED,A,U.S. OWNED BUSINESS,,,,,E,NOT REQUIRED,USA,UNITED STATES,D,MFG IN U.S.,B,PLAN NOT REQUIRED,F,COMPETED UNDER SAP,SP1,SIMPLIFIED ACQUISITION,SBA,SMALL BUSINESS SET ASIDE - TOTAL,NONE,NO PREFERENCE USED,,,,,,,3,A,COMMERCIAL PRODUCTS/SERVICES,f,N,NO,N,NO,N,NO,N,NO,,N,NO,N,NO,N,NO,N,NO,A,ECONOMY ACT,,,,,,,,NONE,NONE,,,,,N,TRANSACTION DOES NOT USE GFE/GFP,,,D,NOT CONSOLIDATED,X,NOT APPLICABLE,,,,,N,NO,X,NOT APPLICABLE,f,f,f,f,f,f,f,f,f,f,f,f,f,f,f,f,f,f,f,SMALL BUSINESS,S,f,f,f,f,f,f,f,f,f,f,f,f,f,f,f,f,f,CORPORATE NOT TAX EXEMPT,t,f,f,f,f,f,f,f,f,f,f,f,f,f,f,f,f,t,f,f,f,f,f,f,f,f,f,f,t,f,f,f,f,f,f,f,f,f,f,f,f,f,f,f,f,f,f,f,f,f,,,,,,,,,,,https://www.usaspending.gov/award/CONT_AWD_140D8018P0028_1406_-NONE-_-NONE-/,2022-07-22 12:12:18+00
CONT_AWD_140D8019P0002_1406_-NONE-_-NONE-,140D8019P0002,,,,Q: Not Designated Nonemergency/Emergency/Disaster/Wildfire Suppression,,,,,87696.00,84448.00,87696.00,246848.00,2019-07-17,2019,2023-01-17,2023,2019-07-17,2020-07-16,2020-07-16 00:00:00,,,014,Department of the Interior,1406,Departmental Offices,140D04,IBC ACQ SVCS DIRECTORATE (00004),014,Department of the Interior,1406,Departmental Offices,140D82,OFFICE OF AVIATION SERVICES (00082),014-X-4523-000,014-4523,31.0: Equipment,0807: WCF REIMBURSABLE ACTIVITIES,X,NOT APPLICABLE,,,N2A3BCSQKNL3,,RMUS LLC,RMUS LLC,,7N0X1,N2A3BCSQKNL3,,RMUS LLC,RC DIRECT LLC,USA,UNITED STATES,595 NORTH 1250 WEST STE 3,,CENTERVILLE,49011,DAVIS,49,UT,UTAH,840143801,UT-02,UT-02,8013163250,3852227847,USA,UNITED STATES,CENTERVILLE,49011,DAVIS,49,UT,UTAH,840143801,UT-02,UT-02,AWARD,B,PURCHASE ORDER,,,,,,,J,FIRM FIXED PRICE,SMALL UAS MICRO ROTOR FOR THE DOI UAS FLEET.,140D8119Q0012,1,OT,OTHER FUNCTIONS,1550,UNMANNED AIRCRAFT,H,NOT BUNDLED,,,336411,AIRCRAFT MANUFACTURING,C,NO CLAUSES INCLUDED AND NO SUSTAINABILITY INCLUDED,A,U.S. OWNED BUSINESS,,,,,E,NOT REQUIRED,CHN,CHINA,J,MFG OUTSIDE U.S. - DOMESTIC NONAVAILABILITY,B,PLAN NOT REQUIRED,F,COMPETED UNDER SAP,SP1,SIMPLIFIED ACQUISITION,NONE,NO SET ASIDE USED.,NONE,NO PREFERENCE USED,,,,,,,4,A,COMMERCIAL PRODUCTS/SERVICES,f,N,NO,N,NO,Y,YES,N,NO,0.00,N,NO,N,NO,N,NO,N,NO,B,OTHER STATUTORY AUTHORITY,WCF,,,,,,,NONE,NONE,,,,,N,TRANSACTION DOES NOT USE GFE/GFP,,,D,NOT CONSOLIDATED,X,NOT APPLICABLE,,,Z,NOT APPLICABLE,N,NO,X,NOT APPLICABLE,f,f,f,f,f,f,f,f,f,f,f,f,f,f,f,f,f,f,f,SMALL BUSINESS,S,f,f,f,f,f,f,f,f,f,f,f,f,f,f,f,f,f,PARTNERSHIP,f,f,t,f,f,f,f,f,f,f,f,f,f,f,f,f,f,t,f,f,f,f,f,f,f,f,t,f,t,f,f,f,f,f,f,f,f,f,f,f,f,f,f,f,f,t,f,f,f,f,,,,,,,,,,,https://www.usaspending.gov/award/CONT_AWD_140D8019P0002_1406_-NONE-_-NONE-/,2023-01-17 12:00:23+00
CONT_AWD_140D8019P0003_1406_-NONE-_-NONE-,140D8019P0003,,,,Q: Not Designated Nonemergency/Emergency/Disaster/Wildfire Suppression,,,,,375000.00,362500.00,375000.00,375000.00,2019-07-18,2019,2023-01-17,2023,2019-07-18,2020-07-17,2020-07-17 00:00:00,,,014,Department of the Interior,1406,Departmental Offices,140D04,IBC ACQ SVCS DIRECTORATE (00004),014,Department of the Interior,1406,Departmental Offices,140D82,OFFICE OF AVIATION SERVICES (00082),014-X-4523-000,014-4523,31.0: Equipment,0807: WCF REIMBURSABLE ACTIVITIES,X,NOT APPLICABLE,,,N2A3BCSQKNL3,,RMUS LLC,RMUS LLC,,7N0X1,N2A3BCSQKNL3,,RMUS LLC,RC DIRECT LLC,USA,UNITED STATES,595 NORTH 1250 WEST STE 3,,CENTERVILLE,49011,DAVIS,49,UT,UTAH,840143801,UT-02,UT-02,8013163250,3852227847,USA,UNITED STATES,CENTERVILLE,49011,DAVIS,49,UT,UTAH,840143801,UT-02,UT-02,AWARD,B,PURCHASE ORDER,,,,,,,J,FIRM FIXED PRICE,"DJI MATRICE M600 GOVERNMENT EDITION. PRICE INCLUDES SHIPPING TO BOISE, ID.",140D8119Q0011,1,,,1550,UNMANNED AIRCRAFT,H,NOT BUNDLED,,,336411,AIRCRAFT MANUFACTURING,C,NO CLAUSES INCLUDED AND NO SUSTAINABILITY INCLUDED,A,U.S. OWNED BUSINESS,,,,,E,NOT REQUIRED,CHN,CHINA,J,MFG OUTSIDE U.S. - DOMESTIC NONAVAILABILITY,B,PLAN NOT REQUIRED,F,COMPETED UNDER SAP,SP1,SIMPLIFIED ACQUISITION,NONE,NO SET ASIDE USED.,NONE,NO PREFERENCE USED,,,,,,,2,A,COMMERCIAL PRODUCTS/SERVICES,f,Y,YES,N,NO,Y,YES,N,NO,,N,NO,N,NO,N,NO,N,NO,B,OTHER STATUTORY AUTHORITY,WCF,,,,,,,NONE,NONE,,,,,N,TRANSACTION DOES NOT USE GFE/GFP,,,D,NOT CONSOLIDATED,X,NOT APPLICABLE,,,,,N,NO,X,NOT APPLICABLE,f,f,f,f,f,f,f,f,f,f,f,f,f,f,f,f,f,f,f,SMALL BUSINESS,S,f,f,f,f,f,f,f,f,f,f,f,f,f,f,f,f,f,PARTNERSHIP,f,f,t,f,f,f,f,f,f,f,f,f,f,f,f,f,f,t,f,f,f,f,f,f,f,f,t,f,t,f,f,f,f,f,f,f,f,f,f,f,f,f,f,f,f,t,f,f,f,f,,,,,,,,,,,https://www.usaspending.gov/award/CONT_AWD_140D8019P0003_1406_-NONE-_-NONE-/,2023-01-17 11:35:23+00
CONT_AWD_140D8118F0156_1406_140D8018D0055_1406,140D8118F0156,1406,DEPARTMENTAL OFFICES,140D8018D0055,,,,,,125710.00,0.00,125710.00,125710.00,2018-08-09,2018,2022-07-06,2022,2018-08-09,2018-09-10,2018-09-10 00:00:00,,,014,Department of the Interior,1406,Departmental Offices,140D04,IBC ACQ SVCS DIRECTORATE (00004),014,Department of the Interior,1406,Departmental Offices,140D82,OFFICE OF AVIATION SERVICES (00082),014-X-4523-000,014-4523,31.0: Equipment,0807: WCF REIMBURSABLE ACTIVITIES,X,NOT APPLICABLE,,,LV1FMQQDDNK5,,"BIRDSEYEVIEW AEROBOTICS, INC.","BIRDSEYEVIEW AEROBOTICS, LLC",,7CXW3,LV1FMQQDDNK5,,"BIRDSEYEVIEW AEROBOTICS, INC.",BIRDSEYEVIEW LLC,USA,UNITED STATES,926 ROUTE 114,,BRADFORD,33013,MERRIMACK,33,NH,NEW HAMPSHIRE,032216218,NH-02,NH-02,6033067810,,USA,UNITED STATES,BRADFORD,33013,MERRIMACK,33,NH,NEW HAMPSHIRE,032216218,NH-02,NH-02,AWARD,C,DELIVERY ORDER,,,,,,,J,FIRM FIXED PRICE,DELIVERY ORDER FOR UNMANNED AERIAL SYSTEMS (UAS).  ORDER OFF OF EXISTING IDIQ CONTRACT FOR FIVE (5) EA. FIREFLY DRONES AND ANCILLARY EQUIPMENT AS LISTED IN THE SCHEDULE.,,1,OT,OTHER FUNCTIONS,1550,UNMANNED AIRCRAFT,H,NOT BUNDLED,,,336413,OTHER AIRCRAFT PARTS AND AUXILIARY EQUIPMENT MANUFACTURING,C,NO CLAUSES INCLUDED AND NO SUSTAINABILITY INCLUDED,A,U.S. OWNED BUSINESS,,,,,E,NOT REQUIRED,USA,UNITED STATES,D,MFG IN U.S.,B,PLAN NOT REQUIRED,F,COMPETED UNDER SAP,SP1,SIMPLIFIED ACQUISITION,,,NONE,NO PREFERENCE USED,,,,,,,,A,COMMERCIAL PRODUCTS/SERVICES,f,Y,YES,N,NO,Y,YES,N,NO,,N,NO,X,NOT APPLICABLE,X,NOT APPLICABLE,X,NOT APPLICABLE,B,OTHER STATUTORY AUTHORITY,WORKING CAPITAL FUND 43 U.S.C. 1467 (AMENDED),,B,IDC,S,SINGLE AWARD,,NONE,NONE,N,NO,,,N,TRANSACTION DOES NOT USE GFE/GFP,,,D,NOT CONSOLIDATED,X,NOT APPLICABLE,N,NO,,,N,NO,X,NOT APPLICABLE,f,f,f,f,f,f,f,f,f,f,f,f,f,f,f,f,f,f,f,SMALL BUSINESS,S,f,f,f,f,f,f,f,f,f,f,f,f,f,f,f,f,f,SOLE PROPRIETORSHIP,f,f,f,t,f,f,f,f,f,f,f,f,t,f,f,f,f,t,f,f,f,f,f,f,f,f,f,f,t,f,f,f,f,f,f,f,f,f,f,f,f,f,f,f,f,f,f,f,f,f,,,,,,,,,,,https://www.usaspending.gov/award/CONT_AWD_140D8118F0156_1406_140D8018D0055_1406/,2022-07-06 05:59:00+00
CONT_AWD_140D8118F0174_1406_140D8018D0055_1406,140D8118F0174,1406,DEPARTMENTAL OFFICES,140D8018D0055,,,,,,10747.50,0.00,10747.50,10747.50,2018-09-06,2018,2022-12-09,2023,2018-09-06,2018-10-09,2018-10-09 00:00:00,,,014,Department of the Interior,1406,Departmental Offices,140D04,IBC ACQ SVCS DIRECTORATE (00004),014,Department of the Interior,1406,Departmental Offices,140D82,OFFICE OF AVIATION SERVICES (00082),014-X-4523-000,014-4523,31.0: Equipment,0807: WCF REIMBURSABLE ACTIVITIES,X,NOT APPLICABLE,,,LV1FMQQDDNK5,,"BIRDSEYEVIEW AEROBOTICS, INC.","BIRDSEYEVIEW AEROBOTICS, LLC",,7CXW3,LV1FMQQDDNK5,,"BIRDSEYEVIEW AEROBOTICS, INC.",BIRDSEYEVIEW LLC,USA,UNITED STATES,926 ROUTE 114,,BRADFORD,33013,MERRIMACK,33,NH,NEW HAMPSHIRE,032216218,NH-02,NH-02,6033067810,,USA,UNITED STATES,BRADFORD,33013,MERRIMACK,33,NH,NEW HAMPSHIRE,032216218,NH-02,NH-02,AWARD,C,DELIVERY ORDER,,,,,,,J,FIRM FIXED PRICE,PURCHASE OF FIREFLY PRO UNMANNED AERIAL SYSTEM (UAS) FOR BIG BEND NP.,,1,OT,OTHER FUNCTIONS,1550,UNMANNED AIRCRAFT,H,NOT BUNDLED,,,336413,OTHER AIRCRAFT PARTS AND AUXILIARY EQUIPMENT MANUFACTURING,C,NO CLAUSES INCLUDED AND NO SUSTAINABILITY INCLUDED,A,U.S. OWNED BUSINESS,,,,,E,NOT REQUIRED,USA,UNITED STATES,D,MFG IN U.S.,B,PLAN NOT REQUIRED,F,COMPETED UNDER SAP,SP1,SIMPLIFIED ACQUISITION,,,NONE,NO PREFERENCE USED,,,,,,,,A,COMMERCIAL PRODUCTS/SERVICES,f,Y,YES,N,NO,Y,YES,N,NO,,N,NO,X,NOT APPLICABLE,X,NOT APPLICABLE,X,NOT APPLICABLE,B,OTHER STATUTORY AUTHORITY,WORKING CAPITAL FUND 43 U.S.C. 1467 (AMENDED),,B,IDC,S,SINGLE AWARD,,NONE,NONE,N,NO,,,N,TRANSACTION DOES NOT USE GFE/GFP,,,D,NOT CONSOLIDATED,X,NOT APPLICABLE,N,NO,,,N,NO,X,NOT APPLICABLE,f,f,f,f,f,f,f,f,f,f,f,f,f,f,f,f,f,f,f,SMALL BUSINESS,S,f,f,f,f,f,f,f,f,f,f,f,f,f,f,f,f,f,SOLE PROPRIETORSHIP,f,f,f,t,f,f,f,f,f,f,f,f,t,f,f,f,f,t,f,f,f,f,f,f,f,f,f,f,t,f,f,f,f,f,f,f,f,f,f,f,f,f,f,f,f,f,f,f,f,f,,,,,,,,,,,https://www.usaspending.gov/award/CONT_AWD_140D8118F0174_1406_140D8018D0055_1406/,2022-12-09 15:16:39+00
CONT_AWD_140D8118P0024_1406_-NONE-_-NONE-,140D8118P0024,,,,,,,,,228900.00,0.00,228900.00,228900.00,2018-08-06,2018,2022-11-09,2023,2018-08-06,2018-09-06,2018-09-06 00:00:00,,,014,Department of the Interior,1406,Departmental Offices,140D04,IBC ACQ SVCS DIRECTORATE (00004),014,Department of the Interior,1406,Departmental Offices,140D82,OFFICE OF AVIATION SERVICES (00082),014-X-4523-000,014-4523,31.0: Equipment,0807: WCF REIMBURSABLE ACTIVITIES,X,NOT APPLICABLE,,,X69EBAJ9F5E6,,"3D ROBOTICS, INC.","3D ROBOTICS, INC.",,79R90,X69EBAJ9F5E6,,"3D ROBOTICS, INC.",3D ROBOTICS  INC.,USA,UNITED STATES,1608 4TH ST STE 410,,BERKELEY,06001,ALAMEDA,06,CA,CALIFORNIA,947101749,CA-13,CA-12,6509187756,,USA,UNITED STATES,BERKELEY,06001,ALAMEDA,06,CA,CALIFORNIA,947101749,CA-13,CA-12,AWARD,B,PURCHASE ORDER,,,,,,,J,FIRM FIXED PRICE,QUADCOPTER 3DR SOLO UNMANNED AIRCRAFT SYSTEMS (UAS) 109 EA. FOR THE OFFICE OF AVIATION SERVICES (OAS) AND MULTIPLE BUREAUS TO SUPPLIMENT THE OAS UAS FLEET.  UAS WILL BE USED FOR FIELD WORK AT VARIOUS LOCATIONS THROUGHT THE U.S.,,1,OT,OTHER FUNCTIONS,1550,UNMANNED AIRCRAFT,H,NOT BUNDLED,,,336411,AIRCRAFT MANUFACTURING,C,NO CLAUSES INCLUDED AND NO SUSTAINABILITY INCLUDED,A,U.S. OWNED BUSINESS,,,,,E,NOT REQUIRED,USA,UNITED STATES,D,MFG IN U.S.,B,PLAN NOT REQUIRED,G,NOT COMPETED UNDER SAP,SP1,SIMPLIFIED ACQUISITION,NONE,NO SET ASIDE USED.,NONE,NO PREFERENCE USED,,,,,SP2,SAP NON-COMPETITION (FAR 13),1,A,COMMERCIAL PRODUCTS/SERVICES,f,N,NO,N,NO,X,NOT APPLICABLE,N,NO,,N,NO,N,NO,N,NO,N,NO,B,OTHER STATUTORY AUTHORITY,WORKING CAPITAL FUND 43 U.S.C. 1467 (AMENDED),,,,,,,NONE,NONE,,,,,N,TRANSACTION DOES NOT USE GFE/GFP,,,D,NOT CONSOLIDATED,X,NOT APPLICABLE,,,,,N,NO,X,NOT APPLICABLE,f,f,f,f,f,f,f,f,f,f,f,f,f,f,f,f,f,f,f,SMALL BUSINESS,S,f,f,f,f,f,f,f,f,f,f,f,f,f,f,f,f,f,CORPORATE NOT TAX EXEMPT,t,f,f,f,f,f,f,f,f,f,f,f,t,f,f,f,f,t,f,f,f,f,f,f,f,f,f,f,t,f,f,f,f,f,f,f,f,f,f,f,f,f,f,f,f,f,f,f,f,f,,,,,,,,,,,https://www.usaspending.gov/award/CONT_AWD_140D8118P0024_1406_-NONE-_-NONE-/,2022-11-09 09:12:04+00
CONT_AWD_140D8119F0003_1406_140D8018D0055_1406,140D8119F0003,1406,DEPARTMENTAL OFFICES,140D8018D0055,,,,,,19698.00,0.00,19698.00,19698.00,2018-10-23,2019,2022-07-06,2022,2018-10-23,2019-01-22,2019-01-22 00:00:00,,,014,Department of the Interior,1406,Departmental Offices,140D04,IBC ACQ SVCS DIRECTORATE (00004),014,Department of the Interior,1406,Departmental Offices,140D82,OFFICE OF AVIATION SERVICES (00082),014-X-4523-000,014-4523,31.0: Equipment,0807: WCF REIMBURSABLE ACTIVITIES,X,NOT APPLICABLE,,,LV1FMQQDDNK5,,"BIRDSEYEVIEW AEROBOTICS, INC.","BIRDSEYEVIEW AEROBOTICS, LLC",,7CXW3,LV1FMQQDDNK5,,"BIRDSEYEVIEW AEROBOTICS, INC.",BIRDSEYEVIEW LLC,USA,UNITED STATES,926 ROUTE 114,,BRADFORD,33013,MERRIMACK,33,NH,NEW HAMPSHIRE,032216218,NH-02,NH-02,6033067810,,USA,UNITED STATES,BRADFORD,33013,MERRIMACK,33,NH,NEW HAMPSHIRE,032216218,NH-02,NH-02,AWARD,C,DELIVERY ORDER,,,,,,,J,FIRM FIXED PRICE,PURCHASE OF ONE (1 EA.) FIREFLY PRO UAS AND ONE (1 EA.) SLANTRANGE 3P SENSOR.,,1,OT,OTHER FUNCTIONS,1550,UNMANNED AIRCRAFT,H,NOT BUNDLED,,,336413,OTHER AIRCRAFT PARTS AND AUXILIARY EQUIPMENT MANUFACTURING,C,NO CLAUSES INCLUDED AND NO SUSTAINABILITY INCLUDED,A,U.S. OWNED BUSINESS,,,,,E,NOT REQUIRED,USA,UNITED STATES,D,MFG IN U.S.,B,PLAN NOT REQUIRED,F,COMPETED UNDER SAP,SP1,SIMPLIFIED ACQUISITION,,,NONE,NO PREFERENCE USED,,,,,,,,A,COMMERCIAL PRODUCTS/SERVICES,f,Y,YES,N,NO,Y,YES,N,NO,,N,NO,X,NOT APPLICABLE,X,NOT APPLICABLE,X,NOT APPLICABLE,B,OTHER STATUTORY AUTHORITY,WORKING CAPITAL FUND 43 U.S.C. 1467 (AMENDED),,B,IDC,S,SINGLE AWARD,,NONE,NONE,N,NO,,,N,TRANSACTION DOES NOT USE GFE/GFP,,,D,NOT CONSOLIDATED,X,NOT APPLICABLE,N,NO,,,N,NO,X,NOT APPLICABLE,f,f,f,f,f,f,f,f,f,f,f,f,f,f,f,f,f,f,f,SMALL BUSINESS,S,f,f,f,f,f,f,f,f,f,f,f,f,f,f,f,f,f,SOLE PROPRIETORSHIP,f,f,f,t,f,f,f,f,f,f,f,f,t,f,f,f,f,t,f,f,f,f,f,f,f,f,f,f,t,f,f,f,f,f,f,f,f,f,f,f,f,f,f,f,f,f,f,f,f,f,,,,,,,,,,,https://www.usaspending.gov/award/CONT_AWD_140D8119F0003_1406_140D8018D0055_1406/,2022-07-06 06:15:16+00
CONT_AWD_140D8119F0018_1406_140D8018D0055_1406,140D8119F0018,1406,DEPARTMENTAL OFFICES,140D8018D0055,,,,,,14999.00,0.00,14999.00,14999.00,2018-11-09,2019,2022-08-24,2022,2018-11-09,2019-02-08,2019-02-08 00:00:00,,,014,Department of the Interior,1406,Departmental Offices,140D04,IBC ACQ SVCS DIRECTORATE (00004),014,Department of the Interior,1406,Departmental Offices,140D82,OFFICE OF AVIATION SERVICES (00082),014-X-4523-000,014-4523,31.0: Equipment,0807: WCF REIMBURSABLE ACTIVITIES,X,NOT APPLICABLE,,,LV1FMQQDDNK5,,"BIRDSEYEVIEW AEROBOTICS, INC.","BIRDSEYEVIEW AEROBOTICS, LLC",,7CXW3,LV1FMQQDDNK5,,"BIRDSEYEVIEW AEROBOTICS, INC.",BIRDSEYEVIEW LLC,USA,UNITED STATES,926 ROUTE 114,,BRADFORD,33013,MERRIMACK,33,NH,NEW HAMPSHIRE,032216218,NH-02,NH-02,6033067810,,USA,UNITED STATES,BRADFORD,33013,MERRIMACK,33,NH,NEW HAMPSHIRE,032216218,NH-02,NH-02,AWARD,C,DELIVERY ORDER,,,,,,,J,FIRM FIXED PRICE,PURCHASE OF ONE (1 EA.) FIREFLY PRO UNMANNED AIRCRAFT SYSTEM (UAS),,1,OT,OTHER FUNCTIONS,1550,UNMANNED AIRCRAFT,H,NOT BUNDLED,,,336413,OTHER AIRCRAFT PARTS AND AUXILIARY EQUIPMENT MANUFACTURING,C,NO CLAUSES INCLUDED AND NO SUSTAINABILITY INCLUDED,A,U.S. OWNED BUSINESS,,,,,E,NOT REQUIRED,USA,UNITED STATES,D,MFG IN U.S.,B,PLAN NOT REQUIRED,F,COMPETED UNDER SAP,SP1,SIMPLIFIED ACQUISITION,,,NONE,NO PREFERENCE USED,,,,,,,,A,COMMERCIAL PRODUCTS/SERVICES,f,Y,YES,N,NO,Y,YES,N,NO,,N,NO,X,NOT APPLICABLE,X,NOT APPLICABLE,X,NOT APPLICABLE,B,OTHER STATUTORY AUTHORITY,WORKING CAPITAL FUND 43 U.S.C. 1467 (AMENDED),,B,IDC,S,SINGLE AWARD,,NONE,NONE,N,NO,,,N,TRANSACTION DOES NOT USE GFE/GFP,,,D,NOT CONSOLIDATED,X,NOT APPLICABLE,N,NO,,,N,NO,X,NOT APPLICABLE,f,f,f,f,f,f,f,f,f,f,f,f,f,f,f,f,f,f,f,SMALL BUSINESS,S,f,f,f,f,f,f,f,f,f,f,f,f,f,f,f,f,f,SOLE PROPRIETORSHIP,f,f,f,t,f,f,f,f,f,f,f,f,t,f,f,f,f,t,f,f,f,f,f,f,f,f,f,f,t,f,f,f,f,f,f,f,f,f,f,f,f,f,f,f,f,f,f,f,f,f,,,,,,,,,,,https://www.usaspending.gov/award/CONT_AWD_140D8119F0018_1406_140D8018D0055_1406/,2022-08-24 11:09:04+00
CONT_AWD_140D8119P0007_1406_-NONE-_-NONE-,140D8119P0007,,,,,,,,,132972.00,0.00,132972.00,132972.00,2018-12-20,2019,2022-10-18,2023,2018-12-20,2019-02-19,2019-02-19 00:00:00,,,014,Department of the Interior,1406,Departmental Offices,140D04,IBC ACQ SVCS DIRECTORATE (00004),014,Department of the Interior,1406,Departmental Offices,140D82,OFFICE OF AVIATION SERVICES (00082),014-X-4523-000,014-4523,31.0: Equipment,0807: WCF REIMBURSABLE ACTIVITIES,X,NOT APPLICABLE,,,RL4AHHQTUHT3,,"FLYMOTION, LLC","FLYMOTION, LLC",,7RYF8,RL4AHHQTUHT3,,"FLYMOTION, LLC",FLYMOTION  LLC,USA,UNITED STATES,4558 EAGLE FALLS PL,,TAMPA,12057,HILLSBOROUGH,12,FL,FLORIDA,336199611,FL-14,FL-14,8005485844,,USA,UNITED STATES,TAMPA,12057,HILLSBOROUGH,12,FL,FLORIDA,336199611,FL-14,FL-14,AWARD,B,PURCHASE ORDER,,,,,,,J,FIRM FIXED PRICE,PURCHASE OF MICRO ROTOR AND HEXICOPTER UAS AIRFRAMES FOR THE DOI OAS FLEET.,140D8119Q0002,1,,,1550,UNMANNED AIRCRAFT,H,NOT BUNDLED,,,336411,AIRCRAFT MANUFACTURING,C,NO CLAUSES INCLUDED AND NO SUSTAINABILITY INCLUDED,A,U.S. OWNED BUSINESS,,,,,E,NOT REQUIRED,CHN,CHINA,J,MFG OUTSIDE U.S. - DOMESTIC NONAVAILABILITY,B,PLAN NOT REQUIRED,F,COMPETED UNDER SAP,SP1,SIMPLIFIED ACQUISITION,NONE,NO SET ASIDE USED.,NONE,NO PREFERENCE USED,,,,,,,5,A,COMMERCIAL PRODUCTS/SERVICES,f,N,NO,N,NO,Y,YES,N,NO,,N,NO,N,NO,N,NO,N,NO,B,OTHER STATUTORY AUTHORITY,WCF,,,,,,,NONE,NONE,,,,,N,TRANSACTION DOES NOT USE GFE/GFP,,,D,NOT CONSOLIDATED,X,NOT APPLICABLE,,,,,N,NO,X,NOT APPLICABLE,f,f,f,f,f,t,f,f,f,f,f,f,f,f,f,f,f,f,f,SMALL BUSINESS,S,f,f,f,f,f,f,f,f,f,f,f,f,f,f,f,f,f,CORPORATE NOT TAX EXEMPT,t,f,f,f,f,f,f,f,f,f,f,f,f,f,f,f,f,t,f,f,f,f,f,f,f,f,t,f,t,f,f,f,f,f,f,f,f,f,f,f,f,f,f,f,f,t,f,f,f,f,,,,,,,,,,,https://www.usaspending.gov/award/CONT_AWD_140D8119P0007_1406_-NONE-_-NONE-/,2022-10-18 10:33:20+00
CONT_AWD_140D8119P0014_1406_-NONE-_-NONE-,140D8119P0014,,,,Q: Not Designated Nonemergency/Emergency/Disaster/Wildfire Suppression,,,,,3401.33,3401.33,3401.33,3401.33,2019-04-04,2019,2023-05-18,2023,2019-04-04,2019-06-07,2019-06-07 00:00:00,,,014,Department of the Interior,1406,Departmental Offices,140D04,IBC ACQ SVCS DIRECTORATE (00004),014,Department of the Interior,1406,Departmental Offices,140D82,OFFICE OF AVIATION SERVICES (00082),014-X-4523-000,014-4523,31.0: Equipment,0807: WCF REIMBURSABLE ACTIVITIES,X,NOT APPLICABLE,,,E1MERGLDU1A6,,SKY-HERO,SKY-HERO,,BTP66,LURNMJ6Z2UA5,,SKY-HERO SA,SKY-HERO SA,BEL,BELGIUM,PLACE WILLY DEVEZON 4 INTERNAL POSTAL BOX 3,,LEUZE-EN-HAINAUT,,,,,TOURNAI,7903,,,,,BEL,BELGIUM,,,,,,,,,,AWARD,B,PURCHASE ORDER,,,,,,,J,FIRM FIXED PRICE,PURCHASE OF 1 LOKI SET DRONE,,1,,,1550,UNMANNED AIRCRAFT,H,NOT BUNDLED,,,336411,AIRCRAFT MANUFACTURING,C,NO CLAUSES INCLUDED AND NO SUSTAINABILITY INCLUDED,D,FOREIGN-OWNED BUSINESS NOT INCORPORATED IN THE U.S.,,,,,E,NOT REQUIRED,BEL,BELGIUM,J,MFG OUTSIDE U.S. - DOMESTIC NONAVAILABILITY,B,PLAN NOT REQUIRED,G,NOT COMPETED UNDER SAP,SP1,SIMPLIFIED ACQUISITION,NONE,NO SET ASIDE USED.,NONE,NO PREFERENCE USED,,,,,MPT,LESS THAN OR EQUAL TO THE MICRO-PURCHASE THRESHOLD,1,A,COMMERCIAL PRODUCTS/SERVICES,f,N,NO,N,NO,X,NOT APPLICABLE,N,NO,,N,NO,X,NOT APPLICABLE,X,NOT APPLICABLE,X,NOT APPLICABLE,X,NOT APPLICABLE,,,,,,,,NONE,NONE,,,,,N,TRANSACTION DOES NOT USE GFE/GFP,,,D,NOT CONSOLIDATED,X,NOT APPLICABLE,,,,,N,NO,X,NOT APPLICABLE,f,f,f,f,f,f,f,f,f,f,f,f,f,f,f,f,f,f,f,OTHER THAN SMALL BUSINESS,O,f,t,f,f,f,f,f,f,f,f,f,f,f,f,f,f,f,CORPORATE NOT TAX EXEMPT,t,f,f,f,f,f,f,t,f,f,f,f,t,f,f,f,f,t,f,f,f,f,f,f,f,f,f,f,t,f,f,f,f,f,f,f,f,f,f,f,f,f,f,f,f,f,f,f,f,f,,,,,,,,,,,https://www.usaspending.gov/award/CONT_AWD_140D8119P0014_1406_-NONE-_-NONE-/,2023-05-18 18:47:08+00
CONT_AWD_140D8119P0016_1406_-NONE-_-NONE-,140D8119P0016,,,,,,,,,3248.00,0.00,3248.00,3248.00,2019-04-29,2019,2022-12-19,2023,2019-04-29,2019-05-31,2019-05-31 00:00:00,,,014,Department of the Interior,1406,Departmental Offices,140D04,IBC ACQ SVCS DIRECTORATE (00004),014,Department of the Interior,1406,Departmental Offices,140D82,OFFICE OF AVIATION SERVICES (00082),014-X-4523-000,014-4523,31.0: Equipment,0807: WCF REIMBURSABLE ACTIVITIES,X,NOT APPLICABLE,,,RL4AHHQTUHT3,,"FLYMOTION, LLC","FLYMOTION, LLC",,7RYF8,RL4AHHQTUHT3,,"FLYMOTION, LLC",FLYMOTION  LLC,USA,UNITED STATES,4558 EAGLE FALLS PL,,TAMPA,12057,HILLSBOROUGH,12,FL,FLORIDA,336199611,FL-14,FL-14,8005485844,,USA,UNITED STATES,TAMPA,12057,HILLSBOROUGH,12,FL,FLORIDA,336199611,FL-14,FL-14,AWARD,B,PURCHASE ORDER,,,,,,,J,FIRM FIXED PRICE,DJI MAVIC PRO - FLYMORE COMBO - ENTERPRISE EDITION UAS.,,1,,,1550,UNMANNED AIRCRAFT,H,NOT BUNDLED,,,336411,AIRCRAFT MANUFACTURING,C,NO CLAUSES INCLUDED AND NO SUSTAINABILITY INCLUDED,A,U.S. OWNED BUSINESS,,,,,E,NOT REQUIRED,CHN,CHINA,J,MFG OUTSIDE U.S. - DOMESTIC NONAVAILABILITY,B,PLAN NOT REQUIRED,G,NOT COMPETED UNDER SAP,SP1,SIMPLIFIED ACQUISITION,NONE,NO SET ASIDE USED.,NONE,NO PREFERENCE USED,,,,,MPT,LESS THAN OR EQUAL TO THE MICRO-PURCHASE THRESHOLD,1,A,COMMERCIAL PRODUCTS/SERVICES,f,N,NO,N,NO,N,NO,N,NO,,N,NO,N,NO,N,NO,N,NO,B,OTHER STATUTORY AUTHORITY,43 USC 1467 WORKING CAPITAL FUND,,,,,,,NONE,NONE,,,,,N,TRANSACTION DOES NOT USE GFE/GFP,,,D,NOT CONSOLIDATED,X,NOT APPLICABLE,,,,,N,NO,X,NOT APPLICABLE,f,f,f,f,f,t,f,f,f,f,f,f,f,f,f,f,f,f,f,SMALL BUSINESS,S,f,f,f,f,f,f,f,f,f,f,f,f,f,f,f,f,f,CORPORATE NOT TAX EXEMPT,t,f,f,f,f,f,f,f,f,f,f,f,f,f,f,f,f,t,f,f,f,f,f,f,f,f,t,f,t,f,f,f,f,f,f,f,f,f,f,f,f,f,f,f,f,t,f,f,f,f,,,,,,,,,,,https://www.usaspending.gov/award/CONT_AWD_140D8119P0016_1406_-NONE-_-NONE-/,2022-12-19 14:03:27+00
CONT_AWD_15DDHQ20P00000611_1524_-NONE-_-NONE-,15DDHQ20P00000611,,,,Q: Not Designated Nonemergency/Emergency/Disaster/Wildfire Suppression,,,,,78688.00,0.00,172370.00,172370.00,2020-05-19,2020,2022-07-18,2022,2020-05-19,2021-05-04,2021-05-04 00:00:00,,,015,Department of Justice,1524,Drug Enforcement Administration,15DDHQ,HEADQUATERS,015,Department of Justice,1524,Drug Enforcement Administration,15DD0A,AVIATION DIVISION,015-2020/2020-1100-000;015-X-5042-000,015-1100;015-5042,25.2: Other services from non-Federal sources;25.7: Operation and maintenance of equipment;31.0: Equipment,0001: AFF - PERMANENT INDEFINITE AUTHORITY;0003: DOMESTIC ENFORCEMENT,X,NOT APPLICABLE,,,LTBJCLHYL5S9,,"SKYDIO, INC","SKYDIO, INC.",,86PV4,LTBJCLHYL5S9,,"SKYDIO, INC",SKYDIO  INC.,USA,UNITED STATES,114 HAZEL AVE,,REDWOOD CITY,06081,SAN MATEO,06,CA,CALIFORNIA,940613112,CA-14,CA-15,6502729960,,USA,UNITED STATES,SAN MATEO,06081,SAN MATEO,06,CA,CALIFORNIA,944023710,CA-14,CA-15,AWARD,B,PURCHASE ORDER,,,,,,,J,FIRM FIXED PRICE,"SKYDIO 2 PRO KIT, NORTH AMERICA:  INCLUDES, 1 DRONE, 4 BATTERIES, 1 DUAL BATTERY CHARGER, 1 CONTROLLER, 1 TABLET ADAPTER, 1 SET OF EXTRA PROPS, 1 MICROFIBER CLOTH, 1 RUGGED HARD SHELL CASE.  SKYDIO 2 ENTERPRISE ANNUAL SERVICE SUBSCRIPTIONS",,1,CT,CRITICAL FUNCTIONS,1550,UNMANNED AIRCRAFT,H,NOT BUNDLED,,,541519,OTHER COMPUTER RELATED SERVICES,C,NO CLAUSES INCLUDED AND NO SUSTAINABILITY INCLUDED,A,U.S. OWNED BUSINESS,,,,,E,NOT REQUIRED,USA,UNITED STATES,D,MFG IN U.S.,B,PLAN NOT REQUIRED,C,NOT COMPETED,SSS,ONLY ONE SOURCE,NONE,NO SET ASIDE USED.,NONE,NO PREFERENCE USED,,,,,ONE,ONLY ONE SOURCE-OTHER (FAR 6.302-1 OTHER),1,D,COMMERCIAL PRODUCTS/SERVICES PROCEDURES NOT USED,f,N,NO,N,NO,N,NO,N,NO,,N,NO,X,NOT APPLICABLE,X,NOT APPLICABLE,X,NOT APPLICABLE,X,NOT APPLICABLE,,,,,,,,NONE,NONE,,,,,N,TRANSACTION DOES NOT USE GFE/GFP,,,D,NOT CONSOLIDATED,X,NOT APPLICABLE,,,,,N,NO,X,NOT APPLICABLE,f,f,f,f,f,f,f,f,f,f,f,f,f,f,f,f,f,f,f,OTHER THAN SMALL BUSINESS,O,f,f,f,f,f,f,f,f,f,f,f,f,f,f,f,f,f,CORPORATE NOT TAX EXEMPT,t,f,f,f,f,f,f,f,f,f,f,f,t,f,f,f,f,t,f,f,f,f,f,f,f,f,f,f,t,f,f,f,f,f,f,f,f,f,f,f,f,f,f,f,f,f,f,f,f,f,,,,,,,,,,,https://www.usaspending.gov/award/CONT_AWD_15DDHQ20P00000611_1524_-NONE-_-NONE-/,2022-07-19 09:23:44+00
CONT_AWD_15F06719P0003392_1549_-NONE-_-NONE-,15F06719P0003392,,,,Q: Not Designated Nonemergency/Emergency/Disaster/Wildfire Suppression,,,,,76248.90,76248.90,76248.90,76248.90,2019-09-27,2019,2020-05-14,2020,2019-09-27,2020-07-31,2020-07-31 00:00:00,,,015,Department of Justice,1549,Federal Bureau of Investigation,15F067,FBI-JEH,015,Department of Justice,1549,Federal Bureau of Investigation,15F067,FBI-JEH,015-2019/2019-0200-000,015-0200,25.1: Advisory and assistance services;26.0: Supplies and materials,0000: UNKNOWN/OTHER;OPTN: FIELD IS OPTIONAL PRIOR TO FY21,X,NOT APPLICABLE,,,P8H5CJMD6LX6,079816601,AUTONODYNE LLC,AUTONODYNE LLC,,7DRH8,P8H5CJMD6LX6,079816601,AUTONODYNE LLC,AUTONODYNE LLC,USA,UNITED STATES,710 NORTH DR,,MELBOURNE,12009,BREVARD,12,FL,FLORIDA,329349286,FL-08,FL-08,7742761690,,USA,UNITED STATES,QUANTICO,51179,STAFFORD,51,VA,VIRGINIA,221350008,VA-01,VA-07,AWARD,B,PURCHASE ORDER,,,,,,,J,FIRM FIXED PRICE,PURCHASE OF UAS IN SUPPORT OF NTTP.,,1,,,1550,UNMANNED AIRCRAFT,H,NOT BUNDLED,,,336411,AIRCRAFT MANUFACTURING,C,NO CLAUSES INCLUDED AND NO SUSTAINABILITY INCLUDED,A,U.S. OWNED BUSINESS,,,,,E,NOT REQUIRED,USA,UNITED STATES,D,MFG IN U.S.,B,PLAN NOT REQUIRED,G,NOT COMPETED UNDER SAP,SP1,SIMPLIFIED ACQUISITION,NONE,NO SET ASIDE USED.,NONE,NO PREFERENCE USED,,,,,SP2,SAP NON-COMPETITION (FAR 13),1,A,COMMERCIAL ITEM,f,N,NO,N,NO,N,NO,N,NO,,N,NO,N,NO,N,NO,N,NO,X,NOT APPLICABLE,,,,,,,,NONE,NONE,,,,,N,TRANSACTION DOES NOT USE GFE/GFP,,,D,NOT CONSOLIDATED,X,NOT APPLICABLE,,,,,N,NO,X,NOT APPLICABLE,f,f,f,f,f,t,f,f,f,f,f,f,f,f,f,f,f,f,f,OTHER THAN SMALL BUSINESS,O,f,f,f,f,f,f,f,f,f,f,f,f,f,f,f,f,f,CORPORATE NOT TAX EXEMPT,t,f,f,f,f,f,f,f,f,f,f,f,t,f,f,f,f,t,f,f,f,f,f,f,f,f,t,f,t,f,f,f,f,f,f,f,f,f,f,f,f,f,f,f,f,t,f,f,f,f,,,,,,,,,,,https://www.usaspending.gov/award/CONT_AWD_15F06719P0003392_1549_-NONE-_-NONE-/,2020-05-14 14:54:44+00
CONT_AWD_15F06720F0002404_1549_GS07F141DA_4732,15F06720F0002404,4732,FEDERAL ACQUISITION SERVICE,GS07F141DA,Q: Not Designated Nonemergency/Emergency/Disaster/Wildfire Suppression,,,,,109064.00,109064.00,109064.00,109064.00,2020-08-25,2020,2020-08-25,2020,2020-08-25,2020-11-30,2020-11-30 00:00:00,,2020-06-26,015,Department of Justice,1549,Federal Bureau of Investigation,15F067,FBI-JEH,015,Department of Justice,1549,Federal Bureau of Investigation,15F077,DIVISION 2200 (CIRG),015-2020/2020-0200-000,015-0200,31.0: Equipment,0000: UNKNOWN/OTHER;OPTN: FIELD IS OPTIONAL PRIOR TO FY21,X,NOT APPLICABLE,,,DGSKHRKYPDK9,861004349,AARDVARK,AARDVARK,,0N995,DGSKHRKYPDK9,861004349,AARDVARK,AARDVARK TACTICAL  INC.,USA,UNITED STATES,1935 PUDDINGSTONE DR,,LA VERNE,06037,LOS ANGELES,06,CA,CALIFORNIA,917505818,CA-32,CA-31,9094516100,9093920958,USA,UNITED STATES,WASHINGTON,11001,DISTRICT OF COLUMBIA,11,DC,DISTRICT OF COLUMBIA,205350001,DC-00,DC-98,AWARD,C,DELIVERY ORDER,,,,,,,J,FIRM FIXED PRICE,SUAS DRONES,,1,,,1550,UNMANNED AIRCRAFT,H,NOT BUNDLED,,,315990,APPAREL ACCESSORIES AND OTHER APPAREL MANUFACTURING,C,NO CLAUSES INCLUDED AND NO SUSTAINABILITY INCLUDED,A,U.S. OWNED BUSINESS,,,,,A,MEETS REQUIREMENTS,USA,UNITED STATES,D,MFG IN U.S.,B,PLAN NOT REQUIRED,A,FULL AND OPEN COMPETITION,MAFO,SUBJECT TO MULTIPLE AWARD FAIR OPPORTUNITY,,,NONE,NO PREFERENCE USED,,,ONE,ONLY ONE SOURCE - OTHER,,,1,A,COMMERCIAL ITEM,f,N,NO,N,NO,Y,YES,N,NO,,N,NO,X,NOT APPLICABLE,X,NOT APPLICABLE,X,NOT APPLICABLE,X,NOT APPLICABLE,,,C,FSS,M,MULTIPLE AWARD,,NONE,NONE,,,,,N,TRANSACTION DOES NOT USE GFE/GFP,,,D,NOT CONSOLIDATED,X,NOT APPLICABLE,,,,,N,NO,X,NOT APPLICABLE,f,f,f,f,f,f,f,f,f,f,f,f,f,f,f,f,f,f,f,SMALL BUSINESS,S,f,f,f,f,f,f,f,f,f,f,f,f,f,f,f,f,f,CORPORATE NOT TAX EXEMPT,t,f,f,f,f,f,f,f,f,f,f,f,f,f,f,f,f,t,f,f,f,f,f,f,f,f,f,f,t,f,f,f,f,f,f,f,f,f,f,f,f,f,f,f,f,f,f,f,f,f,JONATHAN  BECKER,280000.00,MELISSA  BECKER,280000.00,BRENT  DOAN,217690.00,THANH-YEN  DAO,146729.00,TODD  SORENSEN,138063.00,https://www.usaspending.gov/award/CONT_AWD_15F06720F0002404_1549_GS07F141DA_4732/,2020-08-25 09:11:19+00
CONT_AWD_15F06720F0002937_1549_GS07F141DA_4732,15F06720F0002937,4732,FEDERAL ACQUISITION SERVICE,GS07F141DA,Q: Not Designated Nonemergency/Emergency/Disaster/Wildfire Suppression,,,,,148929.00,148929.00,148929.00,148929.00,2020-09-21,2020,2020-09-29,2020,2020-09-21,2020-12-27,2020-12-27 00:00:00,,,015,Department of Justice,1549,Federal Bureau of Investigation,15F067,FBI-JEH,015,Department of Justice,1549,Federal Bureau of Investigation,15F077,DIVISION 2200 (CIRG),015-2020/2020-0200-000,015-0200,26.0: Supplies and materials;31.0: Equipment,0000: UNKNOWN/OTHER;OPTN: FIELD IS OPTIONAL PRIOR TO FY21,X,NOT APPLICABLE,,,DGSKHRKYPDK9,861004349,AARDVARK,AARDVARK,,0N995,DGSKHRKYPDK9,861004349,AARDVARK,AARDVARK TACTICAL  INC.,USA,UNITED STATES,1935 PUDDINGSTONE DR,,LA VERNE,06037,LOS ANGELES,06,CA,CALIFORNIA,917505818,CA-32,CA-31,9094516100,9093920958,USA,UNITED STATES,WASHINGTON,11001,DISTRICT OF COLUMBIA,11,DC,DISTRICT OF COLUMBIA,205350001,DC-00,DC-98,AWARD,C,DELIVERY ORDER,,,,,,,J,FIRM FIXED PRICE,SUAS,,1,,,1550,UNMANNED AIRCRAFT,H,NOT BUNDLED,,,315990,APPAREL ACCESSORIES AND OTHER APPAREL MANUFACTURING,C,NO CLAUSES INCLUDED AND NO SUSTAINABILITY INCLUDED,A,U.S. OWNED BUSINESS,,,,,A,MEETS REQUIREMENTS,BEL,BELGIUM,G,MFG OUTSIDE U.S. - TRADE AGREEMENTS,B,PLAN NOT REQUIRED,A,FULL AND OPEN COMPETITION,MAFO,SUBJECT TO MULTIPLE AWARD FAIR OPPORTUNITY,,,NONE,NO PREFERENCE USED,,,ONE,ONLY ONE SOURCE - OTHER,,,1,A,COMMERCIAL ITEM,f,N,NO,N,NO,Y,YES,N,NO,,N,NO,X,NOT APPLICABLE,X,NOT APPLICABLE,X,NOT APPLICABLE,X,NOT APPLICABLE,,,C,FSS,M,MULTIPLE AWARD,,NONE,NONE,,,,,N,TRANSACTION DOES NOT USE GFE/GFP,,,D,NOT CONSOLIDATED,X,NOT APPLICABLE,,,,,N,NO,X,NOT APPLICABLE,f,f,f,f,f,f,f,f,f,f,f,f,f,f,f,f,f,f,f,SMALL BUSINESS,S,f,f,f,f,f,f,f,f,f,f,f,f,f,f,f,f,f,CORPORATE NOT TAX EXEMPT,t,f,f,f,f,f,f,f,f,f,f,f,f,f,f,f,f,t,f,f,f,f,f,f,f,f,f,f,t,f,f,f,f,f,f,f,f,f,f,f,f,f,f,f,f,f,f,f,f,f,JONATHAN  BECKER,280000.00,MELISSA  BECKER,280000.00,BRENT  DOAN,217690.00,THANH-YEN  DAO,146729.00,TODD  SORENSEN,138063.00,https://www.usaspending.gov/award/CONT_AWD_15F06720F0002937_1549_GS07F141DA_4732/,2020-09-29 20:21:55+00
CONT_AWD_15F06720P0001381_1549_-NONE-_-NONE-,15F06720P0001381,,,,Q: Not Designated Nonemergency/Emergency/Disaster/Wildfire Suppression,,,,,327606.00,327606.00,327606.00,327606.00,2020-06-29,2020,2020-06-29,2020,2020-06-29,2020-10-31,2020-10-31 00:00:00,,2020-06-25,015,Department of Justice,1549,Federal Bureau of Investigation,15F067,FBI-JEH,015,Department of Justice,1549,Federal Bureau of Investigation,15F077,DIVISION 2200 (CIRG),015-2020/2020-0200-000,015-0200,31.0: Equipment,0000: UNKNOWN/OTHER,X,NOT APPLICABLE,,,DGSKHRKYPDK9,861004349,AARDVARK,AARDVARK,,0N995,DGSKHRKYPDK9,861004349,AARDVARK,AARDVARK TACTICAL  INC.,USA,UNITED STATES,1935 PUDDINGSTONE DR,,LA VERNE,06037,LOS ANGELES,06,CA,CALIFORNIA,917505818,CA-32,CA-31,9094516100,9093920958,USA,UNITED STATES,WASHINGTON,11001,DISTRICT OF COLUMBIA,11,DC,DISTRICT OF COLUMBIA,205350001,DC-00,DC-98,AWARD,B,PURCHASE ORDER,,,,,,,J,FIRM FIXED PRICE,SUAS AIRCRAFT,DJF-20-1200-SUAS-3,1,,,1550,UNMANNED AIRCRAFT,H,NOT BUNDLED,,,336411,AIRCRAFT MANUFACTURING,C,NO CLAUSES INCLUDED AND NO SUSTAINABILITY INCLUDED,A,U.S. OWNED BUSINESS,,,,,A,MEETS REQUIREMENTS,BEL,BELGIUM,G,MFG OUTSIDE U.S. - TRADE AGREEMENTS,B,PLAN NOT REQUIRED,C,NOT COMPETED,SSS,ONLY ONE SOURCE,NONE,NO SET ASIDE USED.,NONE,NO PREFERENCE USED,,,,,ONE,ONLY ONE SOURCE-OTHER (FAR 6.302-1 OTHER),1,A,COMMERCIAL ITEM,f,N,NO,N,NO,Y,YES,N,NO,,N,NO,X,NOT APPLICABLE,X,NOT APPLICABLE,X,NOT APPLICABLE,X,NOT APPLICABLE,,,,,,,,NONE,NONE,,,,,N,TRANSACTION DOES NOT USE GFE/GFP,,,D,NOT CONSOLIDATED,X,NOT APPLICABLE,,,,,N,NO,X,NOT APPLICABLE,f,f,f,f,f,f,f,f,f,f,f,f,f,f,f,f,f,f,f,SMALL BUSINESS,S,f,f,f,f,f,f,f,f,f,f,f,f,f,f,f,f,f,CORPORATE NOT TAX EXEMPT,t,f,f,f,f,f,f,f,f,f,f,f,f,f,f,f,f,t,f,f,f,f,f,f,f,f,f,f,t,f,f,f,f,f,f,f,f,f,f,f,f,f,f,f,f,f,f,f,f,f,JONATHAN  BECKER,280000.00,MELISSA  BECKER,280000.00,BRENT  DOAN,217690.00,THANH-YEN  DAO,146729.00,TODD  SORENSEN,138063.00,https://www.usaspending.gov/award/CONT_AWD_15F06720P0001381_1549_-NONE-_-NONE-/,2020-06-29 15:45:20+00
CONT_AWD_15F06720P0001662_1549_-NONE-_-NONE-,15F06720P0001662,,,,Q: Not Designated Nonemergency/Emergency/Disaster/Wildfire Suppression,,,,,57033.35,57033.35,57033.35,57033.35,2020-08-18,2020,2020-08-18,2020,2020-08-14,2020-10-05,2020-10-05 00:00:00,,,015,Department of Justice,1549,Federal Bureau of Investigation,15F067,FBI-JEH,015,Department of Justice,1549,Federal Bureau of Investigation,15F067,FBI-JEH,015-2020/2020-0200-000,015-0200,31.0: Equipment,0000: UNKNOWN/OTHER;OPTN: FIELD IS OPTIONAL PRIOR TO FY21,X,NOT APPLICABLE,,,L43SGXYMK8H5,087403499,ADORAMA INC.,ADORAMA INC.,,79702,L43SGXYMK8H5,087403499,ADORAMA INC.,ADORAMA INC.,USA,UNITED STATES,42 W 18TH ST,,NEW YORK,36061,NEW YORK,36,NY,NEW YORK,100114621,NY-12,NY-12,2127400401,2127411027,USA,UNITED STATES,NEW YORK,36061,NEW YORK,36,NY,NEW YORK,100114621,NY-12,NY-12,AWARD,B,PURCHASE ORDER,,,,,,,J,FIRM FIXED PRICE,"DJI PHANTOM 4 PRO VERSION 2 (P4P) AERIAL IMAGING KITS AND ACCESSORIES DETAILED BELOW:    ITEMS REQUIRED TO BE DELIVERED BY 4/15/2020 (FIRST CLASS IS IN MAY)  1.20 EA, DJI P4P V2.0 QUADCOPTER KIT COLOR WHITE WHICH INCLUDES THE AIRCRAFT WITH STANDARD R",RFQ0002527,1,,,1550,UNMANNED AIRCRAFT,H,NOT BUNDLED,,,333314,OPTICAL INSTRUMENT AND LENS MANUFACTURING,C,NO CLAUSES INCLUDED AND NO SUSTAINABILITY INCLUDED,A,U.S. OWNED BUSINESS,,,,,E,NOT REQUIRED,USA,UNITED STATES,D,MFG IN U.S.,B,PLAN NOT REQUIRED,F,COMPETED UNDER SAP,SP1,SIMPLIFIED ACQUISITION,NONE,NO SET ASIDE USED.,NONE,NO PREFERENCE USED,,,,,,,8,A,COMMERCIAL ITEM,f,N,NO,N,NO,Y,YES,N,NO,,N,NO,N,NO,N,NO,N,NO,X,NOT APPLICABLE,,,,,,,,NONE,NONE,,,,,N,TRANSACTION DOES NOT USE GFE/GFP,,,D,NOT CONSOLIDATED,X,NOT APPLICABLE,,,,,N,NO,X,NOT APPLICABLE,f,f,f,f,f,f,f,f,f,f,f,f,f,f,f,f,f,f,f,SMALL BUSINESS,S,f,f,f,f,f,f,f,f,f,f,f,f,f,f,f,f,f,CORPORATE NOT TAX EXEMPT,t,f,f,f,f,f,f,f,f,f,f,f,f,f,f,f,f,t,f,f,f,f,f,f,f,f,f,f,t,f,f,f,f,f,f,f,f,f,f,f,f,f,f,f,f,f,f,f,f,f,,,,,,,,,,,https://www.usaspending.gov/award/CONT_AWD_15F06720P0001662_1549_-NONE-_-NONE-/,2020-08-18 09:29:47+00
CONT_AWD_15F06720P0002181_1549_-NONE-_-NONE-,15F06720P0002181,,,,Q: Not Designated Nonemergency/Emergency/Disaster/Wildfire Suppression,,,,,45420.34,45420.34,45420.34,45420.34,2020-09-30,2020,2021-03-25,2021,2020-09-30,2021-04-09,2021-04-09 00:00:00,,,015,Department of Justice,1549,Federal Bureau of Investigation,15F067,FBI-JEH,015,Department of Justice,1549,Federal Bureau of Investigation,15F077,DIVISION 2200 (CIRG),015-2020/2020-0200-000;015-2021/2021-0200-000,015-0200,31.0: Equipment,0000: UNKNOWN/OTHER;OPTN: FIELD IS OPTIONAL PRIOR TO FY21,X,NOT APPLICABLE,,,DXUNWV7UH817,116012659,B & H FOTO & ELECTRONICS CORP.,B & H FOTO & ELECTRONICS CORP.,,2Y053,DXUNWV7UH817,116012659,B & H FOTO & ELECTRONICS CORP.,B & H FOTO & ELECTRONICS CORP.,USA,UNITED STATES,420 9TH AVE,,NEW YORK,36061,NEW YORK,36,NY,NEW YORK,100011614,NY-10,NY-12,2122397500,2122397509,USA,UNITED STATES,QUANTICO,51179,STAFFORD,51,VA,VIRGINIA,221350001,VA-01,VA-07,AWARD,B,PURCHASE ORDER,,,,,,,J,FIRM FIXED PRICE,EQUIPMENT.,,1,,,1550,UNMANNED AIRCRAFT,H,NOT BUNDLED,,,334511,"SEARCH, DETECTION, NAVIGATION, GUIDANCE, AERONAUTICAL, AND NAUTICAL SYSTEM AND INSTRUMENT MANUFACTURING",C,NO CLAUSES INCLUDED AND NO SUSTAINABILITY INCLUDED,A,U.S. OWNED BUSINESS,,,,,E,NOT REQUIRED,USA,UNITED STATES,D,MFG IN U.S.,B,PLAN NOT REQUIRED,C,NOT COMPETED,SSS,ONLY ONE SOURCE,NONE,NO SET ASIDE USED.,NONE,NO PREFERENCE USED,,,,,ONE,ONLY ONE SOURCE-OTHER (FAR 6.302-1 OTHER),1,A,COMMERCIAL ITEM,f,N,NO,N,NO,X,NOT APPLICABLE,N,NO,,N,NO,X,NOT APPLICABLE,X,NOT APPLICABLE,X,NOT APPLICABLE,X,NOT APPLICABLE,,,,,,,,NONE,NONE,,,,,N,TRANSACTION DOES NOT USE GFE/GFP,,,D,NOT CONSOLIDATED,X,NOT APPLICABLE,,,,,N,NO,X,NOT APPLICABLE,f,f,f,f,f,f,f,f,f,f,f,f,f,f,f,f,f,f,f,OTHER THAN SMALL BUSINESS,O,f,f,f,f,f,f,f,f,f,f,f,f,f,f,f,f,f,CORPORATE NOT TAX EXEMPT,t,f,f,f,f,f,f,f,f,f,f,f,f,f,f,f,f,t,f,f,f,f,f,f,f,t,f,f,t,f,f,f,f,f,f,f,f,f,f,f,f,f,f,f,f,f,f,f,f,f,,,,,,,,,,,https://www.usaspending.gov/award/CONT_AWD_15F06720P0002181_1549_-NONE-_-NONE-/,2021-03-25 11:19:16+00
CONT_AWD_15M10320PA4100136_1544_-NONE-_-NONE-,15M10320PA4100136,,,,Q: Not Designated Nonemergency/Emergency/Disaster/Wildfire Suppression,,,,,24095.00,24095.00,24095.00,24095.00,2020-08-05,2020,2023-05-03,2023,2020-08-05,2021-08-04,2021-08-04 00:00:00,,,015,Department of Justice,1544,U.S. Marshals Service,15M103,"PROCUREMENT DIVISION, ISB",015,Department of Justice,1544,U.S. Marshals Service,15M600,"U.S. DEPT OF JUSTICE, USMS",015-2020/2020-0324-000,015-0324,31.0: Equipment,0003: USMS SALARIES AND EXPENSES - FUGITIVE APPREHENSION,X,NOT APPLICABLE,,,RMG1AZ1ZH8Q7,,PHYSICAL SCIENCES INC.,PHYSICAL SCIENCES INC.,,8K901,RMG1AZ1ZH8Q7,,PHYSICAL SCIENCES INC.,PHYSICAL SCIENCES  INC.,USA,UNITED STATES,20 NEW ENGLAND BUSINESS CTR DR,,ANDOVER,25009,ESSEX,25,MA,MASSACHUSETTS,018101022,MA-03,MA-06,9786890003,9786893232,USA,UNITED STATES,ANDOVER,25009,ESSEX,25,MA,MASSACHUSETTS,018101022,MA-06,MA-06,AWARD,B,PURCHASE ORDER,,,,,,,J,FIRM FIXED PRICE,CIB UAS - OST,,1,,,1550,UNMANNED AIRCRAFT,H,NOT BUNDLED,,,336411,AIRCRAFT MANUFACTURING,C,NO CLAUSES INCLUDED AND NO SUSTAINABILITY INCLUDED,A,U.S. OWNED BUSINESS,,,,,E,NOT REQUIRED,USA,UNITED STATES,D,MFG IN U.S.,B,PLAN NOT REQUIRED,C,NOT COMPETED,SSS,ONLY ONE SOURCE,NONE,NO SET ASIDE USED.,NONE,NO PREFERENCE USED,,,,,ONE,ONLY ONE SOURCE-OTHER (FAR 6.302-1 OTHER),1,A,COMMERCIAL PRODUCTS/SERVICES,f,N,NO,N,NO,N,NO,N,NO,,N,NO,N,NO,N,NO,N,NO,X,NOT APPLICABLE,,,,,,,,NONE,NONE,,,,,N,TRANSACTION DOES NOT USE GFE/GFP,,,D,NOT CONSOLIDATED,X,NOT APPLICABLE,,,,,N,NO,X,NOT APPLICABLE,f,f,f,f,f,f,f,f,f,f,f,f,f,f,f,f,f,f,f,SMALL BUSINESS,S,f,f,f,f,f,f,f,f,f,f,f,f,f,f,f,f,f,CORPORATE NOT TAX EXEMPT,t,f,f,f,f,f,f,f,f,f,f,f,f,f,f,f,f,t,f,f,f,f,f,f,f,f,f,f,t,f,f,f,f,f,f,f,f,f,f,f,f,f,f,f,f,f,f,f,f,f,WILLIAM J MARINELLI,523411.00,B. DAVID  GREEN,434465.00,STEVEN R GENESTRETI,425332.00,PETER A WARREN,382030.00,MARK G ALLEN,356574.00,https://www.usaspending.gov/award/CONT_AWD_15M10320PA4100136_1544_-NONE-_-NONE-/,2023-05-03 08:49:45+00
CONT_AWD_191NLE18P0090_1900_-NONE-_-NONE-,191NLE18P0090,,,,,,,,,70761.00,,70761.00,70761.00,2018-08-02,2018,2025-12-09,2026,2018-08-02,2018-09-30,2018-09-30 00:00:00,,,019,Department of State,1900,Department of State,191NLE,ACQUISITIONS - INL,019,Department of State,1900,Department of State,191NLE,ACQUISITIONS - INL,,,,,X,NOT APPLICABLE,,,PVLFGWHJ5BV5,,"PROJECT SERVICES INTERNATIONAL CORPORATION, INC","PROJECT SERVICES INTERNATIONAL CORPORATION, INC.",,70PY6,PVLFGWHJ5BV5,,"PROJECT SERVICES INTERNATIONAL CORPORATION, INC",PROJECT SERVICES INTERNATIONAL CORPORATION  INC,USA,UNITED STATES,175 FOUNTAINEBLEAU BLVD STE 2K3,,MIAMI,12086,MIAMI-DADE,12,FL,FLORIDA,331727014,FL-28,FL-27,3056003315,,USA,UNITED STATES,MIAMI,12086,MIAMI-DADE,12,FL,FLORIDA,331724099,FL-28,FL-28,AWARD,B,PURCHASE ORDER,,,,,,,J,FIRM FIXED PRICE,"PURCHASE ORDER TO PROVIDE AERIAL SURVEILLANCE VEHICLES TO THE GUATEMALAN NATIONAL POLICE. INL SECTION, US EMBASSY GUATEMALA CITY.",JDLRFQ25,1,,,1550,UNMANNED AIRCRAFT,H,NOT BUNDLED,,,336411,AIRCRAFT MANUFACTURING,C,NO CLAUSES INCLUDED AND NO SUSTAINABILITY INCLUDED,A,U.S. OWNED BUSINESS,,,,,E,NOT REQUIRED,USA,UNITED STATES,D,MFG IN U.S.,B,PLAN NOT REQUIRED,F,COMPETED UNDER SAP,SP1,SIMPLIFIED ACQUISITION,SBA,SMALL BUSINESS SET ASIDE - TOTAL,NONE,NO PREFERENCE USED,,,,,,,8,A,COMMERCIAL PRODUCTS/SERVICES,f,N,NO,N,NO,Y,YES,N,NO,,N,NO,X,NOT APPLICABLE,X,NOT APPLICABLE,X,NOT APPLICABLE,X,NOT APPLICABLE,,,,,,,,,,,,,,N,TRANSACTION DOES NOT USE GFE/GFP,,,D,NOT CONSOLIDATED,X,NOT APPLICABLE,,,,,N,NO,X,NOT APPLICABLE,f,f,f,f,f,t,f,t,t,t,f,f,t,f,f,f,t,f,f,SMALL BUSINESS,S,f,f,f,f,f,f,f,f,f,f,f,f,f,f,f,f,f,CORPORATE NOT TAX EXEMPT,t,f,f,f,f,f,f,f,f,f,f,f,f,f,f,f,f,t,f,f,f,f,f,f,f,t,f,f,t,f,f,f,f,f,f,f,f,f,f,f,f,f,f,f,f,f,f,f,f,f,,,,,,,,,,,https://www.usaspending.gov/award/CONT_AWD_191NLE18P0090_1900_-NONE-_-NONE-/,2025-12-12 14:12:50+00
CONT_AWD_19AQMM18F4923_1900_SAQMMA17D0080_1900,19AQMM18F4923,1900,"STATE, DEPARTMENT OF",SAQMMA17D0080,Q: Not Designated Nonemergency/Emergency/Disaster/Wildfire Suppression,,,,,5550874.48,97166.65,5621266.40,5621266.40,2018-09-29,2018,2024-09-22,2024,2018-09-29,2021-09-30,2021-09-30 00:00:00,,,019,Department of State,1900,Department of State,19AQMM,ACQUISITIONS - AQM MOMENTUM,019,Department of State,1900,Department of State,19XAF0,BUREAU OF AFRICAN AFFAIRS,019-011-2013/2018-1032-000;019-011-2014/2018-1032-000;019-011-2015/2020-1032-000;019-011-2017/2018-1032-000;019-011-2018/2019-1032-000;019-011-2019/2020-1032-000;019-011-2020/2020-1032-000;019-011-2020/2021-1032-000;019-011-2021/2021-1032-000,011-1032,25.3: Other goods and services from Federal sources,0000: UNKNOWN/OTHER;0001: PEACEKEEPING OPERATIONS (DIRECT);0001: UNKNOWN/OTHER,X,NOT APPLICABLE,,,JENBF1KKWZ93,,"PAE GOVERNMENT SERVICES, INC.","PAE GOVERNMENT SERVICES, INC.",,00TB2,Q3BYWA4EY5G3,,AMENTUM JOINT VENTURE LP,PAE GOVERNMENT SERVICES  INC.,USA,UNITED STATES,1320 N COURTHOUSE RD STE 700,,ARLINGTON,51013,ARLINGTON,51,VA,VIRGINIA,222012501,VA-08,VA-08,3019443100,,KEN,KENYA,,,,,,,201514247,,,AWARD,C,DELIVERY ORDER,,,,,,,M,FIXED PRICE AWARD FEE,ISR&C-IED DRONES_EQUIP IN KENYA,19AQMM18R0276,1,,,1550,UNMANNED AIRCRAFT,H,NOT BUNDLED,,,541618,OTHER MANAGEMENT CONSULTING SERVICES,C,NO CLAUSES INCLUDED AND NO SUSTAINABILITY INCLUDED,A,U.S. OWNED BUSINESS,,,,,E,NOT REQUIRED,USA,UNITED STATES,D,MFG IN U.S.,F,INDIVIDUAL SUBCONTRACT PLAN,A,FULL AND OPEN COMPETITION,MAFO,SUBJECT TO MULTIPLE AWARD FAIR OPPORTUNITY,,,NONE,NO PREFERENCE USED,,,FAIR,FAIR OPPORTUNITY GIVEN,,,5,D,COMMERCIAL PRODUCTS/SERVICES PROCEDURES NOT USED,f,N,NO,N,NO,Y,YES,N,NO,,N,NO,N,NO,N,NO,N,NO,X,NOT APPLICABLE,,,B,IDC,M,MULTIPLE AWARD,,,,Y,YES,,,N,TRANSACTION DOES NOT USE GFE/GFP,,,D,NOT CONSOLIDATED,X,NOT APPLICABLE,Y,YES,,,N,NO,X,NOT APPLICABLE,f,f,f,f,f,f,f,f,f,f,f,f,f,f,f,f,f,f,f,OTHER THAN SMALL BUSINESS,O,f,f,f,f,f,f,f,f,f,f,f,f,f,f,f,f,f,CORPORATE NOT TAX EXEMPT,t,f,f,f,f,f,f,f,f,f,f,f,f,f,f,f,f,t,f,f,f,f,f,f,f,f,f,f,t,f,f,f,f,f,f,f,f,f,f,f,f,f,f,f,f,f,f,f,f,f,JOHN  HELLER,1577279.00,PATRICIA  MUNCHEL,901479.00,JAMES  WHITNEY,900332.00,KARL  SPINNENWEBER,879336.00,JILL  BRUNING,854508.00,https://www.usaspending.gov/award/CONT_AWD_19AQMM18F4923_1900_SAQMMA17D0080_1900/,2024-12-04 12:26:07+00
CONT_AWD_47QSHA20F3QJ7_4732_47QSWA18D006U_4732,47QSHA20F3QJ7,4732,FEDERAL ACQUISITION SERVICE,47QSWA18D006U,Q: Not Designated Nonemergency/Emergency/Disaster/Wildfire Suppression,,,,,0.00,0.00,0.00,0.00,2020-05-04,2020,2020-12-11,2021,2020-05-04,2020-12-11,2020-12-11 00:00:00,,2020-01-29,047,General Services Administration,4732,Federal Acquisition Service,47QSHA,GSA/FAS HEARTLAND ACQUISITION CENTE,047,General Services Administration,4732,Federal Acquisition Service,47QSHA,GSA/FAS HEARTLAND ACQUISITION CENTE,047-X-4534-001,047-4534,26.0: Supplies and materials,0852: GENERAL SUPPLIES AND SERVICES (GSS) - FLOW-THRU,X,NOT APPLICABLE,,,NE4LCFKM1T44,828725163,"QUIET PROFESSIONALS, LLC","QUIET PROFESSIONALS, LLC",,58LL9,NE4LCFKM1T44,828725163,"QUIET PROFESSIONALS, LLC",PERCEPTION IR  LLC,USA,UNITED STATES,"2701 NORTH ROCKY POINT DRIVE, SUITE 175",,TAMPA,12057,HILLSBOROUGH,12,FL,FLORIDA,336075998,FL-14,FL-14,8139023557,8139023807,USA,UNITED STATES,TAMPA,12057,HILLSBOROUGH,12,FL,FLORIDA,336075998,FL-14,FL-14,AWARD,C,DELIVERY ORDER,,,,,,,K,FIXED PRICE WITH ECONOMIC PRICE ADJUSTMENT,"GETFPV/IFIXIT DRONE REPLACEMENT PART - PRO TECH TOOLKIT. ***VENDOR QUOTED $10 SHIPPING, TOTAL WILL BE $95.31 INCLUDING THIS.",47QSMD20R0001,1,,,1550,UNMANNED AIRCRAFT,H,NOT BUNDLED,,,336411,AIRCRAFT MANUFACTURING,C,NO CLAUSES INCLUDED AND NO SUSTAINABILITY INCLUDED,A,U.S. OWNED BUSINESS,,,,,E,NOT REQUIRED,USA,UNITED STATES,D,MFG IN U.S.,B,PLAN NOT REQUIRED,A,FULL AND OPEN COMPETITION,MAFO,SUBJECT TO MULTIPLE AWARD FAIR OPPORTUNITY,,,NONE,NO PREFERENCE USED,,,FAIR,FAIR OPPORTUNITY GIVEN,,,999,A,COMMERCIAL ITEM,f,N,NO,N,NO,Y,YES,N,NO,,N,NO,X,NOT APPLICABLE,X,NOT APPLICABLE,X,NOT APPLICABLE,B,OTHER STATUTORY AUTHORITY,NOT APPLICABLE.,,C,FSS,M,MULTIPLE AWARD,,NONE,NONE,,,,,N,TRANSACTION DOES NOT USE GFE/GFP,,,D,NOT CONSOLIDATED,X,NOT APPLICABLE,,,,,N,NO,X,NOT APPLICABLE,f,f,f,f,f,t,t,f,f,f,f,f,f,f,f,f,f,f,f,SMALL BUSINESS,S,f,f,f,f,f,f,f,f,f,f,f,f,f,f,f,f,f,CORPORATE NOT TAX EXEMPT,t,f,f,f,f,f,f,f,f,f,f,f,f,f,f,f,f,t,f,f,f,f,f,f,f,t,f,f,t,f,f,f,f,f,f,f,f,f,f,f,f,f,f,f,f,f,f,f,f,f,,,,,,,,,,,https://www.usaspending.gov/award/CONT_AWD_47QSHA20F3QJ7_4732_47QSWA18D006U_4732/,2021-01-24 21:41:59+00
CONT_AWD_69056719P000009_6925_-NONE-_-NONE-,69056719P000009,,,,,,,,,18900.00,0.00,18900.00,18900.00,2019-01-29,2019,2020-06-08,2020,2019-01-29,2020-03-14,2020-03-14 00:00:00,,,069,Department of Transportation,6925,Federal Highway Administration,690567,690567 WESTERN FEDERAL LANDS DIV,069,Department of Transportation,6925,Federal Highway Administration,690567,690567 WESTERN FEDERAL LANDS DIV,069-X-8083-000,069-8083,25.2: Other services from non-Federal sources;31.0: Equipment,0801: FEDERAL-AID HIGHWAYS (REIMBURSABLE),X,NOT APPLICABLE,,,SJEJATJ33411,051635589,REPRO GRAPHICS INC,"REPRO GRAPHICS, INC.",,0WHN4,SJEJATJ33411,051635589,REPRO GRAPHICS INC,REPRO GRAPHICS  INC.,USA,UNITED STATES,2595 ENTERPRISE AVE,,BILLINGS,30111,YELLOWSTONE,30,MT,MONTANA,591026469,MT-00,MT-02,4066524414,4066527825,USA,UNITED STATES,VANCOUVER,53011,CLARK,53,WA,WASHINGTON,986613801,WA-03,WA-03,AWARD,B,PURCHASE ORDER,,,,,,,J,FIRM FIXED PRICE,DJI MATRICE 210 QUADCOPTER,69056719Q000011,1,OT,OTHER FUNCTIONS,1550,UNMANNED AIRCRAFT,H,NOT BUNDLED,,,336411,AIRCRAFT MANUFACTURING,C,NO CLAUSES INCLUDED AND NO SUSTAINABILITY INCLUDED,A,U.S. OWNED BUSINESS,,,,,E,NOT REQUIRED,USA,UNITED STATES,D,MFG IN U.S.,B,PLAN NOT REQUIRED,F,COMPETED UNDER SAP,SP1,SIMPLIFIED ACQUISITION,SBA,SMALL BUSINESS SET ASIDE - TOTAL,NONE,NO PREFERENCE USED,,,,,,,2,A,COMMERCIAL ITEM,f,N,NO,N,NO,X,NOT APPLICABLE,N,NO,,N,NO,X,NOT APPLICABLE,X,NOT APPLICABLE,X,NOT APPLICABLE,X,NOT APPLICABLE,,,,,,,,NONE,NONE,,,,,N,TRANSACTION DOES NOT USE GFE/GFP,,,D,NOT CONSOLIDATED,X,NOT APPLICABLE,,,,,N,NO,X,NOT APPLICABLE,f,f,f,f,f,f,f,f,f,f,f,f,f,f,f,f,f,f,f,SMALL BUSINESS,S,f,f,f,f,f,f,f,f,f,f,f,f,f,f,f,f,f,CORPORATE NOT TAX EXEMPT,t,f,f,f,f,f,f,f,f,f,f,f,f,f,f,f,f,t,f,f,f,f,f,f,f,f,f,f,t,f,f,f,f,f,f,f,f,f,f,f,f,f,f,f,f,f,f,f,f,f,,,,,,,,,,,https://www.usaspending.gov/award/CONT_AWD_69056719P000009_6925_-NONE-_-NONE-/,2020-06-08 18:09:48+00
CONT_AWD_692M1519P00136_6920_-NONE-_-NONE-,692M1519P00136,,,,Q: Not Designated Nonemergency/Emergency/Disaster/Wildfire Suppression,,,,,40000.00,40000.00,40000.00,40000.00,2019-09-03,2019,2019-12-05,2020,2019-09-03,2020-09-03,2020-09-03 00:00:00,,,069,Department of Transportation,6920,Federal Aviation Administration,692M15,"692M15 ACQUISITION & GRANTS, AAQ600",069,Department of Transportation,6920,Federal Aviation Administration,692M15,"692M15 ACQUISITION & GRANTS, AAQ600",069-2017/2019-8108-000,069-8108,25.2: Other services from non-Federal sources,0011: IMPROVE AVIATION SAFETY,X,NOT APPLICABLE,,,L9C1Y2N4A5T1,117139430,SIMLAT INC.,"SIMLAT, INC.",,8DDY2,L9C1Y2N4A5T1,117139430,SIMLAT INC.,SIMLAT  INC.,USA,UNITED STATES,4418 SPRUCE ST APT I2,,PHILADELPHIA,42101,PHILADELPHIA,42,PA,PENNSYLVANIA,191044737,PA-03,PA-03,2677379225,,USA,UNITED STATES,PHILADELPHIA,42101,PHILADELPHIA,42,PA,PENNSYLVANIA,191044737,PA-03,PA-03,AWARD,B,PURCHASE ORDER,,,,,,,J,FIRM FIXED PRICE,"SIMULATOR HARDWARE&SOFTWARE, 6-DOF MODELS, DOCUMENTATION, AND TECHNICAL SUPPORT&TRAINING",,1,OT,OTHER FUNCTIONS,1550,UNMANNED AIRCRAFT,H,NOT BUNDLED,,,333318,OTHER COMMERCIAL AND SERVICE INDUSTRY MACHINERY MANUFACTURING,C,NO CLAUSES INCLUDED AND NO SUSTAINABILITY INCLUDED,C,FOREIGN-OWNED BUSINESS INCORPORATED IN THE U.S.,,,,,E,NOT REQUIRED,USA,UNITED STATES,D,MFG IN U.S.,B,PLAN NOT REQUIRED,G,NOT COMPETED UNDER SAP,SP1,SIMPLIFIED ACQUISITION,NONE,NO SET ASIDE USED.,NONE,NO PREFERENCE USED,,,,,SP2,SAP NON-COMPETITION (FAR 13),1,A,COMMERCIAL ITEM,f,N,NO,N,NO,X,NOT APPLICABLE,N,NO,,N,NO,N,NO,N,NO,N,NO,X,NOT APPLICABLE,,,,,,,,NONE,NONE,,,,,N,TRANSACTION DOES NOT USE GFE/GFP,,,D,NOT CONSOLIDATED,X,NOT APPLICABLE,,,,,N,NO,X,NOT APPLICABLE,f,f,f,f,f,f,f,f,f,f,f,f,f,f,f,f,f,f,f,SMALL BUSINESS,S,f,f,f,f,f,f,f,f,f,f,f,f,f,f,f,f,f,CORPORATE NOT TAX EXEMPT,t,f,f,f,f,f,f,f,f,f,f,f,f,f,f,f,f,t,f,f,f,f,f,f,f,f,f,t,t,f,f,f,f,f,f,f,f,f,f,f,f,f,f,f,f,f,f,f,f,f,,,,,,,,,,,https://www.usaspending.gov/award/CONT_AWD_692M1519P00136_6920_-NONE-_-NONE-/,2019-12-05 14:42:16+00
CONT_AWD_6973GH20F00013_6920_6973GH19A00015_6920,6973GH20F00013,6920,FEDERAL AVIATION ADMINISTRATION,6973GH19A00015,Q: Not Designated Nonemergency/Emergency/Disaster/Wildfire Suppression,,,,,0.00,0.00,0.00,117160.16,2020-03-16,2020,2023-01-09,2023,2020-03-16,2024-09-29,2024-09-29 00:00:00,,,069,Department of Transportation,6920,Federal Aviation Administration,6973GH,6973GH FRANCHISE ACQUISITION SVCS,069,Department of Transportation,6920,Federal Aviation Administration,6973GH,6973GH FRANCHISE ACQUISITION SVCS,069-X-4562-000,069-4562,22.0: Transportation of things;26.0: Supplies and materials,0810: LOGISTICS,X,NOT APPLICABLE,,,YJG1MDHLBC88,,"AEROVIRONMENT, INC.","AEROVIRONMENT, INC.",,914V0,YJG1MDHLBC88,,"AEROVIRONMENT, INC.",AEROVIRONMENT  INC.,USA,UNITED STATES,900 INNOVATORS WAY,,SIMI VALLEY,06111,VENTURA,06,CA,CALIFORNIA,930652072,CA-08,CA-26,8055208350,8055262565,USA,UNITED STATES,SIMI VALLEY,06111,VENTURA,06,CA,CALIFORNIA,930652072,CA-25,CA-26,AWARD,A,BPA CALL,,,,,,,J,FIRM FIXED PRICE,ASSETS IN SUPPORT OF THE NAS,,1,OT,OTHER FUNCTIONS,1550,UNMANNED AIRCRAFT,H,NOT BUNDLED,,,336413,OTHER AIRCRAFT PARTS AND AUXILIARY EQUIPMENT MANUFACTURING,F,ENVIRONMENTALLY PREFERABLE,A,U.S. OWNED BUSINESS,,,,,E,NOT REQUIRED,USA,UNITED STATES,D,MFG IN U.S.,B,PLAN NOT REQUIRED,G,NOT COMPETED UNDER SAP,SP1,SIMPLIFIED ACQUISITION,NONE,NO SET ASIDE USED.,NONE,NO PREFERENCE USED,,,,,SP2,SAP NON-COMPETITION (FAR 13),1,B,PRODUCTS OR SERVICES PURSUANT TO FAR 12.102(F),f,N,NO,N,NO,,,N,NO,,N,NO,X,NOT APPLICABLE,Y,YES,X,NOT APPLICABLE,X,NOT APPLICABLE,,,E,BPA,S,SINGLE AWARD,,NONE,NONE,,,,,N,TRANSACTION DOES NOT USE GFE/GFP,,,D,NOT CONSOLIDATED,X,NOT APPLICABLE,,,,,N,NO,X,NOT APPLICABLE,f,f,f,f,f,f,f,f,f,f,f,f,f,f,f,f,f,f,f,OTHER THAN SMALL BUSINESS,O,f,f,f,f,f,f,f,f,f,f,f,f,f,f,f,f,f,CORPORATE NOT TAX EXEMPT,t,f,f,f,f,f,f,f,f,f,f,f,t,f,f,f,f,t,f,f,f,f,f,f,f,f,f,f,t,f,f,f,f,f,f,f,f,f,f,f,f,f,f,f,f,f,f,f,f,f,,,,,,,,,,,https://www.usaspending.gov/award/CONT_AWD_6973GH20F00013_6920_6973GH19A00015_6920/,2023-01-09 10:59:44+00
CONT_AWD_6973GH20F00072_6920_6973GH19A00015_6920,6973GH20F00072,6920,FEDERAL AVIATION ADMINISTRATION,6973GH19A00015,Q: Not Designated Nonemergency/Emergency/Disaster/Wildfire Suppression,,,,,18719.12,18719.12,18719.12,18719.12,2020-06-18,2020,2020-06-18,2020,2020-06-18,2024-09-29,2024-09-29 00:00:00,,,069,Department of Transportation,6920,Federal Aviation Administration,6973GH,6973GH FRANCHISE ACQUISITION SVCS,069,Department of Transportation,6920,Federal Aviation Administration,6973GH,6973GH FRANCHISE ACQUISITION SVCS,069-X-4562-000,069-4562,22.0: Transportation of things;26.0: Supplies and materials,0810: LOGISTICS,X,NOT APPLICABLE,,,YJG1MDHLBC88,058024456,"AEROVIRONMENT, INC.","AEROVIRONMENT, INC.",,60107,YJG1MDHLBC88,058024456,"AEROVIRONMENT, INC.",AEROVIRONMENT  INC.,USA,UNITED STATES,900 INNOVATORS WAY,,SIMI VALLEY,06111,VENTURA,06,CA,CALIFORNIA,930652072,CA-25,CA-26,8055208350,8055262565,USA,UNITED STATES,SIMI VALLEY,06111,VENTURA,06,CA,CALIFORNIA,930652072,CA-25,CA-26,AWARD,A,BPA CALL,,,,,,,J,FIRM FIXED PRICE,THIS REQUEST IS FOR PUMA SPARE PARTS TO REPAIR A PUMA KIT AND BE SHIPPED TO THE VENDOR ENRGIES.,,1,OT,OTHER FUNCTIONS,1550,UNMANNED AIRCRAFT,H,NOT BUNDLED,,,336413,OTHER AIRCRAFT PARTS AND AUXILIARY EQUIPMENT MANUFACTURING,F,ENVIRONMENTALLY PREFERABLE,A,U.S. OWNED BUSINESS,,,,,E,NOT REQUIRED,USA,UNITED STATES,D,MFG IN U.S.,B,PLAN NOT REQUIRED,G,NOT COMPETED UNDER SAP,SP1,SIMPLIFIED ACQUISITION,NONE,NO SET ASIDE USED.,NONE,NO PREFERENCE USED,,,,,SP2,SAP NON-COMPETITION (FAR 13),1,B,SUPPLIES OR SERVICES PURSUANT TO FAR 12.102(F),f,N,NO,N,NO,,,N,NO,,N,NO,X,NOT APPLICABLE,Y,YES,X,NOT APPLICABLE,X,NOT APPLICABLE,,,E,BPA,S,SINGLE AWARD,,NONE,NONE,,,,,N,TRANSACTION DOES NOT USE GFE/GFP,,,D,NOT CONSOLIDATED,X,NOT APPLICABLE,,,,,N,NO,X,NOT APPLICABLE,f,f,f,f,f,f,f,f,f,f,f,f,f,f,f,f,f,f,f,OTHER THAN SMALL BUSINESS,O,f,f,f,f,f,f,f,f,f,f,f,f,f,f,f,f,f,CORPORATE NOT TAX EXEMPT,t,f,f,f,f,f,f,f,f,f,f,f,t,f,f,f,f,t,f,f,f,f,f,f,f,f,f,f,t,f,f,f,f,f,f,f,f,f,f,f,f,f,f,f,f,f,f,f,f,f,,,,,,,,,,,https://www.usaspending.gov/award/CONT_AWD_6973GH20F00072_6920_6973GH19A00015_6920/,2020-06-18 10:13:54+00
CONT_AWD_6973GH20F00348_6920_6973GH19A00015_6920,6973GH20F00348,6920,FEDERAL AVIATION ADMINISTRATION,6973GH19A00015,Q: Not Designated Nonemergency/Emergency/Disaster/Wildfire Suppression,,,,,10546.62,10546.62,10546.62,10546.62,2020-09-15,2020,2021-03-05,2021,2020-09-15,2024-09-29,2024-09-29 00:00:00,,,069,Department of Transportation,6920,Federal Aviation Administration,6973GH,6973GH FRANCHISE ACQUISITION SVCS,069,Department of Transportation,6920,Federal Aviation Administration,6973GH,6973GH FRANCHISE ACQUISITION SVCS,069-X-4562-000,069-4562,22.0: Transportation of things;26.0: Supplies and materials,0810: LOGISTICS,X,NOT APPLICABLE,,,YJG1MDHLBC88,058024456,"AEROVIRONMENT, INC.","AEROVIRONMENT, INC.",,60107,YJG1MDHLBC88,058024456,"AEROVIRONMENT, INC.",AEROVIRONMENT  INC.,USA,UNITED STATES,900 INNOVATORS WAY,,SIMI VALLEY,06111,VENTURA,06,CA,CALIFORNIA,930652072,CA-25,CA-26,8055208350,8055262565,USA,UNITED STATES,SIMI VALLEY,06111,VENTURA,06,CA,CALIFORNIA,930652072,CA-25,CA-26,AWARD,A,BPA CALL,,,,,,,J,FIRM FIXED PRICE,ASSETS IN SUPPORT OF THE NAS,,1,,,1550,UNMANNED AIRCRAFT,H,NOT BUNDLED,,,336413,OTHER AIRCRAFT PARTS AND AUXILIARY EQUIPMENT MANUFACTURING,F,ENVIRONMENTALLY PREFERABLE,A,U.S. OWNED BUSINESS,,,,,E,NOT REQUIRED,USA,UNITED STATES,D,MFG IN U.S.,B,PLAN NOT REQUIRED,G,NOT COMPETED UNDER SAP,SP1,SIMPLIFIED ACQUISITION,NONE,NO SET ASIDE USED.,NONE,NO PREFERENCE USED,,,,,SP2,SAP NON-COMPETITION (FAR 13),1,B,SUPPLIES OR SERVICES PURSUANT TO FAR 12.102(F),f,N,NO,N,NO,,,N,NO,,N,NO,X,NOT APPLICABLE,Y,YES,X,NOT APPLICABLE,X,NOT APPLICABLE,,,E,BPA,S,SINGLE AWARD,,NONE,NONE,,,,,N,TRANSACTION DOES NOT USE GFE/GFP,,,D,NOT CONSOLIDATED,X,NOT APPLICABLE,,,,,N,NO,X,NOT APPLICABLE,f,f,f,f,f,f,f,f,f,f,f,f,f,f,f,f,f,f,f,OTHER THAN SMALL BUSINESS,O,f,f,f,f,f,f,f,f,f,f,f,f,f,f,f,f,f,CORPORATE NOT TAX EXEMPT,t,f,f,f,f,f,f,f,f,f,f,f,t,f,f,f,f,t,f,f,f,f,f,f,f,f,f,f,t,f,f,f,f,f,f,f,f,f,f,f,f,f,f,f,f,f,f,f,f,f,,,,,,,,,,,https://www.usaspending.gov/award/CONT_AWD_6973GH20F00348_6920_6973GH19A00015_6920/,2021-03-05 15:16:36+00
CONT_AWD_6973GH20F00381_6920_6973GH19A00015_6920,6973GH20F00381,6920,FEDERAL AVIATION ADMINISTRATION,6973GH19A00015,Q: Not Designated Nonemergency/Emergency/Disaster/Wildfire Suppression,,,,,9823.00,9823.00,9823.00,9823.00,2020-09-23,2020,2021-09-13,2021,2020-09-23,2024-09-29,2024-09-29 00:00:00,,,069,Department of Transportation,6920,Federal Aviation Administration,6973GH,6973GH FRANCHISE ACQUISITION SVCS,069,Department of Transportation,6920,Federal Aviation Administration,6973GH,6973GH FRANCHISE ACQUISITION SVCS,069-X-4562-000,069-4562,22.0: Transportation of things;25.7: Operation and maintenance of equipment,0810: LOGISTICS,X,NOT APPLICABLE,,,YJG1MDHLBC88,058024456,"AEROVIRONMENT, INC.","AEROVIRONMENT, INC.",,914V0,YJG1MDHLBC88,058024456,"AEROVIRONMENT, INC.",AEROVIRONMENT  INC.,USA,UNITED STATES,900 INNOVATORS WAY,,SIMI VALLEY,06111,VENTURA,06,CA,CALIFORNIA,930652072,CA-08,CA-26,8055208350,8055262565,USA,UNITED STATES,SIMI VALLEY,06111,VENTURA,06,CA,CALIFORNIA,930652072,CA-25,CA-26,AWARD,A,BPA CALL,,,,,,,J,FIRM FIXED PRICE,ASSETS IN SUPPORT OF THE NAS,,1,OT,OTHER FUNCTIONS,1550,UNMANNED AIRCRAFT,H,NOT BUNDLED,,,336413,OTHER AIRCRAFT PARTS AND AUXILIARY EQUIPMENT MANUFACTURING,D,ENERGY EFFICIENT,A,U.S. OWNED BUSINESS,,,,,E,NOT REQUIRED,USA,UNITED STATES,D,MFG IN U.S.,B,PLAN NOT REQUIRED,G,NOT COMPETED UNDER SAP,SP1,SIMPLIFIED ACQUISITION,NONE,NO SET ASIDE USED.,NONE,NO PREFERENCE USED,,,,,SP2,SAP NON-COMPETITION (FAR 13),1,B,SUPPLIES OR SERVICES PURSUANT TO FAR 12.102(F),f,N,NO,N,NO,,,N,NO,,N,NO,X,NOT APPLICABLE,Y,YES,X,NOT APPLICABLE,X,NOT APPLICABLE,,,E,BPA,S,SINGLE AWARD,,NONE,NONE,,,,,N,TRANSACTION DOES NOT USE GFE/GFP,,,D,NOT CONSOLIDATED,X,NOT APPLICABLE,,,,,N,NO,X,NOT APPLICABLE,f,f,f,f,f,f,f,f,f,f,f,f,f,f,f,f,f,f,f,OTHER THAN SMALL BUSINESS,O,f,f,f,f,f,f,f,f,f,f,f,f,f,f,f,f,f,CORPORATE NOT TAX EXEMPT,t,f,f,f,f,f,f,f,f,f,f,f,t,f,f,f,f,t,f,f,f,f,f,f,f,f,f,f,t,f,f,f,f,f,f,f,f,f,f,f,f,f,f,f,f,f,f,f,f,f,,,,,,,,,,,https://www.usaspending.gov/award/CONT_AWD_6973GH20F00381_6920_6973GH19A00015_6920/,2021-09-13 16:32:23+00
CONT_AWD_70B02C20P00000194_7014_-NONE-_-NONE-,70B02C20P00000194,,,,Q: Not Designated Nonemergency/Emergency/Disaster/Wildfire Suppression,,,,,22238358.00,9898229.00,22238358.00,30011308.00,2020-04-09,2020,2025-10-21,2026,2020-04-09,2025-12-05,2025-12-05 00:00:00,,2020-01-28,070,Department of Homeland Security,7014,U.S. Customs and Border Protection,70B02C,AIR AND MARINE CONTRACTING DIVISION,070,Department of Homeland Security,7014,U.S. Customs and Border Protection,70B002,OFFICE OF AIR AND MARINE OPERATIONS,070-2020/2020-0530-000;070-2021/2022-0530-000;070-2022/2022-0530-000;070-2023/2023-0530-000;070-2023/2024-0530-000;070-2024/2025-0530-000;070-X-5687-000,070-0530;070-5687,25.2: Other services from non-Federal sources;31.0: Equipment,"0001: REFUNDS, TRANSFERS, AND EXPENSES OF OPERATION, PUERTO RICO (DIRECT);0007: CAS - INTEGRATED OPERATIONS;OPTN: FIELD IS OPTIONAL PRIOR TO FY21",X,NOT APPLICABLE,,,EK2VPHAM8ZA3,,ILC ASTROSPACE LLC,ILC ASTROSPACE LLC,,9RSC4,EK2VPHAM8ZA3,,ILC ASTROSPACE LLC,ILC ASTROSPACE LLC,USA,UNITED STATES,1 MOONWALKER RD,,FREDERICA,10001,KENT,10,DE,DELAWARE,199462080,DE-00,DE-00,3023353911,,USA,UNITED STATES,FREDERICA,10001,KENT,10,DE,DELAWARE,199462080,DE-00,DE-00,AWARD,B,PURCHASE ORDER,,,,,,,J,FIRM FIXED PRICE,PURCHASE ORDER AWARD FOR THE PURCHASE OF 2-420K AEROSTATS.,,1,,,1550,UNMANNED AIRCRAFT,H,NOT BUNDLED,,,336411,AIRCRAFT MANUFACTURING,C,NO CLAUSES INCLUDED AND NO SUSTAINABILITY INCLUDED,A,U.S. OWNED BUSINESS,,,,,E,NOT REQUIRED,USA,UNITED STATES,D,MFG IN U.S.,B,PLAN NOT REQUIRED,C,NOT COMPETED,SSS,ONLY ONE SOURCE,NONE,NO SET ASIDE USED.,NONE,NO PREFERENCE USED,,,,,ONE,ONLY ONE SOURCE-OTHER (FAR 6.302-1 OTHER),1,D,COMMERCIAL PRODUCTS/SERVICES PROCEDURES NOT USED,f,N,NO,N,NO,N,NO,N,NO,,N,NO,N,NO,N,NO,N,NO,X,NOT APPLICABLE,,,,,,,,,,,,,,Y,TRANSACTION USES GFE/GFP,,,D,NOT CONSOLIDATED,X,NOT APPLICABLE,,,,,N,NO,X,NOT APPLICABLE,f,f,f,f,f,f,f,f,f,f,f,f,f,f,f,f,f,f,f,OTHER THAN SMALL BUSINESS,O,f,f,f,f,f,f,f,f,f,f,f,f,f,f,f,f,f,CORPORATE NOT TAX EXEMPT,t,f,f,f,f,f,f,f,f,f,f,f,f,f,f,f,f,t,f,f,f,f,f,f,f,f,f,f,t,f,f,f,f,f,f,f,f,f,f,f,f,f,f,f,f,f,f,f,f,f,ROBERT  REED,533439.00,JONA  RICHARDSON,305515.00,ANDREW  HAMER,293675.00,VIKRAM  KINI,3493633.00,ANDREW  SCHIESL,2183118.00,https://www.usaspending.gov/award/CONT_AWD_70B02C20P00000194_7014_-NONE-_-NONE-/,2026-07-14 10:39:01+00
CONT_AWD_70CMSD19P00000038_7012_-NONE-_-NONE-,70CMSD19P00000038,,,,,,,,,43100.00,0.00,43100.00,43100.00,2019-05-09,2019,2020-11-18,2021,2019-05-09,2019-08-09,2019-08-09 00:00:00,,,070,Department of Homeland Security,7012,U.S. Immigration and Customs Enforcement,70CMSD,INVESTIGATIONS AND OPERATIONS SUPPORT DALLAS,070,Department of Homeland Security,7012,U.S. Immigration and Customs Enforcement,70CDV6,HOMELAND SECURITY INVESTIGATIONS DIVISION 6,070-2019/2019-0540-000,070-0540,31.0: Equipment,,X,NOT APPLICABLE,,,RMG1AZ1ZH8Q7,073800062,PHYSICAL SCIENCES INC.,PHYSICAL SCIENCES INC.,,8K901,RMG1AZ1ZH8Q7,073800062,PHYSICAL SCIENCES INC.,PHYSICAL SCIENCES  INC.,USA,UNITED STATES,20 NEW ENGLAND BUSINESS CTR DR,,ANDOVER,25009,ESSEX,25,MA,MASSACHUSETTS,018101022,MA-03,MA-06,9786890003,9786893232,USA,UNITED STATES,ANDOVER,25009,ESSEX,25,MA,MASSACHUSETTS,018101022,MA-03,MA-06,AWARD,B,PURCHASE ORDER,,,,,,,J,FIRM FIXED PRICE,AERIAL SYSTEM,,1,,,1550,UNMANNED AIRCRAFT,H,NOT BUNDLED,,,336411,AIRCRAFT MANUFACTURING,C,NO CLAUSES INCLUDED AND NO SUSTAINABILITY INCLUDED,A,U.S. OWNED BUSINESS,,,,,E,NOT REQUIRED,USA,UNITED STATES,D,MFG IN U.S.,B,PLAN NOT REQUIRED,C,NOT COMPETED,SSS,ONLY ONE SOURCE,NONE,NO SET ASIDE USED.,NONE,NO PREFERENCE USED,,,,,ONE,ONLY ONE SOURCE-OTHER (FAR 6.302-1 OTHER),1,A,COMMERCIAL ITEM,f,N,NO,N,NO,N,NO,N,NO,,N,NO,X,NOT APPLICABLE,X,NOT APPLICABLE,X,NOT APPLICABLE,X,NOT APPLICABLE,,,,,,,,NONE,NONE,,,,,N,TRANSACTION DOES NOT USE GFE/GFP,,,D,NOT CONSOLIDATED,X,NOT APPLICABLE,,,,,N,NO,X,NOT APPLICABLE,f,f,f,f,f,f,f,f,f,f,f,f,f,f,f,f,f,f,f,SMALL BUSINESS,S,f,f,f,f,f,f,f,f,f,f,f,f,f,f,f,f,f,CORPORATE NOT TAX EXEMPT,t,f,f,f,f,f,f,f,f,f,f,f,f,f,f,f,f,t,f,f,f,f,f,f,f,f,f,f,t,f,f,f,f,f,f,f,f,f,f,f,f,f,f,f,f,f,f,f,f,f,B. DAVID  GREEN,455443.00,WILLIAM J MARINELLI,373901.00,STEVEN R GENESTRETI,344090.00,BOGDAN R COSOFRET,325740.00,PETER A WARREN,305545.00,https://www.usaspending.gov/award/CONT_AWD_70CMSD19P00000038_7012_-NONE-_-NONE-/,2021-02-22 11:46:57+00
CONT_AWD_70CMSD19P00000046_7012_-NONE-_-NONE-,70CMSD19P00000046,,,,,,,,,146663.14,0.00,146663.14,146663.14,2019-06-19,2019,2020-02-05,2020,2019-06-19,2020-09-27,2020-09-27 00:00:00,,,070,Department of Homeland Security,7012,U.S. Immigration and Customs Enforcement,70CMSD,INVESTIGATIONS AND OPERATIONS SUPPORT DALLAS,070,Department of Homeland Security,7012,U.S. Immigration and Customs Enforcement,70CDV6,HOMELAND SECURITY INVESTIGATIONS DIVISION 6,070-2018/2019-0540-000;070-2019/2019-0540-000,070-0540,31.0: Equipment,,X,NOT APPLICABLE,,,TENRPZGMAGJ6,005094842,W S DARLEY & CO,W. S. DARLEY & CO.,,15852,TENRPZGMAGJ6,005094842,W S DARLEY & CO,W. S. DARLEY & CO.,USA,UNITED STATES,325 SPRING LAKE DR,,ITASCA,17043,DUPAGE,17,IL,ILLINOIS,601432072,IL-08,IL-08,6307353518,6307353560,USA,UNITED STATES,ITASCA,17043,DUPAGE,17,IL,ILLINOIS,601432072,IL-08,IL-08,AWARD,B,PURCHASE ORDER,,,,,,,J,FIRM FIXED PRICE,AERIAL VEHICLE,,1,OT,OTHER FUNCTIONS,1550,UNMANNED AIRCRAFT,H,NOT BUNDLED,,,336411,AIRCRAFT MANUFACTURING,C,NO CLAUSES INCLUDED AND NO SUSTAINABILITY INCLUDED,D,FOREIGN-OWNED BUSINESS NOT INCORPORATED IN THE U.S.,,,,,E,NOT REQUIRED,NOR,NORWAY,H,MFG OUTSIDE U.S. - COMMERCIAL INFORMATION TECHNOLOGY,B,PLAN NOT REQUIRED,F,COMPETED UNDER SAP,SP1,SIMPLIFIED ACQUISITION,SBA,SMALL BUSINESS SET ASIDE - TOTAL,NONE,NO PREFERENCE USED,,,,,,,2,A,COMMERCIAL ITEM,f,N,NO,N,NO,N,NO,N,NO,,N,NO,X,NOT APPLICABLE,X,NOT APPLICABLE,X,NOT APPLICABLE,X,NOT APPLICABLE,,,,,,,,NONE,NONE,,,,,N,TRANSACTION DOES NOT USE GFE/GFP,,,D,NOT CONSOLIDATED,X,NOT APPLICABLE,,,,,N,NO,X,NOT APPLICABLE,f,f,f,f,f,f,f,f,f,f,f,f,f,f,f,f,f,f,f,SMALL BUSINESS,S,f,f,f,f,f,f,f,f,f,f,f,f,f,f,f,f,f,CORPORATE NOT TAX EXEMPT,t,f,f,f,f,f,f,f,f,f,f,f,f,f,f,f,f,t,f,f,f,f,f,f,f,t,f,f,t,f,f,f,f,f,f,f,f,f,f,f,f,f,f,f,f,f,f,f,f,f,,,,,,,,,,,https://www.usaspending.gov/award/CONT_AWD_70CMSD19P00000046_7012_-NONE-_-NONE-/,2020-02-05 10:54:06+00
CONT_AWD_70CMSD20FR0000183_7012_GS07F141DA_4732,70CMSD20FR0000183,4732,FEDERAL ACQUISITION SERVICE,GS07F141DA,Q: Not Designated Nonemergency/Emergency/Disaster/Wildfire Suppression,,,,,391060.00,0.00,391060.00,391060.00,2020-09-21,2020,2021-06-15,2021,2020-09-21,2021-02-12,2021-03-19 00:00:00,,2020-09-07,070,Department of Homeland Security,7012,U.S. Immigration and Customs Enforcement,70CMSD,INVESTIGATIONS AND OPERATIONS SUPPORT DALLAS,070,Department of Homeland Security,7012,U.S. Immigration and Customs Enforcement,70CDV6,HOMELAND SECURITY INVESTIGATIONS DIVISION 6,070-2020/2020-0540-000,070-0540,31.0: Equipment,OPTN: FIELD IS OPTIONAL PRIOR TO FY21,X,NOT APPLICABLE,,,DGSKHRKYPDK9,861004349,AARDVARK,AARDVARK,,0N995,DGSKHRKYPDK9,861004349,AARDVARK,AARDVARK TACTICAL  INC.,USA,UNITED STATES,1935 PUDDINGSTONE DR,,LA VERNE,06037,LOS ANGELES,06,CA,CALIFORNIA,917505818,CA-32,CA-31,9094516100,9093920958,USA,UNITED STATES,LORTON,51059,FAIRFAX,51,VA,VIRGINIA,220795618,VA-11,VA-11,AWARD,C,DELIVERY ORDER,,,,,,,J,FIRM FIXED PRICE,MISSION CRITICAL COVERT SURVEILLANCE EQUIPMENT REQUIRED FOR OFFICER SAFETY AND INVESTIGATIVE PURPOSES,,1,OT,OTHER FUNCTIONS,1550,UNMANNED AIRCRAFT,H,NOT BUNDLED,,,315990,APPAREL ACCESSORIES AND OTHER APPAREL MANUFACTURING,C,NO CLAUSES INCLUDED AND NO SUSTAINABILITY INCLUDED,A,U.S. OWNED BUSINESS,,,,,E,NOT REQUIRED,USA,UNITED STATES,D,MFG IN U.S.,B,PLAN NOT REQUIRED,A,FULL AND OPEN COMPETITION,MAFO,SUBJECT TO MULTIPLE AWARD FAIR OPPORTUNITY,,,NONE,NO PREFERENCE USED,,,FOO,FOLLOW-ON ACTION FOLLOWING COMPETITIVE INITIAL ACTION,,,1,A,COMMERCIAL ITEM,f,N,NO,N,NO,Y,YES,N,NO,,N,NO,X,NOT APPLICABLE,X,NOT APPLICABLE,X,NOT APPLICABLE,X,NOT APPLICABLE,,,C,FSS,M,MULTIPLE AWARD,,NONE,NONE,,,,,N,TRANSACTION DOES NOT USE GFE/GFP,,,D,NOT CONSOLIDATED,X,NOT APPLICABLE,,,,,N,NO,X,NOT APPLICABLE,f,f,f,f,f,f,f,f,f,f,f,f,f,f,f,f,f,f,f,SMALL BUSINESS,S,f,f,f,f,f,f,f,f,f,f,f,f,f,f,f,f,f,CORPORATE NOT TAX EXEMPT,t,f,f,f,f,f,f,f,f,f,f,f,f,f,f,f,f,t,f,f,f,f,f,f,f,f,f,f,t,f,f,f,f,f,f,f,f,f,f,f,f,f,f,f,f,f,f,f,f,f,,,,,,,,,,,https://www.usaspending.gov/award/CONT_AWD_70CMSD20FR0000183_7012_GS07F141DA_4732/,2021-06-15 12:27:49+00
CONT_AWD_70RSAT18FR0000008_7001_GS35F133AA_4732,70RSAT18FR0000008,4732,FEDERAL ACQUISITION SERVICE,GS35F133AA,,,,,,15016.00,0.00,15016.00,15016.00,2017-11-03,2018,2022-06-22,2022,2017-11-03,2017-11-30,2017-11-30 00:00:00,,,070,Department of Homeland Security,7001,Office of Procurement Operations,70RSAT,SCI  TECH ACQ DIV,070,Department of Homeland Security,7040,Office of the Under Secretary for Science and Technology,70YSA1,OFF OF THE USCTY FOR SCIENCE  TECH,070-2017/2019-0803-000,070-0803,25.5: Research and development contracts,,X,NOT APPLICABLE,,,WM4TLSL4VPZ1,,DBISP LLC,DBISP LLC,,4E2G0,WM4TLSL4VPZ1,,DBISP LLC,DBISP LLC,USA,UNITED STATES,"8857 COMMERCE PARK PLACE, SUITE D",,INDIANAPOLIS,18097,MARION,18,IN,INDIANA,462683130,IN-05,IN-07,3172221671,3175221939,USA,UNITED STATES,MC LEAN,51059,FAIRFAX,51,VA,VIRGINIA,221027539,VA-08,VA-11,AWARD,C,DELIVERY ORDER,,,,,,,J,FIRM FIXED PRICE,DRONES IN SUPPORT OF TESTING DURING THE TACTIC PART 2 2017 EXERCISE.,70RSAT18Q00000001,1,OT,OTHER FUNCTIONS,1550,UNMANNED AIRCRAFT,H,NOT BUNDLED,,,334111,ELECTRONIC COMPUTER MANUFACTURING,C,NO CLAUSES INCLUDED AND NO SUSTAINABILITY INCLUDED,A,U.S. OWNED BUSINESS,,,,,E,NOT REQUIRED,CHN,CHINA,H,MFG OUTSIDE U.S. - COMMERCIAL INFORMATION TECHNOLOGY,B,PLAN NOT REQUIRED,A,FULL AND OPEN COMPETITION,MAFO,SUBJECT TO MULTIPLE AWARD FAIR OPPORTUNITY,,,NONE,NO PREFERENCE USED,,,FAIR,FAIR OPPORTUNITY GIVEN,,,3,A,COMMERCIAL PRODUCTS/SERVICES,f,N,NO,N,NO,Y,YES,N,NO,,Y,YES,X,NOT APPLICABLE,N,NO,X,NOT APPLICABLE,X,NOT APPLICABLE,,,C,FSS,M,MULTIPLE AWARD,,NONE,NONE,N,NO,,,N,TRANSACTION DOES NOT USE GFE/GFP,,,D,NOT CONSOLIDATED,X,NOT APPLICABLE,,,,,N,NO,X,NOT APPLICABLE,f,f,f,f,f,t,f,f,f,f,f,f,t,f,f,t,f,f,f,SMALL BUSINESS,S,f,f,f,f,f,f,f,f,f,f,f,f,f,f,f,f,f,CORPORATE TAX EXEMPT,f,t,f,f,f,f,f,f,f,f,f,f,f,f,f,f,f,t,f,f,f,f,f,f,f,f,t,f,t,f,f,f,f,f,f,f,f,f,f,f,f,f,f,f,f,f,f,f,f,f,,,,,,,,,,,https://www.usaspending.gov/award/CONT_AWD_70RSAT18FR0000008_7001_GS35F133AA_4732/,2022-06-22 16:35:06+00
CONT_AWD_70Z02320PMRE04000_7008_-NONE-_-NONE-,70Z02320PMRE04000,,,,Q: Not Designated Nonemergency/Emergency/Disaster/Wildfire Suppression,,,,,15825.00,0.00,15825.00,15825.00,2020-06-25,2020,2020-06-25,2020,2020-07-06,2020-08-06,2020-08-06 00:00:00,,,070,Department of Homeland Security,7008,U.S. Coast Guard,70Z023,HQ CONTRACT OPERATIONS (CG-912)(000,070,Department of Homeland Security,7008,U.S. Coast Guard,70Z00A,COMMANDANT ACQUISITIONS DIRECTORATE,070-2020/2020-0610-000,070-0610,31.0: Equipment,OPTN: FIELD IS OPTIONAL PRIOR TO FY21,X,NOT APPLICABLE,,,PT6RJGJKA3J6,,RADIOBRO CORPORATION,RADIOBRO CORPORATION,,7A2D1,PT6RJGJKA3J6,,RADIOBRO CORPORATION,RADIOBRO CORPORATION,USA,UNITED STATES,555 SPARKMAN DR NW SUITE 1040,,HUNTSVILLE,01089,MADISON,01,AL,ALABAMA,358163424,AL-05,AL-05,2564698249,,USA,UNITED STATES,NEW LONDON,09011,NEW LONDON,09,CT,CONNECTICUT,063200007,CT-02,CT-02,AWARD,B,PURCHASE ORDER,,,,,,,J,FIRM FIXED PRICE,WINDTALKER COUNTER-UNMANNED AIRCRAFT SYSTEM (C-UAS),,1,OT,OTHER FUNCTIONS,1550,UNMANNED AIRCRAFT,H,NOT BUNDLED,,,334511,"SEARCH, DETECTION, NAVIGATION, GUIDANCE, AERONAUTICAL, AND NAUTICAL SYSTEM AND INSTRUMENT MANUFACTURING",C,NO CLAUSES INCLUDED AND NO SUSTAINABILITY INCLUDED,A,U.S. OWNED BUSINESS,,,,,E,NOT REQUIRED,USA,UNITED STATES,D,MFG IN U.S.,B,PLAN NOT REQUIRED,C,NOT COMPETED,SSS,ONLY ONE SOURCE,NONE,NO SET ASIDE USED.,NONE,NO PREFERENCE USED,,,,,UNQ,UNIQUE SOURCE (FAR 6.302-1(B)(1)),1,A,COMMERCIAL ITEM,f,N,NO,N,NO,N,NO,N,NO,,N,NO,N,NO,N,NO,X,NOT APPLICABLE,X,NOT APPLICABLE,,,,,,,,NONE,NONE,,,,,N,TRANSACTION DOES NOT USE GFE/GFP,,,D,NOT CONSOLIDATED,X,NOT APPLICABLE,,,,,N,NO,X,NOT APPLICABLE,f,f,f,f,f,f,f,f,f,f,f,f,f,f,f,f,f,f,f,SMALL BUSINESS,S,f,f,f,f,f,f,f,f,f,f,f,f,f,f,f,f,f,CORPORATE NOT TAX EXEMPT,t,f,f,f,f,f,f,f,f,f,f,f,t,f,f,f,f,t,f,f,f,f,f,f,f,t,f,f,t,f,f,f,f,f,f,f,f,f,f,f,f,f,f,f,f,f,f,f,f,f,,,,,,,,,,,https://www.usaspending.gov/award/CONT_AWD_70Z02320PMRE04000_7008_-NONE-_-NONE-/,2023-07-08 09:53:16+00
CONT_AWD_70Z05220P14A17300_7008_-NONE-_-NONE-,70Z05220P14A17300,,,,Q: Not Designated Nonemergency/Emergency/Disaster/Wildfire Suppression,,,,,17021.48,0.00,17021.48,17021.48,2020-08-14,2020,2020-08-14,2020,2020-08-14,2020-09-13,2020-09-13 00:00:00,,,070,Department of Homeland Security,7008,U.S. Coast Guard,70Z052,BASE CAPE COD(00052),070,Department of Homeland Security,7008,U.S. Coast Guard,70Z001,1ST COAST GUARD DISTRICT OFFICE,070-2020/2020-0610-000,070-0610,31.0: Equipment,OPTN: FIELD IS OPTIONAL PRIOR TO FY21,X,NOT APPLICABLE,,,PT6RJGJKA3J6,,RADIOBRO CORPORATION,RADIOBRO CORPORATION,,7A2D1,PT6RJGJKA3J6,,RADIOBRO CORPORATION,RADIOBRO CORPORATION,USA,UNITED STATES,555 SPARKMAN DR NW SUITE 1040,,HUNTSVILLE,01089,MADISON,01,AL,ALABAMA,358163424,AL-05,AL-05,2564698249,,USA,UNITED STATES,NEW LONDON,09011,NEW LONDON,09,CT,CONNECTICUT,063200007,CT-02,CT-02,AWARD,B,PURCHASE ORDER,,,,,,,J,FIRM FIXED PRICE,PRIORITY 3 COUNTER UAS WINDTALKER BUILD KITS,,1,OT,OTHER FUNCTIONS,1550,UNMANNED AIRCRAFT,H,NOT BUNDLED,,,336412,AIRCRAFT ENGINE AND ENGINE PARTS MANUFACTURING,C,NO CLAUSES INCLUDED AND NO SUSTAINABILITY INCLUDED,A,U.S. OWNED BUSINESS,,,,,E,NOT REQUIRED,USA,UNITED STATES,D,MFG IN U.S.,B,PLAN NOT REQUIRED,C,NOT COMPETED,SSS,ONLY ONE SOURCE,NONE,NO SET ASIDE USED.,NONE,NO PREFERENCE USED,,,,,ONE,ONLY ONE SOURCE-OTHER (FAR 6.302-1 OTHER),1,A,COMMERCIAL ITEM,f,N,NO,N,NO,X,NOT APPLICABLE,N,NO,,N,NO,X,NOT APPLICABLE,X,NOT APPLICABLE,X,NOT APPLICABLE,X,NOT APPLICABLE,,,,,,,,NONE,NONE,,,,,N,TRANSACTION DOES NOT USE GFE/GFP,,,D,NOT CONSOLIDATED,X,NOT APPLICABLE,,,,,N,NO,X,NOT APPLICABLE,f,f,f,f,f,f,f,f,f,f,f,f,f,f,f,f,f,f,f,SMALL BUSINESS,S,f,f,f,f,f,f,f,f,f,f,f,f,f,f,f,f,f,CORPORATE NOT TAX EXEMPT,t,f,f,f,f,f,f,f,f,f,f,f,t,f,f,f,f,t,f,f,f,f,f,f,f,t,f,f,t,f,f,f,f,f,f,f,f,f,f,f,f,f,f,f,f,f,f,f,f,f,,,,,,,,,,,https://www.usaspending.gov/award/CONT_AWD_70Z05220P14A17300_7008_-NONE-_-NONE-/,2023-07-08 09:53:16+00
CONT_AWD_80AFRC20P0018_8000_-NONE-_-NONE-,80AFRC20P0018,,,,Q: Not Designated Nonemergency/Emergency/Disaster/Wildfire Suppression,,,,,470258.26,470258.26,470258.26,470258.26,2020-07-15,2020,2022-12-12,2023,2020-07-15,2022-01-15,2022-01-15 00:00:00,,2019-10-29,080,National Aeronautics and Space Administration,8000,National Aeronautics and Space Administration,80AFRC,NASA ARMSTRONG FLIGHT RESEARCH CNTR,080,National Aeronautics and Space Administration,8000,National Aeronautics and Space Administration,80AFRC,NASA ARMSTRONG FLIGHT RESEARCH CNTR,080-2019/2020-0122-000;080-2020/2021-0122-000;080-2020/2021-0126-000,080-0122;080-0126,26.0: Supplies and materials;31.0: Equipment,0001: AERONAUTICS (DIRECT);0801: CROSS AGENCY SUPPORT (REIMBURSABLE),X,NOT APPLICABLE,,,FXERKLFCETB4,,"L3 LATITUDE, LLC","L3 LATITUDE, LLC",,4PL48,SJULQDJ8NZU7,,"L3HARRIS TECHNOLOGIES, INC",L3 TECHNOLOGIES  INC.,USA,UNITED STATES,744 SOUTH EUCLID AVENUE,,TUCSON,04019,PIMA,04,AZ,ARIZONA,857196626,AZ-03,AZ-07,4696759400,,USA,UNITED STATES,EDWARDS,06029,KERN,06,CA,CALIFORNIA,935230002,CA-23,CA-20,AWARD,B,PURCHASE ORDER,,,,,,,J,FIRM FIXED PRICE,MANUFACTURE&MODIFICATION OF HQ-90C UNMANNED AIR VEHICLE INCLUDING CUSTOM NOSE PAYLOAD BAY AND CUSTOM WINGS,80AFRC20Q0004,1,CL,CLOSELY ASSOCIATED,1550,UNMANNED AIRCRAFT,H,NOT BUNDLED,,,336411,AIRCRAFT MANUFACTURING,C,NO CLAUSES INCLUDED AND NO SUSTAINABILITY INCLUDED,A,U.S. OWNED BUSINESS,,,,,E,NOT REQUIRED,USA,UNITED STATES,D,MFG IN U.S.,B,PLAN NOT REQUIRED,C,NOT COMPETED,SSS,ONLY ONE SOURCE,NONE,NO SET ASIDE USED.,NONE,NO PREFERENCE USED,,,,,ONE,ONLY ONE SOURCE-OTHER (FAR 6.302-1 OTHER),1,A,COMMERCIAL PRODUCTS/SERVICES,f,N,NO,N,NO,Y,YES,N,NO,,N,NO,X,NOT APPLICABLE,X,NOT APPLICABLE,X,NOT APPLICABLE,X,NOT APPLICABLE,,,,,,,,NONE,NONE,,,,,N,TRANSACTION DOES NOT USE GFE/GFP,,,D,NOT CONSOLIDATED,X,NOT APPLICABLE,,,,,N,NO,X,NOT APPLICABLE,f,f,f,f,f,f,f,f,f,f,f,f,f,f,f,f,f,f,f,OTHER THAN SMALL BUSINESS,O,f,f,f,f,f,f,f,f,f,f,f,f,f,f,f,f,f,CORPORATE NOT TAX EXEMPT,t,f,f,f,f,f,f,f,f,f,f,f,f,f,f,f,f,t,f,f,f,f,f,f,f,t,f,f,t,f,f,f,f,f,f,f,f,f,f,f,f,f,f,f,f,f,f,f,f,f,,,,,,,,,,,https://www.usaspending.gov/award/CONT_AWD_80AFRC20P0018_8000_-NONE-_-NONE-/,2022-12-13 12:46:58+00
CONT_AWD_80GSFC20F0115_8000_NNG10AZ13B_8000,80GSFC20F0115,8000,NATIONAL AERONAUTICS AND SPACE ADMINISTRATION,NNG10AZ13B,Q: Not Designated Nonemergency/Emergency/Disaster/Wildfire Suppression,,,,,900000.00,0.00,900000.00,900000.00,2020-09-15,2020,2020-09-15,2020,2020-09-15,2021-03-24,2021-03-24 00:00:00,,2020-07-20,080,National Aeronautics and Space Administration,8000,National Aeronautics and Space Administration,80GSFC,NASA GODDARD SPACE FLIGHT CENTER,080,National Aeronautics and Space Administration,8000,National Aeronautics and Space Administration,80GSFC,NASA GODDARD SPACE FLIGHT CENTER,080-2020/2021-0122-000,080-0122,25.5: Research and development contracts,0801: CROSS AGENCY SUPPORT (REIMBURSABLE),X,NOT APPLICABLE,,,SFDBSAME8NJ3,,ORBITAL SCIENCES LLC,ORBITAL SCIENCES CORPORATION,,17232,NKVZLJL93QT6,,NORTHROP GRUMMAN CORPORATION,NORTHROP GRUMMAN CORPORATION,USA,UNITED STATES,45101 WARP DR,,DULLES,51107,LOUDOUN,51,VA,VIRGINIA,201666850,VA-10,VA-10,7039488168,7039488526,USA,UNITED STATES,GILBERT,04013,MARICOPA,04,AZ,ARIZONA,852331000,AZ-05,AZ-05,AWARD,C,DELIVERY ORDER,,,,,,,J,FIRM FIXED PRICE,"ELECTRO-OPTICAL/INFRARED WEATHER SYSTEM (EWS) MISSION, HOSTING THE VISIBLE INFRARED IMAGING RADIOMETER SUITE (VIIRS) AS ITS PRIMARY PAYLOAD (EWS-V), RAPID III SPACECRAFT STUDY ON BEHALF OF DEPT OF DEFENSE, SPACE AND MISSILE SYSTEMS CENTER.",,1,,,1550,UNMANNED AIRCRAFT,H,NOT BUNDLED,,,336414,GUIDED MISSILE AND SPACE VEHICLE MANUFACTURING,C,NO CLAUSES INCLUDED AND NO SUSTAINABILITY INCLUDED,A,U.S. OWNED BUSINESS,,,,,E,NOT REQUIRED,USA,UNITED STATES,D,MFG IN U.S.,C,PLAN REQUIRED - INCENTIVE NOT INCLUDED,A,FULL AND OPEN COMPETITION,MAFO,SUBJECT TO MULTIPLE AWARD FAIR OPPORTUNITY,,,NONE,NO PREFERENCE USED,,,FAIR,FAIR OPPORTUNITY GIVEN,,,4,D,COMMERCIAL ITEM PROCEDURES NOT USED,f,N,NO,N,NO,Y,YES,N,NO,,N,NO,Y,YES,X,NOT APPLICABLE,X,NOT APPLICABLE,X,NOT APPLICABLE,,,B,IDC,M,MULTIPLE AWARD,,NONE,NONE,N,NO,,,N,TRANSACTION DOES NOT USE GFE/GFP,,,D,NOT CONSOLIDATED,X,NOT APPLICABLE,N,NO,,,N,NO,X,NOT APPLICABLE,f,f,f,f,f,f,f,f,f,f,f,f,f,f,f,f,f,f,f,OTHER THAN SMALL BUSINESS,O,f,f,f,f,f,f,f,f,f,f,f,f,f,f,f,f,f,CORPORATE NOT TAX EXEMPT,t,f,f,f,f,f,f,f,f,f,f,f,t,f,f,t,f,f,f,f,f,f,f,f,f,f,f,f,t,f,f,f,f,f,f,f,f,f,f,f,f,f,f,f,f,f,f,f,f,f,,,,,,,,,,,https://www.usaspending.gov/award/CONT_AWD_80GSFC20F0115_8000_NNG10AZ13B_8000/,2025-05-19 15:17:28+00
CONT_AWD_80NSSC20P0050_8000_-NONE-_-NONE-,80NSSC20P0050,,,,,,,,,18888.00,0.00,18888.00,18888.00,2019-10-09,2020,2019-10-09,2020,2019-10-09,2019-10-09,2019-12-04 00:00:00,,,080,National Aeronautics and Space Administration,8000,National Aeronautics and Space Administration,80NSSC,NASA SHARED SERVICES CENTER,080,National Aeronautics and Space Administration,8000,National Aeronautics and Space Administration,80NSSC,NASA SHARED SERVICES CENTER,080-2019/2020-0122-000,080-0122,31.0: Equipment,0801: CROSS AGENCY SUPPORT (REIMBURSABLE),X,NOT APPLICABLE,,,JUHQFKK16M15,079455065,B & H INTERNATIONAL LLC,B&H INTERNATIONAL LLC,,768R4,JUHQFKK16M15,079455065,B & H INTERNATIONAL LLC,B&H INTERNATIONAL LLC,USA,UNITED STATES,4600 ASHE RD STE 311,,BAKERSFIELD,06029,KERN,06,CA,CALIFORNIA,933132041,CA-23,CA-20,6618323181,,USA,UNITED STATES,BAKERSFIELD,06029,KERN,06,CA,CALIFORNIA,933132041,CA-23,CA-20,AWARD,B,PURCHASE ORDER,,,,,,,J,FIRM FIXED PRICE,"QTY. 1 DRONE: ALTA 8 PRO W/ TRAVEL CASE, FUTABA&FPV",80NSSC19Q1337,1,OT,OTHER FUNCTIONS,1550,UNMANNED AIRCRAFT,H,NOT BUNDLED,,,336412,AIRCRAFT ENGINE AND ENGINE PARTS MANUFACTURING,C,NO CLAUSES INCLUDED AND NO SUSTAINABILITY INCLUDED,A,U.S. OWNED BUSINESS,,,,,E,NOT REQUIRED,USA,UNITED STATES,D,MFG IN U.S.,B,PLAN NOT REQUIRED,F,COMPETED UNDER SAP,SP1,SIMPLIFIED ACQUISITION,SBA,SMALL BUSINESS SET ASIDE - TOTAL,NONE,NO PREFERENCE USED,,,,,,,2,A,COMMERCIAL ITEM,f,N,NO,N,NO,N,NO,N,NO,,N,NO,X,NOT APPLICABLE,X,NOT APPLICABLE,X,NOT APPLICABLE,X,NOT APPLICABLE,,,,,,,,NONE,NONE,,,,,N,TRANSACTION DOES NOT USE GFE/GFP,,,D,NOT CONSOLIDATED,X,NOT APPLICABLE,,,,,N,NO,X,NOT APPLICABLE,f,f,f,f,f,f,f,t,t,f,f,f,t,t,f,f,f,f,f,SMALL BUSINESS,S,f,f,f,f,f,f,f,f,f,f,f,f,f,f,f,f,f,OTHER,f,f,f,f,f,f,f,f,f,f,f,f,f,f,f,f,f,t,f,f,f,f,f,f,f,f,f,f,t,f,f,f,f,f,f,f,f,f,f,f,f,f,f,f,f,t,f,f,f,f,,,,,,,,,,,https://www.usaspending.gov/award/CONT_AWD_80NSSC20P0050_8000_-NONE-_-NONE-/,2020-03-05 16:33:50+00
CONT_AWD_80NSSC20P1090_8000_-NONE-_-NONE-,80NSSC20P1090,,,,Q: Not Designated Nonemergency/Emergency/Disaster/Wildfire Suppression,,,,,102840.46,102840.46,102840.46,102840.46,2020-05-29,2020,2020-06-25,2020,2020-05-29,2020-06-08,2020-06-08 00:00:00,,,080,National Aeronautics and Space Administration,8000,National Aeronautics and Space Administration,80NSSC,NASA SHARED SERVICES CENTER,080,National Aeronautics and Space Administration,8000,National Aeronautics and Space Administration,80NSSC,NASA SHARED SERVICES CENTER,080-2020/2021-0126-000,080-0126,25.1: Advisory and assistance services;31.0: Equipment,0001: AERONAUTICS (DIRECT),X,NOT APPLICABLE,,,GFMENWNGBTJ7,079234440,FREEFLY SYSTEMS INC,FREEFLY SYSTEMS INC.,,7PDW3,GFMENWNGBTJ7,079234440,FREEFLY SYSTEMS INC,FREEFLY SYSTEMS INC.,USA,UNITED STATES,"15540 WOODINVILLE-REDMOND RD NE, A800",,WOODINVILLE,53033,KING,53,WA,WASHINGTON,980724548,WA-01,WA-01,4254855500,,USA,UNITED STATES,WOODINVILLE,53033,KING,53,WA,WASHINGTON,980724548,WA-01,WA-01,AWARD,B,PURCHASE ORDER,,,,,,,J,FIRM FIXED PRICE,"THIS IS FOR PURCHASE OF TWO READY TO FLY FREEFLY UAV SYSTEMS, A COMPATIBLE CAMERA/GIMBAL SYSTEM, AND 1 DAY OF TRAINING",80NSSC20731674Q,1,OT,OTHER FUNCTIONS,1550,UNMANNED AIRCRAFT,H,NOT BUNDLED,,,336411,AIRCRAFT MANUFACTURING,C,NO CLAUSES INCLUDED AND NO SUSTAINABILITY INCLUDED,A,U.S. OWNED BUSINESS,,,,,E,NOT REQUIRED,USA,UNITED STATES,D,MFG IN U.S.,B,PLAN NOT REQUIRED,C,NOT COMPETED,SSS,ONLY ONE SOURCE,NONE,NO SET ASIDE USED.,NONE,NO PREFERENCE USED,,,,,ONE,ONLY ONE SOURCE-OTHER (FAR 6.302-1 OTHER),1,A,COMMERCIAL ITEM,f,N,NO,N,NO,Y,YES,N,NO,,N,NO,X,NOT APPLICABLE,X,NOT APPLICABLE,X,NOT APPLICABLE,X,NOT APPLICABLE,,,,,,,,NONE,NONE,,,,,N,TRANSACTION DOES NOT USE GFE/GFP,,,D,NOT CONSOLIDATED,X,NOT APPLICABLE,,,,,N,NO,X,NOT APPLICABLE,f,f,f,f,f,f,f,f,f,f,f,f,f,f,f,f,f,f,f,SMALL BUSINESS,S,f,f,f,f,f,f,f,f,f,f,f,f,f,f,f,f,f,CORPORATE NOT TAX EXEMPT,t,f,f,f,f,f,f,f,f,f,f,f,t,f,f,f,f,t,f,f,f,f,f,f,f,f,f,f,t,f,f,f,f,f,f,f,f,f,f,f,f,f,f,f,f,t,f,f,f,f,,,,,,,,,,,https://www.usaspending.gov/award/CONT_AWD_80NSSC20P1090_8000_-NONE-_-NONE-/,2020-07-08 11:32:52+00
CONT_AWD_89503020PWA000268_8900_-NONE-_-NONE-,89503020PWA000268,,,,Q: Not Designated Nonemergency/Emergency/Disaster/Wildfire Suppression,,,,,10995.00,0.00,10995.00,10995.00,2020-09-24,2020,2020-09-24,2020,2020-09-24,2021-03-03,2021-03-03 00:00:00,,,089,Department of Energy,8900,Department of Energy,895030,WESTERN-CORPORATE SERVICES OFFICE,089,Department of Energy,8900,Department of Energy,895005,WESTERN AREA POWER ADMINISTRATION,089-X-5068-000,089-5068,31.0: Equipment,0004: PROGRAM DIRECTION,X,NOT APPLICABLE,,,LTBJCLHYL5S9,080069116,"SKYDIO, INC","SKYDIO, INC.",,86PV4,LTBJCLHYL5S9,080069116,"SKYDIO, INC",SKYDIO  INC.,USA,UNITED STATES,114 HAZEL AVE,,REDWOOD CITY,06081,SAN MATEO,06,CA,CALIFORNIA,940613112,CA-18,CA-15,6502729960,,USA,UNITED STATES,LAKEWOOD,08059,JEFFERSON,08,CO,COLORADO,802282802,CO-07,CO-07,AWARD,B,PURCHASE ORDER,,,,,,,J,FIRM FIXED PRICE,SKYDIO 2 UNMANNED AERIAL SYSTEMS WITH ACCESSORIES,,1,,,1550,UNMANNED AIRCRAFT,H,NOT BUNDLED,,,336411,AIRCRAFT MANUFACTURING,C,NO CLAUSES INCLUDED AND NO SUSTAINABILITY INCLUDED,A,U.S. OWNED BUSINESS,,,,,E,NOT REQUIRED,USA,UNITED STATES,D,MFG IN U.S.,B,PLAN NOT REQUIRED,G,NOT COMPETED UNDER SAP,SP1,SIMPLIFIED ACQUISITION,NONE,NO SET ASIDE USED.,NONE,NO PREFERENCE USED,,,,,SP2,SAP NON-COMPETITION (FAR 13),1,A,COMMERCIAL ITEM,f,N,NO,N,NO,X,NOT APPLICABLE,N,NO,,N,NO,X,NOT APPLICABLE,X,NOT APPLICABLE,X,NOT APPLICABLE,X,NOT APPLICABLE,,,,,,,,NONE,NONE,,,,,N,TRANSACTION DOES NOT USE GFE/GFP,,,D,NOT CONSOLIDATED,X,NOT APPLICABLE,,,,,N,NO,X,NOT APPLICABLE,f,f,f,f,f,f,f,f,f,f,f,f,f,f,f,f,f,f,f,SMALL BUSINESS,S,f,f,f,f,f,f,f,f,f,f,f,f,f,f,f,f,f,CORPORATE NOT TAX EXEMPT,t,f,f,f,f,f,f,f,f,f,f,f,t,f,f,f,f,t,f,f,f,f,f,f,f,f,f,f,t,f,f,f,f,f,f,f,f,f,f,f,f,f,f,f,f,f,f,f,f,f,,,,,,,,,,,https://www.usaspending.gov/award/CONT_AWD_89503020PWA000268_8900_-NONE-_-NONE-/,2020-09-24 12:48:13+00
CONT_AWD_AG8KAPP150056_12H2_-NONE-_-NONE-,AG8KAPP150056,,,,Q: Not Designated Nonemergency/Emergency/Disaster/Wildfire Suppression,,,,,8282.00,0.00,8282.00,8282.00,2015-09-25,2015,2020-09-09,2020,2015-09-25,2015-12-31,2015-12-31 00:00:00,,,012,Department of Agriculture,12H2,Agricultural Research Service,126612,USDA ARS PA RRVARC,012,Department of Agriculture,12H2,Agricultural Research Service,1282HW,USDA ARS PA CARR WMSR,012-2015/2015-1400-000,012-1400,31.0: Equipment,0001: PRODUCT QUALITY/VALUE ADDED;0002: LIVESTOCK PRODUCTION;0003: CROP PRODUCTION;0004: FOOD SAFETY;0005: LIVESTOCK PROTECTION;0006: CROP PROTECTION;0007: HUMAN NUTRITION RESEARCH;0008: ENVIRONMENTAL STEWARDSHIP;0013: NATIONAL BIO-AGRO DEFENSE FACILITY,X,NOT APPLICABLE,,,MTZJPCDVBL76,065693877,UASUSA LLC,UASUSA LLC,,71US8,MTZJPCDVBL76,065693877,UASUSA LLC,UASUSA LLC,USA,UNITED STATES,2100 EMERALD RD,,BOULDER,08013,BOULDER,08,CO,COLORADO,803040910,CO-02,CO-02,3035187329,,USA,UNITED STATES,BOULDER,08013,BOULDER,08,CO,COLORADO,803040910,CO-02,CO-02,AWARD,B,PURCHASE ORDER,,,,,,,J,FIRM FIXED PRICE,"HEXACOPTER UNMANNED AERIAL SYSTEM, BUILT IN ACCORDANCE WITH QUOTE #USDA01",,1,,,1550,UNMANNED AIRCRAFT,D,NOT A BUNDLED REQUIREMENT,,,336411,AIRCRAFT MANUFACTURING,C,NO CLAUSES INCLUDED AND NO SUSTAINABILITY INCLUDED,A,U.S. OWNED BUSINESS,,,,,A,MEETS REQUIREMENTS,USA,UNITED STATES,D,MFG IN U.S.,B,PLAN NOT REQUIRED,G,NOT COMPETED UNDER SAP,SP1,SIMPLIFIED ACQUISITION,NONE,NO SET ASIDE USED.,NONE,NO PREFERENCE USED,,,,,SP2,SAP NON-COMPETITION (FAR 13),1,A,COMMERCIAL ITEM,f,N,NO,N,NO,X,NOT APPLICABLE,N,NO,,N,NO,X,NOT APPLICABLE,X,NOT APPLICABLE,X,NOT APPLICABLE,X,NOT APPLICABLE,,,,,,,,NONE,NONE,,,,,N,TRANSACTION DOES NOT USE GFE/GFP,,,N,NO,X,NOT APPLICABLE,,,,,N,NO,X,NOT APPLICABLE,f,f,f,f,f,f,f,f,f,f,f,f,f,f,f,f,f,f,f,OTHER THAN SMALL BUSINESS,O,f,f,f,f,f,f,f,f,f,f,f,f,f,f,f,f,f,CORPORATE NOT TAX EXEMPT,t,f,f,f,f,f,f,f,f,f,f,f,f,f,f,f,f,t,f,f,f,f,f,f,f,f,t,f,t,f,f,f,f,f,f,f,f,f,f,f,f,f,f,f,f,t,f,f,f,f,,,,,,,,,,,https://www.usaspending.gov/award/CONT_AWD_AG8KAPP150056_12H2_-NONE-_-NONE-/,2020-09-09 15:24:44+00
CONT_AWD_DAAH0102C0009_9700_-NONE-_-NONE-,DAAH0102C0009,,,,,,,,,142597004.85,,0.00,0.00,2001-10-30,2002,2024-02-13,2024,2001-10-30,2005-12-30,2005-12-30 00:00:00,,,097,Department of Defense,9763,Defense Contract Management Agency,S5102A,HQ DEF CONTRACT MANAGEMENT AGENCY,097,Department of Defense,2100,Department of the Army,W31P4Q,W6QK ACC-RSA,,,,,X,NOT APPLICABLE,,,VSBAFMDKTWL4,,NORTHROP GRUMMAN SYSTEMS CORPORATION,TRW INC,,11982,NKVZLJL93QT6,,NORTHROP GRUMMAN CORPORATION,NORTHROP GRUMMAN SYSTEMS CORPORATION,USA,UNITED STATES,1 SPACE PARK BLVD,,REDONDO BEACH,06037,LOS ANGELES,06,CA,CALIFORNIA,90278,CA-36,CA-36,,,USA,UNITED STATES,SIERRA VISTA,04003,COCHISE,04,AZ,ARIZONA,856352273,AZ-06,AZ-06,AWARD,D,DEFINITIVE CONTRACT,,,,,,,U,COST PLUS FIXED FEE,200206!000067!2100!AH01  !USA AVIATION AND MISSILE COMMAND!DAAH0102C0009  !A!N! !N!                   !20011030!20031029!008324949!008324949!004179453!N!TRW INC                       !1 SPACE PARK BLVD         !REDONDO BEACH       !CA!90278!11530!037!06!CARSON              !LOS ANGELES           !CALIFORNIA!+000001800000!N!N!000000000000!1550!DRONES                                            !A1A!AIRFRAMES AND SPARES          !1CPJ!UAV HUNTER (SHORT RANGE UAV)  !336413!E! !3! ! ! ! ! !99990909!B! ! !A! !D!N!U!1!001!N!1G!A!Y!Z!  !  !N!C!N! ! ! !A!A!A!A!000!A!C!N! ! ! ! !    !      !0001!,,1,,,1550,UNMANNED AIRCRAFT,D,NOT A BUNDLED REQUIREMENT,A1A,AIRFRAMES AND SPARES,336413,OTHER AIRCRAFT PARTS AND AUXILIARY EQUIPMENT MANUFACTURING,C,NO CLAUSES INCLUDED AND NO SUSTAINABILITY INCLUDED,,,000,NONE,,,E,NOT REQUIRED,,,,,C,PLAN REQUIRED - INCENTIVE NOT INCLUDED,C,NOT COMPETED,,,NONE,NO SET ASIDE USED.,,,,,,,ONE,ONLY ONE SOURCE-OTHER (FAR 6.302-1 OTHER),1,D,COMMERCIAL PRODUCTS/SERVICES PROCEDURES NOT USED,f,N,NO,N,NO,Y,YES,,,0.00,N,NO,Y,YES,X,NOT APPLICABLE,X,NOT APPLICABLE,X,NOT APPLICABLE,,,,,,,,,,Y,YES,X,NOT APPLICABLE EXEMPT FROM CAS,N,TRANSACTION DOES NOT USE GFE/GFP,N,NO,N,NO,X,NOT APPLICABLE,N,NO,Z,NOT APPLICABLE,N,NO,X,NOT APPLICABLE,f,f,f,f,f,f,f,f,f,f,f,f,f,f,f,f,f,f,f,OTHER THAN SMALL BUSINESS,O,f,f,f,f,f,f,f,f,f,f,f,f,f,f,f,f,f,,f,f,f,f,f,f,f,f,f,f,f,f,f,f,f,f,f,f,f,f,f,f,f,f,f,f,f,f,f,f,f,f,f,f,f,f,f,f,f,f,f,f,f,f,f,f,f,f,f,f,,,,,,,,,,,https://www.usaspending.gov/award/CONT_AWD_DAAH0102C0009_9700_-NONE-_-NONE-/,2026-08-28 11:33:15+00
CONT_AWD_DAAH0103C0124_9700_-NONE-_-NONE-,DAAH0103C0124,,,,,,,,,246603545.21,,0.00,0.00,2003-05-16,2003,2021-11-17,2022,2003-05-16,2010-11-15,2010-11-15 00:00:00,,,097,Department of Defense,2100,Department of the Army,W31P4Q,W6QK ACC-RSA,097,Department of Defense,2100,Department of the Army,W81UHH,W6DQ 01 PEO AVN,,,,,X,NOT APPLICABLE,,,ZH4NVFG3Z526,824684229,"GENERAL ATOMICS AERONAUTICAL SYSTEMS, INC.","GENERAL ATOMIC AERONAUTICAL SYSTEMS, INC",,0YJB5,YX6EL4J1WLP9,859181984,GENERAL ATOMICS,GENERAL ATOMICS AERONAUTICAL SYSTEMS  INC.,USA,UNITED STATES,16761 VIA DEL CAMPO CT,,SAN DIEGO,06073,SAN DIEGO,06,CA,CALIFORNIA,921271713,CA-52,CA-50,,,USA,UNITED STATES,POWAY,06073,SAN DIEGO,06,CA,CALIFORNIA,920647103,CA-52,CA-48,AWARD,D,DEFINITIVE CONTRACT,,,,,,,U,COST PLUS FIXED FEE,,,1,OT,OTHER FUNCTIONS,1550,UNMANNED AIRCRAFT,D,NOT A BUNDLED REQUIREMENT,A1A,AIRFRAMES AND SPARES,541330,ENGINEERING SERVICES,C,NO CLAUSES INCLUDED AND NO SUSTAINABILITY INCLUDED,,,GHL,AIRBORNE RECON LOW (ARL),Z,NOT IT PRODUCTS OR SERVICES,E,NOT REQUIRED,USA,UNITED STATES,D,MFG IN U.S.,C,PLAN REQUIRED - INCENTIVE NOT INCLUDED,C,NOT COMPETED,SSS,ONLY ONE SOURCE,NONE,NO SET ASIDE USED.,NONE,NO PREFERENCE USED,,,,,UNQ,UNIQUE SOURCE (FAR 6.302-1(B)(1)),1,D,COMMERCIAL ITEM PROCEDURES NOT USED,f,N,NO,N,NO,X,NOT APPLICABLE,,,0.00,N,NO,Y,YES,X,NOT APPLICABLE,X,NOT APPLICABLE,X,NOT APPLICABLE,,,,,,,,NONE,NONE,N,NO,X,NOT APPLICABLE EXEMPT FROM CAS,Y,TRANSACTION USES GFE/GFP,N,NO,N,NO,X,NOT APPLICABLE,N,NO,Z,NOT APPLICABLE,N,NO,X,NOT APPLICABLE,f,f,f,f,f,f,f,f,f,f,f,f,f,f,f,f,f,f,f,OTHER THAN SMALL BUSINESS,O,f,f,f,f,f,f,f,f,f,f,f,f,f,f,f,f,f,CORPORATE NOT TAX EXEMPT,t,f,f,f,f,f,f,f,f,f,f,f,f,f,f,f,f,f,f,f,f,f,f,f,f,f,f,f,f,f,f,f,f,f,f,f,f,f,f,f,f,f,f,f,f,f,f,f,f,f,LINDEN P BLUE,2433022.00,JAMES N BLUE,2276657.00,DAVID R ALEXANDER,1955403.00,BARTON B ROPER,956408.00,ELIAHU  YEHEZKEL,928770.00,https://www.usaspending.gov/award/CONT_AWD_DAAH0103C0124_9700_-NONE-_-NONE-/,2022-01-31 12:51:34+00
CONT_AWD_DAAH0199C0003_9700_-NONE-_-NONE-,DAAH0199C0003,,,,,,,,,92557050.00,,0.00,0.00,1998-11-02,1999,2024-02-13,2024,1998-11-02,2005-08-31,2005-08-31 00:00:00,,,097,Department of Defense,9763,Defense Contract Management Agency,S5102A,HQ DEF CONTRACT MANAGEMENT AGENCY,097,Department of Defense,2100,Department of the Army,W31P4Q,W6QK ACC-RSA,,,,,X,NOT APPLICABLE,,,VSBAFMDKTWL4,,NORTHROP GRUMMAN SYSTEMS CORPORATION,TRW INC,,11982,NKVZLJL93QT6,,NORTHROP GRUMMAN CORPORATION,NORTHROP GRUMMAN SYSTEMS CORPORATION,USA,UNITED STATES,1 SPACE PARK BLVD,,REDONDO BEACH,06037,LOS ANGELES,06,CA,CALIFORNIA,90278,CA-36,CA-36,,,USA,UNITED STATES,SIERRA VISTA,04003,COCHISE,04,AZ,ARIZONA,856352273,AZ-06,AZ-06,AWARD,D,DEFINITIVE CONTRACT,,,,,,,U,COST PLUS FIXED FEE,199904!2100!0082!AH01 !USA AVIATION AND MISSILE COMMAND!DAAH0199C0003  !A!*!*                  !19981102!19991031!008324949!004179453!004179453!N!0J198!TRW INC                       !1 SPACE PARK BLVD         !REDONDO BEACH       !CA!90278!11530!037!06!CARSON              !LOS ANGELES           !CALIFORNIA!0001!+000000900000!N!N!000000000000!1550!DRONES                                            !A1A!AIRFRAMES AND SPARES          !1CPJ!UAV HUNTER (SHORT RANGE UAV)  !3728!3!*!*!*!B!N!A!D !N!U!1!001!N!2A!Z!Y!Z!* !* !N!C!*!A!A!A!A!A!*!*  !*!N!A!C!N!*!*!*!*!*!,,1,,,1550,UNMANNED AIRCRAFT,,,A1A,AIRFRAMES AND SPARES,,,,,,,1CPJ,,,,,,,,,,C,PLAN REQUIRED - INCENTIVE NOT INCLUDED,C,NOT COMPETED,,,NONE,NO SET ASIDE USED.,,,,,,,,,1,D,COMMERCIAL PRODUCTS/SERVICES PROCEDURES NOT USED,f,N,NO,N,NO,X,NOT APPLICABLE,,,0.00,N,NO,N,NO,X,NOT APPLICABLE,X,NOT APPLICABLE,X,NOT APPLICABLE,,,,,,,,,,Y,YES,X,NOT APPLICABLE EXEMPT FROM CAS,N,TRANSACTION DOES NOT USE GFE/GFP,N,NO,N,NO,X,NOT APPLICABLE,N,NO,Z,NOT APPLICABLE,N,NO,X,NOT APPLICABLE,f,f,f,f,f,f,f,f,f,f,f,f,f,f,f,f,f,f,f,OTHER THAN SMALL BUSINESS,O,f,f,f,f,f,f,f,f,f,f,f,f,f,f,f,f,f,,f,f,f,f,f,f,f,f,f,f,f,f,f,f,f,f,f,f,f,f,f,f,f,f,f,f,f,f,f,f,f,f,f,f,f,f,f,f,f,f,f,f,f,f,f,f,f,f,f,f,,,,,,,,,,,https://www.usaspending.gov/award/CONT_AWD_DAAH0199C0003_9700_-NONE-_-NONE-/,2026-08-28 11:33:15+00
CONT_AWD_F0862696C0168_9700_-NONE-_-NONE-,F0862696C0168,,,,,,,,,39872272.00,,0.00,0.00,1996-11-01,1997,2024-02-13,2024,1996-11-01,2002-04-30,2002-04-30 00:00:00,,,097,Department of Defense,9763,Defense Contract Management Agency,S5102A,HQ DEF CONTRACT MANAGEMENT AGENCY,097,Department of Defense,5700,Department of the Air Force,FA8678,FA8678 AFLCMC EBAY,,,,,X,NOT APPLICABLE,,,EZZLZJRCKRC3,,"TELEDYNE, INC","TELEDYNE, INC",,,MCZLJUKD4BD4,,ATI INC.,ATI LADISH MACHINING  INC.,USA,UNITED STATES,2049 CENTURY PARK E,,LOS ANGELES,06037,LOS ANGELES,06,CA,CALIFORNIA,90067,,CA-37,,,USA,UNITED STATES,SAN DIEGO,06073,SAN DIEGO,06,CA,CALIFORNIA,921272412,CA-50,CA-50,AWARD,D,DEFINITIVE CONTRACT,,,,,,,J,FIRM FIXED PRICE,"199702!5700!0008!GU69 !ASC/OL-VXK                      !F0862696C0168  !A!*!*                  !19961101!19990430!008391203!008391203!949262737!N!78022!TELEDYNE, INC                 !2049 CENTURY PARK E       !LOS ANGELES         !CA!90067!66000!073!06!SAN DIEGO           !SAN DIEGO             !CALIFORNIA!0001!+000002700000!N!N!000000000000!1550!DRONES                                            !A2 !MISSILE AND SPACE SYSTEMS     !3000!NOT DISCERNABLE OR CLASSIFIED !3769!3!*!*!*!B!A!*!A !N!J!2!002!B!* !A!N!Z!* !* !N!C!*!A!A!A!A!A!*!*  !*!N!A!D!N!*!*!*!*!*!",,1,,,1550,UNMANNED AIRCRAFT,,,A2,MISSILE AND SPACE SYSTEMS,,,,,,,3000,,,,,,,,,,D,PLAN REQUIRED - INCENTIVE INCLUDED,A,FULL AND OPEN COMPETITION,,,NONE,NO SET ASIDE USED.,,,,,,,,,2,D,COMMERCIAL PRODUCTS/SERVICES PROCEDURES NOT USED,f,N,NO,N,NO,Y,YES,,,0.00,N,NO,Y,YES,X,NOT APPLICABLE,X,NOT APPLICABLE,X,NOT APPLICABLE,,,,,,,,,,N,NO,X,NOT APPLICABLE EXEMPT FROM CAS,N,TRANSACTION DOES NOT USE GFE/GFP,N,NO,N,NO,X,NOT APPLICABLE,N,NO,Z,NOT APPLICABLE,N,NO,X,NOT APPLICABLE,f,f,f,f,f,f,f,f,f,f,f,f,f,f,f,f,f,f,f,OTHER THAN SMALL BUSINESS,O,f,f,f,f,f,f,f,f,f,f,f,f,f,f,f,f,f,,f,f,f,f,f,f,f,f,f,f,f,f,f,f,f,f,f,f,f,f,f,f,f,f,f,f,f,f,f,f,f,f,f,f,f,f,f,f,f,f,f,f,f,f,f,f,f,f,f,f,,,,,,,,,,,https://www.usaspending.gov/award/CONT_AWD_F0862696C0168_9700_-NONE-_-NONE-/,2026-08-28 11:33:15+00
CONT_AWD_F3365703C3003_9700_-NONE-_-NONE-,F3365703C3003,,,,,,,,,40410995.16,,0.00,0.00,2003-04-01,2003,2022-05-02,2022,2003-04-01,2004-12-31,2004-12-31 00:00:00,,,097,Department of Defense,5700,Department of the Air Force,FA8620,FA8620  AFLCMC WIJK    BIG SAFARI,097,Department of Defense,5700,Department of the Air Force,F4FDAC,F4FDAC AFLCMC MAUS DIVISION WII,,,,,X,NOT APPLICABLE,,,ZH4NVFG3Z526,,"GENERAL ATOMICS AERONAUTICAL SYSTEMS, INC.",GENERAL ATOMICS AERONAUTICAL S,,0YJB5,YX6EL4J1WLP9,,GENERAL ATOMICS,GENERAL ATOMIC TECHNOLOGIES CORPORATION,USA,UNITED STATES,16761 VIA DEL CAMPO COURT,,SAN DIEGO,06073,SAN DIEGO,06,CA,CALIFORNIA,92127,CA-52,CA-50,,,USA,UNITED STATES,POWAY,06073,SAN DIEGO,06,CA,CALIFORNIA,920647103,CA-52,CA-48,AWARD,D,DEFINITIVE CONTRACT,,,,,,,U,COST PLUS FIXED FEE,,,1,,,1550,UNMANNED AIRCRAFT,D,NOT A BUNDLED REQUIREMENT,C9E,ALL OTHERS NOT IDENTIFIABLE TO ANY OTHER PROCUREMENT PROGRAM,336411,AIRCRAFT MANUFACTURING,C,NO CLAUSES INCLUDED AND NO SUSTAINABILITY INCLUDED,,,000,NONE,,,E,NOT REQUIRED,,,,,C,PLAN REQUIRED - INCENTIVE NOT INCLUDED,C,NOT COMPETED,,,NONE,NO SET ASIDE USED.,,,,,,,UNQ,UNIQUE SOURCE (FAR 6.302-1(B)(1)),1,D,COMMERCIAL ITEM PROCEDURES NOT USED,f,N,NO,N,NO,Y,YES,,,0.00,N,NO,N,NO,X,NOT APPLICABLE,X,NOT APPLICABLE,X,NOT APPLICABLE,,,,,,,,NONE,NONE,N,NO,Y,YES - CAS CLAUSE INCLUDED,N,TRANSACTION DOES NOT USE GFE/GFP,U,UNKNOWN,N,NO,X,NOT APPLICABLE,N,NO,Z,NOT APPLICABLE,N,NO,X,NOT APPLICABLE,f,f,f,f,f,f,f,f,f,f,f,f,f,f,f,f,f,f,f,OTHER THAN SMALL BUSINESS,O,f,f,f,f,f,f,f,f,f,f,f,f,f,f,f,f,f,,f,f,f,f,f,f,f,f,f,f,f,f,f,f,f,f,f,f,f,f,f,f,f,f,f,f,f,f,f,f,f,f,f,f,f,f,f,f,f,f,f,f,f,f,f,f,f,f,f,f,LINDEN P BLUE,2895083.00,JAMES N BLUE,2711455.00,DAVID R ALEXANDER,2193634.00,BARTON B ROPER,1018876.00,ELIAHU  YEHEZKEL,937199.00,https://www.usaspending.gov/award/CONT_AWD_F3365703C3003_9700_-NONE-_-NONE-/,2022-05-03 11:14:48+00
CONT_AWD_FA248719C0073_9700_-NONE-_-NONE-,FA248719C0073,,,,,,,,,0.00,,0.00,0.00,2019-09-25,2019,2023-05-31,2023,2019-09-25,2020-03-23,2020-03-23 00:00:00,,2019-09-06,097,Department of Defense,5700,Department of the Air Force,FA2487,FA2487  AFTC PZZD (EGLIN),097,Department of Defense,5700,Department of the Air Force,F1T0CL,F1T0CL 96 TW 96 RANSS RNRE,,,,,X,NOT APPLICABLE,,,J6Y2L5NGMRN9,,DRONE AMERICA,DRONE AMERICA,DRONE AMERICA,6UH69,J6Y2L5NGMRN9,,DRONE AMERICA,DRONE AMERICA LLC,USA,UNITED STATES,3555 AIRWAY DR STE 310,,RENO,32031,WASHOE,32,NV,NEVADA,895111828,NV-02,NV-02,7752321516,7756243416,USA,UNITED STATES,RENO,32031,WASHOE,32,NV,NEVADA,895111828,NV-02,NV-02,AWARD,D,DEFINITIVE CONTRACT,,,,,,,J,FIRM FIXED PRICE,UNMANNED AIRCRAFT SYSTEM,FA248719Q0003,1,,,1550,UNMANNED AIRCRAFT,H,NOT BUNDLED,A1C,OTHER AIRCRAFT EQUIPMENT,336411,AIRCRAFT MANUFACTURING,C,NO CLAUSES INCLUDED AND NO SUSTAINABILITY INCLUDED,A,U.S. OWNED BUSINESS,000,NONE,Z,NOT IT PRODUCTS OR SERVICES,E,NOT REQUIRED,USA,UNITED STATES,D,MFG IN U.S.,B,PLAN NOT REQUIRED,G,NOT COMPETED UNDER SAP,SP1,SIMPLIFIED ACQUISITION,NONE,NO SET ASIDE USED.,NONE,NO PREFERENCE USED,,,,,SP2,SAP NON-COMPETITION (FAR 13),1,D,COMMERCIAL PRODUCTS/SERVICES PROCEDURES NOT USED,f,N,NO,N,NO,X,NOT APPLICABLE,N,NO,0.00,N,NO,X,NOT APPLICABLE,X,NOT APPLICABLE,X,NOT APPLICABLE,X,NOT APPLICABLE,,,,,,,,NONE,NONE,N,NO,X,NOT APPLICABLE EXEMPT FROM CAS,N,TRANSACTION DOES NOT USE GFE/GFP,U,UNKNOWN,D,NOT CONSOLIDATED,X,NOT APPLICABLE,N,NO,Z,NOT APPLICABLE,N,NO,X,NOT APPLICABLE,f,f,f,f,f,f,f,f,f,f,f,f,f,f,f,f,f,f,f,SMALL BUSINESS,S,f,f,f,f,f,f,f,f,f,f,f,f,f,f,f,f,f,CORPORATE NOT TAX EXEMPT,t,f,f,f,f,f,f,f,f,f,f,f,t,f,f,f,f,t,f,f,f,f,f,f,f,f,f,f,t,f,f,f,f,f,f,f,f,f,f,f,f,f,f,f,f,t,f,f,f,f,,,,,,,,,,,https://www.usaspending.gov/award/CONT_AWD_FA248719C0073_9700_-NONE-_-NONE-/,2023-06-02 12:27:10+00
CONT_AWD_FA286019PA051_9700_-NONE-_-NONE-,FA286019PA051,,,,,,,,,23126.25,0.00,23126.25,23126.25,2019-07-02,2019,2020-01-06,2020,2019-07-02,2020-02-19,2020-02-19 00:00:00,,,097,Department of Defense,5700,Department of the Air Force,FA2860,FA2860  316 CONS PK,097,Department of Defense,5700,Department of the Air Force,F1D364,F1D364 316 WG SFG,057-2019/2019-3400-000,057-3400,31.0: Equipment,,X,NOT APPLICABLE,,,MAK8Z5LL7V23,,"CORPORATE SERVICE SUPPLY & MANUFACTURING, INC.","CORPORATE SERVICE SUPPLY & MANUFACTURING, INC.",,3S042,MAK8Z5LL7V23,,"CORPORATE SERVICE SUPPLY & MANUFACTURING, INC.",CORPORATE SERVICE SUPPLY & MANUFACTURING  INC.,USA,UNITED STATES,80A AIR PARK DRIVE,,RONKONKOMA,36103,SUFFOLK,36,NY,NEW YORK,117790000,,NY-90,6319812600,6319812605,USA,UNITED STATES,ANDREWS AFB,24033,PRINCE GEORGES,24,MD,MARYLAND,207620002,MD-04,MD-05,AWARD,B,PURCHASE ORDER,,,,,,,J,FIRM FIXED PRICE,UAV DRONES,,1,OT,OTHER FUNCTIONS,1550,UNMANNED AIRCRAFT,H,NOT BUNDLED,C9E,ALL OTHERS NOT IDENTIFIABLE TO ANY OTHER PROCUREMENT PROGRAM,336411,AIRCRAFT MANUFACTURING,C,NO CLAUSES INCLUDED AND NO SUSTAINABILITY INCLUDED,A,U.S. OWNED BUSINESS,000,NONE,Z,NOT IT PRODUCTS OR SERVICES,E,NOT REQUIRED,USA,UNITED STATES,D,MFG IN U.S.,B,PLAN NOT REQUIRED,F,COMPETED UNDER SAP,SP1,SIMPLIFIED ACQUISITION,SBA,SMALL BUSINESS SET ASIDE - TOTAL,NONE,NO PREFERENCE USED,,,,,,,5,A,COMMERCIAL ITEM,f,N,NO,N,NO,X,NOT APPLICABLE,N,NO,,N,NO,X,NOT APPLICABLE,X,NOT APPLICABLE,X,NOT APPLICABLE,X,NOT APPLICABLE,,,,,,,,NONE,NONE,,,,,N,TRANSACTION DOES NOT USE GFE/GFP,N,NO,D,NOT CONSOLIDATED,X,NOT APPLICABLE,,,Z,NOT APPLICABLE,N,NO,X,NOT APPLICABLE,f,f,f,f,f,f,f,t,t,f,f,f,f,f,f,f,f,f,f,SMALL BUSINESS,S,f,f,f,f,f,f,f,f,f,f,f,f,f,f,f,f,f,CORPORATE NOT TAX EXEMPT,t,f,f,f,f,f,f,f,f,f,f,f,f,f,f,f,f,t,f,f,f,f,f,f,f,t,f,f,t,f,f,f,f,f,f,f,f,f,f,f,f,f,f,f,f,f,f,f,f,f,,,,,,,,,,,https://www.usaspending.gov/award/CONT_AWD_FA286019PA051_9700_-NONE-_-NONE-/,2025-04-21 14:31:56+00
CONT_AWD_FA301620P0210_9700_-NONE-_-NONE-,FA301620P0210,,,,Q: Not Designated Nonemergency/Emergency/Disaster/Wildfire Suppression,,,,,109800.00,0.00,109800.00,109800.00,2020-08-19,2020,2021-03-30,2021,2020-08-19,2021-06-30,2021-06-30 00:00:00,,,097,Department of Defense,5700,Department of the Air Force,FA3016,FA3016  502 CONS CL,097,Department of Defense,5700,Department of the Air Force,F2MRAU,F2MRAU 502 ABW CC,057-2020/2020-3400-000,057-3400,31.0: Equipment,0001: OPERATING FORCES,X,NOT APPLICABLE,,,R94BXDU1Y8X4,804632318,"TELEDYNE FLIR DEFENSE, LLC","FLIR DETECTION, INC.",,4ZCA0,F11UCKNJJHX8,091296244,"TELEDYNE FLIR, LLC",FLIR SYSTEMS  INC.,USA,UNITED STATES,1024 S INNOVATION WAY,,STILLWATER,40119,PAYNE,40,OK,OKLAHOMA,740741508,OK-03,OK-03,7036823414,,USA,UNITED STATES,STILLWATER,40119,PAYNE,40,OK,OKLAHOMA,740741508,OK-03,OK-03,AWARD,B,PURCHASE ORDER,,,,,,,J,FIRM FIXED PRICE,SKY RAIDER DRONE,,1,,,1550,UNMANNED AIRCRAFT,H,NOT BUNDLED,C9E,ALL OTHERS NOT IDENTIFIABLE TO ANY OTHER PROCUREMENT PROGRAM,336411,AIRCRAFT MANUFACTURING,C,NO CLAUSES INCLUDED AND NO SUSTAINABILITY INCLUDED,A,U.S. OWNED BUSINESS,000,NONE,Z,NOT IT PRODUCTS OR SERVICES,E,NOT REQUIRED,USA,UNITED STATES,D,MFG IN U.S.,B,PLAN NOT REQUIRED,G,NOT COMPETED UNDER SAP,SP1,SIMPLIFIED ACQUISITION,NONE,NO SET ASIDE USED.,NONE,NO PREFERENCE USED,,,,,SP2,SAP NON-COMPETITION (FAR 13),1,A,COMMERCIAL ITEM,f,N,NO,N,NO,N,NO,N,NO,,N,NO,N,NO,N,NO,N,NO,X,NOT APPLICABLE,,,,,,,,NONE,NONE,,,,,N,TRANSACTION DOES NOT USE GFE/GFP,N,NO,D,NOT CONSOLIDATED,X,NOT APPLICABLE,,,Z,NOT APPLICABLE,N,NO,X,NOT APPLICABLE,f,f,f,f,f,f,f,f,f,f,f,f,f,f,f,f,f,f,f,OTHER THAN SMALL BUSINESS,O,f,f,f,f,f,f,f,f,f,f,f,f,f,f,f,f,f,CORPORATE NOT TAX EXEMPT,t,f,f,f,f,f,f,f,f,f,f,f,t,f,f,f,f,t,f,f,f,f,f,f,f,f,f,f,t,f,f,f,f,f,f,f,f,f,f,f,f,f,f,f,f,f,f,f,f,f,,,,,,,,,,,https://www.usaspending.gov/award/CONT_AWD_FA301620P0210_9700_-NONE-_-NONE-/,2021-03-30 14:49:08+00
CONT_AWD_FA303020P0039_9700_-NONE-_-NONE-,FA303020P0039,,,,,,,,,40255.00,,40255.00,40255.00,2020-07-02,2020,2020-07-02,2020,2020-07-02,2020-08-16,2020-08-16 00:00:00,,,097,Department of Defense,5700,Department of the Air Force,FA3030,FA3030  17 CONS CC,097,Department of Defense,5700,Department of the Air Force,F1Z300,17 MSG CCER MSG RA,,,,,X,NOT APPLICABLE,,,RMG1AZ1ZH8Q7,073800062,PHYSICAL SCIENCES INC.,PHYSICAL SCIENCES INC.,,8K901,RMG1AZ1ZH8Q7,073800062,PHYSICAL SCIENCES INC.,PHYSICAL SCIENCES  INC.,USA,UNITED STATES,20 NEW ENGLAND BUSINESS CTR DR,,ANDOVER,25009,ESSEX,25,MA,MASSACHUSETTS,018101022,MA-03,MA-06,9786890003,9786893232,USA,UNITED STATES,ANDOVER,25009,ESSEX,25,MA,MASSACHUSETTS,018101022,MA-03,MA-06,AWARD,B,PURCHASE ORDER,,,,,,,J,FIRM FIXED PRICE,DRONE SYSTEM,FA303020QP005,1,,,1550,UNMANNED AIRCRAFT,H,NOT BUNDLED,C9E,ALL OTHERS NOT IDENTIFIABLE TO ANY OTHER PROCUREMENT PROGRAM,336411,AIRCRAFT MANUFACTURING,C,NO CLAUSES INCLUDED AND NO SUSTAINABILITY INCLUDED,A,U.S. OWNED BUSINESS,000,NONE,Z,NOT IT PRODUCTS OR SERVICES,E,NOT REQUIRED,USA,UNITED STATES,D,MFG IN U.S.,B,PLAN NOT REQUIRED,F,COMPETED UNDER SAP,SP1,SIMPLIFIED ACQUISITION,SBA,SMALL BUSINESS SET ASIDE - TOTAL,NONE,NO PREFERENCE USED,,,,,,,4,A,COMMERCIAL ITEM,f,N,NO,N,NO,Y,YES,N,NO,,N,NO,N,NO,N,NO,N,NO,X,NOT APPLICABLE,,,,,,,,NONE,NONE,,,,,N,TRANSACTION DOES NOT USE GFE/GFP,N,NO,D,NOT CONSOLIDATED,X,NOT APPLICABLE,,,Z,NOT APPLICABLE,N,NO,X,NOT APPLICABLE,f,f,f,f,f,f,f,f,f,f,f,f,f,f,f,f,f,f,f,SMALL BUSINESS,S,f,f,f,f,f,f,f,f,f,f,f,f,f,f,f,f,f,CORPORATE NOT TAX EXEMPT,t,f,f,f,f,f,f,f,f,f,f,f,f,f,f,f,f,t,f,f,f,f,f,f,f,f,f,f,t,f,f,f,f,f,f,f,f,f,f,f,f,f,f,f,f,f,f,f,f,f,B. DAVID  GREEN,455443.00,WILLIAM J MARINELLI,373901.00,STEVEN R GENESTRETI,344090.00,BOGDAN R COSOFRET,325740.00,PETER A WARREN,305545.00,https://www.usaspending.gov/award/CONT_AWD_FA303020P0039_9700_-NONE-_-NONE-/,2021-02-24 10:39:16+00
CONT_AWD_FA441720P0159_9700_-NONE-_-NONE-,FA441720P0159,,,,,,,,,7497.00,,7497.00,7497.00,2020-09-12,2020,2020-09-12,2020,2020-09-12,2020-10-02,2020-10-02 00:00:00,,,097,Department of Defense,5700,Department of the Air Force,FA4417,FA4417 1 SOCONS,097,Department of Defense,5700,Department of the Air Force,F2F323,1 SOCES CEOE,,,,,X,NOT APPLICABLE,,,LTBJCLHYL5S9,,"SKYDIO, INC","SKYDIO, INC.",,86PV4,LTBJCLHYL5S9,,"SKYDIO, INC",SKYDIO  INC.,USA,UNITED STATES,114 HAZEL AVE,,REDWOOD CITY,06081,SAN MATEO,06,CA,CALIFORNIA,940613112,CA-18,CA-15,6502729960,,USA,UNITED STATES,REDWOOD CITY,06081,SAN MATEO,06,CA,CALIFORNIA,940613112,CA-18,CA-15,AWARD,B,PURCHASE ORDER,,,,,,,J,FIRM FIXED PRICE,SKYDIO 2 + PRO KIT BUNDLE,,1,,,1550,UNMANNED AIRCRAFT,H,NOT BUNDLED,C9E,ALL OTHERS NOT IDENTIFIABLE TO ANY OTHER PROCUREMENT PROGRAM,336411,AIRCRAFT MANUFACTURING,C,NO CLAUSES INCLUDED AND NO SUSTAINABILITY INCLUDED,A,U.S. OWNED BUSINESS,000,NONE,Z,NOT IT PRODUCTS OR SERVICES,E,NOT REQUIRED,USA,UNITED STATES,D,MFG IN U.S.,B,PLAN NOT REQUIRED,G,NOT COMPETED UNDER SAP,SP1,SIMPLIFIED ACQUISITION,NONE,NO SET ASIDE USED.,NONE,NO PREFERENCE USED,,,,,SP2,SAP NON-COMPETITION (FAR 13),1,A,COMMERCIAL ITEM,f,N,NO,N,NO,N,NO,N,NO,,N,NO,X,NOT APPLICABLE,X,NOT APPLICABLE,X,NOT APPLICABLE,X,NOT APPLICABLE,,,,,,,,NONE,NONE,,,,,N,TRANSACTION DOES NOT USE GFE/GFP,N,NO,D,NOT CONSOLIDATED,X,NOT APPLICABLE,,,Z,NOT APPLICABLE,N,NO,X,NOT APPLICABLE,f,f,f,f,f,f,f,f,f,f,f,f,f,f,f,f,f,f,f,SMALL BUSINESS,S,f,f,f,f,f,f,f,f,f,f,f,f,f,f,f,f,f,CORPORATE NOT TAX EXEMPT,t,f,f,f,f,f,f,f,f,f,f,f,t,f,f,f,f,t,f,f,f,f,f,f,f,f,f,f,t,f,f,f,f,f,f,f,f,f,f,f,f,f,f,f,f,f,f,f,f,f,,,,,,,,,,,https://www.usaspending.gov/award/CONT_AWD_FA441720P0159_9700_-NONE-_-NONE-/,2025-05-07 10:55:16+00
CONT_AWD_FA441720P0200_9700_-NONE-_-NONE-,FA441720P0200,,,,Q: Not Designated Nonemergency/Emergency/Disaster/Wildfire Suppression,,,,,214017.33,0.00,214017.33,214017.33,2020-09-24,2020,2020-11-18,2021,2020-09-24,2020-11-30,2020-11-30 00:00:00,,2020-09-14,097,Department of Defense,5700,Department of the Air Force,FA4417,FA4417 1 SOCONS,097,Department of Defense,5700,Department of the Air Force,F2FT24,F2FT24 24 SOW,057-2020/2020-3400-000,057-3400,26.0: Supplies and materials,0001: OPERATING FORCES,X,NOT APPLICABLE,,,PCGAN2AMP1X4,065875485,"TURIN AVIATION GROUP LLC, THE","TURIN AVIATION GROUP LLC, THE",,6V4M6,PCGAN2AMP1X4,065875485,"TURIN AVIATION GROUP LLC, THE",TURIN AVIATION GROUP LLC  THE,USA,UNITED STATES,110 HICKORY CREEK BLVD,,BRANDON,12057,HILLSBOROUGH,12,FL,FLORIDA,335118010,FL-15,FL-16,9178332156,,USA,UNITED STATES,BRANDON,12057,HILLSBOROUGH,12,FL,FLORIDA,335118010,FL-15,FL-16,AWARD,B,PURCHASE ORDER,,,,,,,J,FIRM FIXED PRICE,MAVIC 2 DUAL ENTERPRISE + FLY MORE KITS,FA441720QC039,1,,,1550,UNMANNED AIRCRAFT,H,NOT BUNDLED,C9E,ALL OTHERS NOT IDENTIFIABLE TO ANY OTHER PROCUREMENT PROGRAM,336411,AIRCRAFT MANUFACTURING,C,NO CLAUSES INCLUDED AND NO SUSTAINABILITY INCLUDED,A,U.S. OWNED BUSINESS,000,NONE,Z,NOT IT PRODUCTS OR SERVICES,E,NOT REQUIRED,CHN,CHINA,H,MFG OUTSIDE U.S. - COMMERCIAL INFORMATION TECHNOLOGY,B,PLAN NOT REQUIRED,F,COMPETED UNDER SAP,SP1,SIMPLIFIED ACQUISITION,SDVOSBC,SERVICE DISABLED VETERAN OWNED SMALL BUSINESS SET-ASIDE,NONE,NO PREFERENCE USED,,,,,,,5,A,COMMERCIAL ITEM,f,N,NO,N,NO,Y,YES,N,NO,,N,NO,X,NOT APPLICABLE,X,NOT APPLICABLE,X,NOT APPLICABLE,X,NOT APPLICABLE,,,,,,,,NONE,NONE,,,,,N,TRANSACTION DOES NOT USE GFE/GFP,N,NO,D,NOT CONSOLIDATED,X,NOT APPLICABLE,,,Z,NOT APPLICABLE,N,NO,X,NOT APPLICABLE,f,f,f,f,f,t,t,f,f,f,f,f,t,f,f,f,t,f,f,SMALL BUSINESS,S,f,f,f,f,f,f,f,f,f,f,f,f,f,f,f,f,f,SOLE PROPRIETORSHIP,f,f,f,t,f,f,f,f,f,f,f,f,f,f,f,f,f,t,f,f,f,f,f,f,f,f,t,f,t,f,f,f,f,f,f,f,f,f,f,f,f,f,f,f,t,t,f,f,f,f,,,,,,,,,,,https://www.usaspending.gov/award/CONT_AWD_FA441720P0200_9700_-NONE-_-NONE-/,2021-02-25 14:14:52+00
CONT_AWD_FA488720C0029_9700_-NONE-_-NONE-,FA488720C0029,,,,,,,,,0.00,,26150.00,26150.00,2020-07-10,2020,2020-07-10,2020,2020-06-25,2020-09-11,2020-09-11 00:00:00,,2020-06-23,097,Department of Defense,5700,Department of the Air Force,FA4887,FA4887  56 CONS CC,097,Department of Defense,5700,Department of the Air Force,F2U020,F2U020 56 RMO,,,,,X,NOT APPLICABLE,,,RMG1AZ1ZH8Q7,073800062,PHYSICAL SCIENCES INC.,PHYSICAL SCIENCES INC.,,8K901,RMG1AZ1ZH8Q7,073800062,PHYSICAL SCIENCES INC.,PHYSICAL SCIENCES  INC.,USA,UNITED STATES,20 NEW ENGLAND BUSINESS CTR DR,,ANDOVER,25009,ESSEX,25,MA,MASSACHUSETTS,018101022,MA-03,MA-06,9786890003,9786893232,USA,UNITED STATES,LUKE AFB,04013,MARICOPA,04,AZ,ARIZONA,853091000,AZ-08,AZ-09,AWARD,D,DEFINITIVE CONTRACT,,,,,,,J,FIRM FIXED PRICE,INSTANTEYE MK-3 GEN 4-D1,FA488720Q0025,1,OT,OTHER FUNCTIONS,1550,UNMANNED AIRCRAFT,H,NOT BUNDLED,A1C,OTHER AIRCRAFT EQUIPMENT,336411,AIRCRAFT MANUFACTURING,C,NO CLAUSES INCLUDED AND NO SUSTAINABILITY INCLUDED,A,U.S. OWNED BUSINESS,000,NONE,Z,NOT IT PRODUCTS OR SERVICES,E,NOT REQUIRED,USA,UNITED STATES,D,MFG IN U.S.,B,PLAN NOT REQUIRED,F,COMPETED UNDER SAP,SP1,SIMPLIFIED ACQUISITION,SBA,SMALL BUSINESS SET ASIDE - TOTAL,NONE,NO PREFERENCE USED,,,,,,,5,A,COMMERCIAL ITEM,f,N,NO,N,NO,Y,YES,N,NO,0.00,N,NO,X,NOT APPLICABLE,X,NOT APPLICABLE,X,NOT APPLICABLE,X,NOT APPLICABLE,,,,,,,,NONE,NONE,N,NO,X,NOT APPLICABLE EXEMPT FROM CAS,N,TRANSACTION DOES NOT USE GFE/GFP,N,NO,D,NOT CONSOLIDATED,X,NOT APPLICABLE,N,NO,Z,NOT APPLICABLE,N,NO,X,NOT APPLICABLE,f,f,f,f,f,f,f,f,f,f,f,f,f,f,f,f,f,f,f,SMALL BUSINESS,S,f,f,f,f,f,f,f,f,f,f,f,f,f,f,f,f,f,CORPORATE NOT TAX EXEMPT,t,f,f,f,f,f,f,f,f,f,f,f,f,f,f,f,f,t,f,f,f,f,f,f,f,f,f,f,t,f,f,f,f,f,f,f,f,f,f,f,f,f,f,f,f,f,f,f,f,f,B. DAVID  GREEN,482181.00,WILLIAM J MARINELLI,427562.00,STEVEN R GENESTRETI,399007.00,BOGDAN R COSOFRET,333460.00,MARK G ALLEN,398641.00,https://www.usaspending.gov/award/CONT_AWD_FA488720C0029_9700_-NONE-_-NONE-/,2021-11-04 16:02:59+00
CONT_AWD_FA488720P0047_9700_-NONE-_-NONE-,FA488720P0047,,,,,,,,,26150.00,,26150.00,26150.00,2020-07-12,2020,2020-07-12,2020,2020-07-12,2020-09-11,2020-09-11 00:00:00,,2020-06-23,097,Department of Defense,5700,Department of the Air Force,FA4887,FA4887  56 CONS CC,097,Department of Defense,5700,Department of the Air Force,F2U020,F2U020 56 RMO,,,,,X,NOT APPLICABLE,,,RMG1AZ1ZH8Q7,073800062,PHYSICAL SCIENCES INC.,PHYSICAL SCIENCES INC.,,8K901,RMG1AZ1ZH8Q7,073800062,PHYSICAL SCIENCES INC.,PHYSICAL SCIENCES  INC.,USA,UNITED STATES,20 NEW ENGLAND BUSINESS CTR DR,,ANDOVER,25009,ESSEX,25,MA,MASSACHUSETTS,018101022,MA-03,MA-06,9786890003,9786893232,USA,UNITED STATES,ANDOVER,25009,ESSEX,25,MA,MASSACHUSETTS,018101022,MA-03,MA-06,AWARD,B,PURCHASE ORDER,,,,,,,J,FIRM FIXED PRICE,"UNMANNED AERIAL VEHICLE, INSTANTEYE MK-3 GEN 4-D1",FA488720Q0025,1,OT,OTHER FUNCTIONS,1550,UNMANNED AIRCRAFT,H,NOT BUNDLED,A1C,OTHER AIRCRAFT EQUIPMENT,336411,AIRCRAFT MANUFACTURING,C,NO CLAUSES INCLUDED AND NO SUSTAINABILITY INCLUDED,A,U.S. OWNED BUSINESS,000,NONE,Z,NOT IT PRODUCTS OR SERVICES,E,NOT REQUIRED,USA,UNITED STATES,D,MFG IN U.S.,B,PLAN NOT REQUIRED,F,COMPETED UNDER SAP,SP1,SIMPLIFIED ACQUISITION,SBA,SMALL BUSINESS SET ASIDE - TOTAL,NONE,NO PREFERENCE USED,,,,,,,5,A,COMMERCIAL ITEM,f,N,NO,N,NO,Y,YES,N,NO,,N,NO,X,NOT APPLICABLE,X,NOT APPLICABLE,X,NOT APPLICABLE,X,NOT APPLICABLE,,,,,,,,NONE,NONE,,,,,N,TRANSACTION DOES NOT USE GFE/GFP,N,NO,D,NOT CONSOLIDATED,X,NOT APPLICABLE,,,Z,NOT APPLICABLE,N,NO,X,NOT APPLICABLE,f,f,f,f,f,f,f,f,f,f,f,f,f,f,f,f,f,f,f,SMALL BUSINESS,S,f,f,f,f,f,f,f,f,f,f,f,f,f,f,f,f,f,CORPORATE NOT TAX EXEMPT,t,f,f,f,f,f,f,f,f,f,f,f,f,f,f,f,f,t,f,f,f,f,f,f,f,f,f,f,t,f,f,f,f,f,f,f,f,f,f,f,f,f,f,f,f,f,f,f,f,f,B. DAVID  GREEN,455443.00,WILLIAM J MARINELLI,373901.00,STEVEN R GENESTRETI,344090.00,BOGDAN R COSOFRET,325740.00,PETER A WARREN,305545.00,https://www.usaspending.gov/award/CONT_AWD_FA488720P0047_9700_-NONE-_-NONE-/,2021-02-22 11:46:57+00
CONT_AWD_FA489018F6029_9700_FA489018D0010_9700,FA489018F6029,9700,DEPT OF DEFENSE,FA489018D0010,,,,,,2490418.16,,2799346.94,2799346.94,2018-09-30,2018,2023-05-17,2023,2018-09-30,2021-09-29,2021-09-29 00:00:00,,2018-09-11,097,Department of Defense,5700,Department of the Air Force,FA4890,FA4890  HQ ACC AMIC,097,Department of Defense,5700,Department of the Air Force,F2QF04,F2QF04  HQ ACC AMIC  DRR,,,,,X,NOT APPLICABLE,,,YJG1MDHLBC88,,"AEROVIRONMENT, INC.","AEROVIRONMENT, INC.",,914V0,YJG1MDHLBC88,,"AEROVIRONMENT, INC.",AEROVIRONMENT  INC.,USA,UNITED STATES,900 INNOVATORS WAY,,SIMI VALLEY,06111,VENTURA,06,CA,CALIFORNIA,930652072,CA-08,CA-26,8055208350,8055262565,GTM,GUATEMALA,,,,,,,,,,AWARD,C,DELIVERY ORDER,,,,,,,J,FIRM FIXED PRICE,RAVEN SMALL UAS SYSTEM - GUATEMALAN DELIVERY ORDER,FA489018R0034,1,,,1550,UNMANNED AIRCRAFT,H,NOT BUNDLED,A1B,AIRCRAFT ENGINES AND SPARES,336411,AIRCRAFT MANUFACTURING,C,NO CLAUSES INCLUDED AND NO SUSTAINABILITY INCLUDED,A,U.S. OWNED BUSINESS,000,NONE,Z,NOT IT PRODUCTS OR SERVICES,E,NOT REQUIRED,USA,UNITED STATES,D,MFG IN U.S.,B,PLAN NOT REQUIRED,C,NOT COMPETED,SSS,ONLY ONE SOURCE,,,NONE,NO PREFERENCE USED,,,,,ONE,ONLY ONE SOURCE-OTHER (FAR 6.302-1 OTHER),,A,COMMERCIAL PRODUCTS/SERVICES,f,N,NO,N,NO,X,NOT APPLICABLE,N,NO,,N,NO,X,NOT APPLICABLE,X,NOT APPLICABLE,X,NOT APPLICABLE,X,NOT APPLICABLE,,,B,IDC,S,SINGLE AWARD,,NONE,NONE,N,NO,,,N,TRANSACTION DOES NOT USE GFE/GFP,U,UNKNOWN,D,NOT CONSOLIDATED,X,NOT APPLICABLE,Y,YES,Z,NOT APPLICABLE,N,NO,X,NOT APPLICABLE,f,f,f,f,f,f,f,f,f,f,f,f,f,f,f,f,f,f,f,SMALL BUSINESS,S,f,f,f,f,f,f,f,f,f,f,f,f,f,f,f,f,f,CORPORATE NOT TAX EXEMPT,t,f,f,f,f,f,f,f,f,f,f,f,t,f,f,f,f,t,f,f,f,f,f,f,f,f,f,f,t,f,f,f,f,f,f,f,f,f,f,f,f,f,f,f,f,f,f,f,f,f,,,,,,,,,,,https://www.usaspending.gov/award/CONT_AWD_FA489018F6029_9700_FA489018D0010_9700/,2025-04-26 12:29:38+00
CONT_AWD_FA489019FA103_9700_FA489018D0010_9700,FA489019FA103,9700,DEPT OF DEFENSE,FA489018D0010,Q: Not Designated Nonemergency/Emergency/Disaster/Wildfire Suppression,,,,,2511229.96,0.00,2511229.96,2511229.96,2019-09-30,2019,2021-02-23,2021,2019-09-30,2021-09-30,2021-09-30 00:00:00,,2019-08-30,097,Department of Defense,5700,Department of the Air Force,FA4890,FA4890  HQ ACC AMIC,097,Department of Defense,5700,Department of the Air Force,F2QF04,F2QF04  HQ ACC AMIC  DRR,097-2019/2019-0100-000,097-0100,31.0: Equipment,0003: TRAINING AND RECRUITING,X,NOT APPLICABLE,,,YJG1MDHLBC88,058024456,"AEROVIRONMENT, INC.","AEROVIRONMENT, INC.",,60107,YJG1MDHLBC88,058024456,"AEROVIRONMENT, INC.",AEROVIRONMENT  INC.,USA,UNITED STATES,900 INNOVATORS WAY,,SIMI VALLEY,06111,VENTURA,06,CA,CALIFORNIA,930652072,CA-25,CA-26,8055208350,8055262565,COL,COLOMBIA,,,,,,,,,,AWARD,C,DELIVERY ORDER,,,,,,,J,FIRM FIXED PRICE,"COLOMBIA MARITIME INTERDICTION, RQ-11B",,1,CT,CRITICAL FUNCTIONS,1550,UNMANNED AIRCRAFT,H,NOT BUNDLED,A1C,OTHER AIRCRAFT EQUIPMENT,336411,AIRCRAFT MANUFACTURING,C,NO CLAUSES INCLUDED AND NO SUSTAINABILITY INCLUDED,A,U.S. OWNED BUSINESS,000,NONE,Z,NOT IT PRODUCTS OR SERVICES,E,NOT REQUIRED,USA,UNITED STATES,D,MFG IN U.S.,B,PLAN NOT REQUIRED,C,NOT COMPETED,SSS,ONLY ONE SOURCE,,,NONE,NO PREFERENCE USED,,,,,ONE,ONLY ONE SOURCE-OTHER (FAR 6.302-1 OTHER),,A,COMMERCIAL ITEM,f,N,NO,N,NO,X,NOT APPLICABLE,N,NO,,N,NO,X,NOT APPLICABLE,X,NOT APPLICABLE,X,NOT APPLICABLE,X,NOT APPLICABLE,,,B,IDC,S,SINGLE AWARD,,NONE,NONE,N,NO,,,N,TRANSACTION DOES NOT USE GFE/GFP,N,NO,D,NOT CONSOLIDATED,X,NOT APPLICABLE,Y,YES,Z,NOT APPLICABLE,N,NO,X,NOT APPLICABLE,f,f,f,f,f,f,f,f,f,f,f,f,f,f,f,f,f,f,f,SMALL BUSINESS,S,f,f,f,f,f,f,f,f,f,f,f,f,f,f,f,f,f,CORPORATE NOT TAX EXEMPT,t,f,f,f,f,f,f,f,f,f,f,f,t,f,f,f,f,t,f,f,f,f,f,f,f,f,f,f,t,f,f,f,f,f,f,f,f,f,f,f,f,f,f,f,f,f,f,f,f,f,,,,,,,,,,,https://www.usaspending.gov/award/CONT_AWD_FA489019FA103_9700_FA489018D0010_9700/,2021-04-19 11:42:33+00
CONT_AWD_FA489020F0112_9700_FA489018D0010_9700,FA489020F0112,9700,DEPT OF DEFENSE,FA489018D0010,N: Emergency P.L. 116-136,0,2974844.11,,,2743922.75,0.00,2743922.75,2743922.75,2020-09-30,2020,2024-11-05,2025,2020-09-30,2023-09-28,2023-09-28 00:00:00,,2020-09-01,097,Department of Defense,5700,Department of the Air Force,FA4890,FA4890  HQ ACC AMIC,097,Department of Defense,5700,Department of the Air Force,F2QF04,F2QF04  HQ ACC AMIC  DRR,097-2020/2020-0100-000,097-0100,31.0: Equipment,OPTN: FIELD IS OPTIONAL PRIOR TO FY21,X,NOT APPLICABLE,,,YJG1MDHLBC88,,"AEROVIRONMENT, INC.","AEROVIRONMENT, INC.",,914V0,YJG1MDHLBC88,,"AEROVIRONMENT, INC.",AEROVIRONMENT  INC.,USA,UNITED STATES,900 INNOVATORS WAY,,SIMI VALLEY,06111,VENTURA,06,CA,CALIFORNIA,930652072,CA-08,CA-26,8055208350,8055262565,COL,COLOMBIA,,,,,,,,,,AWARD,C,DELIVERY ORDER,,,,,,,J,FIRM FIXED PRICE,"COLOMBIA RAVEN UAS, SPARE PARTS AND TRAINING",,1,,,1550,UNMANNED AIRCRAFT,H,NOT BUNDLED,A1C,OTHER AIRCRAFT EQUIPMENT,336411,AIRCRAFT MANUFACTURING,C,NO CLAUSES INCLUDED AND NO SUSTAINABILITY INCLUDED,A,U.S. OWNED BUSINESS,000,NONE,Z,NOT IT PRODUCTS OR SERVICES,E,NOT REQUIRED,USA,UNITED STATES,D,MFG IN U.S.,B,PLAN NOT REQUIRED,C,NOT COMPETED,SSS,ONLY ONE SOURCE,,,NONE,NO PREFERENCE USED,,,,,ONE,ONLY ONE SOURCE-OTHER (FAR 6.302-1 OTHER),,A,COMMERCIAL PRODUCTS/SERVICES,f,N,NO,N,NO,X,NOT APPLICABLE,N,NO,,N,NO,X,NOT APPLICABLE,X,NOT APPLICABLE,X,NOT APPLICABLE,X,NOT APPLICABLE,,,B,IDC,S,SINGLE AWARD,,,,N,NO,,,N,TRANSACTION DOES NOT USE GFE/GFP,N,NO,D,NOT CONSOLIDATED,X,NOT APPLICABLE,Y,YES,Z,NOT APPLICABLE,N,NO,X,NOT APPLICABLE,f,f,f,f,f,f,f,f,f,f,f,f,f,f,f,f,f,f,f,SMALL BUSINESS,S,f,f,f,f,f,f,f,f,f,f,f,f,f,f,f,f,f,CORPORATE NOT TAX EXEMPT,t,f,f,f,f,f,f,f,f,f,f,f,t,f,f,f,f,t,f,f,f,f,f,f,f,f,f,f,t,f,f,f,f,f,f,f,f,f,f,f,f,f,f,f,f,f,f,f,f,f,,,,,,,,,,,https://www.usaspending.gov/award/CONT_AWD_FA489020F0112_9700_FA489018D0010_9700/,2024-11-05 10:18:19+00
CONT_AWD_FA489720C0003_9700_-NONE-_-NONE-,FA489720C0003,,,,,,,,,32050.00,,32050.00,32050.00,2020-01-06,2020,2020-01-06,2020,2020-01-06,2020-03-26,2020-03-26 00:00:00,,,097,Department of Defense,5700,Department of the Air Force,FA4897,FA4897 366 CONS PKP,097,Department of Defense,5700,Department of the Air Force,F3F3SF,366 SFS,,,,,X,NOT APPLICABLE,,,RMG1AZ1ZH8Q7,073800062,PHYSICAL SCIENCES INC.,PHYSICAL SCIENCES INC.,,8K901,RMG1AZ1ZH8Q7,073800062,PHYSICAL SCIENCES INC.,PHYSICAL SCIENCES  INC.,USA,UNITED STATES,20 NEW ENGLAND BUSINESS CTR DR,,ANDOVER,25009,ESSEX,25,MA,MASSACHUSETTS,018101022,MA-03,MA-06,9786890003,9786893232,USA,UNITED STATES,ANDOVER,25009,ESSEX,25,MA,MASSACHUSETTS,018101022,MA-03,MA-06,AWARD,D,DEFINITIVE CONTRACT,,,,,,,J,FIRM FIXED PRICE,ONE (1) SMALL UNMANNED AERIAL SYSTEM AND TWO (2) ADDITIONAL BATTERIES.,FA489720Q0012,1,,,1550,UNMANNED AIRCRAFT,H,NOT BUNDLED,C9E,ALL OTHERS NOT IDENTIFIABLE TO ANY OTHER PROCUREMENT PROGRAM,336411,AIRCRAFT MANUFACTURING,C,NO CLAUSES INCLUDED AND NO SUSTAINABILITY INCLUDED,A,U.S. OWNED BUSINESS,000,NONE,Z,NOT IT PRODUCTS OR SERVICES,E,NOT REQUIRED,USA,UNITED STATES,D,MFG IN U.S.,B,PLAN NOT REQUIRED,C,NOT COMPETED,SSS,ONLY ONE SOURCE,NONE,NO SET ASIDE USED.,NONE,NO PREFERENCE USED,,,,,ONE,ONLY ONE SOURCE-OTHER (FAR 6.302-1 OTHER),1,A,COMMERCIAL ITEM,f,N,NO,N,NO,Y,YES,N,NO,0.00,N,NO,X,NOT APPLICABLE,X,NOT APPLICABLE,X,NOT APPLICABLE,X,NOT APPLICABLE,,,,,,,,NONE,NONE,N,NO,X,NOT APPLICABLE EXEMPT FROM CAS,N,TRANSACTION DOES NOT USE GFE/GFP,N,NO,D,NOT CONSOLIDATED,X,NOT APPLICABLE,N,NO,Z,NOT APPLICABLE,N,NO,X,NOT APPLICABLE,f,f,f,f,f,f,f,f,f,f,f,f,f,f,f,f,f,f,f,SMALL BUSINESS,S,f,f,f,f,f,f,f,f,f,f,f,f,f,f,f,f,f,CORPORATE NOT TAX EXEMPT,t,f,f,f,f,f,f,f,f,f,f,f,f,f,f,f,f,t,f,f,f,f,f,f,f,f,f,f,t,f,f,f,f,f,f,f,f,f,f,f,f,f,f,f,f,f,f,f,f,f,B. DAVID  GREEN,455443.00,WILLIAM J MARINELLI,373901.00,STEVEN R GENESTRETI,344090.00,BOGDAN R COSOFRET,325740.00,PETER A WARREN,305545.00,https://www.usaspending.gov/award/CONT_AWD_FA489720C0003_9700_-NONE-_-NONE-/,2020-09-17 22:30:48+00
CONT_AWD_FA500420P0089_9700_-NONE-_-NONE-,FA500420P0089,,,,,,,,,39930.00,,39930.00,39930.00,2020-09-18,2020,2020-09-18,2020,2020-09-18,2020-11-16,2020-11-16 00:00:00,,,097,Department of Defense,5700,Department of the Air Force,FA5004,FA5004  354 CONS PK,097,Department of Defense,5700,Department of the Air Force,F1UG13,F1UG13 13 SWS  RESOURCE ADVISOR,,,,,X,NOT APPLICABLE,,,RMG1AZ1ZH8Q7,073800062,PHYSICAL SCIENCES INC.,PHYSICAL SCIENCES INC.,,8K901,RMG1AZ1ZH8Q7,073800062,PHYSICAL SCIENCES INC.,PHYSICAL SCIENCES  INC.,USA,UNITED STATES,20 NEW ENGLAND BUSINESS CTR DR,,ANDOVER,25009,ESSEX,25,MA,MASSACHUSETTS,018101022,MA-03,MA-06,9786890003,9786893232,USA,UNITED STATES,EIELSON AFB,02090,FAIRBANKS NORTH STAR,02,AK,ALASKA,997020502,AK-00,AK-00,AWARD,B,PURCHASE ORDER,,,,,,,J,FIRM FIXED PRICE,CLEAR AFS SECURITY FORCES DRONE,,1,,,1550,UNMANNED AIRCRAFT,H,NOT BUNDLED,C9E,ALL OTHERS NOT IDENTIFIABLE TO ANY OTHER PROCUREMENT PROGRAM,336411,AIRCRAFT MANUFACTURING,D,ENERGY EFFICIENT,A,U.S. OWNED BUSINESS,000,NONE,Z,NOT IT PRODUCTS OR SERVICES,E,NOT REQUIRED,USA,UNITED STATES,D,MFG IN U.S.,B,PLAN NOT REQUIRED,C,NOT COMPETED,SSS,ONLY ONE SOURCE,NONE,NO SET ASIDE USED.,NONE,NO PREFERENCE USED,,,,,ONE,ONLY ONE SOURCE-OTHER (FAR 6.302-1 OTHER),1,A,COMMERCIAL ITEM,f,N,NO,N,NO,X,NOT APPLICABLE,N,NO,,N,NO,X,NOT APPLICABLE,X,NOT APPLICABLE,X,NOT APPLICABLE,X,NOT APPLICABLE,,,,,,,,NONE,NONE,,,,,N,TRANSACTION DOES NOT USE GFE/GFP,U,UNKNOWN,D,NOT CONSOLIDATED,X,NOT APPLICABLE,,,Z,NOT APPLICABLE,N,NO,X,NOT APPLICABLE,f,f,f,f,f,f,f,f,f,f,f,f,f,f,f,f,f,f,f,SMALL BUSINESS,S,f,f,f,f,f,f,f,f,f,f,f,f,f,f,f,f,f,CORPORATE NOT TAX EXEMPT,t,f,f,f,f,f,f,f,f,f,f,f,f,f,f,f,f,t,f,f,f,f,f,f,f,f,f,f,t,f,f,f,f,f,f,f,f,f,f,f,f,f,f,f,f,f,f,f,f,f,B. DAVID  GREEN,482181.00,WILLIAM J MARINELLI,427562.00,STEVEN R GENESTRETI,399007.00,BOGDAN R COSOFRET,333460.00,MARK G ALLEN,398641.00,https://www.usaspending.gov/award/CONT_AWD_FA500420P0089_9700_-NONE-_-NONE-/,2021-12-13 19:24:58+00
CONT_AWD_FA568220P0083_9700_-NONE-_-NONE-,FA568220P0083,,,,,,,,,23425.00,,23425.00,23425.00,2020-09-11,2020,2020-09-11,2020,2020-09-11,2020-10-31,2020-10-31 00:00:00,,,097,Department of Defense,5700,Department of the Air Force,FA5682,FA5682 31 CONS (UNIT 6102),097,Department of Defense,5700,Department of the Air Force,F1F3H3,31 SFS FP,,,,,X,NOT APPLICABLE,,,RMG1AZ1ZH8Q7,073800062,PHYSICAL SCIENCES INC.,PHYSICAL SCIENCES INC.,,8K901,RMG1AZ1ZH8Q7,073800062,PHYSICAL SCIENCES INC.,PHYSICAL SCIENCES  INC.,USA,UNITED STATES,20 NEW ENGLAND BUSINESS CTR DR,,ANDOVER,25009,ESSEX,25,MA,MASSACHUSETTS,018101022,MA-03,MA-06,9786890003,9786893232,ITA,ITALY,,,,,,,,,,AWARD,B,PURCHASE ORDER,,,,,,,J,FIRM FIXED PRICE,DRONE,,1,,,1550,UNMANNED AIRCRAFT,H,NOT BUNDLED,C9E,ALL OTHERS NOT IDENTIFIABLE TO ANY OTHER PROCUREMENT PROGRAM,336411,AIRCRAFT MANUFACTURING,C,NO CLAUSES INCLUDED AND NO SUSTAINABILITY INCLUDED,A,U.S. OWNED BUSINESS,000,NONE,Z,NOT IT PRODUCTS OR SERVICES,E,NOT REQUIRED,USA,UNITED STATES,D,MFG IN U.S.,B,PLAN NOT REQUIRED,F,COMPETED UNDER SAP,SP1,SIMPLIFIED ACQUISITION,NONE,NO SET ASIDE USED.,NONE,NO PREFERENCE USED,,,,,,,3,A,COMMERCIAL ITEM,f,N,NO,N,NO,X,NOT APPLICABLE,N,NO,,N,NO,X,NOT APPLICABLE,X,NOT APPLICABLE,X,NOT APPLICABLE,X,NOT APPLICABLE,,,,,,,,NONE,NONE,,,,,N,TRANSACTION DOES NOT USE GFE/GFP,N,NO,D,NOT CONSOLIDATED,X,NOT APPLICABLE,,,Z,NOT APPLICABLE,N,NO,X,NOT APPLICABLE,f,f,f,f,f,f,f,f,f,f,f,f,f,f,f,f,f,f,f,OTHER THAN SMALL BUSINESS,O,f,f,f,f,f,f,f,f,f,f,f,f,f,f,f,f,f,CORPORATE NOT TAX EXEMPT,t,f,f,f,f,f,f,f,f,f,f,f,f,f,f,f,f,t,f,f,f,f,f,f,f,f,f,f,t,f,f,f,f,f,f,f,f,f,f,f,f,f,f,f,f,f,f,f,f,f,B. DAVID  GREEN,455443.00,WILLIAM J MARINELLI,373901.00,STEVEN R GENESTRETI,344090.00,BOGDAN R COSOFRET,325740.00,PETER A WARREN,305545.00,https://www.usaspending.gov/award/CONT_AWD_FA568220P0083_9700_-NONE-_-NONE-/,2020-09-11 10:38:56+00
CONT_AWD_FA850120P0020_9700_-NONE-_-NONE-,FA850120P0020,,,,N: Emergency P.L. 116-136;Q: Not Designated Nonemergency/Emergency/Disaster/Wildfire Suppression,,49990.00,,,49990.00,0.00,49990.00,49990.00,2020-06-25,2020,2020-06-25,2020,2020-06-25,2020-07-19,2020-07-19 00:00:00,,,097,Department of Defense,5700,Department of the Air Force,FA8501,FA8501  OPL CONTRACTING AFSC/PZIO,097,Department of Defense,5700,Department of the Air Force,F3Q0AC,F3Q0AC 78 ABW CC,057-2020/2020-3400-000,057-3400,25.2: Other services from non-Federal sources,,X,NOT APPLICABLE,,,UPE8L98VJ7G3,,"TOUGH STUMP TECHNOLOGIES, LLC",TOUGH STUMP TECHNOLOGIES LLC,,7MD64,UPE8L98VJ7G3,,"TOUGH STUMP TECHNOLOGIES, LLC",TOUGH STUMP TECHNOLOGIES LLC,USA,UNITED STATES,135 W ILLINOIS AVE,,SOUTHERN PINES,37125,MOORE,37,NC,NORTH CAROLINA,283875808,NC-08,NC-09,9102573369,,USA,UNITED STATES,WARNER ROBINS,13153,HOUSTON,13,GA,GEORGIA,310982256,GA-08,GA-02,AWARD,B,PURCHASE ORDER,,,,,,,J,FIRM FIXED PRICE,SMALL UNMANNED AIRCRAFT SYSTEM (SUAS),,1,,,1550,UNMANNED AIRCRAFT,H,NOT BUNDLED,C9C,PHOTOGRAPHIC EQUIPMENT AND SUPPLIES,541370,SURVEYING AND MAPPING (EXCEPT GEOPHYSICAL) SERVICES,C,NO CLAUSES INCLUDED AND NO SUSTAINABILITY INCLUDED,A,U.S. OWNED BUSINESS,000,NONE,Z,NOT IT PRODUCTS OR SERVICES,E,NOT REQUIRED,USA,UNITED STATES,D,MFG IN U.S.,B,PLAN NOT REQUIRED,G,NOT COMPETED UNDER SAP,SP1,SIMPLIFIED ACQUISITION,NONE,NO SET ASIDE USED.,NONE,NO PREFERENCE USED,,,,,SP2,SAP NON-COMPETITION (FAR 13),1,A,COMMERCIAL ITEM,f,N,NO,N,NO,N,NO,N,NO,0.00,N,NO,N,NO,N,NO,N,NO,X,NOT APPLICABLE,,,,,,,,NONE,NONE,,,,,N,TRANSACTION DOES NOT USE GFE/GFP,N,NO,D,NOT CONSOLIDATED,X,NOT APPLICABLE,,,Z,NOT APPLICABLE,N,NO,X,NOT APPLICABLE,f,f,f,f,f,t,t,f,f,f,f,f,f,f,f,f,f,f,f,SMALL BUSINESS,S,f,f,f,f,f,f,f,f,f,f,f,f,f,f,f,f,f,PARTNERSHIP,f,f,t,f,f,f,f,f,f,f,f,f,f,f,f,f,f,t,f,f,f,f,f,f,f,f,t,f,t,f,f,f,f,f,f,f,f,f,f,f,f,f,f,f,f,f,f,f,f,f,JARRETT  HEAVENSTON,114000.00,BENJAMIN  BROWN,102000.00,JAMES  MICHAEL,96171.00,ERICA  MARTIN,109999.00,RICHARD  JAILLET,81363.00,https://www.usaspending.gov/award/CONT_AWD_FA850120P0020_9700_-NONE-_-NONE-/,2025-09-18 08:14:35+00
CONT_AWD_FA862015C3001_9700_-NONE-_-NONE-,FA862015C3001,,,,,,,,,634956236.78,,636634685.78,636634685.78,2014-12-16,2015,2026-05-29,2026,2014-12-16,2026-08-31,2026-08-31 00:00:00,,,097,Department of Defense,5700,Department of the Air Force,FA8690,FA8690  AFLCMC WIAK GLOBAL HAWK,097,Department of Defense,5700,Department of the Air Force,F4FDAK,F4FDAK AFLCMC WIA GLOBAL HAWK,,,,,A,FOREIGN FUNDS FMS,,,LALWKM623MU7,,NORTHROP GRUMMAN SYSTEMS CORPORATION,NORTHROP GRUMMAN SYSTEMS CORPORATION,,78022,NKVZLJL93QT6,,NORTHROP GRUMMAN CORPORATION,NORTHROP GRUMMAN SYSTEMS CORPORATION,USA,UNITED STATES,17066 GOLDENTOP RD,,SAN DIEGO,06073,SAN DIEGO,06,CA,CALIFORNIA,921272412,CA-50,CA-50,8586184349,8586185140,USA,UNITED STATES,SAN DIEGO,06073,SAN DIEGO,06,CA,CALIFORNIA,921272412,CA-50,CA-50,AWARD,D,DEFINITIVE CONTRACT,,,,,,,J,FIRM FIXED PRICE,"GLOBAL HAWK, ACAT 1, FMS ROK",,1,,,1550,UNMANNED AIRCRAFT,D,NOT A BUNDLED REQUIREMENT,A1A,AIRFRAMES AND SPARES,336411,AIRCRAFT MANUFACTURING,C,NO CLAUSES INCLUDED AND NO SUSTAINABILITY INCLUDED,A,U.S. OWNED BUSINESS,252,RQ-4A/B GLOBAL HAWK,Z,NOT IT PRODUCTS OR SERVICES,E,NOT REQUIRED,USA,UNITED STATES,D,MFG IN U.S.,C,PLAN REQUIRED - INCENTIVE NOT INCLUDED,B,NOT AVAILABLE FOR COMPETITION,SSS,ONLY ONE SOURCE,NONE,NO SET ASIDE USED.,NONE,NO PREFERENCE USED,,,,,IA,INTERNATIONAL AGREEMENT (FAR 6.302-4),1,D,COMMERCIAL PRODUCTS/SERVICES PROCEDURES NOT USED,f,N,NO,N,NO,X,NOT APPLICABLE,N,NO,0.00,N,NO,Y,YES,X,NOT APPLICABLE,X,NOT APPLICABLE,X,NOT APPLICABLE,,,,,,,,,,Y,YES,Y,YES - CAS CLAUSE INCLUDED,Y,TRANSACTION USES GFE/GFP,N,NO,N,NO,X,NOT APPLICABLE,N,NO,A,FAR 52.232-16 PROGRESS PAYMENTS,N,NO,X,NOT APPLICABLE,f,f,f,f,f,f,f,f,f,f,f,f,f,f,f,f,f,f,f,OTHER THAN SMALL BUSINESS,O,f,f,f,f,f,f,f,f,f,f,f,f,f,f,f,f,f,CORPORATE NOT TAX EXEMPT,t,f,f,f,f,f,f,f,f,f,f,f,f,f,f,f,f,t,f,f,f,f,f,f,f,f,f,f,t,f,f,f,f,f,f,f,f,f,f,f,f,f,f,f,f,f,f,f,f,f,,,,,,,,,,,https://www.usaspending.gov/award/CONT_AWD_FA862015C3001_9700_-NONE-_-NONE-/,2026-06-01 11:44:18+00
CONT_AWD_FA862016C3003_9700_-NONE-_-NONE-,FA862016C3003,,,,Q: Not Designated Nonemergency/Emergency/Disaster/Wildfire Suppression,,,,,51978037.09,2102453.97,66800310.00,66800310.00,2016-03-18,2016,2025-05-29,2025,2016-03-18,2020-09-30,2020-09-30 00:00:00,,,097,Department of Defense,5700,Department of the Air Force,FA8689,FA8689  AFLCMC WIIK        UAS,097,Department of Defense,5700,Department of the Air Force,F4FDAC,F4FDAC AFLCMC MAUS DIVISION WII,057-2015/2017-3010-000;057-2016/2017-3600-000;057-2016/2018-3010-000;057-2017/2018-3600-000;057-2017/2019-3010-000;057-2018/2019-3600-000;057-2019/2020-3600-000,057-3010;057-3600,31.0: Equipment,OPTN: FIELD IS OPTIONAL PRIOR TO FY21,X,NOT APPLICABLE,,,ZH4NVFG3Z526,,"GENERAL ATOMICS AERONAUTICAL SYSTEMS, INC.","GENERAL ATOMICS AERONAUTICAL SYSTEMS, INC.",GA-ASI,0YJB5,ZH4NVFG3Z526,,"GENERAL ATOMICS AERONAUTICAL SYSTEMS, INC.",GENERAL ATOMIC TECHNOLOGIES CORPORATION,USA,UNITED STATES,14200 KIRKHAM WAY,,POWAY,06073,SAN DIEGO,06,CA,CALIFORNIA,920647103,CA-48,CA-48,8585256451,8583122920,USA,UNITED STATES,POWAY,06073,SAN DIEGO,06,CA,CALIFORNIA,920647103,CA-48,CA-48,AWARD,D,DEFINITIVE CONTRACT,,,,,,,U,COST PLUS FIXED FEE,MQ-9 TECHNOLOGY MATURATION EFFORT,,1,,,1550,UNMANNED AIRCRAFT,D,NOT A BUNDLED REQUIREMENT,A1A,AIRFRAMES AND SPARES,336411,AIRCRAFT MANUFACTURING,C,NO CLAUSES INCLUDED AND NO SUSTAINABILITY INCLUDED,A,U.S. OWNED BUSINESS,000,NONE,Z,NOT IT PRODUCTS OR SERVICES,E,NOT REQUIRED,USA,UNITED STATES,D,MFG IN U.S.,F,INDIVIDUAL SUBCONTRACT PLAN,C,NOT COMPETED,SSS,ONLY ONE SOURCE,NONE,NO SET ASIDE USED.,NONE,NO PREFERENCE USED,,,,,FOC,FOLLOW-ON CONTRACT (FAR 6.302-1(A)(2)(II/III)),1,D,COMMERCIAL PRODUCTS/SERVICES PROCEDURES NOT USED,f,N,NO,N,NO,X,NOT APPLICABLE,N,NO,0.00,N,NO,X,NOT APPLICABLE,X,NOT APPLICABLE,X,NOT APPLICABLE,X,NOT APPLICABLE,,,,,,,,,,Y,YES,X,NOT APPLICABLE EXEMPT FROM CAS,Y,TRANSACTION USES GFE/GFP,U,UNKNOWN,N,NO,X,NOT APPLICABLE,N,NO,Z,NOT APPLICABLE,N,NO,X,NOT APPLICABLE,f,f,f,f,f,f,f,f,f,f,f,f,f,f,f,f,f,f,f,OTHER THAN SMALL BUSINESS,O,f,f,f,f,f,f,f,f,f,f,f,f,f,f,f,f,f,CORPORATE NOT TAX EXEMPT,t,f,f,f,f,f,f,f,f,f,f,f,t,f,f,f,f,t,f,f,f,f,f,f,f,f,f,f,t,f,f,f,f,f,f,f,f,f,f,f,f,f,f,f,f,f,f,f,f,f,JAMES N BLUE,3276593.00,LINDEN P BLUE,2771930.00,DAVID R ALEXANDER,2537917.00,BARTON B ROPER,1220781.00,FRED  DARLINGTON,1169891.00,https://www.usaspending.gov/award/CONT_AWD_FA862016C3003_9700_-NONE-_-NONE-/,2025-06-02 10:51:36+00
CONT_AWD_FA862016F2300_9700_FA862015G4040_9700,FA862016F2300,9700,DEPT OF DEFENSE,FA862015G4040,Q: Not Designated Nonemergency/Emergency/Disaster/Wildfire Suppression,,,,,8041182.36,0.00,7681023.36,7681023.36,2016-08-18,2016,2022-11-21,2023,2016-08-28,2018-08-31,2018-08-31 00:00:00,,,097,Department of Defense,5700,Department of the Air Force,FA8620,FA8620  AFLCMC WIJK    BIG SAFARI,097,Department of Defense,5700,Department of the Air Force,F4FDAC,F4FDAC AFLCMC MAUS DIVISION WII,057-2014/2016-3010-000;057-2016/2018-3010-000,057-3010,31.0: Equipment,0001: COMBAT AIRCRAFT,X,NOT APPLICABLE,,,ZH4NVFG3Z526,,"GENERAL ATOMICS AERONAUTICAL SYSTEMS, INC.","GENERAL ATOMICS AERONAUTICAL SYSTEMS, INC.",,0YJB5,YX6EL4J1WLP9,,GENERAL ATOMICS,GENERAL ATOMIC TECHNOLOGIES CORPORATION,USA,UNITED STATES,14200 KIRKHAM WAY,,POWAY,06073,SAN DIEGO,06,CA,CALIFORNIA,920647103,CA-52,CA-48,8585256451,8583122920,USA,UNITED STATES,POWAY,06073,SAN DIEGO,06,CA,CALIFORNIA,920647103,CA-52,CA-48,AWARD,C,DELIVERY ORDER,,,,,,,V,COST PLUS INCENTIVE FEE,BLOCK 30 GCS KIT UPGRADES AND PMATS DELTA KITS,,1,,,1550,UNMANNED AIRCRAFT,D,NOT A BUNDLED REQUIREMENT,A7,ELECTRONICS AND COMMUNICATION EQUIPMENT,336411,AIRCRAFT MANUFACTURING,C,NO CLAUSES INCLUDED AND NO SUSTAINABILITY INCLUDED,A,U.S. OWNED BUSINESS,000,NONE,Z,NOT IT PRODUCTS OR SERVICES,E,NOT REQUIRED,USA,UNITED STATES,D,MFG IN U.S.,,,C,NOT COMPETED,SSS,ONLY ONE SOURCE,NONE,NO SET ASIDE USED.,NONE,NO PREFERENCE USED,,,,,FOC,FOLLOW-ON CONTRACT (FAR 6.302-1(A)(2)(II/III)),1,D,COMMERCIAL PRODUCTS/SERVICES PROCEDURES NOT USED,f,,,N,NO,,,N,NO,,N,NO,X,NOT APPLICABLE,X,NOT APPLICABLE,X,NOT APPLICABLE,X,NOT APPLICABLE,,,D,BOA,S,SINGLE AWARD,,NONE,NONE,Y,YES,,,Y,TRANSACTION USES GFE/GFP,U,UNKNOWN,N,NO,X,NOT APPLICABLE,,,Z,NOT APPLICABLE,N,NO,X,NOT APPLICABLE,f,f,f,f,f,f,f,f,f,f,f,f,f,f,f,f,f,f,f,OTHER THAN SMALL BUSINESS,O,f,f,f,f,f,f,f,f,f,f,f,f,f,f,f,f,f,CORPORATE NOT TAX EXEMPT,t,f,f,f,f,f,f,f,f,f,f,f,t,f,f,f,f,t,f,f,f,f,f,f,f,f,f,f,t,f,f,f,f,f,f,f,f,f,f,f,f,f,f,f,f,f,f,f,f,f,LINDEN P BLUE,2895083.00,JAMES N BLUE,2711455.00,DAVID R ALEXANDER,2193634.00,BARTON B ROPER,1018876.00,ELIAHU  YEHEZKEL,937199.00,https://www.usaspending.gov/award/CONT_AWD_FA862016F2300_9700_FA862015G4040_9700/,2022-11-23 08:48:53+00
CONT_AWD_FA862017F2347_9700_FA862015G4040_9700,FA862017F2347,9700,DEPT OF DEFENSE,FA862015G4040,,,,,,11409025.16,0.00,32160642.00,32160642.00,2017-02-13,2017,2022-01-20,2022,2017-02-14,2020-01-31,2020-01-31 00:00:00,,,097,Department of Defense,9763,Defense Contract Management Agency,S0303A,DCMA SPECIAL PRGMS UNMANNED SYSTEMS,097,Department of Defense,5700,Department of the Air Force,FA8620,FA8620  AFLCMC WIJK    BIG SAFARI,057-2016/2017-3600-000;097-2017/2017-0100-000;097-2017/2018-0400-000;097-2018/2019-0400-000,057-3600;097-0100;097-0400,25.1: Advisory and assistance services;25.5: Research and development contracts;31.0: Equipment,,X,NOT APPLICABLE,,,ZH4NVFG3Z526,,"GENERAL ATOMICS AERONAUTICAL SYSTEMS, INC.","GENERAL ATOMICS AERONAUTICAL SYSTEMS, INC.",,0YJB5,YX6EL4J1WLP9,,GENERAL ATOMICS,GENERAL ATOMICS AERONAUTICAL SYSTEMS  INC.,USA,UNITED STATES,14200 KIRKHAM WAY,,POWAY,06073,SAN DIEGO,06,CA,CALIFORNIA,920647103,CA-52,CA-48,8585256451,8583122920,USA,UNITED STATES,POWAY,06073,SAN DIEGO,06,CA,CALIFORNIA,920647103,CA-52,CA-48,AWARD,C,DELIVERY ORDER,,,,,,,U,COST PLUS FIXED FEE,"FY17, MRC; AFSOC SIL",FA862017R2347,1,,,1550,UNMANNED AIRCRAFT,H,NOT BUNDLED,A1A,AIRFRAMES AND SPARES,336411,AIRCRAFT MANUFACTURING,C,NO CLAUSES INCLUDED AND NO SUSTAINABILITY INCLUDED,A,U.S. OWNED BUSINESS,000,NONE,Z,NOT IT PRODUCTS OR SERVICES,E,NOT REQUIRED,USA,UNITED STATES,D,MFG IN U.S.,,,C,NOT COMPETED,SSS,ONLY ONE SOURCE,NONE,NO SET ASIDE USED.,NONE,NO PREFERENCE USED,,,,,FOC,FOLLOW-ON CONTRACT (FAR 6.302-1(A)(2)(II/III)),1,D,COMMERCIAL ITEM PROCEDURES NOT USED,f,,,N,NO,Y,YES,N,NO,,N,NO,X,NOT APPLICABLE,X,NOT APPLICABLE,X,NOT APPLICABLE,X,NOT APPLICABLE,,,D,BOA,S,SINGLE AWARD,,NONE,NONE,Y,YES,,,N,TRANSACTION DOES NOT USE GFE/GFP,U,UNKNOWN,N,NO,X,NOT APPLICABLE,,,Z,NOT APPLICABLE,N,NO,X,NOT APPLICABLE,f,f,f,f,f,f,f,f,f,f,f,f,f,f,f,f,f,f,f,OTHER THAN SMALL BUSINESS,O,f,f,f,f,f,f,f,f,f,f,f,f,f,f,f,f,f,CORPORATE NOT TAX EXEMPT,t,f,f,f,f,f,f,f,f,f,f,f,t,f,f,f,f,t,f,f,f,f,f,f,f,f,f,f,t,f,f,f,f,f,f,f,f,f,f,f,f,f,f,f,f,f,f,f,f,f,LINDEN P BLUE,2895083.00,JAMES N BLUE,2711455.00,DAVID R ALEXANDER,2193634.00,BARTON B ROPER,1018876.00,ELIAHU  YEHEZKEL,937199.00,https://www.usaspending.gov/award/CONT_AWD_FA862017F2347_9700_FA862015G4040_9700/,2022-01-20 10:15:47+00
CONT_AWD_FA862017F2353_9700_FA862015G4040_9700,FA862017F2353,9700,DEPT OF DEFENSE,FA862015G4040,,,,,,34781584.88,,38465162.00,38465162.00,2017-03-28,2017,2024-04-09,2024,2017-03-28,2019-04-30,2019-04-30 00:00:00,,,097,Department of Defense,9763,Defense Contract Management Agency,S0303A,DCMA SPECIAL PRGMS UNMANNED SYSTEMS,097,Department of Defense,5700,Department of the Air Force,F4FDAC,F4FDAC AFLCMC MAUS DIVISION WII,,,,,X,NOT APPLICABLE,,,ZH4NVFG3Z526,,"GENERAL ATOMICS AERONAUTICAL SYSTEMS, INC.","GENERAL ATOMICS AERONAUTICAL SYSTEMS, INC.",,0YJB5,YX6EL4J1WLP9,,GENERAL ATOMICS,GENERAL ATOMIC TECHNOLOGIES CORPORATION,USA,UNITED STATES,14200 KIRKHAM WAY,,POWAY,06073,SAN DIEGO,06,CA,CALIFORNIA,920647103,CA-48,CA-48,8585256451,8583122920,USA,UNITED STATES,POWAY,06073,SAN DIEGO,06,CA,CALIFORNIA,920647103,CA-48,CA-48,AWARD,C,DELIVERY ORDER,,,,,,,J,FIRM FIXED PRICE,BLOCK 30 FY16 GCS PRODUCTION UCA,,1,,,1550,UNMANNED AIRCRAFT,H,NOT BUNDLED,A7,ELECTRONICS AND COMMUNICATION EQUIPMENT,336411,AIRCRAFT MANUFACTURING,C,NO CLAUSES INCLUDED AND NO SUSTAINABILITY INCLUDED,A,U.S. OWNED BUSINESS,000,NONE,Z,NOT IT PRODUCTS OR SERVICES,E,NOT REQUIRED,USA,UNITED STATES,D,MFG IN U.S.,,,C,NOT COMPETED,SSS,ONLY ONE SOURCE,NONE,NO SET ASIDE USED.,NONE,NO PREFERENCE USED,,,,,FOC,FOLLOW-ON CONTRACT (FAR 6.302-1(A)(2)(II/III)),1,D,COMMERCIAL PRODUCTS/SERVICES PROCEDURES NOT USED,f,,,N,NO,,,N,NO,0.00,N,NO,X,NOT APPLICABLE,X,NOT APPLICABLE,X,NOT APPLICABLE,X,NOT APPLICABLE,,,D,BOA,S,SINGLE AWARD,,,,Y,YES,,,Y,TRANSACTION USES GFE/GFP,U,UNKNOWN,D,NOT CONSOLIDATED,X,NOT APPLICABLE,,,A,FAR 52.232-16 PROGRESS PAYMENTS,N,NO,X,NOT APPLICABLE,f,f,f,f,f,f,f,f,f,f,f,f,f,f,f,f,f,f,f,OTHER THAN SMALL BUSINESS,O,f,f,f,f,f,f,f,f,f,f,f,f,f,f,f,f,f,CORPORATE NOT TAX EXEMPT,t,f,f,f,f,f,f,f,f,f,f,f,t,f,f,f,f,t,f,f,f,f,f,f,f,f,f,f,t,f,f,f,f,f,f,f,f,f,f,f,f,f,f,f,f,f,f,f,f,f,JAMES N BLUE,3276593.00,LINDEN P BLUE,2771930.00,DAVID R ALEXANDER,2537917.00,BARTON B ROPER,1220781.00,FRED  DARLINGTON,1169891.00,https://www.usaspending.gov/award/CONT_AWD_FA862017F2353_9700_FA862015G4040_9700/,2024-04-10 17:26:41+00
CONT_AWD_FA862017F2357_9700_FA862015G4040_9700,FA862017F2357,9700,DEPT OF DEFENSE,FA862015G4040,,,,,,18448394.34,,15724953.34,15724953.34,2017-08-25,2017,2022-02-23,2022,2017-08-25,2020-09-04,2020-09-04 00:00:00,,,097,Department of Defense,9763,Defense Contract Management Agency,S0303A,DCMA SPECIAL PRGMS UNMANNED SYSTEMS,097,Department of Defense,5700,Department of the Air Force,F4FDAG,F4FDAG AFLCMC WI SHARED,,,,,X,NOT APPLICABLE,,,ZH4NVFG3Z526,,"GENERAL ATOMICS AERONAUTICAL SYSTEMS, INC.","GENERAL ATOMICS AERONAUTICAL SYSTEMS, INC.",,0YJB5,YX6EL4J1WLP9,,GENERAL ATOMICS,GENERAL ATOMICS AERONAUTICAL SYSTEMS  INC.,USA,UNITED STATES,14200 KIRKHAM WAY,,POWAY,06073,SAN DIEGO,06,CA,CALIFORNIA,920647103,CA-52,CA-48,8585256451,8583122920,USA,UNITED STATES,POWAY,06073,SAN DIEGO,06,CA,CALIFORNIA,920647103,CA-52,CA-48,AWARD,C,DELIVERY ORDER,,,,,,,U,COST PLUS FIXED FEE,MQ-9 STORES MANAGEMENT SYSTEM DEPOT ACTIVATION,,1,,,1550,UNMANNED AIRCRAFT,H,NOT BUNDLED,A1C,OTHER AIRCRAFT EQUIPMENT,336411,AIRCRAFT MANUFACTURING,C,NO CLAUSES INCLUDED AND NO SUSTAINABILITY INCLUDED,A,U.S. OWNED BUSINESS,000,NONE,Z,NOT IT PRODUCTS OR SERVICES,E,NOT REQUIRED,USA,UNITED STATES,D,MFG IN U.S.,,,C,NOT COMPETED,SSS,ONLY ONE SOURCE,NONE,NO SET ASIDE USED.,NONE,NO PREFERENCE USED,,,,,FOC,FOLLOW-ON CONTRACT (FAR 6.302-1(A)(2)(II/III)),1,D,COMMERCIAL ITEM PROCEDURES NOT USED,f,,,N,NO,N,NO,N,NO,,N,NO,X,NOT APPLICABLE,X,NOT APPLICABLE,X,NOT APPLICABLE,X,NOT APPLICABLE,,,D,BOA,S,SINGLE AWARD,,NONE,NONE,Y,YES,,,N,TRANSACTION DOES NOT USE GFE/GFP,U,UNKNOWN,D,NOT CONSOLIDATED,X,NOT APPLICABLE,,,Z,NOT APPLICABLE,N,NO,X,NOT APPLICABLE,f,f,f,f,f,f,f,f,f,f,f,f,f,f,f,f,f,f,f,OTHER THAN SMALL BUSINESS,O,f,f,f,f,f,f,f,f,f,f,f,f,f,f,f,f,f,CORPORATE NOT TAX EXEMPT,t,f,f,f,f,f,f,f,f,f,f,f,t,f,f,f,f,t,f,f,f,f,f,f,f,f,f,f,t,f,f,f,f,f,f,f,f,f,f,f,f,f,f,f,f,f,f,f,f,f,LINDEN P BLUE,2895083.00,JAMES N BLUE,2711455.00,DAVID R ALEXANDER,2193634.00,BARTON B ROPER,1018876.00,ELIAHU  YEHEZKEL,937199.00,https://www.usaspending.gov/award/CONT_AWD_FA862017F2357_9700_FA862015G4040_9700/,2022-02-28 15:00:48+00
CONT_AWD_FA862017F2367_9700_FA862015G4040_9700,FA862017F2367,9700,DEPT OF DEFENSE,FA862015G4040,,,,,,396084.40,,396084.40,396084.40,2017-09-05,2017,2023-01-25,2023,2017-09-05,2019-03-01,2019-03-01 00:00:00,,,097,Department of Defense,9763,Defense Contract Management Agency,S0303A,DCMA SPECIAL PRGMS UNMANNED SYSTEMS,097,Department of Defense,5700,Department of the Air Force,F4FDAC,F4FDAC AFLCMC MAUS DIVISION WII,,,,,X,NOT APPLICABLE,,,ZH4NVFG3Z526,,"GENERAL ATOMICS AERONAUTICAL SYSTEMS, INC.","GENERAL ATOMICS AERONAUTICAL SYSTEMS, INC.",,0YJB5,YX6EL4J1WLP9,,GENERAL ATOMICS,GENERAL ATOMIC TECHNOLOGIES CORPORATION,USA,UNITED STATES,14200 KIRKHAM WAY,,POWAY,06073,SAN DIEGO,06,CA,CALIFORNIA,920647103,CA-52,CA-48,8585256451,8583122920,USA,UNITED STATES,POWAY,06073,SAN DIEGO,06,CA,CALIFORNIA,920647103,CA-52,CA-48,AWARD,C,DELIVERY ORDER,,,,,,,U,COST PLUS FIXED FEE,REAPER GCU UPGRADE PRONG 2,,1,,,1550,UNMANNED AIRCRAFT,H,NOT BUNDLED,A1A,AIRFRAMES AND SPARES,336411,AIRCRAFT MANUFACTURING,C,NO CLAUSES INCLUDED AND NO SUSTAINABILITY INCLUDED,A,U.S. OWNED BUSINESS,424,MQ-9 REAPER,Z,NOT IT PRODUCTS OR SERVICES,E,NOT REQUIRED,USA,UNITED STATES,D,MFG IN U.S.,,,C,NOT COMPETED,SSS,ONLY ONE SOURCE,NONE,NO SET ASIDE USED.,NONE,NO PREFERENCE USED,,,,,FOC,FOLLOW-ON CONTRACT (FAR 6.302-1(A)(2)(II/III)),1,D,COMMERCIAL PRODUCTS/SERVICES PROCEDURES NOT USED,f,,,N,NO,,,N,NO,,N,NO,X,NOT APPLICABLE,X,NOT APPLICABLE,X,NOT APPLICABLE,X,NOT APPLICABLE,,,D,BOA,S,SINGLE AWARD,,NONE,NONE,Y,YES,,,Y,TRANSACTION USES GFE/GFP,U,UNKNOWN,D,NOT CONSOLIDATED,X,NOT APPLICABLE,,,Z,NOT APPLICABLE,N,NO,X,NOT APPLICABLE,f,f,f,f,f,f,f,f,f,f,f,f,f,f,f,f,f,f,f,OTHER THAN SMALL BUSINESS,O,f,f,f,f,f,f,f,f,f,f,f,f,f,f,f,f,f,CORPORATE NOT TAX EXEMPT,t,f,f,f,f,f,f,f,f,f,f,f,t,f,f,f,f,t,f,f,f,f,f,f,f,f,f,f,t,f,f,f,f,f,f,f,f,f,f,f,f,f,f,f,f,f,f,f,f,f,LINDEN P BLUE,2895083.00,JAMES N BLUE,2711455.00,DAVID R ALEXANDER,2193634.00,BARTON B ROPER,1018876.00,ELIAHU  YEHEZKEL,937199.00,https://www.usaspending.gov/award/CONT_AWD_FA862017F2367_9700_FA862015G4040_9700/,2023-01-26 14:12:11+00
CONT_AWD_FA862017F2800_9700_FA862017D2000_9700,FA862017F2800,9700,DEPT OF DEFENSE,FA862017D2000,,,,,,9906252.38,,12906312.38,12906312.38,2017-03-30,2017,2023-06-05,2023,2017-03-30,2019-05-10,2019-05-10 00:00:00,,,097,Department of Defense,9763,Defense Contract Management Agency,S0303A,DCMA SPECIAL PRGMS UNMANNED SYSTEMS,097,Department of Defense,5700,Department of the Air Force,F4FDAC,F4FDAC AFLCMC MAUS DIVISION WII,,,,,X,NOT APPLICABLE,,,ZH4NVFG3Z526,,"GENERAL ATOMICS AERONAUTICAL SYSTEMS, INC.","GENERAL ATOMICS AERONAUTICAL SYSTEMS, INC.",US GOV GA AERONAUTICAL UAV,0YJB5,YX6EL4J1WLP9,,GENERAL ATOMICS,GENERAL ATOMIC TECHNOLOGIES CORPORATION,USA,UNITED STATES,14200 KIRKHAM WAY,,POWAY,06073,SAN DIEGO,06,CA,CALIFORNIA,920647103,CA-48,CA-48,8585256018,,USA,UNITED STATES,POWAY,06073,SAN DIEGO,06,CA,CALIFORNIA,920647103,CA-48,CA-48,AWARD,C,DELIVERY ORDER,,,,,,,U,COST PLUS FIXED FEE,"AFLCMC, ACAT 1C, PREDATOR REAPER, EXTENDED RANGE TME",,1,,,1550,UNMANNED AIRCRAFT,H,NOT BUNDLED,A1C,OTHER AIRCRAFT EQUIPMENT,336411,AIRCRAFT MANUFACTURING,C,NO CLAUSES INCLUDED AND NO SUSTAINABILITY INCLUDED,A,U.S. OWNED BUSINESS,424,MQ-9 REAPER,Z,NOT IT PRODUCTS OR SERVICES,E,NOT REQUIRED,USA,UNITED STATES,D,MFG IN U.S.,,,C,NOT COMPETED,SSS,ONLY ONE SOURCE,,,NONE,NO PREFERENCE USED,,,,,FOC,FOLLOW-ON CONTRACT (FAR 6.302-1(A)(2)(II/III)),,D,COMMERCIAL PRODUCTS/SERVICES PROCEDURES NOT USED,f,N,NO,N,NO,X,NOT APPLICABLE,N,NO,0.00,N,NO,X,NOT APPLICABLE,X,NOT APPLICABLE,X,NOT APPLICABLE,X,NOT APPLICABLE,,,B,IDC,S,SINGLE AWARD,,NONE,NONE,N,NO,,,N,TRANSACTION DOES NOT USE GFE/GFP,U,UNKNOWN,D,NOT CONSOLIDATED,X,NOT APPLICABLE,N,NO,Z,NOT APPLICABLE,N,NO,X,NOT APPLICABLE,f,f,f,f,f,f,f,f,f,f,f,f,f,f,f,f,f,f,f,OTHER THAN SMALL BUSINESS,O,f,f,f,f,f,f,f,f,f,f,f,f,f,f,f,f,f,CORPORATE NOT TAX EXEMPT,t,f,f,f,f,f,f,f,f,f,f,f,f,f,f,f,f,t,f,f,f,f,f,f,f,f,f,f,t,f,f,f,f,f,f,f,f,f,f,f,f,f,f,f,f,f,f,f,f,f,JAMES N BLUE,3049492.00,LINDEN P BLUE,2698674.00,DAVID R ALEXANDER,2367023.00,BARTON B ROPER,1115148.00,TUAN H NGUYEN,713815.00,https://www.usaspending.gov/award/CONT_AWD_FA862017F2800_9700_FA862017D2000_9700/,2023-06-07 09:41:28+00
CONT_AWD_FA862017F2801_9700_FA862017D2000_9700,FA862017F2801,9700,DEPT OF DEFENSE,FA862017D2000,,,,,,2011463.31,,2737527.00,2737527.00,2017-04-13,2017,2023-09-18,2023,2017-04-13,2019-01-31,2019-01-31 00:00:00,,,097,Department of Defense,5700,Department of the Air Force,FA8689,FA8689  AFLCMC WIIK        UAS,097,Department of Defense,5700,Department of the Air Force,F4FDAC,F4FDAC AFLCMC MAUS DIVISION WII,,,,,X,NOT APPLICABLE,,,ZH4NVFG3Z526,,"GENERAL ATOMICS AERONAUTICAL SYSTEMS, INC.","GENERAL ATOMICS AERONAUTICAL SYSTEMS, INC.",US GOV GA AERONAUTICAL UAV,0YJB5,YX6EL4J1WLP9,,GENERAL ATOMICS,GENERAL ATOMIC TECHNOLOGIES CORPORATION,USA,UNITED STATES,14200 KIRKHAM WAY,,POWAY,06073,SAN DIEGO,06,CA,CALIFORNIA,920647103,CA-48,CA-48,8585256018,,USA,UNITED STATES,POWAY,06073,SAN DIEGO,06,CA,CALIFORNIA,920647103,CA-48,CA-48,AWARD,C,DELIVERY ORDER,,,,,,,U,COST PLUS FIXED FEE,"ACAT 1C, MQ-9, TME, 1&7/ MULTIPLEXING",,1,,,1550,UNMANNED AIRCRAFT,H,NOT BUNDLED,A1A,AIRFRAMES AND SPARES,336411,AIRCRAFT MANUFACTURING,C,NO CLAUSES INCLUDED AND NO SUSTAINABILITY INCLUDED,A,U.S. OWNED BUSINESS,424,MQ-9 REAPER,Z,NOT IT PRODUCTS OR SERVICES,E,NOT REQUIRED,USA,UNITED STATES,D,MFG IN U.S.,,,C,NOT COMPETED,SSS,ONLY ONE SOURCE,,,NONE,NO PREFERENCE USED,,,,,FOC,FOLLOW-ON CONTRACT (FAR 6.302-1(A)(2)(II/III)),,D,COMMERCIAL PRODUCTS/SERVICES PROCEDURES NOT USED,f,N,NO,N,NO,X,NOT APPLICABLE,N,NO,,N,NO,X,NOT APPLICABLE,X,NOT APPLICABLE,X,NOT APPLICABLE,X,NOT APPLICABLE,,,B,IDC,S,SINGLE AWARD,,NONE,NONE,N,NO,,,Y,TRANSACTION USES GFE/GFP,U,UNKNOWN,N,NO,X,NOT APPLICABLE,N,NO,Z,NOT APPLICABLE,N,NO,X,NOT APPLICABLE,f,f,f,f,f,f,f,f,f,f,f,f,f,f,f,f,f,f,f,OTHER THAN SMALL BUSINESS,O,f,f,f,f,f,f,f,f,f,f,f,f,f,f,f,f,f,CORPORATE NOT TAX EXEMPT,t,f,f,f,f,f,f,f,f,f,f,f,f,f,f,f,f,t,f,f,f,f,f,f,f,f,f,f,t,f,f,f,f,f,f,f,f,f,f,f,f,f,f,f,f,f,f,f,f,f,JAMES N BLUE,3049492.00,LINDEN P BLUE,2698674.00,DAVID R ALEXANDER,2367023.00,BARTON B ROPER,1115148.00,TUAN H NGUYEN,713815.00,https://www.usaspending.gov/award/CONT_AWD_FA862017F2801_9700_FA862017D2000_9700/,2023-09-18 15:39:35+00
CONT_AWD_FA862017F4036_9700_FA862014G3014_9700,FA862017F4036,9700,DEPT OF DEFENSE,FA862014G3014,,,,,,602941.64,,562497.64,632947.64,2016-10-13,2017,2020-03-04,2020,2016-10-13,2017-09-29,2017-09-29 00:00:00,,,097,Department of Defense,9763,Defense Contract Management Agency,S4501A,DCMA SALT LAKE CITY,097,Department of Defense,5700,Department of the Air Force,F4FDAG,F4FDAG AFLCMC WI SHARED,,,,,X,NOT APPLICABLE,,,PQ98UGXGHKK4,968506464,FOCUSED SUPPORT LLC,FOCUSED SUPPORT LLC,,6KUN6,PQ98UGXGHKK4,968506464,FOCUSED SUPPORT LLC,FOCUSED SUPPORT LLC,USA,UNITED STATES,95 W GOLF COURSE RD STE 103,,LOGAN,49005,CACHE,49,UT,UTAH,843215990,UT-01,UT-01,4352139565,7024460442,USA,UNITED STATES,LOGAN,49005,CACHE,49,UT,UTAH,843215990,UT-01,UT-01,AWARD,C,DELIVERY ORDER,,,,,,,J,FIRM FIXED PRICE,ACAT III BIG SAFARI GOCO P-25 WAYPOINT&OMEN INTEGRATION DEVELOPMENT,,1,,,1550,UNMANNED AIRCRAFT,D,NOT A BUNDLED REQUIREMENT,A1A,AIRFRAMES AND SPARES,541511,CUSTOM COMPUTER PROGRAMMING SERVICES,C,NO CLAUSES INCLUDED AND NO SUSTAINABILITY INCLUDED,A,U.S. OWNED BUSINESS,000,NONE,Z,NOT IT PRODUCTS OR SERVICES,E,NOT REQUIRED,USA,UNITED STATES,D,MFG IN U.S.,,,C,NOT COMPETED,SSS,ONLY ONE SOURCE,NONE,NO SET ASIDE USED.,NONE,NO PREFERENCE USED,,,,,NS,NATIONAL SECURITY (FAR 6.302-6),1,D,COMMERCIAL ITEM PROCEDURES NOT USED,f,,,N,NO,X,NOT APPLICABLE,N,NO,0.00,N,NO,X,NOT APPLICABLE,X,NOT APPLICABLE,X,NOT APPLICABLE,X,NOT APPLICABLE,,,D,BOA,S,SINGLE AWARD,,NONE,NONE,Y,YES,,,Y,TRANSACTION USES GFE/GFP,U,UNKNOWN,N,NO,X,NOT APPLICABLE,,,Z,NOT APPLICABLE,N,NO,X,NOT APPLICABLE,f,f,f,f,f,t,t,f,f,f,f,f,f,f,f,f,f,f,f,SMALL BUSINESS,S,f,f,f,f,f,f,f,f,f,f,f,f,f,f,f,f,f,PARTNERSHIP,f,f,t,f,f,f,f,f,f,f,f,f,f,f,f,f,f,t,f,f,f,f,f,f,f,f,t,f,t,f,f,f,f,f,f,f,f,f,f,f,f,f,f,f,f,f,f,f,f,f,,,,,,,,,,,https://www.usaspending.gov/award/CONT_AWD_FA862017F4036_9700_FA862014G3014_9700/,2020-09-30 14:42:14+00
CONT_AWD_FA862018C2002_9700_-NONE-_-NONE-,FA862018C2002,,,,,,,,,123777264.32,,123777264.32,123777264.32,2018-08-22,2018,2026-05-14,2026,2018-07-12,2020-11-30,2020-11-30 00:00:00,,,097,Department of Defense,5700,Department of the Air Force,FA8620,FA8620  AFLCMC WIJK    BIG SAFARI,097,Department of Defense,5700,Department of the Air Force,F4FDAC,F4FDAC AFLCMC MAUS DIVISION WII,,,,,A,FOREIGN FUNDS FMS,,,ZH4NVFG3Z526,,"GENERAL ATOMICS AERONAUTICAL SYSTEMS, INC.","GENERAL ATOMICS AERONAUTICAL SYSTEMS, INC.",US GOV GA AERONAUTICAL UAV,0YJB5,ZH4NVFG3Z526,,"GENERAL ATOMICS AERONAUTICAL SYSTEMS, INC.",GENERAL ATOMIC TECHNOLOGIES CORPORATION,USA,UNITED STATES,14200 KIRKHAM WAY,,POWAY,06073,SAN DIEGO,06,CA,CALIFORNIA,920647103,CA-48,CA-48,8585256018,,USA,UNITED STATES,POWAY,06073,SAN DIEGO,06,CA,CALIFORNIA,920647103,CA-48,CA-48,AWARD,D,DEFINITIVE CONTRACT,,,,,,,J,FIRM FIXED PRICE,FRANCE EXPORTABLE MQ-9 REAPER 3RD AND 4TH SYSTEMS,,1,,,1550,UNMANNED AIRCRAFT,H,NOT BUNDLED,A1A,AIRFRAMES AND SPARES,336411,AIRCRAFT MANUFACTURING,C,NO CLAUSES INCLUDED AND NO SUSTAINABILITY INCLUDED,A,U.S. OWNED BUSINESS,424,MQ-9 REAPER,Z,NOT IT PRODUCTS OR SERVICES,E,NOT REQUIRED,USA,UNITED STATES,D,MFG IN U.S.,B,PLAN NOT REQUIRED,C,NOT COMPETED,SSS,ONLY ONE SOURCE,NONE,NO SET ASIDE USED.,NONE,NO PREFERENCE USED,,,,,ONE,ONLY ONE SOURCE-OTHER (FAR 6.302-1 OTHER),1,D,COMMERCIAL PRODUCTS/SERVICES PROCEDURES NOT USED,f,N,NO,N,NO,X,NOT APPLICABLE,N,NO,0.00,N,NO,X,NOT APPLICABLE,X,NOT APPLICABLE,X,NOT APPLICABLE,X,NOT APPLICABLE,,,,,,,,,,Y,YES,X,NOT APPLICABLE EXEMPT FROM CAS,Y,TRANSACTION USES GFE/GFP,U,UNKNOWN,D,NOT CONSOLIDATED,X,NOT APPLICABLE,N,NO,Z,NOT APPLICABLE,N,NO,X,NOT APPLICABLE,f,f,f,f,f,f,f,f,f,f,f,f,f,f,f,f,f,f,f,OTHER THAN SMALL BUSINESS,O,f,f,f,f,f,f,f,f,f,f,f,f,f,f,f,f,f,CORPORATE NOT TAX EXEMPT,t,f,f,f,f,f,f,f,f,f,f,f,f,f,f,f,f,t,f,f,f,f,f,f,f,f,f,f,t,f,f,f,f,f,f,f,f,f,f,f,f,f,f,f,f,f,f,f,f,f,JAMES N BLUE,4379465.00,LINDEN P BLUE,4174909.00,DAVID R ALEXANDER,3812516.00,BART B ROPER,1975922.00,W D WILSON IV,1600128.00,https://www.usaspending.gov/award/CONT_AWD_FA862018C2002_9700_-NONE-_-NONE-/,2026-05-14 18:01:48+00
CONT_AWD_FA862018C2009_9700_-NONE-_-NONE-,FA862018C2009,,,,,,,,,309812533.20,,309812533.20,309812533.20,2018-03-30,2018,2026-05-13,2026,2018-03-30,2027-01-31,2027-01-31 00:00:00,,,097,Department of Defense,5700,Department of the Air Force,FA8689,FA8689  AFLCMC WIIK        UAS,097,Department of Defense,5700,Department of the Air Force,F4FDAC,F4FDAC AFLCMC MAUS DIVISION WII,,,,,A,FOREIGN FUNDS FMS,,,ZH4NVFG3Z526,,"GENERAL ATOMICS AERONAUTICAL SYSTEMS, INC.","GENERAL ATOMICS AERONAUTICAL SYSTEMS, INC.",US GOV GA AERONAUTICAL UAV,0YJB5,ZH4NVFG3Z526,,"GENERAL ATOMICS AERONAUTICAL SYSTEMS, INC.",GENERAL ATOMIC TECHNOLOGIES CORPORATION,USA,UNITED STATES,14200 KIRKHAM WAY,,POWAY,06073,SAN DIEGO,06,CA,CALIFORNIA,920647103,CA-48,CA-48,8585256018,,USA,UNITED STATES,POWAY,06073,SAN DIEGO,06,CA,CALIFORNIA,920647103,CA-48,CA-48,AWARD,D,DEFINITIVE CONTRACT,,,,,,,U,COST PLUS FIXED FEE,UNDEFINITIZED CONTRACT ACTION FOR FMS UK MQ-9B PROTECTOR,,1,,,1550,UNMANNED AIRCRAFT,H,NOT BUNDLED,A1A,AIRFRAMES AND SPARES,336411,AIRCRAFT MANUFACTURING,C,NO CLAUSES INCLUDED AND NO SUSTAINABILITY INCLUDED,A,U.S. OWNED BUSINESS,000,NONE,Z,NOT IT PRODUCTS OR SERVICES,E,NOT REQUIRED,USA,UNITED STATES,D,MFG IN U.S.,F,INDIVIDUAL SUBCONTRACT PLAN,B,NOT AVAILABLE FOR COMPETITION,SSS,ONLY ONE SOURCE,NONE,NO SET ASIDE USED.,NONE,NO PREFERENCE USED,,,,,IA,INTERNATIONAL AGREEMENT (FAR 6.302-4),1,D,COMMERCIAL PRODUCTS/SERVICES PROCEDURES NOT USED,f,N,NO,N,NO,X,NOT APPLICABLE,N,NO,0.00,N,NO,X,NOT APPLICABLE,X,NOT APPLICABLE,X,NOT APPLICABLE,X,NOT APPLICABLE,,,,,,,,,,Y,YES,Y,YES - CAS CLAUSE INCLUDED,N,TRANSACTION DOES NOT USE GFE/GFP,U,UNKNOWN,D,NOT CONSOLIDATED,X,NOT APPLICABLE,N,NO,Z,NOT APPLICABLE,N,NO,X,NOT APPLICABLE,f,f,f,f,f,f,f,f,f,f,f,f,f,f,f,f,f,f,f,OTHER THAN SMALL BUSINESS,O,f,f,f,f,f,f,f,f,f,f,f,f,f,f,f,f,f,CORPORATE NOT TAX EXEMPT,t,f,f,f,f,f,f,f,f,f,f,f,f,f,f,f,f,t,f,f,f,f,f,f,f,f,f,f,t,f,f,f,f,f,f,f,f,f,f,f,f,f,f,f,f,f,f,f,f,f,JAMES N BLUE,4379465.00,LINDEN P BLUE,4174909.00,DAVID R ALEXANDER,3812516.00,BART B ROPER,1975922.00,W D WILSON IV,1600128.00,https://www.usaspending.gov/award/CONT_AWD_FA862018C2009_9700_-NONE-_-NONE-/,2026-05-13 11:52:28+00
CONT_AWD_FA862018F2303_9700_FA862015G4040_9700,FA862018F2303,9700,DEPT OF DEFENSE,FA862015G4040,Q: Not Designated Nonemergency/Emergency/Disaster/Wildfire Suppression,,,,,336359461.71,275918.95,336359461.71,336359461.71,2018-03-29,2018,2021-05-10,2021,2018-03-29,2021-01-18,2021-07-29 00:00:00,,,097,Department of Defense,5700,Department of the Air Force,FA8689,FA8689  AFLCMC WIIK        UAS,097,Department of Defense,5700,Department of the Air Force,F4FDAC,F4FDAC AFLCMC MAUS DIVISION WII,057-2016/2018-3010-000;057-2017/2019-3010-000,057-3010,31.0: Equipment,0001: COMBAT AIRCRAFT;OPTN: FIELD IS OPTIONAL PRIOR TO FY21,X,NOT APPLICABLE,,,ZH4NVFG3Z526,824684229,"GENERAL ATOMICS AERONAUTICAL SYSTEMS, INC.","GENERAL ATOMICS AERONAUTICAL SYSTEMS, INC.",,0YJB5,YX6EL4J1WLP9,859181984,GENERAL ATOMICS,GENERAL ATOMICS AERONAUTICAL SYSTEMS  INC.,USA,UNITED STATES,14200 KIRKHAM WAY,,POWAY,06073,SAN DIEGO,06,CA,CALIFORNIA,920647103,CA-52,CA-48,8585256451,8583122920,USA,UNITED STATES,POWAY,06073,SAN DIEGO,06,CA,CALIFORNIA,920647103,CA-52,CA-48,AWARD,C,DELIVERY ORDER,,,,,,,J,FIRM FIXED PRICE,"ACAT 1C, PREDATOR, FISCAL YEAR 2017 PRODUCTION BUY OF 24 AIRCRAFT",,1,,,1550,UNMANNED AIRCRAFT,H,NOT BUNDLED,A1A,AIRFRAMES AND SPARES,336411,AIRCRAFT MANUFACTURING,C,NO CLAUSES INCLUDED AND NO SUSTAINABILITY INCLUDED,A,U.S. OWNED BUSINESS,424,MQ-9 REAPER,Z,NOT IT PRODUCTS OR SERVICES,E,NOT REQUIRED,USA,UNITED STATES,D,MFG IN U.S.,B,PLAN NOT REQUIRED,C,NOT COMPETED,SSS,ONLY ONE SOURCE,NONE,NO SET ASIDE USED.,NONE,NO PREFERENCE USED,,,,,UNQ,UNIQUE SOURCE (FAR 6.302-1(B)(1)),1,D,COMMERCIAL ITEM PROCEDURES NOT USED,f,,,N,NO,,,N,NO,,N,NO,X,NOT APPLICABLE,X,NOT APPLICABLE,X,NOT APPLICABLE,X,NOT APPLICABLE,,,D,BOA,S,SINGLE AWARD,,NONE,NONE,Y,YES,,,N,TRANSACTION DOES NOT USE GFE/GFP,U,UNKNOWN,D,NOT CONSOLIDATED,X,NOT APPLICABLE,,,A,FAR 52.232-16 PROGRESS PAYMENTS,N,NO,X,NOT APPLICABLE,f,f,f,f,f,f,f,f,f,f,f,f,f,f,f,f,f,f,f,OTHER THAN SMALL BUSINESS,O,f,f,f,f,f,f,f,f,f,f,f,f,f,f,f,f,f,CORPORATE NOT TAX EXEMPT,t,f,f,f,f,f,f,f,f,f,f,f,t,f,f,f,f,t,f,f,f,f,f,f,f,f,f,f,t,f,f,f,f,f,f,f,f,f,f,f,f,f,f,f,f,f,f,f,f,f,LINDEN P BLUE,2433022.00,JAMES N BLUE,2276657.00,DAVID R ALEXANDER,1955403.00,BARTON B ROPER,956408.00,ELIAHU  YEHEZKEL,928770.00,https://www.usaspending.gov/award/CONT_AWD_FA862018F2303_9700_FA862015G4040_9700/,2021-05-10 19:01:22+00
CONT_AWD_FA862018F2306_9700_FA862015G4040_9700,FA862018F2306,9700,DEPT OF DEFENSE,FA862015G4040,,,,,,487676.46,,733530.00,733530.00,2018-07-26,2018,2023-01-25,2023,2018-07-27,2019-08-31,2019-08-31 00:00:00,,,097,Department of Defense,9763,Defense Contract Management Agency,S0303A,DCMA SPECIAL PRGMS UNMANNED SYSTEMS,097,Department of Defense,5700,Department of the Air Force,FA8689,FA8689  AFLCMC WIIK        UAS,,,,,X,NOT APPLICABLE,,,ZH4NVFG3Z526,,"GENERAL ATOMICS AERONAUTICAL SYSTEMS, INC.","GENERAL ATOMICS AERONAUTICAL SYSTEMS, INC.",,0YJB5,YX6EL4J1WLP9,,GENERAL ATOMICS,GENERAL ATOMIC TECHNOLOGIES CORPORATION,USA,UNITED STATES,14200 KIRKHAM WAY,,POWAY,06073,SAN DIEGO,06,CA,CALIFORNIA,920647103,CA-52,CA-48,8585256451,8583122920,USA,UNITED STATES,POWAY,06073,SAN DIEGO,06,CA,CALIFORNIA,920647103,CA-52,CA-48,AWARD,C,DELIVERY ORDER,,,,,,,U,COST PLUS FIXED FEE,RAAM SIM,,1,,,1550,UNMANNED AIRCRAFT,H,NOT BUNDLED,A1C,OTHER AIRCRAFT EQUIPMENT,336411,AIRCRAFT MANUFACTURING,C,NO CLAUSES INCLUDED AND NO SUSTAINABILITY INCLUDED,A,U.S. OWNED BUSINESS,000,NONE,Z,NOT IT PRODUCTS OR SERVICES,E,NOT REQUIRED,USA,UNITED STATES,D,MFG IN U.S.,B,PLAN NOT REQUIRED,C,NOT COMPETED,SSS,ONLY ONE SOURCE,NONE,NO SET ASIDE USED.,NONE,NO PREFERENCE USED,,,,,BND,BRAND NAME DESCRIPTION (FAR 6.302-1(C)),1,D,COMMERCIAL PRODUCTS/SERVICES PROCEDURES NOT USED,f,,,N,NO,,,N,NO,,N,NO,X,NOT APPLICABLE,X,NOT APPLICABLE,X,NOT APPLICABLE,X,NOT APPLICABLE,,,D,BOA,S,SINGLE AWARD,,NONE,NONE,N,NO,,,N,TRANSACTION DOES NOT USE GFE/GFP,U,UNKNOWN,D,NOT CONSOLIDATED,X,NOT APPLICABLE,,,Z,NOT APPLICABLE,N,NO,X,NOT APPLICABLE,f,f,f,f,f,f,f,f,f,f,f,f,f,f,f,f,f,f,f,OTHER THAN SMALL BUSINESS,O,f,f,f,f,f,f,f,f,f,f,f,f,f,f,f,f,f,CORPORATE NOT TAX EXEMPT,t,f,f,f,f,f,f,f,f,f,f,f,t,f,f,f,f,t,f,f,f,f,f,f,f,f,f,f,t,f,f,f,f,f,f,f,f,f,f,f,f,f,f,f,f,f,f,f,f,f,LINDEN P BLUE,2895083.00,JAMES N BLUE,2711455.00,DAVID R ALEXANDER,2193634.00,BARTON B ROPER,1018876.00,ELIAHU  YEHEZKEL,937199.00,https://www.usaspending.gov/award/CONT_AWD_FA862018F2306_9700_FA862015G4040_9700/,2023-01-25 19:20:58+00
CONT_AWD_FA862018F2361_9700_FA862015G4040_9700,FA862018F2361,9700,DEPT OF DEFENSE,FA862015G4040,Q: Not Designated Nonemergency/Emergency/Disaster/Wildfire Suppression,,,,,70732867.63,0.00,70732867.63,104300150.63,2018-09-21,2018,2026-05-18,2026,2018-09-21,2024-07-18,2024-07-18 00:00:00,,,097,Department of Defense,9763,Defense Contract Management Agency,S0303A,DCMA SPECIAL PRGMS UNMANNED SYSTEMS,097,Department of Defense,5700,Department of the Air Force,F4FDAC,F4FDAC AFLCMC MAUS DIVISION WII,057-2016/2018-3010-000;057-2018/2020-3010-000;057-2019/2021-3010-000;057-2020/2022-3010-000,057-3010,31.0: Equipment,0001: COMBAT AIRCRAFT,X,NOT APPLICABLE,,,ZH4NVFG3Z526,,"GENERAL ATOMICS AERONAUTICAL SYSTEMS, INC.","GENERAL ATOMICS AERONAUTICAL SYSTEMS, INC.",,0YJB5,ZH4NVFG3Z526,,"GENERAL ATOMICS AERONAUTICAL SYSTEMS, INC.",GENERAL ATOMIC TECHNOLOGIES CORPORATION,USA,UNITED STATES,14200 KIRKHAM WAY,,POWAY,06073,SAN DIEGO,06,CA,CALIFORNIA,920647103,CA-48,CA-48,8585256451,8583122920,USA,UNITED STATES,POWAY,06073,SAN DIEGO,06,CA,CALIFORNIA,920647103,CA-48,CA-48,AWARD,C,DELIVERY ORDER,,,,,,,U,COST PLUS FIXED FEE,FY18 BLK 30 GCS RETROFIT,,1,,,1550,UNMANNED AIRCRAFT,H,NOT BUNDLED,A1C,OTHER AIRCRAFT EQUIPMENT,336411,AIRCRAFT MANUFACTURING,C,NO CLAUSES INCLUDED AND NO SUSTAINABILITY INCLUDED,A,U.S. OWNED BUSINESS,000,NONE,Z,NOT IT PRODUCTS OR SERVICES,E,NOT REQUIRED,USA,UNITED STATES,D,MFG IN U.S.,C,PLAN REQUIRED - INCENTIVE NOT INCLUDED,C,NOT COMPETED,SSS,ONLY ONE SOURCE,NONE,NO SET ASIDE USED.,NONE,NO PREFERENCE USED,,,,,FOC,FOLLOW-ON CONTRACT (FAR 6.302-1(A)(2)(II/III)),1,D,COMMERCIAL PRODUCTS/SERVICES PROCEDURES NOT USED,f,,,N,NO,,,N,NO,,N,NO,X,NOT APPLICABLE,X,NOT APPLICABLE,X,NOT APPLICABLE,X,NOT APPLICABLE,,,D,BOA,S,SINGLE AWARD,,,,Y,YES,,,Y,TRANSACTION USES GFE/GFP,N,NO,D,NOT CONSOLIDATED,X,NOT APPLICABLE,,,Z,NOT APPLICABLE,N,NO,X,NOT APPLICABLE,f,f,f,f,f,f,f,f,f,f,f,f,f,f,f,f,f,f,f,OTHER THAN SMALL BUSINESS,O,f,f,f,f,f,f,f,f,f,f,f,f,f,f,f,f,f,CORPORATE NOT TAX EXEMPT,t,f,f,f,f,f,f,f,f,f,f,f,t,f,f,f,f,t,f,f,f,f,f,f,f,f,f,f,t,f,f,f,f,f,f,f,f,f,f,f,f,f,f,f,f,f,f,f,f,f,JAMES N BLUE,4379465.00,LINDEN P BLUE,4174909.00,DAVID R ALEXANDER,3812516.00,BART B ROPER,1975922.00,W D WILSON IV,1600128.00,https://www.usaspending.gov/award/CONT_AWD_FA862018F2361_9700_FA862015G4040_9700/,2026-05-22 07:00:33+00
CONT_AWD_FA862018F2366_9700_FA862015G4040_9700,FA862018F2366,9700,DEPT OF DEFENSE,FA862015G4040,Q: Not Designated Nonemergency/Emergency/Disaster/Wildfire Suppression,,,,,23536752.38,0.00,26980544.64,28064407.64,2017-11-30,2018,2024-09-11,2024,2017-11-30,2024-09-30,2024-09-30 00:00:00,,,097,Department of Defense,5700,Department of the Air Force,FA8689,FA8689  AFLCMC WIIK        UAS,097,Department of Defense,5700,Department of the Air Force,F4FDAC,F4FDAC AFLCMC MAUS DIVISION WII,057-2017/2018-3600-000;057-2019/2020-3600-000;057-2021/2022-3600-000;097-2018/2019-0400-000;097-2019/2020-0400-000,057-3600;097-0400,25.2: Other services from non-Federal sources;25.5: Research and development contracts;31.0: Equipment,0001: BASIC RESEARCH,X,NOT APPLICABLE,,,ZH4NVFG3Z526,,"GENERAL ATOMICS AERONAUTICAL SYSTEMS, INC.","GENERAL ATOMICS AERONAUTICAL SYSTEMS, INC.",,0YJB5,ZH4NVFG3Z526,,"GENERAL ATOMICS AERONAUTICAL SYSTEMS, INC.",GENERAL ATOMIC TECHNOLOGIES CORPORATION,USA,UNITED STATES,14200 KIRKHAM WAY,,POWAY,06073,SAN DIEGO,06,CA,CALIFORNIA,920647103,CA-48,CA-48,8585256451,8583122920,USA,UNITED STATES,POWAY,06073,SAN DIEGO,06,CA,CALIFORNIA,920647103,CA-48,CA-48,AWARD,C,DELIVERY ORDER,,,,,,,U,COST PLUS FIXED FEE,LASER SMALL DIAMETER BOMB,,1,,,1550,UNMANNED AIRCRAFT,H,NOT BUNDLED,A5,WEAPONS,336411,AIRCRAFT MANUFACTURING,C,NO CLAUSES INCLUDED AND NO SUSTAINABILITY INCLUDED,A,U.S. OWNED BUSINESS,424,MQ-9 REAPER,Z,NOT IT PRODUCTS OR SERVICES,E,NOT REQUIRED,USA,UNITED STATES,D,MFG IN U.S.,B,PLAN NOT REQUIRED,C,NOT COMPETED,SSS,ONLY ONE SOURCE,NONE,NO SET ASIDE USED.,NONE,NO PREFERENCE USED,,,,,ONE,ONLY ONE SOURCE-OTHER (FAR 6.302-1 OTHER),1,D,COMMERCIAL PRODUCTS/SERVICES PROCEDURES NOT USED,f,,,N,NO,,,N,NO,,N,NO,X,NOT APPLICABLE,X,NOT APPLICABLE,X,NOT APPLICABLE,X,NOT APPLICABLE,,,D,BOA,S,SINGLE AWARD,,,,Y,YES,,,Y,TRANSACTION USES GFE/GFP,U,UNKNOWN,D,NOT CONSOLIDATED,X,NOT APPLICABLE,,,Z,NOT APPLICABLE,N,NO,X,NOT APPLICABLE,f,f,f,f,f,f,f,f,f,f,f,f,f,f,f,f,f,f,f,OTHER THAN SMALL BUSINESS,O,f,f,f,f,f,f,f,f,f,f,f,f,f,f,f,f,f,CORPORATE NOT TAX EXEMPT,t,f,f,f,f,f,f,f,f,f,f,f,t,f,f,f,f,t,f,f,f,f,f,f,f,f,f,f,t,f,f,f,f,f,f,f,f,f,f,f,f,f,f,f,f,f,f,f,f,f,JAMES N BLUE,3276593.00,LINDEN P BLUE,2771930.00,DAVID R ALEXANDER,2537917.00,BARTON B ROPER,1220781.00,FRED  DARLINGTON,1169891.00,https://www.usaspending.gov/award/CONT_AWD_FA862018F2366_9700_FA862015G4040_9700/,2024-09-11 15:35:59+00
CONT_AWD_FA862018F2372_9700_FA862015G4040_9700,FA862018F2372,9700,DEPT OF DEFENSE,FA862015G4040,,,,,,20343088.35,0.00,20838208.00,20838208.00,2017-10-27,2018,2026-03-04,2026,2017-10-30,2020-07-31,2021-02-28 00:00:00,,,097,Department of Defense,5700,Department of the Air Force,FA8689,FA8689  AFLCMC WIIK        UAS,097,Department of Defense,5700,Department of the Air Force,F4FDAC,F4FDAC AFLCMC MAUS DIVISION WII,057-2017/2018-3600-000;057-2018/2019-3600-000;057-2019/2020-3600-000;097-2018/2019-0400-000;097-2018/2020-0300-000;097-2019/2020-0400-000,057-3600;097-0300;097-0400,25.5: Research and development contracts;31.0: Equipment,,X,NOT APPLICABLE,,,ZH4NVFG3Z526,,"GENERAL ATOMICS AERONAUTICAL SYSTEMS, INC.","GENERAL ATOMICS AERONAUTICAL SYSTEMS, INC.",,0YJB5,ZH4NVFG3Z526,,"GENERAL ATOMICS AERONAUTICAL SYSTEMS, INC.",GENERAL ATOMIC TECHNOLOGIES CORPORATION,USA,UNITED STATES,14200 KIRKHAM WAY,,POWAY,06073,SAN DIEGO,06,CA,CALIFORNIA,920647103,CA-48,CA-48,8585256451,8583122920,USA,UNITED STATES,POWAY,06073,SAN DIEGO,06,CA,CALIFORNIA,920647103,CA-48,CA-48,AWARD,C,DELIVERY ORDER,,,,,,,U,COST PLUS FIXED FEE,"FY18 MRC, AUTOMATIC TAKEOFF AND LANDING CONTROL",,1,,,1550,UNMANNED AIRCRAFT,H,NOT BUNDLED,A1A,AIRFRAMES AND SPARES,336411,AIRCRAFT MANUFACTURING,C,NO CLAUSES INCLUDED AND NO SUSTAINABILITY INCLUDED,A,U.S. OWNED BUSINESS,424,MQ-9 REAPER,Z,NOT IT PRODUCTS OR SERVICES,E,NOT REQUIRED,USA,UNITED STATES,D,MFG IN U.S.,B,PLAN NOT REQUIRED,C,NOT COMPETED,SSS,ONLY ONE SOURCE,NONE,NO SET ASIDE USED.,NONE,NO PREFERENCE USED,,,,,ONE,ONLY ONE SOURCE-OTHER (FAR 6.302-1 OTHER),1,D,COMMERCIAL PRODUCTS/SERVICES PROCEDURES NOT USED,f,,,N,NO,N,NO,N,NO,,N,NO,X,NOT APPLICABLE,X,NOT APPLICABLE,X,NOT APPLICABLE,X,NOT APPLICABLE,,,D,BOA,S,SINGLE AWARD,,,,Y,YES,,,Y,TRANSACTION USES GFE/GFP,N,NO,D,NOT CONSOLIDATED,X,NOT APPLICABLE,,,Z,NOT APPLICABLE,N,NO,X,NOT APPLICABLE,f,f,f,f,f,f,f,f,f,f,f,f,f,f,f,f,f,f,f,OTHER THAN SMALL BUSINESS,O,f,f,f,f,f,f,f,f,f,f,f,f,f,f,f,f,f,CORPORATE NOT TAX EXEMPT,t,f,f,f,f,f,f,f,f,f,f,f,t,f,f,f,f,t,f,f,f,f,f,f,f,f,f,f,t,f,f,f,f,f,f,f,f,f,f,f,f,f,f,f,f,f,f,f,f,f,JAMES N BLUE,4379465.00,LINDEN P BLUE,4174909.00,DAVID R ALEXANDER,3812516.00,BART B ROPER,1975922.00,W D WILSON IV,1600128.00,https://www.usaspending.gov/award/CONT_AWD_FA862018F2372_9700_FA862015G4040_9700/,2026-03-04 15:57:19+00
CONT_AWD_FA862018F2377_9700_FA862015G4040_9700,FA862018F2377,9700,DEPT OF DEFENSE,FA862015G4040,,,,,,1195211.13,,1070999.13,1274119.13,2017-10-31,2018,2023-03-07,2023,2017-10-31,2019-10-31,2019-10-31 00:00:00,,,097,Department of Defense,9763,Defense Contract Management Agency,S0303A,DCMA SPECIAL PRGMS UNMANNED SYSTEMS,097,Department of Defense,5700,Department of the Air Force,F4FDAG,F4FDAG AFLCMC WI SHARED,,,,,X,NOT APPLICABLE,,,ZH4NVFG3Z526,,"GENERAL ATOMICS AERONAUTICAL SYSTEMS, INC.","GENERAL ATOMICS AERONAUTICAL SYSTEMS, INC.",,0YJB5,YX6EL4J1WLP9,,GENERAL ATOMICS,GENERAL ATOMIC TECHNOLOGIES CORPORATION,USA,UNITED STATES,14200 KIRKHAM WAY,,POWAY,06073,SAN DIEGO,06,CA,CALIFORNIA,920647103,CA-52,CA-48,8585256451,8583122920,USA,UNITED STATES,POWAY,06073,SAN DIEGO,06,CA,CALIFORNIA,920647103,CA-48,CA-48,AWARD,C,DELIVERY ORDER,,,,,,,U,COST PLUS FIXED FEE,MQ-9 C-BAND ENHANCED DIPLEXER FIELDING PROGRAM,,1,,,1550,UNMANNED AIRCRAFT,H,NOT BUNDLED,A1C,OTHER AIRCRAFT EQUIPMENT,336411,AIRCRAFT MANUFACTURING,C,NO CLAUSES INCLUDED AND NO SUSTAINABILITY INCLUDED,A,U.S. OWNED BUSINESS,000,NONE,Z,NOT IT PRODUCTS OR SERVICES,E,NOT REQUIRED,USA,UNITED STATES,D,MFG IN U.S.,B,PLAN NOT REQUIRED,C,NOT COMPETED,SSS,ONLY ONE SOURCE,NONE,NO SET ASIDE USED.,NONE,NO PREFERENCE USED,,,,,FOC,FOLLOW-ON CONTRACT (FAR 6.302-1(A)(2)(II/III)),1,D,COMMERCIAL PRODUCTS/SERVICES PROCEDURES NOT USED,f,,,N,NO,N,NO,N,NO,,N,NO,X,NOT APPLICABLE,X,NOT APPLICABLE,X,NOT APPLICABLE,X,NOT APPLICABLE,,,D,BOA,S,SINGLE AWARD,,NONE,NONE,Y,YES,,,Y,TRANSACTION USES GFE/GFP,N,NO,D,NOT CONSOLIDATED,X,NOT APPLICABLE,,,Z,NOT APPLICABLE,N,NO,X,NOT APPLICABLE,f,f,f,f,f,f,f,f,f,f,f,f,f,f,f,f,f,f,f,OTHER THAN SMALL BUSINESS,O,f,f,f,f,f,f,f,f,f,f,f,f,f,f,f,f,f,CORPORATE NOT TAX EXEMPT,t,f,f,f,f,f,f,f,f,f,f,f,t,f,f,f,f,t,f,f,f,f,f,f,f,f,f,f,t,f,f,f,f,f,f,f,f,f,f,f,f,f,f,f,f,f,f,f,f,f,JAMES N BLUE,3049492.00,LINDEN P BLUE,2698674.00,DAVID R ALEXANDER,2367023.00,BARTON B ROPER,1115148.00,TUAN H NGUYEN,713815.00,https://www.usaspending.gov/award/CONT_AWD_FA862018F2377_9700_FA862015G4040_9700/,2023-03-07 13:03:33+00
CONT_AWD_FA862018F2803_9700_FA862017D2000_9700,FA862018F2803,9700,DEPT OF DEFENSE,FA862017D2000,Q: Not Designated Nonemergency/Emergency/Disaster/Wildfire Suppression,,,,,26222544.00,1602266.78,26499799.00,26499799.00,2018-04-18,2018,2021-08-11,2021,2018-04-19,2021-01-18,2021-01-18 00:00:00,,,097,Department of Defense,5700,Department of the Air Force,FA8620,FA8620  AFLCMC WIJK    BIG SAFARI,097,Department of Defense,5700,Department of the Air Force,F4FDAC,F4FDAC AFLCMC MAUS DIVISION WII,057-2017/2018-3600-000;057-2018/2019-3600-000;057-2020/2021-3600-000,057-3600,31.0: Equipment,0001: BASIC RESEARCH;OPTN: FIELD IS OPTIONAL PRIOR TO FY21,X,NOT APPLICABLE,,,ZH4NVFG3Z526,824684229,"GENERAL ATOMICS AERONAUTICAL SYSTEMS, INC.","GENERAL ATOMICS AERONAUTICAL SYSTEMS, INC.",US GOV GA AERONAUTICAL UAV,0YJB5,YX6EL4J1WLP9,859181984,GENERAL ATOMICS,GENERAL ATOMICS AERONAUTICAL SYSTEMS  INC.,USA,UNITED STATES,14200 KIRKHAM WAY,,POWAY,06073,SAN DIEGO,06,CA,CALIFORNIA,920647103,CA-52,CA-48,8585256018,,USA,UNITED STATES,POWAY,06073,SAN DIEGO,06,CA,CALIFORNIA,920647103,CA-52,CA-48,AWARD,C,DELIVERY ORDER,,,,,,,U,COST PLUS FIXED FEE,MQ-9 REAPER AUTOMATIC TAKEOFF&LANDING CAPABILITY (ATLC) TECHNICAL MATURATION EFFORT (TME),,1,,,1550,UNMANNED AIRCRAFT,H,NOT BUNDLED,A1C,OTHER AIRCRAFT EQUIPMENT,336411,AIRCRAFT MANUFACTURING,C,NO CLAUSES INCLUDED AND NO SUSTAINABILITY INCLUDED,A,U.S. OWNED BUSINESS,424,MQ-9 REAPER,Z,NOT IT PRODUCTS OR SERVICES,E,NOT REQUIRED,USA,UNITED STATES,D,MFG IN U.S.,B,PLAN NOT REQUIRED,C,NOT COMPETED,SSS,ONLY ONE SOURCE,,,NONE,NO PREFERENCE USED,,,,,FOC,FOLLOW-ON CONTRACT (FAR 6.302-1(A)(2)(II/III)),,D,COMMERCIAL ITEM PROCEDURES NOT USED,f,N,NO,N,NO,X,NOT APPLICABLE,N,NO,0.00,N,NO,X,NOT APPLICABLE,X,NOT APPLICABLE,X,NOT APPLICABLE,X,NOT APPLICABLE,,,B,IDC,S,SINGLE AWARD,,NONE,NONE,N,NO,,,N,TRANSACTION DOES NOT USE GFE/GFP,U,UNKNOWN,D,NOT CONSOLIDATED,X,NOT APPLICABLE,N,NO,Z,NOT APPLICABLE,N,NO,X,NOT APPLICABLE,f,f,f,f,f,f,f,f,f,f,f,f,f,f,f,f,f,f,f,OTHER THAN SMALL BUSINESS,O,f,f,f,f,f,f,f,f,f,f,f,f,f,f,f,f,f,CORPORATE NOT TAX EXEMPT,t,f,f,f,f,f,f,f,f,f,f,f,f,f,f,f,f,t,f,f,f,f,f,f,f,f,f,f,t,f,f,f,f,f,f,f,f,f,f,f,f,f,f,f,f,f,f,f,f,f,LINDEN P BLUE,2433022.00,JAMES N BLUE,2276657.00,DAVID R ALEXANDER,1955403.00,BARTON B ROPER,956408.00,ELIAHU  YEHEZKEL,928770.00,https://www.usaspending.gov/award/CONT_AWD_FA862018F2803_9700_FA862017D2000_9700/,2021-08-16 13:45:34+00
CONT_AWD_FA862019C2009_9700_-NONE-_-NONE-,FA862019C2009,,,,,,,,,50831389.90,,50831389.90,50831389.90,2019-05-29,2019,2026-05-04,2026,2019-05-29,2026-04-17,2026-04-17 00:00:00,,2019-01-28,097,Department of Defense,9763,Defense Contract Management Agency,S2103A,DCMA RADARS AND SENSORS,097,Department of Defense,5700,Department of the Air Force,FA8620,FA8620  AFLCMC WIJK    BIG SAFARI,,,,,X,NOT APPLICABLE,,,F9AVUZ8YBGQ6,,BAE SYSTEMS INFORMATION AND ELECTRONIC SYSTEMS INTEGRATION INC.,BAE SYSTEMS INFORMATION AND ELECTRONIC SYSTEMS INTEGRATION INC.,,94117,UVUTB62B9AV3,,BAE SYSTEMS PLC,BAE SYSTEMS INFORMATION AND ELECTRONIC SYSTEMS INTEGRATION INC.,USA,UNITED STATES,65 SPIT BROOK RD,,NASHUA,33011,HILLSBOROUGH,33,NH,NEW HAMPSHIRE,030606909,NH-02,NH-02,6319121528,6038855566,USA,UNITED STATES,NASHUA,33011,HILLSBOROUGH,33,NH,NEW HAMPSHIRE,030606909,NH-02,NH-02,AWARD,D,DEFINITIVE CONTRACT,,,,,,,J,FIRM FIXED PRICE,MQ-9 REAPER PROGRAM FRANCE AIR FORCE FMS SENSOR EFFORT,,1,,,1550,UNMANNED AIRCRAFT,H,NOT BUNDLED,A1A,AIRFRAMES AND SPARES,336411,AIRCRAFT MANUFACTURING,C,NO CLAUSES INCLUDED AND NO SUSTAINABILITY INCLUDED,A,U.S. OWNED BUSINESS,424,MQ-9 REAPER,Z,NOT IT PRODUCTS OR SERVICES,E,NOT REQUIRED,USA,UNITED STATES,D,MFG IN U.S.,A,PLAN NOT INCLUDED - NO SUBCONTRACTING POSSIBILITIES,B,NOT AVAILABLE FOR COMPETITION,SSS,ONLY ONE SOURCE,NONE,NO SET ASIDE USED.,NONE,NO PREFERENCE USED,,,,,IA,INTERNATIONAL AGREEMENT (FAR 6.302-4),1,D,COMMERCIAL PRODUCTS/SERVICES PROCEDURES NOT USED,f,N,NO,N,NO,X,NOT APPLICABLE,N,NO,0.00,N,NO,X,NOT APPLICABLE,X,NOT APPLICABLE,X,NOT APPLICABLE,X,NOT APPLICABLE,,,,,,,,,,Y,YES,X,NOT APPLICABLE EXEMPT FROM CAS,Y,TRANSACTION USES GFE/GFP,U,UNKNOWN,D,NOT CONSOLIDATED,X,NOT APPLICABLE,N,NO,Z,NOT APPLICABLE,N,NO,X,NOT APPLICABLE,f,f,f,f,f,f,f,f,f,f,f,f,f,f,f,f,f,f,f,OTHER THAN SMALL BUSINESS,O,f,f,f,f,f,f,f,f,f,f,f,f,f,f,f,f,f,CORPORATE NOT TAX EXEMPT,t,f,f,f,f,f,f,f,f,f,f,f,t,f,f,f,f,t,f,f,f,f,f,f,f,f,f,f,t,f,f,f,f,f,f,f,f,f,f,f,f,f,f,f,f,f,f,f,f,f,THOMAS  ARSENEAULT,4642169.00,RAYMOND M BROUSSEAU,914112.00,TERENCE  CRIMMINS,1587240.00,ALICE  ELDRIDGE,1363403.00,MICHELLE  MURPHY,1290892.00,https://www.usaspending.gov/award/CONT_AWD_FA862019C2009_9700_-NONE-_-NONE-/,2026-05-11 16:47:50+00
CONT_AWD_FA862019F2305_9700_FA862015G4040_9700,FA862019F2305,9700,DEPT OF DEFENSE,FA862015G4040,,,,,,13778713.14,0.00,13071224.87,13071224.87,2018-12-21,2019,2024-03-27,2024,2018-12-21,2020-08-31,2020-08-31 00:00:00,,,097,Department of Defense,9763,Defense Contract Management Agency,S0303A,DCMA SPECIAL PRGMS UNMANNED SYSTEMS,097,Department of Defense,5700,Department of the Air Force,F4FDAC,F4FDAC AFLCMC MAUS DIVISION WII,057-2017/2019-3010-000;057-2018/2020-3010-000,057-3010,31.0: Equipment,,X,NOT APPLICABLE,,,ZH4NVFG3Z526,,"GENERAL ATOMICS AERONAUTICAL SYSTEMS, INC.","GENERAL ATOMICS AERONAUTICAL SYSTEMS, INC.",,0YJB5,YX6EL4J1WLP9,,GENERAL ATOMICS,GENERAL ATOMIC TECHNOLOGIES CORPORATION,USA,UNITED STATES,14200 KIRKHAM WAY,,POWAY,06073,SAN DIEGO,06,CA,CALIFORNIA,920647103,CA-48,CA-48,8585256451,8583122920,USA,UNITED STATES,POWAY,06073,SAN DIEGO,06,CA,CALIFORNIA,920647103,CA-48,CA-48,AWARD,C,DELIVERY ORDER,,,,,,,J,FIRM FIXED PRICE,LINUX PROCESSOR RETROFIT KITS,,1,,,1550,UNMANNED AIRCRAFT,H,NOT BUNDLED,A1C,OTHER AIRCRAFT EQUIPMENT,336411,AIRCRAFT MANUFACTURING,C,NO CLAUSES INCLUDED AND NO SUSTAINABILITY INCLUDED,A,U.S. OWNED BUSINESS,000,NONE,Z,NOT IT PRODUCTS OR SERVICES,E,NOT REQUIRED,USA,UNITED STATES,D,MFG IN U.S.,C,PLAN REQUIRED - INCENTIVE NOT INCLUDED,C,NOT COMPETED,SSS,ONLY ONE SOURCE,NONE,NO SET ASIDE USED.,NONE,NO PREFERENCE USED,,,,,FOC,FOLLOW-ON CONTRACT (FAR 6.302-1(A)(2)(II/III)),1,D,COMMERCIAL PRODUCTS/SERVICES PROCEDURES NOT USED,f,,,N,NO,,,N,NO,,N,NO,X,NOT APPLICABLE,X,NOT APPLICABLE,X,NOT APPLICABLE,X,NOT APPLICABLE,,,D,BOA,S,SINGLE AWARD,,,,Y,YES,,,N,TRANSACTION DOES NOT USE GFE/GFP,U,UNKNOWN,D,NOT CONSOLIDATED,X,NOT APPLICABLE,,,Z,NOT APPLICABLE,N,NO,X,NOT APPLICABLE,f,f,f,f,f,f,f,f,f,f,f,f,f,f,f,f,f,f,f,OTHER THAN SMALL BUSINESS,O,f,f,f,f,f,f,f,f,f,f,f,f,f,f,f,f,f,CORPORATE NOT TAX EXEMPT,t,f,f,f,f,f,f,f,f,f,f,f,t,f,f,f,f,t,f,f,f,f,f,f,f,f,f,f,t,f,f,f,f,f,f,f,f,f,f,f,f,f,f,f,f,f,f,f,f,f,JAMES N BLUE,3276593.00,LINDEN P BLUE,2771930.00,DAVID R ALEXANDER,2537917.00,BARTON B ROPER,1220781.00,FRED  DARLINGTON,1169891.00,https://www.usaspending.gov/award/CONT_AWD_FA862019F2305_9700_FA862015G4040_9700/,2024-03-28 08:58:22+00
CONT_AWD_FA862019F2310_9700_FA862015G4040_9700,FA862019F2310,9700,DEPT OF DEFENSE,FA862015G4040,,,,,,111903071.58,,111903071.58,111903071.58,2019-03-21,2019,2025-08-07,2025,2019-03-21,2022-04-30,2025-01-14 00:00:00,,2018-10-26,097,Department of Defense,5700,Department of the Air Force,FA8689,FA8689  AFLCMC WIIK        UAS,097,Department of Defense,5700,Department of the Air Force,F4FDAC,F4FDAC AFLCMC MAUS DIVISION WII,,,,,A,FOREIGN FUNDS FMS,,,ZH4NVFG3Z526,,"GENERAL ATOMICS AERONAUTICAL SYSTEMS, INC.","GENERAL ATOMICS AERONAUTICAL SYSTEMS, INC.",,0YJB5,ZH4NVFG3Z526,,"GENERAL ATOMICS AERONAUTICAL SYSTEMS, INC.",GENERAL ATOMIC TECHNOLOGIES CORPORATION,USA,UNITED STATES,14200 KIRKHAM WAY,,POWAY,06073,SAN DIEGO,06,CA,CALIFORNIA,920647103,CA-48,CA-48,8585256451,8583122920,USA,UNITED STATES,POWAY,06073,SAN DIEGO,06,CA,CALIFORNIA,920647103,CA-48,CA-48,AWARD,C,DELIVERY ORDER,,,,,,,J,FIRM FIXED PRICE,NETHERLANDS MQ-9,,1,,,1550,UNMANNED AIRCRAFT,H,NOT BUNDLED,A1A,AIRFRAMES AND SPARES,336411,AIRCRAFT MANUFACTURING,C,NO CLAUSES INCLUDED AND NO SUSTAINABILITY INCLUDED,A,U.S. OWNED BUSINESS,424,MQ-9 REAPER,Z,NOT IT PRODUCTS OR SERVICES,E,NOT REQUIRED,USA,UNITED STATES,D,MFG IN U.S.,C,PLAN REQUIRED - INCENTIVE NOT INCLUDED,B,NOT AVAILABLE FOR COMPETITION,SSS,ONLY ONE SOURCE,NONE,NO SET ASIDE USED.,NONE,NO PREFERENCE USED,,,,,IA,INTERNATIONAL AGREEMENT (FAR 6.302-4),1,D,COMMERCIAL PRODUCTS/SERVICES PROCEDURES NOT USED,f,,,N,NO,,,N,NO,0.00,N,NO,X,NOT APPLICABLE,X,NOT APPLICABLE,X,NOT APPLICABLE,X,NOT APPLICABLE,,,D,BOA,S,SINGLE AWARD,,,,,,,,N,TRANSACTION DOES NOT USE GFE/GFP,U,UNKNOWN,D,NOT CONSOLIDATED,X,NOT APPLICABLE,,,Z,NOT APPLICABLE,N,NO,X,NOT APPLICABLE,f,f,f,f,f,f,f,f,f,f,f,f,f,f,f,f,f,f,f,OTHER THAN SMALL BUSINESS,O,f,f,f,f,f,f,f,f,f,f,f,f,f,f,f,f,f,CORPORATE NOT TAX EXEMPT,t,f,f,f,f,f,f,f,f,f,f,f,t,f,f,f,f,t,f,f,f,f,f,f,f,f,f,f,t,f,f,f,f,f,f,f,f,f,f,f,f,f,f,f,f,f,f,f,f,f,JAMES N BLUE,3276593.00,LINDEN P BLUE,2771930.00,DAVID R ALEXANDER,2537917.00,BARTON B ROPER,1220781.00,FRED  DARLINGTON,1169891.00,https://www.usaspending.gov/award/CONT_AWD_FA862019F2310_9700_FA862015G4040_9700/,2025-08-07 12:31:47+00
CONT_AWD_FA862019F2376_9700_FA862015G4040_9700,FA862019F2376,9700,DEPT OF DEFENSE,FA862015G4040,Q: Not Designated Nonemergency/Emergency/Disaster/Wildfire Suppression,,,,,1402073.76,113443.46,2250185.00,2250185.00,2019-04-10,2019,2023-10-31,2024,2019-04-10,2021-02-09,2021-02-09 00:00:00,,2018-04-19,097,Department of Defense,9763,Defense Contract Management Agency,S0303A,DCMA SPECIAL PRGMS UNMANNED SYSTEMS,097,Department of Defense,5700,Department of the Air Force,FA8689,FA8689  AFLCMC WIIK        UAS,057-2018/2019-3600-000;057-2020/2021-3600-000;057-2021/2022-3600-000,057-3600,31.0: Equipment,0001: BASIC RESEARCH;0002: APPLIED RESEARCH;OPTN: FIELD IS OPTIONAL PRIOR TO FY21,X,NOT APPLICABLE,,,ZH4NVFG3Z526,,"GENERAL ATOMICS AERONAUTICAL SYSTEMS, INC.","GENERAL ATOMICS AERONAUTICAL SYSTEMS, INC.",,0YJB5,YX6EL4J1WLP9,,GENERAL ATOMICS,GENERAL ATOMIC TECHNOLOGIES CORPORATION,USA,UNITED STATES,14200 KIRKHAM WAY,,POWAY,06073,SAN DIEGO,06,CA,CALIFORNIA,920647103,CA-48,CA-48,8585256451,8583122920,USA,UNITED STATES,POWAY,06073,SAN DIEGO,06,CA,CALIFORNIA,920647103,CA-48,CA-48,AWARD,C,DELIVERY ORDER,,,,,,,U,COST PLUS FIXED FEE,BLOCK 30 GCS MONITOR UPGRADE,,1,,,1550,UNMANNED AIRCRAFT,H,NOT BUNDLED,A1C,OTHER AIRCRAFT EQUIPMENT,336411,AIRCRAFT MANUFACTURING,C,NO CLAUSES INCLUDED AND NO SUSTAINABILITY INCLUDED,A,U.S. OWNED BUSINESS,424,MQ-9 REAPER,Z,NOT IT PRODUCTS OR SERVICES,E,NOT REQUIRED,USA,UNITED STATES,D,MFG IN U.S.,C,PLAN REQUIRED - INCENTIVE NOT INCLUDED,C,NOT COMPETED,SSS,ONLY ONE SOURCE,NONE,NO SET ASIDE USED.,NONE,NO PREFERENCE USED,,,,,FOC,FOLLOW-ON CONTRACT (FAR 6.302-1(A)(2)(II/III)),1,D,COMMERCIAL PRODUCTS/SERVICES PROCEDURES NOT USED,f,,,N,NO,,,N,NO,,N,NO,X,NOT APPLICABLE,X,NOT APPLICABLE,X,NOT APPLICABLE,X,NOT APPLICABLE,,,D,BOA,S,SINGLE AWARD,,NONE,NONE,,,,,N,TRANSACTION DOES NOT USE GFE/GFP,U,UNKNOWN,D,NOT CONSOLIDATED,X,NOT APPLICABLE,,,Z,NOT APPLICABLE,N,NO,X,NOT APPLICABLE,f,f,f,f,f,f,f,f,f,f,f,f,f,f,f,f,f,f,f,OTHER THAN SMALL BUSINESS,O,f,f,f,f,f,f,f,f,f,f,f,f,f,f,f,f,f,CORPORATE NOT TAX EXEMPT,t,f,f,f,f,f,f,f,f,f,f,f,t,f,f,f,f,t,f,f,f,f,f,f,f,f,f,f,t,f,f,f,f,f,f,f,f,f,f,f,f,f,f,f,f,f,f,f,f,f,JAMES N BLUE,3049492.00,LINDEN P BLUE,2698674.00,DAVID R ALEXANDER,2367023.00,BARTON B ROPER,1115148.00,TUAN H NGUYEN,713815.00,https://www.usaspending.gov/award/CONT_AWD_FA862019F2376_9700_FA862015G4040_9700/,2023-10-31 11:53:49+00
CONT_AWD_FA862019F2379_9700_FA862015G4040_9700,FA862019F2379,9700,DEPT OF DEFENSE,FA862015G4040,,,,,,443271.96,0.00,0.01,0.01,2018-11-21,2019,2022-03-28,2022,2018-11-21,2020-11-23,2020-11-23 00:00:00,,,097,Department of Defense,5700,Department of the Air Force,FA8620,FA8620  AFLCMC WIJK    BIG SAFARI,097,Department of Defense,5700,Department of the Air Force,F4FDAG,F4FDAG AFLCMC WI SHARED,057-2018/2020-3010-000;057-2019/2021-3010-000,057-3010,31.0: Equipment,,X,NOT APPLICABLE,,,ZH4NVFG3Z526,,"GENERAL ATOMICS AERONAUTICAL SYSTEMS, INC.",,,0YJB5,YX6EL4J1WLP9,,GENERAL ATOMICS,GENERAL ATOMICS AERONAUTICAL SYSTEMS  INC.,USA,UNITED STATES,14200 KIRKHAM WAY,,POWAY,06073,SAN DIEGO,06,CA,CALIFORNIA,920647103,CA-52,CA-48,8585256451,8583122920,USA,UNITED STATES,POWAY,06073,SAN DIEGO,06,CA,CALIFORNIA,920647103,CA-52,CA-48,AWARD,C,DELIVERY ORDER,,,,,,,U,COST PLUS FIXED FEE,MQ-9 BLOCK 25 RETROFIT,,1,,,1550,UNMANNED AIRCRAFT,H,NOT BUNDLED,A1C,OTHER AIRCRAFT EQUIPMENT,336411,AIRCRAFT MANUFACTURING,C,NO CLAUSES INCLUDED AND NO SUSTAINABILITY INCLUDED,A,U.S. OWNED BUSINESS,000,NONE,Z,NOT IT PRODUCTS OR SERVICES,E,NOT REQUIRED,USA,UNITED STATES,D,MFG IN U.S.,B,PLAN NOT REQUIRED,C,NOT COMPETED,SSS,ONLY ONE SOURCE,NONE,NO SET ASIDE USED.,NONE,NO PREFERENCE USED,,,,,ONE,ONLY ONE SOURCE-OTHER (FAR 6.302-1 OTHER),1,D,COMMERCIAL ITEM PROCEDURES NOT USED,f,N,NO,N,NO,,,N,NO,,N,NO,X,NOT APPLICABLE,X,NOT APPLICABLE,X,NOT APPLICABLE,X,NOT APPLICABLE,,,D,BOA,S,SINGLE AWARD,,NONE,NONE,Y,YES,,,Y,TRANSACTION USES GFE/GFP,U,UNKNOWN,D,NOT CONSOLIDATED,X,NOT APPLICABLE,,,Z,NOT APPLICABLE,N,NO,X,NOT APPLICABLE,f,f,f,f,f,f,f,f,f,f,f,f,f,f,f,f,f,f,f,OTHER THAN SMALL BUSINESS,O,f,f,f,f,f,f,f,f,f,f,f,f,f,f,f,f,f,CORPORATE NOT TAX EXEMPT,t,f,f,f,f,f,f,f,f,f,f,f,t,f,f,f,f,t,f,f,f,f,f,f,f,f,f,f,t,f,f,f,f,f,f,f,f,f,f,f,f,f,f,f,f,f,f,f,f,f,LINDEN P BLUE,2895083.00,JAMES N BLUE,2711455.00,DAVID R ALEXANDER,2193634.00,BARTON B ROPER,1018876.00,ELIAHU  YEHEZKEL,937199.00,https://www.usaspending.gov/award/CONT_AWD_FA862019F2379_9700_FA862015G4040_9700/,2022-03-28 13:29:26+00
CONT_AWD_FA862019F2384_9700_FA862015G4040_9700,FA862019F2384,9700,DEPT OF DEFENSE,FA862015G4040,Q: Not Designated Nonemergency/Emergency/Disaster/Wildfire Suppression,,,,,313172422.34,10184325.86,313219190.59,313219190.59,2019-09-12,2019,2024-02-15,2024,2019-09-12,2023-01-31,2023-01-31 00:00:00,,2018-10-18,097,Department of Defense,9763,Defense Contract Management Agency,S0303A,DCMA SPECIAL PRGMS UNMANNED SYSTEMS,097,Department of Defense,5700,Department of the Air Force,F4FDAC,F4FDAC AFLCMC MAUS DIVISION WII,057-2018/2020-3010-000;057-2019/2021-3010-000,057-3010,31.0: Equipment,OPTN: FIELD IS OPTIONAL PRIOR TO FY21,X,NOT APPLICABLE,,,ZH4NVFG3Z526,,"GENERAL ATOMICS AERONAUTICAL SYSTEMS, INC.","GENERAL ATOMICS AERONAUTICAL SYSTEMS, INC.",,0YJB5,YX6EL4J1WLP9,,GENERAL ATOMICS,GENERAL ATOMIC TECHNOLOGIES CORPORATION,USA,UNITED STATES,14200 KIRKHAM WAY,,POWAY,06073,SAN DIEGO,06,CA,CALIFORNIA,920647103,CA-48,CA-48,8585256451,8583122920,USA,UNITED STATES,POWAY,06073,SAN DIEGO,06,CA,CALIFORNIA,920647103,CA-48,CA-48,AWARD,C,DELIVERY ORDER,,,,,,,J,FIRM FIXED PRICE,MQ-9 REAPER FY19 AIRCRAFT PRODUCTION,,1,,,1550,UNMANNED AIRCRAFT,H,NOT BUNDLED,A1A,AIRFRAMES AND SPARES,336411,AIRCRAFT MANUFACTURING,C,NO CLAUSES INCLUDED AND NO SUSTAINABILITY INCLUDED,A,U.S. OWNED BUSINESS,424,MQ-9 REAPER,Z,NOT IT PRODUCTS OR SERVICES,E,NOT REQUIRED,USA,UNITED STATES,D,MFG IN U.S.,C,PLAN REQUIRED - INCENTIVE NOT INCLUDED,C,NOT COMPETED,SSS,ONLY ONE SOURCE,NONE,NO SET ASIDE USED.,NONE,NO PREFERENCE USED,,,,,ONE,ONLY ONE SOURCE-OTHER (FAR 6.302-1 OTHER),1,D,COMMERCIAL PRODUCTS/SERVICES PROCEDURES NOT USED,f,,,N,NO,,,N,NO,,N,NO,X,NOT APPLICABLE,X,NOT APPLICABLE,X,NOT APPLICABLE,X,NOT APPLICABLE,,,D,BOA,S,SINGLE AWARD,,,,,,,,N,TRANSACTION DOES NOT USE GFE/GFP,U,UNKNOWN,D,NOT CONSOLIDATED,X,NOT APPLICABLE,,,Z,NOT APPLICABLE,N,NO,X,NOT APPLICABLE,f,f,f,f,f,f,f,f,f,f,f,f,f,f,f,f,f,f,f,OTHER THAN SMALL BUSINESS,O,f,f,f,f,f,f,f,f,f,f,f,f,f,f,f,f,f,CORPORATE NOT TAX EXEMPT,t,f,f,f,f,f,f,f,f,f,f,f,t,f,f,f,f,t,f,f,f,f,f,f,f,f,f,f,t,f,f,f,f,f,f,f,f,f,f,f,f,f,f,f,f,f,f,f,f,f,JAMES N BLUE,3276593.00,LINDEN P BLUE,2771930.00,DAVID R ALEXANDER,2537917.00,BARTON B ROPER,1220781.00,FRED  DARLINGTON,1169891.00,https://www.usaspending.gov/award/CONT_AWD_FA862019F2384_9700_FA862015G4040_9700/,2024-02-15 15:03:10+00
CONT_AWD_FA862019F2388_9700_FA862015G4040_9700,FA862019F2388,9700,DEPT OF DEFENSE,FA862015G4040,,,,,,6544910.06,,6544910.06,6544910.06,2019-03-21,2019,2022-01-03,2022,2019-03-22,2020-11-30,2020-11-30 00:00:00,,2018-11-08,097,Department of Defense,5700,Department of the Air Force,FA8620,FA8620  AFLCMC WIJK    BIG SAFARI,097,Department of Defense,5700,Department of the Air Force,F4FDAG,F4FDAG AFLCMC WI SHARED,,,,,X,NOT APPLICABLE,,,ZH4NVFG3Z526,,"GENERAL ATOMICS AERONAUTICAL SYSTEMS, INC.","GENERAL ATOMICS AERONAUTICAL SYSTEMS, INC.",,0YJB5,YX6EL4J1WLP9,,GENERAL ATOMICS,GENERAL ATOMICS AERONAUTICAL SYSTEMS  INC.,USA,UNITED STATES,14200 KIRKHAM WAY,,POWAY,06073,SAN DIEGO,06,CA,CALIFORNIA,920647103,CA-52,CA-48,8585256451,8583122920,USA,UNITED STATES,POWAY,06073,SAN DIEGO,06,CA,CALIFORNIA,920647103,CA-52,CA-48,AWARD,C,DELIVERY ORDER,,,,,,,J,FIRM FIXED PRICE,WEAPONIZATION OF FRANCE MQ-9 BLOCK 1 AIRCRAFT (UCA),,1,,,1550,UNMANNED AIRCRAFT,H,NOT BUNDLED,A1A,AIRFRAMES AND SPARES,336411,AIRCRAFT MANUFACTURING,C,NO CLAUSES INCLUDED AND NO SUSTAINABILITY INCLUDED,A,U.S. OWNED BUSINESS,424,MQ-9 REAPER,Z,NOT IT PRODUCTS OR SERVICES,E,NOT REQUIRED,USA,UNITED STATES,D,MFG IN U.S.,F,INDIVIDUAL SUBCONTRACT PLAN,B,NOT AVAILABLE FOR COMPETITION,SSS,ONLY ONE SOURCE,NONE,NO SET ASIDE USED.,NONE,NO PREFERENCE USED,,,,,IA,INTERNATIONAL AGREEMENT (FAR 6.302-4),1,D,COMMERCIAL ITEM PROCEDURES NOT USED,f,,,N,NO,,,N,NO,,N,NO,X,NOT APPLICABLE,X,NOT APPLICABLE,X,NOT APPLICABLE,X,NOT APPLICABLE,,,D,BOA,S,SINGLE AWARD,,NONE,NONE,,,,,N,TRANSACTION DOES NOT USE GFE/GFP,U,UNKNOWN,D,NOT CONSOLIDATED,X,NOT APPLICABLE,,,Z,NOT APPLICABLE,N,NO,X,NOT APPLICABLE,f,f,f,f,f,f,f,f,f,f,f,f,f,f,f,f,f,f,f,OTHER THAN SMALL BUSINESS,O,f,f,f,f,f,f,f,f,f,f,f,f,f,f,f,f,f,CORPORATE NOT TAX EXEMPT,t,f,f,f,f,f,f,f,f,f,f,f,t,f,f,f,f,t,f,f,f,f,f,f,f,f,f,f,t,f,f,f,f,f,f,f,f,f,f,f,f,f,f,f,f,f,f,f,f,f,LINDEN P BLUE,2895083.00,JAMES N BLUE,2711455.00,DAVID R ALEXANDER,2193634.00,BARTON B ROPER,1018876.00,ELIAHU  YEHEZKEL,937199.00,https://www.usaspending.gov/award/CONT_AWD_FA862019F2388_9700_FA862015G4040_9700/,2022-12-12 14:03:24+00
CONT_AWD_FA862019F2391_9700_FA862015G4040_9700,FA862019F2391,9700,DEPT OF DEFENSE,FA862015G4040,,,,,,1134479.59,,1669195.00,1669195.00,2019-09-04,2019,2023-07-10,2023,2019-09-04,2020-09-09,2020-09-09 00:00:00,,2018-12-11,097,Department of Defense,9763,Defense Contract Management Agency,S0303A,DCMA SPECIAL PRGMS UNMANNED SYSTEMS,097,Department of Defense,5700,Department of the Air Force,FA8689,FA8689  AFLCMC WIIK        UAS,,,,,X,NOT APPLICABLE,,,ZH4NVFG3Z526,,"GENERAL ATOMICS AERONAUTICAL SYSTEMS, INC.","GENERAL ATOMICS AERONAUTICAL SYSTEMS, INC.",,0YJB5,YX6EL4J1WLP9,,GENERAL ATOMICS,GENERAL ATOMIC TECHNOLOGIES CORPORATION,USA,UNITED STATES,14200 KIRKHAM WAY,,POWAY,06073,SAN DIEGO,06,CA,CALIFORNIA,920647103,CA-48,CA-48,8585256451,8583122920,USA,UNITED STATES,POWAY,06073,SAN DIEGO,06,CA,CALIFORNIA,920647103,CA-48,CA-48,AWARD,C,DELIVERY ORDER,,,,,,,U,COST PLUS FIXED FEE,MQ-9 REAPER ORGANIC DEPOT COMMON BENCH-TOP AUTOMATIC TEST STUDY (CBATS),,1,,,1550,UNMANNED AIRCRAFT,H,NOT BUNDLED,A1C,OTHER AIRCRAFT EQUIPMENT,336411,AIRCRAFT MANUFACTURING,C,NO CLAUSES INCLUDED AND NO SUSTAINABILITY INCLUDED,A,U.S. OWNED BUSINESS,000,NONE,Z,NOT IT PRODUCTS OR SERVICES,E,NOT REQUIRED,USA,UNITED STATES,D,MFG IN U.S.,F,INDIVIDUAL SUBCONTRACT PLAN,C,NOT COMPETED,SSS,ONLY ONE SOURCE,NONE,NO SET ASIDE USED.,NONE,NO PREFERENCE USED,,,,,NS,NATIONAL SECURITY (FAR 6.302-6),1,D,COMMERCIAL PRODUCTS/SERVICES PROCEDURES NOT USED,f,,,N,NO,N,NO,N,NO,,N,NO,X,NOT APPLICABLE,X,NOT APPLICABLE,X,NOT APPLICABLE,X,NOT APPLICABLE,,,D,BOA,S,SINGLE AWARD,,NONE,NONE,Y,YES,,,N,TRANSACTION DOES NOT USE GFE/GFP,U,UNKNOWN,D,NOT CONSOLIDATED,X,NOT APPLICABLE,,,Z,NOT APPLICABLE,N,NO,X,NOT APPLICABLE,f,f,f,f,f,f,f,f,f,f,f,f,f,f,f,f,f,f,f,OTHER THAN SMALL BUSINESS,O,f,f,f,f,f,f,f,f,f,f,f,f,f,f,f,f,f,CORPORATE NOT TAX EXEMPT,t,f,f,f,f,f,f,f,f,f,f,f,t,f,f,f,f,t,f,f,f,f,f,f,f,f,f,f,t,f,f,f,f,f,f,f,f,f,f,f,f,f,f,f,f,f,f,f,f,f,JAMES N BLUE,3049492.00,LINDEN P BLUE,2698674.00,DAVID R ALEXANDER,2367023.00,BARTON B ROPER,1115148.00,TUAN H NGUYEN,713815.00,https://www.usaspending.gov/award/CONT_AWD_FA862019F2391_9700_FA862015G4040_9700/,2023-07-10 12:59:07+00
CONT_AWD_FA862019F2807_9700_FA862017D2000_9700,FA862019F2807,9700,DEPT OF DEFENSE,FA862017D2000,Q: Not Designated Nonemergency/Emergency/Disaster/Wildfire Suppression,,,,,4250010.54,676268.52,4952812.00,4952812.00,2019-08-13,2019,2021-04-28,2021,2019-08-13,2021-05-31,2021-05-31 00:00:00,,2019-05-20,097,Department of Defense,5700,Department of the Air Force,FA8689,FA8689  AFLCMC WIIK        UAS,097,Department of Defense,5700,Department of the Air Force,F4FDAC,F4FDAC AFLCMC MAUS DIVISION WII,057-2019/2020-3600-000;057-2020/2021-3600-000,057-3600,31.0: Equipment,0001: BASIC RESEARCH;OPTN: FIELD IS OPTIONAL PRIOR TO FY21,X,NOT APPLICABLE,,,ZH4NVFG3Z526,824684229,"GENERAL ATOMICS AERONAUTICAL SYSTEMS, INC.","GENERAL ATOMICS AERONAUTICAL SYSTEMS, INC.",US GOV GA AERONAUTICAL UAV,0YJB5,YX6EL4J1WLP9,859181984,GENERAL ATOMICS,GENERAL ATOMICS AERONAUTICAL SYSTEMS  INC.,USA,UNITED STATES,14200 KIRKHAM WAY,,POWAY,06073,SAN DIEGO,06,CA,CALIFORNIA,920647103,CA-52,CA-48,8585256018,,USA,UNITED STATES,POWAY,06073,SAN DIEGO,06,CA,CALIFORNIA,920647103,CA-52,CA-48,AWARD,C,DELIVERY ORDER,,,,,,,U,COST PLUS FIXED FEE,MQ-9 IDENTIFICATION FRIEND OR FOE (IFF) MODE 5 CAPABILITY INTEGRATION TECHNOLOGY MATURATION EFFORT (TME),,1,,,1550,UNMANNED AIRCRAFT,H,NOT BUNDLED,A5,WEAPONS,336411,AIRCRAFT MANUFACTURING,C,NO CLAUSES INCLUDED AND NO SUSTAINABILITY INCLUDED,A,U.S. OWNED BUSINESS,424,MQ-9 REAPER,Z,NOT IT PRODUCTS OR SERVICES,E,NOT REQUIRED,USA,UNITED STATES,D,MFG IN U.S.,B,PLAN NOT REQUIRED,C,NOT COMPETED,SSS,ONLY ONE SOURCE,,,NONE,NO PREFERENCE USED,,,,,FOC,FOLLOW-ON CONTRACT (FAR 6.302-1(A)(2)(II/III)),,D,COMMERCIAL ITEM PROCEDURES NOT USED,f,N,NO,N,NO,X,NOT APPLICABLE,N,NO,0.00,N,NO,X,NOT APPLICABLE,X,NOT APPLICABLE,X,NOT APPLICABLE,X,NOT APPLICABLE,,,B,IDC,S,SINGLE AWARD,,NONE,NONE,N,NO,,,N,TRANSACTION DOES NOT USE GFE/GFP,U,UNKNOWN,D,NOT CONSOLIDATED,X,NOT APPLICABLE,N,NO,Z,NOT APPLICABLE,N,NO,X,NOT APPLICABLE,f,f,f,f,f,f,f,f,f,f,f,f,f,f,f,f,f,f,f,OTHER THAN SMALL BUSINESS,O,f,f,f,f,f,f,f,f,f,f,f,f,f,f,f,f,f,CORPORATE NOT TAX EXEMPT,t,f,f,f,f,f,f,f,f,f,f,f,f,f,f,f,f,t,f,f,f,f,f,f,f,f,f,f,t,f,f,f,f,f,f,f,f,f,f,f,f,f,f,f,f,f,f,f,f,f,LINDEN P BLUE,2433022.00,JAMES N BLUE,2276657.00,DAVID R ALEXANDER,1955403.00,BARTON B ROPER,956408.00,ELIAHU  YEHEZKEL,928770.00,https://www.usaspending.gov/award/CONT_AWD_FA862019F2807_9700_FA862017D2000_9700/,2021-05-28 16:51:39+00
CONT_AWD_FA862019F2810_9700_FA862017D2000_9700,FA862019F2810,9700,DEPT OF DEFENSE,FA862017D2000,Q: Not Designated Nonemergency/Emergency/Disaster/Wildfire Suppression,,,,,11521795.21,270656.70,13184122.75,13184122.75,2019-08-02,2019,2024-09-09,2024,2019-08-02,2022-07-31,2022-07-31 00:00:00,,2019-06-20,097,Department of Defense,5700,Department of the Air Force,FA8689,FA8689  AFLCMC WIIK        UAS,097,Department of Defense,5700,Department of the Air Force,F4FDAC,F4FDAC AFLCMC MAUS DIVISION WII,057-2019/2020-3600-000;057-2020/2021-3600-000;057-2021/2022-3600-000,057-3600,31.0: Equipment,0001: BASIC RESEARCH;0002: APPLIED RESEARCH;OPTN: FIELD IS OPTIONAL PRIOR TO FY21,X,NOT APPLICABLE,,,ZH4NVFG3Z526,,"GENERAL ATOMICS AERONAUTICAL SYSTEMS, INC.","GENERAL ATOMICS AERONAUTICAL SYSTEMS, INC.",US GOV GA AERONAUTICAL UAV,0YJB5,ZH4NVFG3Z526,,"GENERAL ATOMICS AERONAUTICAL SYSTEMS, INC.",GENERAL ATOMIC TECHNOLOGIES CORPORATION,USA,UNITED STATES,14200 KIRKHAM WAY,,POWAY,06073,SAN DIEGO,06,CA,CALIFORNIA,920647103,CA-48,CA-48,8585256018,,USA,UNITED STATES,POWAY,06073,SAN DIEGO,06,CA,CALIFORNIA,920647103,CA-48,CA-48,AWARD,C,DELIVERY ORDER,,,,,,,U,COST PLUS FIXED FEE,MQ-9 REAPER CLEAN-UP HITTER 2 (CUH2),,1,,,1550,UNMANNED AIRCRAFT,H,NOT BUNDLED,A7,ELECTRONICS AND COMMUNICATION EQUIPMENT,336411,AIRCRAFT MANUFACTURING,C,NO CLAUSES INCLUDED AND NO SUSTAINABILITY INCLUDED,A,U.S. OWNED BUSINESS,424,MQ-9 REAPER,Z,NOT IT PRODUCTS OR SERVICES,E,NOT REQUIRED,USA,UNITED STATES,D,MFG IN U.S.,B,PLAN NOT REQUIRED,C,NOT COMPETED,SSS,ONLY ONE SOURCE,,,NONE,NO PREFERENCE USED,,,,,FOC,FOLLOW-ON CONTRACT (FAR 6.302-1(A)(2)(II/III)),,D,COMMERCIAL PRODUCTS/SERVICES PROCEDURES NOT USED,f,N,NO,N,NO,X,NOT APPLICABLE,N,NO,,N,NO,X,NOT APPLICABLE,X,NOT APPLICABLE,X,NOT APPLICABLE,X,NOT APPLICABLE,,,B,IDC,S,SINGLE AWARD,,,,N,NO,,,N,TRANSACTION DOES NOT USE GFE/GFP,U,UNKNOWN,D,NOT CONSOLIDATED,X,NOT APPLICABLE,N,NO,Z,NOT APPLICABLE,N,NO,X,NOT APPLICABLE,f,f,f,f,f,f,f,f,f,f,f,f,f,f,f,f,f,f,f,OTHER THAN SMALL BUSINESS,O,f,f,f,f,f,f,f,f,f,f,f,f,f,f,f,f,f,CORPORATE NOT TAX EXEMPT,t,f,f,f,f,f,f,f,f,f,f,f,f,f,f,f,f,t,f,f,f,f,f,f,f,f,f,f,t,f,f,f,f,f,f,f,f,f,f,f,f,f,f,f,f,f,f,f,f,f,JAMES N BLUE,3276593.00,LINDEN P BLUE,2771930.00,DAVID R ALEXANDER,2537917.00,BARTON B ROPER,1220781.00,FRED  DARLINGTON,1169891.00,https://www.usaspending.gov/award/CONT_AWD_FA862019F2810_9700_FA862017D2000_9700/,2024-09-10 10:19:46+00
CONT_AWD_FA862019F2812_9700_FA862017D2000_9700,FA862019F2812,9700,DEPT OF DEFENSE,FA862017D2000,Q: Not Designated Nonemergency/Emergency/Disaster/Wildfire Suppression,,,,,13417322.92,1176884.08,25438374.82,25438374.82,2019-01-31,2019,2024-04-08,2024,2019-01-31,2022-05-30,2022-05-30 00:00:00,,2018-12-21,097,Department of Defense,9763,Defense Contract Management Agency,S0303A,DCMA SPECIAL PRGMS UNMANNED SYSTEMS,097,Department of Defense,5700,Department of the Air Force,F4FDAC,F4FDAC AFLCMC MAUS DIVISION WII,057-2017/2019-3010-000;057-2018/2020-3010-000;057-2019/2021-3010-000,057-3010,31.0: Equipment,0001: COMBAT AIRCRAFT;OPTN: FIELD IS OPTIONAL PRIOR TO FY21,X,NOT APPLICABLE,,,ZH4NVFG3Z526,,"GENERAL ATOMICS AERONAUTICAL SYSTEMS, INC.","GENERAL ATOMICS AERONAUTICAL SYSTEMS, INC.",US GOV GA AERONAUTICAL UAV,0YJB5,YX6EL4J1WLP9,,GENERAL ATOMICS,GENERAL ATOMIC TECHNOLOGIES CORPORATION,USA,UNITED STATES,14200 KIRKHAM WAY,,POWAY,06073,SAN DIEGO,06,CA,CALIFORNIA,920647103,CA-48,CA-48,8585256018,,USA,UNITED STATES,POWAY,06073,SAN DIEGO,06,CA,CALIFORNIA,920647103,CA-48,CA-48,AWARD,C,DELIVERY ORDER,,,,,,,U,COST PLUS FIXED FEE,"MQ-9 GPS ANTI-JAM ANTENNA SYSTEM, EQUIPMENT",,1,,,1550,UNMANNED AIRCRAFT,H,NOT BUNDLED,A1A,AIRFRAMES AND SPARES,336411,AIRCRAFT MANUFACTURING,C,NO CLAUSES INCLUDED AND NO SUSTAINABILITY INCLUDED,A,U.S. OWNED BUSINESS,424,MQ-9 REAPER,Z,NOT IT PRODUCTS OR SERVICES,E,NOT REQUIRED,USA,UNITED STATES,D,MFG IN U.S.,B,PLAN NOT REQUIRED,C,NOT COMPETED,SSS,ONLY ONE SOURCE,,,NONE,NO PREFERENCE USED,,,,,FOC,FOLLOW-ON CONTRACT (FAR 6.302-1(A)(2)(II/III)),,D,COMMERCIAL PRODUCTS/SERVICES PROCEDURES NOT USED,f,N,NO,N,NO,X,NOT APPLICABLE,N,NO,,N,NO,X,NOT APPLICABLE,X,NOT APPLICABLE,X,NOT APPLICABLE,X,NOT APPLICABLE,,,B,IDC,S,SINGLE AWARD,,,,N,NO,,,N,TRANSACTION DOES NOT USE GFE/GFP,U,UNKNOWN,D,NOT CONSOLIDATED,X,NOT APPLICABLE,N,NO,Z,NOT APPLICABLE,N,NO,X,NOT APPLICABLE,f,f,f,f,f,f,f,f,f,f,f,f,f,f,f,f,f,f,f,OTHER THAN SMALL BUSINESS,O,f,f,f,f,f,f,f,f,f,f,f,f,f,f,f,f,f,CORPORATE NOT TAX EXEMPT,t,f,f,f,f,f,f,f,f,f,f,f,f,f,f,f,f,t,f,f,f,f,f,f,f,f,f,f,t,f,f,f,f,f,f,f,f,f,f,f,f,f,f,f,f,f,f,f,f,f,JAMES N BLUE,3276593.00,LINDEN P BLUE,2771930.00,DAVID R ALEXANDER,2537917.00,BARTON B ROPER,1220781.00,FRED  DARLINGTON,1169891.00,https://www.usaspending.gov/award/CONT_AWD_FA862019F2812_9700_FA862017D2000_9700/,2024-04-08 12:10:33+00
CONT_AWD_FA862019F2815_9700_FA862017D2000_9700,FA862019F2815,9700,DEPT OF DEFENSE,FA862017D2000,Q: Not Designated Nonemergency/Emergency/Disaster/Wildfire Suppression,,,,,7074213.80,1215918.50,8524699.00,8524699.00,2019-08-12,2019,2024-07-12,2024,2019-08-12,2021-08-09,2021-08-09 00:00:00,,2019-07-26,097,Department of Defense,9763,Defense Contract Management Agency,S0303A,DCMA SPECIAL PRGMS UNMANNED SYSTEMS,097,Department of Defense,5700,Department of the Air Force,F4FDAG,F4FDAG AFLCMC WI SHARED,057-2018/2019-3600-000;057-2020/2021-3600-000,057-3600,31.0: Equipment,0001: BASIC RESEARCH;OPTN: FIELD IS OPTIONAL PRIOR TO FY21,X,NOT APPLICABLE,,,ZH4NVFG3Z526,,"GENERAL ATOMICS AERONAUTICAL SYSTEMS, INC.","GENERAL ATOMICS AERONAUTICAL SYSTEMS, INC.",US GOV GA AERONAUTICAL UAV,0YJB5,ZH4NVFG3Z526,,"GENERAL ATOMICS AERONAUTICAL SYSTEMS, INC.",GENERAL ATOMIC TECHNOLOGIES CORPORATION,USA,UNITED STATES,14200 KIRKHAM WAY,,POWAY,06073,SAN DIEGO,06,CA,CALIFORNIA,920647103,CA-48,CA-48,8585256018,,USA,UNITED STATES,POWAY,06073,SAN DIEGO,06,CA,CALIFORNIA,920647103,CA-48,CA-48,AWARD,C,DELIVERY ORDER,,,,,,,U,COST PLUS FIXED FEE,MQ-9 BATTERY TECHNICAL MATURATION EFFORT (TME),,1,,,1550,UNMANNED AIRCRAFT,H,NOT BUNDLED,A1A,AIRFRAMES AND SPARES,336411,AIRCRAFT MANUFACTURING,C,NO CLAUSES INCLUDED AND NO SUSTAINABILITY INCLUDED,A,U.S. OWNED BUSINESS,424,MQ-9 REAPER,Z,NOT IT PRODUCTS OR SERVICES,E,NOT REQUIRED,USA,UNITED STATES,D,MFG IN U.S.,B,PLAN NOT REQUIRED,C,NOT COMPETED,SSS,ONLY ONE SOURCE,,,NONE,NO PREFERENCE USED,,,,,FOC,FOLLOW-ON CONTRACT (FAR 6.302-1(A)(2)(II/III)),,D,COMMERCIAL PRODUCTS/SERVICES PROCEDURES NOT USED,f,N,NO,N,NO,X,NOT APPLICABLE,N,NO,,N,NO,X,NOT APPLICABLE,X,NOT APPLICABLE,X,NOT APPLICABLE,X,NOT APPLICABLE,,,B,IDC,S,SINGLE AWARD,,,,N,NO,,,Y,TRANSACTION USES GFE/GFP,U,UNKNOWN,D,NOT CONSOLIDATED,X,NOT APPLICABLE,N,NO,Z,NOT APPLICABLE,N,NO,X,NOT APPLICABLE,f,f,f,f,f,f,f,f,f,f,f,f,f,f,f,f,f,f,f,OTHER THAN SMALL BUSINESS,O,f,f,f,f,f,f,f,f,f,f,f,f,f,f,f,f,f,CORPORATE NOT TAX EXEMPT,t,f,f,f,f,f,f,f,f,f,f,f,f,f,f,f,f,t,f,f,f,f,f,f,f,f,f,f,t,f,f,f,f,f,f,f,f,f,f,f,f,f,f,f,f,f,f,f,f,f,JAMES N BLUE,3276593.00,LINDEN P BLUE,2771930.00,DAVID R ALEXANDER,2537917.00,BARTON B ROPER,1220781.00,FRED  DARLINGTON,1169891.00,https://www.usaspending.gov/award/CONT_AWD_FA862019F2815_9700_FA862017D2000_9700/,2025-04-26 12:29:38+00
CONT_AWD_FA862020C2007_9700_-NONE-_-NONE-,FA862020C2007,,,,Q: Not Designated Nonemergency/Emergency/Disaster/Wildfire Suppression,,,,,15151055.00,0.00,16297263.00,29242907.00,2020-09-03,2020,2023-09-21,2023,2020-08-01,2023-09-29,2023-09-29 00:00:00,,2019-12-06,097,Department of Defense,5700,Department of the Air Force,FA8689,FA8689  AFLCMC WIIK        UAS,097,Department of Defense,5700,Department of the Air Force,F4FDAC,F4FDAC AFLCMC MAUS DIVISION WII,057-2020/2021-3600-000;057-2021/2022-3600-000,057-3600,31.0: Equipment,0001: BASIC RESEARCH;0002: APPLIED RESEARCH;OPTN: FIELD IS OPTIONAL PRIOR TO FY21,X,NOT APPLICABLE,,,HEBCLD22EJD1,,RAYTHEON COMPANY,RAYTHEON COMPANY,RAYTHEON,96214,EGAVSJTA2D81,,ROCKWELL COLLINS AUSTRALIA PTY LIMITED,RAYTHEON COMPANY,USA,UNITED STATES,2501 W UNIVERSITY DR,,MCKINNEY,48085,COLLIN,48,TX,TEXAS,750711300,TX-03,TX-03,3106479438,3106473536,USA,UNITED STATES,MCKINNEY,48085,COLLIN,48,TX,TEXAS,750711300,TX-03,TX-03,AWARD,D,DEFINITIVE CONTRACT,,,,,,,U,COST PLUS FIXED FEE,MQ-9 REAPER MULTI-SPECTRAL TARGETING SYSTEM (MTS) SOFTWARE,,1,,,1550,UNMANNED AIRCRAFT,H,NOT BUNDLED,A1A,AIRFRAMES AND SPARES,336411,AIRCRAFT MANUFACTURING,C,NO CLAUSES INCLUDED AND NO SUSTAINABILITY INCLUDED,A,U.S. OWNED BUSINESS,424,MQ-9 REAPER,Z,NOT IT PRODUCTS OR SERVICES,E,NOT REQUIRED,USA,UNITED STATES,D,MFG IN U.S.,H,DOD COMPREHENSIVE SUBCONTRACT PLAN,C,NOT COMPETED,SSS,ONLY ONE SOURCE,NONE,NO SET ASIDE USED.,NONE,NO PREFERENCE USED,,,,,ONE,ONLY ONE SOURCE-OTHER (FAR 6.302-1 OTHER),1,D,COMMERCIAL PRODUCTS/SERVICES PROCEDURES NOT USED,f,N,NO,N,NO,X,NOT APPLICABLE,N,NO,0.00,N,NO,X,NOT APPLICABLE,X,NOT APPLICABLE,X,NOT APPLICABLE,X,NOT APPLICABLE,,,,,,,,NONE,NONE,Y,YES,Y,YES - CAS CLAUSE INCLUDED,Y,TRANSACTION USES GFE/GFP,U,UNKNOWN,D,NOT CONSOLIDATED,X,NOT APPLICABLE,N,NO,Z,NOT APPLICABLE,N,NO,X,NOT APPLICABLE,f,f,f,f,f,f,f,f,f,f,f,f,f,f,f,f,f,f,f,OTHER THAN SMALL BUSINESS,O,f,f,f,f,f,f,f,f,f,f,f,f,f,f,f,f,f,CORPORATE NOT TAX EXEMPT,t,f,f,f,f,f,f,f,f,f,f,f,t,f,f,f,f,t,f,f,f,f,f,f,f,f,f,f,t,f,f,f,f,f,f,f,f,f,f,f,f,f,f,f,f,f,f,f,f,f,,,,,,,,,,,https://www.usaspending.gov/award/CONT_AWD_FA862020C2007_9700_-NONE-_-NONE-/,2023-09-21 20:14:18+00
CONT_AWD_FA862020F2043_9700_NNG15SC41B_8000,FA862020F2043,8000,NATIONAL AERONAUTICS AND SPACE ADMINISTRATION,NNG15SC41B,Q: Not Designated Nonemergency/Emergency/Disaster/Wildfire Suppression,,,,,49396.02,0.00,49396.02,49396.02,2020-09-03,2020,2020-09-03,2020,2020-10-22,2020-10-22,2020-10-22 00:00:00,,,097,Department of Defense,5700,Department of the Air Force,FA8620,FA8620  AFLCMC WIJK    BIG SAFARI,097,Department of Defense,5700,Department of the Air Force,F4FDAG,F4FDAG AFLCMC WI SHARED,057-2020/2022-3080-000,057-3080,31.0: Equipment,OPTN: FIELD IS OPTIONAL PRIOR TO FY21,X,NOT APPLICABLE,,,Q2M4FYALZJ89,827714507,"IRON BOW TECHNOLOGIES, LLC","IRON BOW TECHNOLOGIES, LLC",,55RC1,RP3QMXPJD251,968415781,"IRON BOW TECHNOLOGIES, LLC",,USA,UNITED STATES,2303 DULLES STATION BLVD STE 400,,HERNDON,51059,FAIRFAX,51,VA,VIRGINIA,201716353,VA-11,VA-11,7032796779,,USA,UNITED STATES,POWAY,06073,SAN DIEGO,06,CA,CALIFORNIA,920647103,CA-52,CA-48,AWARD,C,DELIVERY ORDER,,,,,,,J,FIRM FIXED PRICE,COMPUTER NETWORKING EQUIPMENT,,1,,,1550,UNMANNED AIRCRAFT,H,NOT BUNDLED,A7,ELECTRONICS AND COMMUNICATION EQUIPMENT,541519,OTHER COMPUTER RELATED SERVICES,C,NO CLAUSES INCLUDED AND NO SUSTAINABILITY INCLUDED,A,U.S. OWNED BUSINESS,424,MQ-9 REAPER,Z,NOT IT PRODUCTS OR SERVICES,E,NOT REQUIRED,USA,UNITED STATES,D,MFG IN U.S.,C,PLAN REQUIRED - INCENTIVE NOT INCLUDED,A,FULL AND OPEN COMPETITION,MAFO,SUBJECT TO MULTIPLE AWARD FAIR OPPORTUNITY,,,NONE,NO PREFERENCE USED,,,FAIR,FAIR OPPORTUNITY GIVEN,,,7,A,COMMERCIAL ITEM,f,N,NO,N,NO,Y,YES,N,NO,,N,NO,X,NOT APPLICABLE,X,NOT APPLICABLE,X,NOT APPLICABLE,X,NOT APPLICABLE,,,A,GWAC,M,MULTIPLE AWARD,,NONE,NONE,,,,,N,TRANSACTION DOES NOT USE GFE/GFP,U,UNKNOWN,D,NOT CONSOLIDATED,X,NOT APPLICABLE,,,Z,NOT APPLICABLE,N,NO,X,NOT APPLICABLE,f,f,f,f,f,f,f,f,f,f,f,f,f,f,f,f,f,f,f,OTHER THAN SMALL BUSINESS,O,f,f,f,f,f,f,f,f,f,f,f,f,f,f,f,f,f,OTHER,f,f,f,f,f,f,f,f,f,f,f,f,f,f,f,f,f,t,f,f,f,f,f,f,f,f,t,f,t,f,f,f,f,f,f,f,f,f,f,f,f,f,f,f,f,f,f,f,f,f,RENE  LAVIGNE,3512000.00,STUART  STRANG,2468350.00,CHARLES  CURRAN,1224500.00,JOHN  HANIFAN,802516.00,MARC  MERCILLIOTT,1196000.00,https://www.usaspending.gov/award/CONT_AWD_FA862020F2043_9700_NNG15SC41B_8000/,2020-09-10 12:14:28+00
CONT_AWD_FA862020F2383_9700_FA862015G4040_9700,FA862020F2383,9700,DEPT OF DEFENSE,FA862015G4040,Q: Not Designated Nonemergency/Emergency/Disaster/Wildfire Suppression,,,,,42413164.36,1091586.85,42413164.36,42413164.36,2019-10-03,2020,2026-02-12,2026,2019-10-03,2026-04-30,2026-04-30 00:00:00,,2018-08-09,097,Department of Defense,5700,Department of the Air Force,FA8689,FA8689  AFLCMC WIIK        UAS,097,Department of Defense,5700,Department of the Air Force,F4FDAC,F4FDAC AFLCMC MAUS DIVISION WII,057-2019/2020-3600-000;057-2020/2021-3600-000;057-2021/2022-3600-000,057-3600,31.0: Equipment,0001: BASIC RESEARCH;0002: APPLIED RESEARCH;OPTN: FIELD IS OPTIONAL PRIOR TO FY21,X,NOT APPLICABLE,,,ZH4NVFG3Z526,,"GENERAL ATOMICS AERONAUTICAL SYSTEMS, INC.","GENERAL ATOMICS AERONAUTICAL SYSTEMS, INC.",,0YJB5,ZH4NVFG3Z526,,"GENERAL ATOMICS AERONAUTICAL SYSTEMS, INC.",GENERAL ATOMIC TECHNOLOGIES CORPORATION,USA,UNITED STATES,14200 KIRKHAM WAY,,POWAY,06073,SAN DIEGO,06,CA,CALIFORNIA,920647103,CA-48,CA-48,8585256451,8583122920,USA,UNITED STATES,POWAY,06073,SAN DIEGO,06,CA,CALIFORNIA,920647103,CA-48,CA-48,AWARD,C,DELIVERY ORDER,,,,,,,U,COST PLUS FIXED FEE,MQ-9 REAPER LINK-16 INTEGRATION,,1,,,1550,UNMANNED AIRCRAFT,H,NOT BUNDLED,A7,ELECTRONICS AND COMMUNICATION EQUIPMENT,336411,AIRCRAFT MANUFACTURING,C,NO CLAUSES INCLUDED AND NO SUSTAINABILITY INCLUDED,A,U.S. OWNED BUSINESS,424,MQ-9 REAPER,Z,NOT IT PRODUCTS OR SERVICES,E,NOT REQUIRED,USA,UNITED STATES,D,MFG IN U.S.,B,PLAN NOT REQUIRED,C,NOT COMPETED,SSS,ONLY ONE SOURCE,NONE,NO SET ASIDE USED.,NONE,NO PREFERENCE USED,,,,,ONE,ONLY ONE SOURCE-OTHER (FAR 6.302-1 OTHER),1,D,COMMERCIAL PRODUCTS/SERVICES PROCEDURES NOT USED,f,,,N,NO,,,N,NO,,N,NO,X,NOT APPLICABLE,X,NOT APPLICABLE,X,NOT APPLICABLE,X,NOT APPLICABLE,,,D,BOA,S,SINGLE AWARD,,,,,,,,N,TRANSACTION DOES NOT USE GFE/GFP,U,UNKNOWN,D,NOT CONSOLIDATED,X,NOT APPLICABLE,,,Z,NOT APPLICABLE,N,NO,X,NOT APPLICABLE,f,f,f,f,f,f,f,f,f,f,f,f,f,f,f,f,f,f,f,OTHER THAN SMALL BUSINESS,O,f,f,f,f,f,f,f,f,f,f,f,f,f,f,f,f,f,CORPORATE NOT TAX EXEMPT,t,f,f,f,f,f,f,f,f,f,f,f,t,f,f,f,f,t,f,f,f,f,f,f,f,f,f,f,t,f,f,f,f,f,f,f,f,f,f,f,f,f,f,f,f,f,f,f,f,f,JAMES N BLUE,4379465.00,LINDEN P BLUE,4174909.00,DAVID R ALEXANDER,3812516.00,BART B ROPER,1975922.00,W D WILSON IV,1600128.00,https://www.usaspending.gov/award/CONT_AWD_FA862020F2383_9700_FA862015G4040_9700/,2026-02-12 12:42:31+00
CONT_AWD_FA862020F2390_9700_FA862015G4040_9700,FA862020F2390,9700,DEPT OF DEFENSE,FA862015G4040,,,,,,33348682.70,,33348682.70,33348682.70,2019-10-25,2020,2025-12-03,2026,2019-10-25,2026-07-31,2026-07-31 00:00:00,,2019-03-08,097,Department of Defense,5700,Department of the Air Force,FA8689,FA8689  AFLCMC WIIK        UAS,097,Department of Defense,5700,Department of the Air Force,F4FDAC,F4FDAC AFLCMC MAUS DIVISION WII,,,,,A,FOREIGN FUNDS FMS,,,ZH4NVFG3Z526,,"GENERAL ATOMICS AERONAUTICAL SYSTEMS, INC.","GENERAL ATOMICS AERONAUTICAL SYSTEMS, INC.",,0YJB5,ZH4NVFG3Z526,,"GENERAL ATOMICS AERONAUTICAL SYSTEMS, INC.",GENERAL ATOMIC TECHNOLOGIES CORPORATION,USA,UNITED STATES,14200 KIRKHAM WAY,,POWAY,06073,SAN DIEGO,06,CA,CALIFORNIA,920647103,CA-48,CA-48,8585256451,8583122920,USA,UNITED STATES,POWAY,06073,SAN DIEGO,06,CA,CALIFORNIA,920647103,CA-48,CA-48,AWARD,C,DELIVERY ORDER,,,,,,,J,FIRM FIXED PRICE,MQ-9 BLOCK 5 WEAPONIZATION AND FOREIGN MILITARY SALES (FMS) POD INTEGRATION (FRANCE),,1,,,1550,UNMANNED AIRCRAFT,H,NOT BUNDLED,A1A,AIRFRAMES AND SPARES,336411,AIRCRAFT MANUFACTURING,C,NO CLAUSES INCLUDED AND NO SUSTAINABILITY INCLUDED,A,U.S. OWNED BUSINESS,424,MQ-9 REAPER,Z,NOT IT PRODUCTS OR SERVICES,E,NOT REQUIRED,USA,UNITED STATES,D,MFG IN U.S.,F,INDIVIDUAL SUBCONTRACT PLAN,B,NOT AVAILABLE FOR COMPETITION,SSS,ONLY ONE SOURCE,NONE,NO SET ASIDE USED.,NONE,NO PREFERENCE USED,,,,,IA,INTERNATIONAL AGREEMENT (FAR 6.302-4),1,D,COMMERCIAL PRODUCTS/SERVICES PROCEDURES NOT USED,f,,,N,NO,,,N,NO,,N,NO,X,NOT APPLICABLE,X,NOT APPLICABLE,X,NOT APPLICABLE,X,NOT APPLICABLE,,,D,BOA,S,SINGLE AWARD,,,,,,,,N,TRANSACTION DOES NOT USE GFE/GFP,U,UNKNOWN,D,NOT CONSOLIDATED,X,NOT APPLICABLE,,,Z,NOT APPLICABLE,N,NO,X,NOT APPLICABLE,f,f,f,f,f,f,f,f,f,f,f,f,f,f,f,f,f,f,f,OTHER THAN SMALL BUSINESS,O,f,f,f,f,f,f,f,f,f,f,f,f,f,f,f,f,f,CORPORATE NOT TAX EXEMPT,t,f,f,f,f,f,f,f,f,f,f,f,t,f,f,f,f,t,f,f,f,f,f,f,f,f,f,f,t,f,f,f,f,f,f,f,f,f,f,f,f,f,f,f,f,f,f,f,f,f,JAMES N BLUE,4379465.00,LINDEN P BLUE,4174909.00,DAVID R ALEXANDER,3812516.00,BART B ROPER,1975922.00,W D WILSON IV,1600128.00,https://www.usaspending.gov/award/CONT_AWD_FA862020F2390_9700_FA862015G4040_9700/,2025-12-03 19:14:00+00
CONT_AWD_FA862020F2401_9700_FA862017D2000_9700,FA862020F2401,9700,DEPT OF DEFENSE,FA862017D2000,N: Emergency P.L. 116-136;Q: Not Designated Nonemergency/Emergency/Disaster/Wildfire Suppression,0,2825938.00,,,26535990.17,0.00,26744137.14,35383238.65,2020-09-25,2020,2026-05-06,2026,2020-09-30,2024-03-31,2024-03-31 00:00:00,,2019-11-19,097,Department of Defense,9763,Defense Contract Management Agency,S0303A,DCMA SPECIAL PRGMS UNMANNED SYSTEMS,097,Department of Defense,5700,Department of the Air Force,F4FDAC,F4FDAC AFLCMC MAUS DIVISION WII,057-2020/2020-3400-000;057-2020/2022-3010-000,057-3010;057-3400,25.7: Operation and maintenance of equipment;31.0: Equipment,0001: COMBAT AIRCRAFT;0001: OPERATING FORCES;OPTN: FIELD IS OPTIONAL PRIOR TO FY21,X,NOT APPLICABLE,,,ZH4NVFG3Z526,,"GENERAL ATOMICS AERONAUTICAL SYSTEMS, INC.","GENERAL ATOMICS AERONAUTICAL SYSTEMS, INC.",US GOV GA AERONAUTICAL UAV,0YJB5,ZH4NVFG3Z526,,"GENERAL ATOMICS AERONAUTICAL SYSTEMS, INC.",GENERAL ATOMIC TECHNOLOGIES CORPORATION,USA,UNITED STATES,14200 KIRKHAM WAY,,POWAY,06073,SAN DIEGO,06,CA,CALIFORNIA,920647103,CA-48,CA-48,8585256018,,USA,UNITED STATES,POWAY,06073,SAN DIEGO,06,CA,CALIFORNIA,920647103,CA-48,CA-48,AWARD,C,DELIVERY ORDER,,,,,,,U,COST PLUS FIXED FEE,MQ-9 REAPER GROUND CONTROL STATION AND AIRFRAME SPARES ORGANIC DEPOT,,1,,,1550,UNMANNED AIRCRAFT,H,NOT BUNDLED,A1C,OTHER AIRCRAFT EQUIPMENT,336411,AIRCRAFT MANUFACTURING,C,NO CLAUSES INCLUDED AND NO SUSTAINABILITY INCLUDED,A,U.S. OWNED BUSINESS,424,MQ-9 REAPER,Z,NOT IT PRODUCTS OR SERVICES,E,NOT REQUIRED,USA,UNITED STATES,D,MFG IN U.S.,B,PLAN NOT REQUIRED,C,NOT COMPETED,SSS,ONLY ONE SOURCE,,,NONE,NO PREFERENCE USED,,,,,FOC,FOLLOW-ON CONTRACT (FAR 6.302-1(A)(2)(II/III)),,D,COMMERCIAL PRODUCTS/SERVICES PROCEDURES NOT USED,f,N,NO,N,NO,X,NOT APPLICABLE,N,NO,,N,NO,X,NOT APPLICABLE,X,NOT APPLICABLE,X,NOT APPLICABLE,X,NOT APPLICABLE,,,B,IDC,S,SINGLE AWARD,,,,N,NO,,,N,TRANSACTION DOES NOT USE GFE/GFP,U,UNKNOWN,D,NOT CONSOLIDATED,X,NOT APPLICABLE,N,NO,Z,NOT APPLICABLE,N,NO,X,NOT APPLICABLE,f,f,f,f,f,f,f,f,f,f,f,f,f,f,f,f,f,f,f,OTHER THAN SMALL BUSINESS,O,f,f,f,f,f,f,f,f,f,f,f,f,f,f,f,f,f,CORPORATE NOT TAX EXEMPT,t,f,f,f,f,f,f,f,f,f,f,f,f,f,f,f,f,t,f,f,f,f,f,f,f,f,f,f,t,f,f,f,f,f,f,f,f,f,f,f,f,f,f,f,f,f,f,f,f,f,JAMES N BLUE,4379465.00,LINDEN P BLUE,4174909.00,DAVID R ALEXANDER,3812516.00,BART B ROPER,1975922.00,W D WILSON IV,1600128.00,https://www.usaspending.gov/award/CONT_AWD_FA862020F2401_9700_FA862017D2000_9700/,2026-05-07 17:41:43+00
CONT_AWD_FA862020F2817_9700_FA862017D2000_9700,FA862020F2817,9700,DEPT OF DEFENSE,FA862017D2000,Q: Not Designated Nonemergency/Emergency/Disaster/Wildfire Suppression,,,,,31278555.05,0.00,31278555.05,31278555.05,2020-07-02,2020,2026-01-12,2026,2020-07-02,2025-03-31,2025-03-31 00:00:00,,2019-07-05,097,Department of Defense,5700,Department of the Air Force,FA8689,FA8689  AFLCMC WIIK        UAS,097,Department of Defense,5700,Department of the Air Force,F4FDAC,F4FDAC AFLCMC MAUS DIVISION WII,057-2019/2021-3010-000,057-3010,31.0: Equipment,0001: COMBAT AIRCRAFT;OPTN: FIELD IS OPTIONAL PRIOR TO FY21,X,NOT APPLICABLE,,,ZH4NVFG3Z526,,"GENERAL ATOMICS AERONAUTICAL SYSTEMS, INC.","GENERAL ATOMICS AERONAUTICAL SYSTEMS, INC.",US GOV GA AERONAUTICAL UAV,0YJB5,ZH4NVFG3Z526,,"GENERAL ATOMICS AERONAUTICAL SYSTEMS, INC.",GENERAL ATOMIC TECHNOLOGIES CORPORATION,USA,UNITED STATES,14200 KIRKHAM WAY,,POWAY,06073,SAN DIEGO,06,CA,CALIFORNIA,920647103,CA-48,CA-48,8585256018,,USA,UNITED STATES,POWAY,06073,SAN DIEGO,06,CA,CALIFORNIA,920647103,CA-48,CA-48,AWARD,C,DELIVERY ORDER,,,,,,,J,FIRM FIXED PRICE,MQ-9 REAPER AUTOMATIC TAKEOFF AND LANDING CAPABILITY (ATLC),,1,,,1550,UNMANNED AIRCRAFT,H,NOT BUNDLED,A1C,OTHER AIRCRAFT EQUIPMENT,336411,AIRCRAFT MANUFACTURING,C,NO CLAUSES INCLUDED AND NO SUSTAINABILITY INCLUDED,A,U.S. OWNED BUSINESS,424,MQ-9 REAPER,Z,NOT IT PRODUCTS OR SERVICES,E,NOT REQUIRED,USA,UNITED STATES,D,MFG IN U.S.,B,PLAN NOT REQUIRED,C,NOT COMPETED,SSS,ONLY ONE SOURCE,,,NONE,NO PREFERENCE USED,,,,,FOC,FOLLOW-ON CONTRACT (FAR 6.302-1(A)(2)(II/III)),,D,COMMERCIAL PRODUCTS/SERVICES PROCEDURES NOT USED,f,N,NO,N,NO,X,NOT APPLICABLE,N,NO,,N,NO,X,NOT APPLICABLE,X,NOT APPLICABLE,X,NOT APPLICABLE,X,NOT APPLICABLE,,,B,IDC,S,SINGLE AWARD,,,,N,NO,,,Y,TRANSACTION USES GFE/GFP,U,UNKNOWN,D,NOT CONSOLIDATED,X,NOT APPLICABLE,N,NO,Z,NOT APPLICABLE,N,NO,X,NOT APPLICABLE,f,f,f,f,f,f,f,f,f,f,f,f,f,f,f,f,f,f,f,OTHER THAN SMALL BUSINESS,O,f,f,f,f,f,f,f,f,f,f,f,f,f,f,f,f,f,CORPORATE NOT TAX EXEMPT,t,f,f,f,f,f,f,f,f,f,f,f,f,f,f,f,f,t,f,f,f,f,f,f,f,f,f,f,t,f,f,f,f,f,f,f,f,f,f,f,f,f,f,f,f,f,f,f,f,f,JAMES N BLUE,4379465.00,LINDEN P BLUE,4174909.00,DAVID R ALEXANDER,3812516.00,BART B ROPER,1975922.00,W D WILSON IV,1600128.00,https://www.usaspending.gov/award/CONT_AWD_FA862020F2817_9700_FA862017D2000_9700/,2026-01-12 17:08:03+00
CONT_AWD_FA862020F2820_9700_FA862017D2000_9700,FA862020F2820,9700,DEPT OF DEFENSE,FA862017D2000,Q: Not Designated Nonemergency/Emergency/Disaster/Wildfire Suppression,,,,,2845008.01,1056232.68,3008408.00,3008408.00,2019-11-08,2020,2025-04-22,2025,2019-11-08,2020-11-30,2020-11-30 00:00:00,,2018-06-20,097,Department of Defense,9763,Defense Contract Management Agency,S0303A,DCMA SPECIAL PRGMS UNMANNED SYSTEMS,097,Department of Defense,5700,Department of the Air Force,F4FDAC,F4FDAC AFLCMC MAUS DIVISION WII,057-2019/2020-3600-000;057-2020/2021-3600-000,057-3600,31.0: Equipment,0001: BASIC RESEARCH;OPTN: FIELD IS OPTIONAL PRIOR TO FY21,X,NOT APPLICABLE,,,ZH4NVFG3Z526,,"GENERAL ATOMICS AERONAUTICAL SYSTEMS, INC.","GENERAL ATOMICS AERONAUTICAL SYSTEMS, INC.",US GOV GA AERONAUTICAL UAV,0YJB5,ZH4NVFG3Z526,,"GENERAL ATOMICS AERONAUTICAL SYSTEMS, INC.",GENERAL ATOMIC TECHNOLOGIES CORPORATION,USA,UNITED STATES,14200 KIRKHAM WAY,,POWAY,06073,SAN DIEGO,06,CA,CALIFORNIA,920647103,CA-48,CA-48,8585256018,,USA,UNITED STATES,POWAY,06073,SAN DIEGO,06,CA,CALIFORNIA,920647103,CA-48,CA-48,AWARD,C,DELIVERY ORDER,,,,,,,U,COST PLUS FIXED FEE,MQ-9 REAPER LYNX RADAR POLARIZATION FILTER,,1,,,1550,UNMANNED AIRCRAFT,H,NOT BUNDLED,A7,ELECTRONICS AND COMMUNICATION EQUIPMENT,336411,AIRCRAFT MANUFACTURING,C,NO CLAUSES INCLUDED AND NO SUSTAINABILITY INCLUDED,A,U.S. OWNED BUSINESS,424,MQ-9 REAPER,Z,NOT IT PRODUCTS OR SERVICES,E,NOT REQUIRED,USA,UNITED STATES,D,MFG IN U.S.,B,PLAN NOT REQUIRED,C,NOT COMPETED,SSS,ONLY ONE SOURCE,,,NONE,NO PREFERENCE USED,,,,,FOC,FOLLOW-ON CONTRACT (FAR 6.302-1(A)(2)(II/III)),,D,COMMERCIAL PRODUCTS/SERVICES PROCEDURES NOT USED,f,N,NO,N,NO,X,NOT APPLICABLE,N,NO,,N,NO,X,NOT APPLICABLE,X,NOT APPLICABLE,X,NOT APPLICABLE,X,NOT APPLICABLE,,,B,IDC,S,SINGLE AWARD,,,,N,NO,,,N,TRANSACTION DOES NOT USE GFE/GFP,U,UNKNOWN,D,NOT CONSOLIDATED,X,NOT APPLICABLE,N,NO,Z,NOT APPLICABLE,N,NO,X,NOT APPLICABLE,f,f,f,f,f,f,f,f,f,f,f,f,f,f,f,f,f,f,f,OTHER THAN SMALL BUSINESS,O,f,f,f,f,f,f,f,f,f,f,f,f,f,f,f,f,f,CORPORATE NOT TAX EXEMPT,t,f,f,f,f,f,f,f,f,f,f,f,f,f,f,f,f,t,f,f,f,f,f,f,f,f,f,f,t,f,f,f,f,f,f,f,f,f,f,f,f,f,f,f,f,f,f,f,f,f,JAMES N BLUE,3276593.00,LINDEN P BLUE,2771930.00,DAVID R ALEXANDER,2537917.00,BARTON B ROPER,1220781.00,FRED  DARLINGTON,1169891.00,https://www.usaspending.gov/award/CONT_AWD_FA862020F2820_9700_FA862017D2000_9700/,2025-04-22 15:47:10+00
CONT_AWD_FA862020F2823_9700_FA862017D2000_9700,FA862020F2823,9700,DEPT OF DEFENSE,FA862017D2000,Q: Not Designated Nonemergency/Emergency/Disaster/Wildfire Suppression,,,,,4112701.99,495540.75,4979245.00,4979245.00,2020-01-28,2020,2023-09-14,2023,2021-11-30,2022-07-01,2022-07-01 00:00:00,,2019-07-01,097,Department of Defense,9763,Defense Contract Management Agency,S0303A,DCMA SPECIAL PRGMS UNMANNED SYSTEMS,097,Department of Defense,5700,Department of the Air Force,F4FDAC,F4FDAC AFLCMC MAUS DIVISION WII,057-2019/2020-3600-000;057-2020/2021-3600-000;057-2021/2022-3600-000,057-3600,31.0: Equipment,0001: BASIC RESEARCH;0002: APPLIED RESEARCH;OPTN: FIELD IS OPTIONAL PRIOR TO FY21,X,NOT APPLICABLE,,,ZH4NVFG3Z526,,"GENERAL ATOMICS AERONAUTICAL SYSTEMS, INC.","GENERAL ATOMICS AERONAUTICAL SYSTEMS, INC.",US GOV GA AERONAUTICAL UAV,0YJB5,YX6EL4J1WLP9,,GENERAL ATOMICS,GENERAL ATOMIC TECHNOLOGIES CORPORATION,USA,UNITED STATES,14200 KIRKHAM WAY,,POWAY,06073,SAN DIEGO,06,CA,CALIFORNIA,920647103,CA-48,CA-48,8585256018,,USA,UNITED STATES,POWAY,06073,SAN DIEGO,06,CA,CALIFORNIA,920647103,CA-48,CA-48,AWARD,C,DELIVERY ORDER,,,,,,,U,COST PLUS FIXED FEE,PREDATOR REAPER,,1,,,1550,UNMANNED AIRCRAFT,H,NOT BUNDLED,A1C,OTHER AIRCRAFT EQUIPMENT,336411,AIRCRAFT MANUFACTURING,C,NO CLAUSES INCLUDED AND NO SUSTAINABILITY INCLUDED,A,U.S. OWNED BUSINESS,424,MQ-9 REAPER,Z,NOT IT PRODUCTS OR SERVICES,E,NOT REQUIRED,USA,UNITED STATES,D,MFG IN U.S.,B,PLAN NOT REQUIRED,C,NOT COMPETED,SSS,ONLY ONE SOURCE,,,NONE,NO PREFERENCE USED,,,,,FOC,FOLLOW-ON CONTRACT (FAR 6.302-1(A)(2)(II/III)),,D,COMMERCIAL PRODUCTS/SERVICES PROCEDURES NOT USED,f,N,NO,N,NO,X,NOT APPLICABLE,N,NO,,N,NO,X,NOT APPLICABLE,X,NOT APPLICABLE,X,NOT APPLICABLE,X,NOT APPLICABLE,,,B,IDC,S,SINGLE AWARD,,NONE,NONE,N,NO,,,N,TRANSACTION DOES NOT USE GFE/GFP,U,UNKNOWN,D,NOT CONSOLIDATED,X,NOT APPLICABLE,N,NO,Z,NOT APPLICABLE,N,NO,X,NOT APPLICABLE,f,f,f,f,f,f,f,f,f,f,f,f,f,f,f,f,f,f,f,OTHER THAN SMALL BUSINESS,O,f,f,f,f,f,f,f,f,f,f,f,f,f,f,f,f,f,CORPORATE NOT TAX EXEMPT,t,f,f,f,f,f,f,f,f,f,f,f,f,f,f,f,f,t,f,f,f,f,f,f,f,f,f,f,t,f,f,f,f,f,f,f,f,f,f,f,f,f,f,f,f,f,f,f,f,f,JAMES N BLUE,3276593.00,LINDEN P BLUE,2771930.00,DAVID R ALEXANDER,2537917.00,BARTON B ROPER,1220781.00,FRED  DARLINGTON,1169891.00,https://www.usaspending.gov/award/CONT_AWD_FA862020F2823_9700_FA862017D2000_9700/,2025-04-26 12:29:38+00
CONT_AWD_FA867504C0214_9700_-NONE-_-NONE-,FA867504C0214,,,,,,,,,210316186.95,,212018475.40,212018475.40,2004-04-12,2004,2022-09-07,2022,2004-04-12,2017-11-19,2017-11-19 00:00:00,,,097,Department of Defense,9763,Defense Contract Management Agency,S3309A,DCMA NORTHEAST (GARDEN CITY),097,Department of Defense,5700,Department of the Air Force,FA8211,FA8211  AFLCMC WLDKAB,,,,,X,NOT APPLICABLE,,,LX3BSV6NNW58,,BAE SYSTEMS TECHNOLOGY SOLUTIONS & SERVICES INC.,BAE SYSTEMS TECHNOLOGY SOLUTIONS & SERVICES INC.,,99789,E5K9VR2A1MW9,,BAE SYSTEMS PLC,BAE SYSTEMS TECHNOLOGY SOLUTIONS & SERVICES INC.,USA,UNITED STATES,1601 RESEARCH BLVD,,ROCKVILLE,24031,MONTGOMERY,24,MD,MARYLAND,208503173,MD-08,MD-08,2568908098,2563194098,USA,UNITED STATES,ROCKVILLE,24031,MONTGOMERY,24,MD,MARYLAND,208506198,MD-08,MD-08,AWARD,D,DEFINITIVE CONTRACT,,,,,,,J,FIRM FIXED PRICE,200407!000050!5700!GM14  !AAC/YAK                         !FA867504C0214  !A!N! !N!             !      !20040412!20060815!786673517!876861790!217304393!N!BAE SYSTEMS INTEGRATED DEFENSE!6500 TRACOR LANE          !AUSTIN              !TX!78725!48452!029!06!MOJAVE              !KERN                  !CALIFORNIA!+000015832617!N!N!000117175962!1550!DRONES                                            !A1C!OTHER AIRCRAFT EQUIPMENT            !000 !*                             !336411!E! !3! ! ! ! ! !99990909!B!A!N!A! !C!N!J!1!001!N!1B!A!Y!A! !  !N!C!N! ! ! !A!A!A!A!000!A!C!N! ! ! !Y!    !      !0001! !,,1,,,1550,UNMANNED AIRCRAFT,D,NOT A BUNDLED REQUIREMENT,A1C,OTHER AIRCRAFT EQUIPMENT,336411,AIRCRAFT MANUFACTURING,C,NO CLAUSES INCLUDED AND NO SUSTAINABILITY INCLUDED,,,000,NONE,Z,NOT IT PRODUCTS OR SERVICES,E,NOT REQUIRED,USA,UNITED STATES,D,MFG IN U.S.,C,PLAN REQUIRED - INCENTIVE NOT INCLUDED,C,NOT COMPETED,SSS,ONLY ONE SOURCE,NONE,NO SET ASIDE USED.,NONE,NO PREFERENCE USED,,,,,FOC,FOLLOW-ON CONTRACT (FAR 6.302-1(A)(2)(II/III)),1,D,COMMERCIAL PRODUCTS/SERVICES PROCEDURES NOT USED,f,N,NO,N,NO,Y,YES,,,0.00,N,NO,Y,YES,X,NOT APPLICABLE,X,NOT APPLICABLE,X,NOT APPLICABLE,,,,,,,,NONE,NONE,Y,YES,Y,YES - CAS CLAUSE INCLUDED,N,TRANSACTION DOES NOT USE GFE/GFP,N,NO,N,NO,X,NOT APPLICABLE,N,NO,A,FAR 52.232-16 PROGRESS PAYMENTS,N,NO,X,NOT APPLICABLE,f,f,f,f,f,f,f,f,f,f,f,f,f,f,f,f,f,f,f,OTHER THAN SMALL BUSINESS,O,f,f,f,f,f,f,f,f,f,f,f,f,f,f,f,f,f,,f,f,f,f,f,f,f,f,f,f,f,f,f,f,f,f,f,f,f,f,f,f,f,f,f,f,f,f,f,f,f,f,f,f,f,f,f,f,f,f,f,f,f,f,f,f,f,f,f,f,THOMAS A ARSENEAULT,3985937.00,DAVID S HOWAT,1412794.00,ALPHONSE  WHITMORE,1056783.00,ALICE  ELDRIDGE,1145510.00,MICHELLE  MURPHY,1069878.00,https://www.usaspending.gov/award/CONT_AWD_FA867504C0214_9700_-NONE-_-NONE-/,2023-01-27 17:45:34+00
CONT_AWD_FA867810C0100_9700_-NONE-_-NONE-,FA867810C0100,,,,N: Emergency P.L. 116-136;Q: Not Designated Nonemergency/Emergency/Disaster/Wildfire Suppression,0,34729.00,,,329846037.78,14576293.54,28609798.33,26188118.33,2010-03-08,2010,2026-06-02,2026,2010-03-08,2026-12-31,2026-12-31 00:00:00,,,097,Department of Defense,5700,Department of the Air Force,FA8232,FA8232  AFLCMC WWMK,097,Department of Defense,5700,Department of the Air Force,F03000,ACCTG DISB STA NR 503000,017-2016/2017-1319-000;057-2013/2014-3600-000;057-2013/2015-3010-000;057-2014/2015-3600-000;057-2014/2016-3010-000;057-2015/2016-3600-000;057-2015/2017-3010-000;057-2016/2017-3600-000;057-2016/2018-3010-000;057-2017/2018-3600-000;057-2017/2019-3010-000;057-2018/2020-3010-000;057-2019/2019-3400-000;057-2020/2020-3400-000;057-2020/2022-3010-000;057-2021/2021-3400-000;057-2021/2023-3010-000,017-1319;057-3010;057-3400;057-3600,25.5: Research and development contracts;25.7: Operation and maintenance of equipment;31.0: Equipment,0001: BASIC RESEARCH;0001: COMBAT AIRCRAFT;0001: OPERATING FORCES;0003: ADVANCED TECHNOLOGY DEVELOPMENT;OPTN: FIELD IS OPTIONAL PRIOR TO FY21,X,NOT APPLICABLE,,,CTKLDK3V4M97,,THE BOEING COMPANY,"BOEING COMPANY, THE",,4PF93,NU2UC8MX6NK1,,THE BOEING COMPANY,THE BOEING COMPANY,USA,UNITED STATES,6200 J S MCDONNELL BLVD,,SAINT LOUIS,29189,ST. LOUIS,29,MO,MISSOURI,631341939,MO-01,MO-01,8002263464,3142329884,USA,UNITED STATES,SAINT LOUIS,29189,SAINT LOUIS,29,MO,MISSOURI,631341939,MO-01,MO-01,AWARD,D,DEFINITIVE CONTRACT,,,,,,,Y,TIME AND MATERIALS,QF-16 FULL SCALE AERIAL TARGET (FSAT),,1,,,1550,UNMANNED AIRCRAFT,D,NOT A BUNDLED REQUIREMENT,A1C,OTHER AIRCRAFT EQUIPMENT,336411,AIRCRAFT MANUFACTURING,C,NO CLAUSES INCLUDED AND NO SUSTAINABILITY INCLUDED,A,U.S. OWNED BUSINESS,000,NONE,Z,NOT IT PRODUCTS OR SERVICES,E,NOT REQUIRED,USA,UNITED STATES,D,MFG IN U.S.,C,PLAN REQUIRED - INCENTIVE NOT INCLUDED,A,FULL AND OPEN COMPETITION,NP,NEGOTIATED PROPOSAL/QUOTE,NONE,NO SET ASIDE USED.,NONE,NO PREFERENCE USED,,,,,,,3,D,COMMERCIAL PRODUCTS/SERVICES PROCEDURES NOT USED,f,N,NO,N,NO,Y,YES,N,NO,0.00,N,NO,Y,YES,N,NO,N,NO,X,NOT APPLICABLE,,,,,,,,,,W,NOT OBTAINED - WAIVED,Y,YES - CAS CLAUSE INCLUDED,Y,TRANSACTION USES GFE/GFP,U,UNKNOWN,N,NO,X,NOT APPLICABLE,N,NO,A,FAR 52.232-16 PROGRESS PAYMENTS,N,NO,X,NOT APPLICABLE,f,f,f,f,f,f,f,f,f,f,f,f,f,f,f,f,f,f,f,OTHER THAN SMALL BUSINESS,O,f,f,f,f,f,f,f,f,f,f,f,f,f,f,f,f,f,CORPORATE NOT TAX EXEMPT,t,f,f,f,f,f,f,f,f,f,f,f,f,f,f,t,f,f,f,f,f,f,f,f,f,f,f,f,t,f,f,f,f,f,f,f,f,f,f,f,f,f,f,f,f,f,f,f,f,f,,,,,,,,,,,https://www.usaspending.gov/award/CONT_AWD_FA867810C0100_9700_-NONE-_-NONE-/,2026-07-10 15:51:31+00
CONT_AWD_FA867815C0069_9700_-NONE-_-NONE-,FA867815C0069,,,,,,,,,73141938.48,0.00,73141938.48,73141938.48,2014-12-10,2015,2019-11-04,2020,2014-12-10,2020-10-31,2020-10-31 00:00:00,,,097,Department of Defense,5700,Department of the Air Force,FA8678,FA8678 AFLCMC EBAY,097,Department of Defense,5700,Department of the Air Force,F1TEBH,F1TEBH AFLCMC EBAY AERIAL TARGETS,057-2015/2017-3010-000;057-2017/2019-3010-000;057-2018/2020-3010-000,057-3010,31.0: Equipment,,X,NOT APPLICABLE,,,GURMFDFLENX4,147543086,"KRATOS UNMANNED AERIAL SYSTEMS, INC","COMPOSITE ENGINEERING, INC.",,7J998,H6BWMHGJ5AF5,884457813,"KRATOS DEFENSE & SECURITY SOLUTIONS, INC.",KRATOS DEFENSE & SECURITY SOLUTIONS  INC.,USA,UNITED STATES,5381 RALEY BLVD,,SACRAMENTO,06067,SACRAMENTO,06,CA,CALIFORNIA,958381701,CA-06,CA-06,8588127304,,USA,UNITED STATES,SACRAMENTO,06067,SACRAMENTO,06,CA,CALIFORNIA,958381701,CA-06,CA-06,AWARD,D,DEFINITIVE CONTRACT,,,,,,,J,FIRM FIXED PRICE,AIR FORCE SUBSCALE AERIAL TARGETS LOTS 11-13,,1,OT,OTHER FUNCTIONS,1550,UNMANNED AIRCRAFT,D,NOT A BUNDLED REQUIREMENT,A1A,AIRFRAMES AND SPARES,336411,AIRCRAFT MANUFACTURING,C,NO CLAUSES INCLUDED AND NO SUSTAINABILITY INCLUDED,A,U.S. OWNED BUSINESS,000,NONE,Z,NOT IT PRODUCTS OR SERVICES,E,NOT REQUIRED,USA,UNITED STATES,D,MFG IN U.S.,C,PLAN REQUIRED - INCENTIVE NOT INCLUDED,C,NOT COMPETED,SSS,ONLY ONE SOURCE,NONE,NO SET ASIDE USED.,NONE,NO PREFERENCE USED,,,,,UNQ,UNIQUE SOURCE (FAR 6.302-1(B)(1)),1,D,COMMERCIAL ITEM PROCEDURES NOT USED,f,N,NO,N,NO,Y,YES,N,NO,0.00,N,NO,X,NOT APPLICABLE,X,NOT APPLICABLE,X,NOT APPLICABLE,X,NOT APPLICABLE,,,,,,,,NONE,NONE,Y,YES,Y,YES - CAS CLAUSE INCLUDED,Y,TRANSACTION USES GFE/GFP,U,UNKNOWN,N,NO,X,NOT APPLICABLE,N,NO,Z,NOT APPLICABLE,N,NO,X,NOT APPLICABLE,f,f,f,f,f,f,f,f,f,f,f,f,f,f,f,f,f,f,f,OTHER THAN SMALL BUSINESS,O,f,f,f,f,f,f,f,f,f,f,f,f,f,f,f,f,f,CORPORATE NOT TAX EXEMPT,t,f,f,f,f,f,f,f,f,f,f,f,t,f,f,f,f,t,f,f,f,f,f,f,f,f,f,f,t,f,f,f,f,f,f,f,f,f,f,f,f,f,f,f,f,f,f,f,f,f,,,,,,,,,,,https://www.usaspending.gov/award/CONT_AWD_FA867815C0069_9700_-NONE-_-NONE-/,2019-11-06 11:46:16+00
CONT_AWD_FA867819C0006_9700_-NONE-_-NONE-,FA867819C0006,,,,Q: Not Designated Nonemergency/Emergency/Disaster/Wildfire Suppression,,,,,6128249.61,0.00,6563914.00,6563914.00,2019-09-27,2019,2024-08-27,2024,2019-09-27,2021-06-30,2021-06-30 00:00:00,,2018-04-04,097,Department of Defense,9763,Defense Contract Management Agency,S2606A,DCMA FIXED WING ST LOUIS,097,Department of Defense,5700,Department of the Air Force,FA8678,FA8678 AFLCMC EBAY,057-2018/2019-3600-000;057-2019/2020-3600-000,057-3600,31.0: Equipment,0001: BASIC RESEARCH,X,NOT APPLICABLE,,,JJM4FRDZJDX1,,THE BOEING COMPANY,"BOEING COMPANY, THE",BOEING,76301,NU2UC8MX6NK1,,THE BOEING COMPANY,THE BOEING COMPANY,USA,UNITED STATES,6200 JS MCDONNELL BLVD,,SAINT LOUIS,29189,ST. LOUIS,29,MO,MISSOURI,631341939,MO-01,MO-01,4808911045,4258654452,USA,UNITED STATES,SAINT LOUIS,29189,SAINT LOUIS,29,MO,MISSOURI,631341939,MO-01,MO-01,AWARD,D,DEFINITIVE CONTRACT,,,,,,,V,COST PLUS INCENTIVE FEE,QF-16 FULL SCALE AERIAL TARGET MULTIPLE PAYLOAD CONTROL,,1,,,1550,UNMANNED AIRCRAFT,H,NOT BUNDLED,A1C,OTHER AIRCRAFT EQUIPMENT,336411,AIRCRAFT MANUFACTURING,C,NO CLAUSES INCLUDED AND NO SUSTAINABILITY INCLUDED,A,U.S. OWNED BUSINESS,000,NONE,Z,NOT IT PRODUCTS OR SERVICES,E,NOT REQUIRED,USA,UNITED STATES,D,MFG IN U.S.,F,INDIVIDUAL SUBCONTRACT PLAN,C,NOT COMPETED,SSS,ONLY ONE SOURCE,NONE,NO SET ASIDE USED.,NONE,NO PREFERENCE USED,,,,,ONE,ONLY ONE SOURCE-OTHER (FAR 6.302-1 OTHER),1,D,COMMERCIAL PRODUCTS/SERVICES PROCEDURES NOT USED,f,N,NO,N,NO,N,NO,N,NO,0.00,N,NO,N,NO,N,NO,N,NO,X,NOT APPLICABLE,,,,,,,,,,Y,YES,Y,YES - CAS CLAUSE INCLUDED,N,TRANSACTION DOES NOT USE GFE/GFP,U,UNKNOWN,D,NOT CONSOLIDATED,X,NOT APPLICABLE,N,NO,Z,NOT APPLICABLE,N,NO,X,NOT APPLICABLE,f,f,f,f,f,f,f,f,f,f,f,f,f,f,f,f,f,f,f,OTHER THAN SMALL BUSINESS,O,f,f,f,f,f,f,f,f,f,f,f,f,f,f,f,f,f,CORPORATE NOT TAX EXEMPT,t,f,f,f,f,f,f,f,f,f,f,f,t,f,f,f,f,t,f,f,f,f,f,f,f,f,f,f,t,f,f,f,f,f,f,f,f,f,f,f,f,f,f,f,f,f,f,f,f,f,,,,,,,,,,,https://www.usaspending.gov/award/CONT_AWD_FA867819C0006_9700_-NONE-_-NONE-/,2024-08-27 11:26:50+00
CONT_AWD_FA868920C2013_9700_-NONE-_-NONE-,FA868920C2013,,,,,,,,,229638616.36,,229638616.36,231273851.36,2020-08-14,2020,2026-05-07,2026,2020-08-14,2026-07-31,2026-10-01 00:00:00,,2020-04-29,097,Department of Defense,5700,Department of the Air Force,FA8689,FA8689  AFLCMC WIIK        UAS,097,Department of Defense,5700,Department of the Air Force,F4FDAC,F4FDAC AFLCMC MAUS DIVISION WII,,,,,A,FOREIGN FUNDS FMS,,,ZH4NVFG3Z526,,"GENERAL ATOMICS AERONAUTICAL SYSTEMS, INC.","GENERAL ATOMICS AERONAUTICAL SYSTEMS, INC.",US GOV GA AERONAUTICAL UAV,0YJB5,ZH4NVFG3Z526,,"GENERAL ATOMICS AERONAUTICAL SYSTEMS, INC.",GENERAL ATOMIC TECHNOLOGIES CORPORATION,USA,UNITED STATES,14200 KIRKHAM WAY,,POWAY,06073,SAN DIEGO,06,CA,CALIFORNIA,920647103,CA-48,CA-48,8583124327,,USA,UNITED STATES,POWAY,06073,SAN DIEGO,06,CA,CALIFORNIA,920647103,CA-48,CA-48,AWARD,D,DEFINITIVE CONTRACT,,,,,,,L,FIXED PRICE INCENTIVE,BELGIUM MQ-9B SKYGUARDIAN,,1,,,1550,UNMANNED AIRCRAFT,H,NOT BUNDLED,A1A,AIRFRAMES AND SPARES,336411,AIRCRAFT MANUFACTURING,C,NO CLAUSES INCLUDED AND NO SUSTAINABILITY INCLUDED,A,U.S. OWNED BUSINESS,424,MQ-9 REAPER,Z,NOT IT PRODUCTS OR SERVICES,E,NOT REQUIRED,USA,UNITED STATES,D,MFG IN U.S.,F,INDIVIDUAL SUBCONTRACT PLAN,B,NOT AVAILABLE FOR COMPETITION,SSS,ONLY ONE SOURCE,NONE,NO SET ASIDE USED.,NONE,NO PREFERENCE USED,,,,,IA,INTERNATIONAL AGREEMENT (FAR 6.302-4),1,D,COMMERCIAL PRODUCTS/SERVICES PROCEDURES NOT USED,f,N,NO,N,NO,X,NOT APPLICABLE,N,NO,0.00,N,NO,X,NOT APPLICABLE,X,NOT APPLICABLE,X,NOT APPLICABLE,X,NOT APPLICABLE,,,,,,,,,,N,NO,X,NOT APPLICABLE EXEMPT FROM CAS,Y,TRANSACTION USES GFE/GFP,U,UNKNOWN,D,NOT CONSOLIDATED,X,NOT APPLICABLE,N,NO,Z,NOT APPLICABLE,N,NO,X,NOT APPLICABLE,f,f,f,f,f,f,f,f,f,f,f,f,f,f,f,f,f,f,f,OTHER THAN SMALL BUSINESS,O,f,f,f,f,f,f,f,f,f,f,f,f,f,f,f,f,f,CORPORATE NOT TAX EXEMPT,t,f,f,f,f,f,f,f,f,f,f,f,t,f,f,f,f,t,f,f,f,f,f,f,f,f,f,f,t,f,f,f,f,f,f,f,f,f,f,f,f,f,f,f,f,f,f,f,f,f,JAMES N BLUE,4379465.00,LINDEN P BLUE,4174909.00,DAVID R ALEXANDER,3812516.00,BART B ROPER,1975922.00,W D WILSON IV,1600128.00,https://www.usaspending.gov/award/CONT_AWD_FA868920C2013_9700_-NONE-_-NONE-/,2026-08-17 09:59:56+00
CONT_AWD_FA868920F2405_9700_FA868920D2020_9700,FA868920F2405,9700,DEPT OF DEFENSE,FA868920D2020,Q: Not Designated Nonemergency/Emergency/Disaster/Wildfire Suppression,,,,,202886968.50,0.00,202886968.50,202886968.50,2020-09-16,2020,2025-04-15,2025,2020-09-20,2024-09-30,2024-09-30 00:00:00,,2019-04-02,097,Department of Defense,5700,Department of the Air Force,FA8689,FA8689  AFLCMC WIIK        UAS,097,Department of Defense,5700,Department of the Air Force,F4FDAC,F4FDAC AFLCMC MAUS DIVISION WII,057-2020/2022-3010-000,057-3010,31.0: Equipment,0001: COMBAT AIRCRAFT;OPTN: FIELD IS OPTIONAL PRIOR TO FY21,X,NOT APPLICABLE,,,ZH4NVFG3Z526,,"GENERAL ATOMICS AERONAUTICAL SYSTEMS, INC.","GENERAL ATOMICS AERONAUTICAL SYSTEMS, INC.",US GOV GA AERONAUTICAL UAV,0YJB5,ZH4NVFG3Z526,,"GENERAL ATOMICS AERONAUTICAL SYSTEMS, INC.",GENERAL ATOMIC TECHNOLOGIES CORPORATION,USA,UNITED STATES,14200 KIRKHAM WAY,,POWAY,06073,SAN DIEGO,06,CA,CALIFORNIA,920647103,CA-48,CA-48,8583124327,,USA,UNITED STATES,POWAY,06073,SAN DIEGO,06,CA,CALIFORNIA,920647103,CA-48,CA-48,AWARD,C,DELIVERY ORDER,,,,,,,L,FIXED PRICE INCENTIVE,MQ-9 REAPER FY20 PRODUCTION ORDER,,1,,,1550,UNMANNED AIRCRAFT,H,NOT BUNDLED,A1A,AIRFRAMES AND SPARES,336411,AIRCRAFT MANUFACTURING,C,NO CLAUSES INCLUDED AND NO SUSTAINABILITY INCLUDED,A,U.S. OWNED BUSINESS,424,MQ-9 REAPER,Z,NOT IT PRODUCTS OR SERVICES,E,NOT REQUIRED,USA,UNITED STATES,D,MFG IN U.S.,F,INDIVIDUAL SUBCONTRACT PLAN,C,NOT COMPETED,SSS,ONLY ONE SOURCE,,,NONE,NO PREFERENCE USED,,,,,NS,NATIONAL SECURITY (FAR 6.302-6),,D,COMMERCIAL PRODUCTS/SERVICES PROCEDURES NOT USED,f,N,NO,N,NO,X,NOT APPLICABLE,N,NO,0.00,N,NO,X,NOT APPLICABLE,X,NOT APPLICABLE,X,NOT APPLICABLE,X,NOT APPLICABLE,,,B,IDC,S,SINGLE AWARD,,,,N,NO,,,N,TRANSACTION DOES NOT USE GFE/GFP,U,UNKNOWN,D,NOT CONSOLIDATED,X,NOT APPLICABLE,N,NO,Z,NOT APPLICABLE,N,NO,X,NOT APPLICABLE,f,f,f,f,f,f,f,f,f,f,f,f,f,f,f,f,f,f,f,OTHER THAN SMALL BUSINESS,O,f,f,f,f,f,f,f,f,f,f,f,f,f,f,f,f,f,CORPORATE NOT TAX EXEMPT,t,f,f,f,f,f,f,f,f,f,f,f,t,f,f,f,f,t,f,f,f,f,f,f,f,f,f,f,t,f,f,f,f,f,f,f,f,f,f,f,f,f,f,f,f,f,f,f,f,f,JAMES N BLUE,3276593.00,LINDEN P BLUE,2771930.00,DAVID R ALEXANDER,2537917.00,BARTON B ROPER,1220781.00,FRED  DARLINGTON,1169891.00,https://www.usaspending.gov/award/CONT_AWD_FA868920F2405_9700_FA868920D2020_9700/,2025-04-16 16:48:47+00
CONT_AWD_FA930220P0048_9700_-NONE-_-NONE-,FA930220P0048,,,,Q: Not Designated Nonemergency/Emergency/Disaster/Wildfire Suppression,,,,,24220.00,0.00,24220.00,24220.00,2020-09-17,2020,2021-01-22,2021,2020-09-17,2021-02-21,2021-02-21 00:00:00,,,097,Department of Defense,5700,Department of the Air Force,FA9302,FA9302  AFTC PZZ,097,Department of Defense,5700,Department of the Air Force,F1S0AK,F1S0AK 412 TW OGB,057-2020/2021-3600-000,057-3600,31.0: Equipment,0001: BASIC RESEARCH,X,NOT APPLICABLE,,,EJDYQ8HEJ6V7,079741350,FLIGHT LEVEL ENGINEERING LLC,"FLIGHT LEVEL ENGINEERING, LLC",,7CWR9,EJDYQ8HEJ6V7,079741350,FLIGHT LEVEL ENGINEERING LLC,FLIGHT LEVEL ENGINEERING  LLC,USA,UNITED STATES,1535 SKY RANCH LN,,BAKER,12091,OKALOOSA,12,FL,FLORIDA,325317822,FL-01,FL-01,8443596363,,USA,UNITED STATES,BAKER,12091,OKALOOSA,12,FL,FLORIDA,325310003,FL-01,FL-01,AWARD,B,PURCHASE ORDER,,,,,,,J,FIRM FIXED PRICE,UNMANNED AIR SYSTEM (UAS) WITH ACCESSORIES,,1,OT,OTHER FUNCTIONS,1550,UNMANNED AIRCRAFT,H,NOT BUNDLED,A1C,OTHER AIRCRAFT EQUIPMENT,336411,AIRCRAFT MANUFACTURING,C,NO CLAUSES INCLUDED AND NO SUSTAINABILITY INCLUDED,A,U.S. OWNED BUSINESS,000,NONE,Z,NOT IT PRODUCTS OR SERVICES,E,NOT REQUIRED,USA,UNITED STATES,D,MFG IN U.S.,B,PLAN NOT REQUIRED,F,COMPETED UNDER SAP,SP1,SIMPLIFIED ACQUISITION,SBA,SMALL BUSINESS SET ASIDE - TOTAL,NONE,NO PREFERENCE USED,,,,,,,2,A,COMMERCIAL ITEM,f,N,NO,N,NO,N,NO,N,NO,,N,NO,X,NOT APPLICABLE,X,NOT APPLICABLE,X,NOT APPLICABLE,X,NOT APPLICABLE,,,,,,,,NONE,NONE,,,,,N,TRANSACTION DOES NOT USE GFE/GFP,N,NO,D,NOT CONSOLIDATED,X,NOT APPLICABLE,,,Z,NOT APPLICABLE,N,NO,X,NOT APPLICABLE,f,f,f,f,f,f,f,f,f,f,f,f,f,f,f,f,f,f,f,SMALL BUSINESS,S,f,f,f,f,f,f,f,f,f,f,f,f,f,f,f,f,f,PARTNERSHIP,f,f,t,f,f,f,f,f,f,f,f,f,f,f,f,f,f,t,f,f,f,f,f,f,f,f,t,f,t,f,f,f,f,f,f,f,f,f,f,f,f,f,f,f,f,t,f,f,f,f,,,,,,,,,,,https://www.usaspending.gov/award/CONT_AWD_FA930220P0048_9700_-NONE-_-NONE-/,2021-01-22 17:29:24+00
CONT_AWD_H9240318F0008_9700_H9222216D0028_9700,H9240318F0008,9700,DEPT OF DEFENSE,H9222216D0028,,,,,,1723047.37,,1723047.37,1723047.37,2018-05-07,2018,2026-06-02,2026,2018-05-07,2019-03-29,2019-03-29 00:00:00,,,097,Department of Defense,97ZS,U.S. Special Operations Command,H92408,HQ USSOCOM,097,Department of Defense,97ZS,U.S. Special Operations Command,H92506,USSOCOM-VO,,,,,X,NOT APPLICABLE,,,LAJJQWA1PF31,,THE BOEING COMPANY,"BOEING COMPANY, THE",,8V613,NU2UC8MX6NK1,,THE BOEING COMPANY,THE BOEING COMPANY,USA,UNITED STATES,5000 E MCDOWELL RD,,MESA,04013,MARICOPA,04,AZ,ARIZONA,852159707,AZ-04,AZ-04,4808911311,5627951529,USA,UNITED STATES,MESA,04013,MARICOPA,04,AZ,ARIZONA,852159707,AZ-04,AZ-04,AWARD,C,DELIVERY ORDER,,,,,,,U,COST PLUS FIXED FEE,OCONUS FSR SUPPORT,,1,,,1550,UNMANNED AIRCRAFT,H,NOT BUNDLED,A1A,AIRFRAMES AND SPARES,336411,AIRCRAFT MANUFACTURING,C,NO CLAUSES INCLUDED AND NO SUSTAINABILITY INCLUDED,A,U.S. OWNED BUSINESS,000,NONE,Z,NOT IT PRODUCTS OR SERVICES,A,MEETS REQUIREMENTS,AUT,AUSTRIA,L,MFG OUTSIDE U.S. - QUALIFYING COUNTRY (DOD ONLY),F,INDIVIDUAL SUBCONTRACT PLAN,C,NOT COMPETED,SSS,ONLY ONE SOURCE,,,NONE,NO PREFERENCE USED,,,,,NS,NATIONAL SECURITY (FAR 6.302-6),,D,COMMERCIAL PRODUCTS/SERVICES PROCEDURES NOT USED,f,N,NO,N,NO,X,NOT APPLICABLE,N,NO,0.00,N,NO,N,NO,X,NOT APPLICABLE,X,NOT APPLICABLE,X,NOT APPLICABLE,,,B,IDC,S,SINGLE AWARD,,,,N,NO,,,N,TRANSACTION DOES NOT USE GFE/GFP,U,UNKNOWN,D,NOT CONSOLIDATED,X,NOT APPLICABLE,N,NO,Z,NOT APPLICABLE,N,NO,X,NOT APPLICABLE,f,f,f,f,f,f,f,f,f,f,f,f,f,f,f,f,f,f,f,OTHER THAN SMALL BUSINESS,O,f,f,f,f,f,f,f,f,f,f,f,f,f,f,f,f,f,CORPORATE NOT TAX EXEMPT,t,f,f,f,f,f,f,f,f,f,f,f,t,f,f,f,f,t,f,f,f,f,f,f,f,f,f,f,t,f,f,f,f,f,f,f,f,f,f,f,f,f,f,f,f,f,f,f,f,f,,,,,,,,,,,https://www.usaspending.gov/award/CONT_AWD_H9240318F0008_9700_H9222216D0028_9700/,2026-06-02 17:15:41+00
CONT_AWD_IND16PD00868_1406_IND16PC00215_1406,IND16PD00868,1406,DEPARTMENTAL OFFICES,IND16PC00215,,,,,,4437.00,,4437.00,4437.00,2016-08-02,2016,2021-04-01,2021,2016-08-02,2016-08-31,2016-08-31 00:00:00,,,014,Department of the Interior,1406,Departmental Offices,140D04,IBC ACQ SVCS DIRECTORATE (00004),014,Department of the Interior,1406,Departmental Offices,140D82,OFFICE OF AVIATION SERVICES (00082),,,,,X,NOT APPLICABLE,,,X69EBAJ9F5E6,068854635,"3D ROBOTICS, INC.","3D ROBOTICS, INC.",,79R90,X69EBAJ9F5E6,068854635,"3D ROBOTICS, INC.",3D ROBOTICS  INC.,USA,UNITED STATES,1608 4TH ST STE 410,,BERKELEY,06001,ALAMEDA,06,CA,CALIFORNIA,947101749,CA-13,CA-12,4152600297,,USA,UNITED STATES,BERKELEY,06001,ALAMEDA,06,CA,CALIFORNIA,947101749,CA-13,CA-12,AWARD,C,DELIVERY ORDER,,,,,,,J,FIRM FIXED PRICE,PAULA-PURCHASE 3DR SOLO DRONE W/SUPPORT,,1,OT,OTHER FUNCTIONS,1550,UNMANNED AIRCRAFT,D,NOT A BUNDLED REQUIREMENT,,,336411,AIRCRAFT MANUFACTURING,C,NO CLAUSES INCLUDED AND NO SUSTAINABILITY INCLUDED,A,U.S. OWNED BUSINESS,,,,,E,NOT REQUIRED,CHN,CHINA,J,MFG OUTSIDE U.S. - DOMESTIC NONAVAILABILITY,,,D,FULL AND OPEN COMPETITION AFTER EXCLUSION OF SOURCES,NP,NEGOTIATED PROPOSAL/QUOTE,,,NONE,NO PREFERENCE USED,,,,,,,,A,COMMERCIAL ITEM,f,N,NO,N,NO,Y,YES,N,NO,,N,NO,N,NO,N,NO,N,NO,X,NOT APPLICABLE,,,B,IDC,S,SINGLE AWARD,,NONE,NONE,W,NOT OBTAINED - WAIVED,,,N,TRANSACTION DOES NOT USE GFE/GFP,,,N,NO,X,NOT APPLICABLE,Y,YES,,,N,NO,X,NOT APPLICABLE,f,f,f,f,f,f,f,f,f,f,f,f,f,f,f,f,f,f,f,SMALL BUSINESS,S,f,f,f,f,f,f,f,f,f,f,f,f,f,f,f,f,f,CORPORATE NOT TAX EXEMPT,t,f,f,f,f,f,f,f,f,f,f,f,t,f,f,f,f,t,f,f,f,f,f,f,f,f,f,f,t,f,f,f,f,f,f,f,f,f,f,f,f,f,f,f,f,f,f,f,f,f,,,,,,,,,,,https://www.usaspending.gov/award/CONT_AWD_IND16PD00868_1406_IND16PC00215_1406/,2021-04-01 15:56:40+00
CONT_AWD_IND16PD00973_1406_IND16PC00215_1406,IND16PD00973,1406,DEPARTMENTAL OFFICES,IND16PC00215,,,,,,103442.00,,103442.00,103442.00,2016-08-19,2016,2020-06-04,2020,2016-08-19,2016-09-30,2016-09-30 00:00:00,,,014,Department of the Interior,1406,Departmental Offices,140D04,IBC ACQ SVCS DIRECTORATE (00004),014,Department of the Interior,1406,Departmental Offices,140D82,OFFICE OF AVIATION SERVICES (00082),,,,,X,NOT APPLICABLE,,,X69EBAJ9F5E6,068854635,"3D ROBOTICS, INC.","3D ROBOTICS, INC.",,79R90,X69EBAJ9F5E6,068854635,"3D ROBOTICS, INC.",3D ROBOTICS  INC.,USA,UNITED STATES,1608 4TH ST STE 410,,BERKELEY,06001,ALAMEDA,06,CA,CALIFORNIA,947101749,CA-13,CA-12,4152600297,,USA,UNITED STATES,BERKELEY,06001,ALAMEDA,06,CA,CALIFORNIA,947101749,CA-13,CA-12,AWARD,C,DELIVERY ORDER,,,,,,,J,FIRM FIXED PRICE,3DR SOLO DRONE W/ANNUAL SUPPORT,,1,OT,OTHER FUNCTIONS,1550,UNMANNED AIRCRAFT,D,NOT A BUNDLED REQUIREMENT,,,336411,AIRCRAFT MANUFACTURING,C,NO CLAUSES INCLUDED AND NO SUSTAINABILITY INCLUDED,A,U.S. OWNED BUSINESS,,,,,E,NOT REQUIRED,CHN,CHINA,J,MFG OUTSIDE U.S. - DOMESTIC NONAVAILABILITY,,,D,FULL AND OPEN COMPETITION AFTER EXCLUSION OF SOURCES,NP,NEGOTIATED PROPOSAL/QUOTE,,,NONE,NO PREFERENCE USED,,,,,,,,A,COMMERCIAL ITEM,f,N,NO,N,NO,Y,YES,N,NO,,N,NO,N,NO,N,NO,N,NO,X,NOT APPLICABLE,,,B,IDC,S,SINGLE AWARD,,NONE,NONE,W,NOT OBTAINED - WAIVED,,,N,TRANSACTION DOES NOT USE GFE/GFP,,,N,NO,X,NOT APPLICABLE,Y,YES,,,N,NO,X,NOT APPLICABLE,f,f,f,f,f,f,f,f,f,f,f,f,f,f,f,f,f,f,f,SMALL BUSINESS,S,f,f,f,f,f,f,f,f,f,f,f,f,f,f,f,f,f,CORPORATE NOT TAX EXEMPT,t,f,f,f,f,f,f,f,f,f,f,f,t,f,f,f,f,t,f,f,f,f,f,f,f,f,f,f,t,f,f,f,f,f,f,f,f,f,f,f,f,f,f,f,f,f,f,f,f,f,,,,,,,,,,,https://www.usaspending.gov/award/CONT_AWD_IND16PD00973_1406_IND16PC00215_1406/,2020-06-04 16:34:37+00
CONT_AWD_IND16PD00981_1406_IND16PC00215_1406,IND16PD00981,1406,DEPARTMENTAL OFFICES,IND16PC00215,,,,,,7686.00,,7686.00,7686.00,2016-08-22,2016,2020-06-04,2020,2016-08-22,2016-09-30,2016-09-30 00:00:00,,,014,Department of the Interior,1406,Departmental Offices,140D04,IBC ACQ SVCS DIRECTORATE (00004),014,Department of the Interior,1406,Departmental Offices,140D82,OFFICE OF AVIATION SERVICES (00082),,,,,X,NOT APPLICABLE,,,X69EBAJ9F5E6,068854635,"3D ROBOTICS, INC.","3D ROBOTICS, INC.",,79R90,X69EBAJ9F5E6,068854635,"3D ROBOTICS, INC.",3D ROBOTICS  INC.,USA,UNITED STATES,1608 4TH ST STE 410,,BERKELEY,06001,ALAMEDA,06,CA,CALIFORNIA,947101749,CA-13,CA-12,4152600297,,USA,UNITED STATES,BERKELEY,06001,ALAMEDA,06,CA,CALIFORNIA,947101749,CA-13,CA-12,AWARD,C,DELIVERY ORDER,,,,,,,J,FIRM FIXED PRICE,PURCHASE 3DR SOLO DRONE W/SUPPORT,,1,OT,OTHER FUNCTIONS,1550,UNMANNED AIRCRAFT,D,NOT A BUNDLED REQUIREMENT,,,336411,AIRCRAFT MANUFACTURING,C,NO CLAUSES INCLUDED AND NO SUSTAINABILITY INCLUDED,A,U.S. OWNED BUSINESS,,,,,E,NOT REQUIRED,CHN,CHINA,J,MFG OUTSIDE U.S. - DOMESTIC NONAVAILABILITY,,,D,FULL AND OPEN COMPETITION AFTER EXCLUSION OF SOURCES,NP,NEGOTIATED PROPOSAL/QUOTE,,,NONE,NO PREFERENCE USED,,,,,,,,A,COMMERCIAL ITEM,f,N,NO,N,NO,Y,YES,N,NO,,N,NO,N,NO,N,NO,N,NO,X,NOT APPLICABLE,,,B,IDC,S,SINGLE AWARD,,NONE,NONE,W,NOT OBTAINED - WAIVED,,,N,TRANSACTION DOES NOT USE GFE/GFP,,,N,NO,X,NOT APPLICABLE,Y,YES,,,N,NO,X,NOT APPLICABLE,f,f,f,f,f,f,f,f,f,f,f,f,f,f,f,f,f,f,f,SMALL BUSINESS,S,f,f,f,f,f,f,f,f,f,f,f,f,f,f,f,f,f,CORPORATE NOT TAX EXEMPT,t,f,f,f,f,f,f,f,f,f,f,f,t,f,f,f,f,t,f,f,f,f,f,f,f,f,f,f,t,f,f,f,f,f,f,f,f,f,f,f,f,f,f,f,f,f,f,f,f,f,,,,,,,,,,,https://www.usaspending.gov/award/CONT_AWD_IND16PD00981_1406_IND16PC00215_1406/,2020-06-04 16:10:56+00
CONT_AWD_IND16PD01200_1406_IND16PC00215_1406,IND16PD01200,1406,DEPARTMENTAL OFFICES,IND16PC00215,,,,,,47073.00,,47073.00,47073.00,2016-09-22,2016,2020-06-09,2020,2016-09-22,2016-10-30,2016-10-30 00:00:00,,,014,Department of the Interior,1406,Departmental Offices,140D04,IBC ACQ SVCS DIRECTORATE (00004),014,Department of the Interior,1406,Departmental Offices,140D82,OFFICE OF AVIATION SERVICES (00082),,,,,X,NOT APPLICABLE,,,X69EBAJ9F5E6,068854635,"3D ROBOTICS, INC.","3D ROBOTICS, INC.",,79R90,X69EBAJ9F5E6,068854635,"3D ROBOTICS, INC.",3D ROBOTICS  INC.,USA,UNITED STATES,1608 4TH ST STE 410,,BERKELEY,06001,ALAMEDA,06,CA,CALIFORNIA,947101749,CA-13,CA-12,4152600297,,USA,UNITED STATES,BERKELEY,06001,ALAMEDA,06,CA,CALIFORNIA,947101749,CA-13,CA-12,AWARD,C,DELIVERY ORDER,,,,,,,J,FIRM FIXED PRICE,3DR SOLO DRONE W/SUPPORT,,1,OT,OTHER FUNCTIONS,1550,UNMANNED AIRCRAFT,D,NOT A BUNDLED REQUIREMENT,,,336411,AIRCRAFT MANUFACTURING,C,NO CLAUSES INCLUDED AND NO SUSTAINABILITY INCLUDED,A,U.S. OWNED BUSINESS,,,,,E,NOT REQUIRED,CHN,CHINA,J,MFG OUTSIDE U.S. - DOMESTIC NONAVAILABILITY,,,D,FULL AND OPEN COMPETITION AFTER EXCLUSION OF SOURCES,NP,NEGOTIATED PROPOSAL/QUOTE,,,NONE,NO PREFERENCE USED,,,,,,,,A,COMMERCIAL ITEM,f,N,NO,N,NO,Y,YES,N,NO,,N,NO,N,NO,N,NO,N,NO,X,NOT APPLICABLE,,,B,IDC,S,SINGLE AWARD,,NONE,NONE,W,NOT OBTAINED - WAIVED,,,N,TRANSACTION DOES NOT USE GFE/GFP,,,N,NO,X,NOT APPLICABLE,Y,YES,,,N,NO,X,NOT APPLICABLE,f,f,f,f,f,f,f,f,f,f,f,f,f,f,f,f,f,f,f,SMALL BUSINESS,S,f,f,f,f,f,f,f,f,f,f,f,f,f,f,f,f,f,CORPORATE NOT TAX EXEMPT,t,f,f,f,f,f,f,f,f,f,f,f,t,f,f,f,f,t,f,f,f,f,f,f,f,f,f,f,t,f,f,f,f,f,f,f,f,f,f,f,f,f,f,f,f,f,f,f,f,f,,,,,,,,,,,https://www.usaspending.gov/award/CONT_AWD_IND16PD01200_1406_IND16PC00215_1406/,2020-06-09 07:54:37+00
CONT_AWD_IND17PD00807_1406_IND15PC00262_1406,IND17PD00807,1406,DEPARTMENTAL OFFICES,IND15PC00262,,,,,,4550.00,0.00,4550.00,4550.00,2017-05-24,2017,2022-07-08,2022,2017-05-24,2017-06-23,2017-06-23 00:00:00,,,014,Department of the Interior,1406,Departmental Offices,140D04,IBC ACQ SVCS DIRECTORATE (00004),014,Department of the Interior,1406,Departmental Offices,140D82,OFFICE OF AVIATION SERVICES (00082),014-X-4523-000,014-4523,31.0: Equipment,0807: WCF REIMBURSABLE ACTIVITIES,X,NOT APPLICABLE,,,Q7ZKKLTKRGM3,,AEROVIRONMENT INC,PULSE AEROSPACE LLC,,6XY14,YJG1MDHLBC88,,"AEROVIRONMENT, INC.",PULSE AEROSPACE LLC,USA,UNITED STATES,450 N IOWA ST STE A1,,LAWRENCE,20045,DOUGLAS,20,KS,KANSAS,660449606,KS-02,KS-01,9139631339,,USA,UNITED STATES,BOISE,16001,ADA,16,ID,IDAHO,837064443,ID-02,ID-02,AWARD,C,DELIVERY ORDER,,,,,,,J,FIRM FIXED PRICE,UAS PULSE BATTERY SET FOR USGS,,1,OT,OTHER FUNCTIONS,1550,UNMANNED AIRCRAFT,H,NOT BUNDLED,,,336411,AIRCRAFT MANUFACTURING,C,NO CLAUSES INCLUDED AND NO SUSTAINABILITY INCLUDED,A,U.S. OWNED BUSINESS,,,,,A,MEETS REQUIREMENTS,USA,UNITED STATES,D,MFG IN U.S.,B,PLAN NOT REQUIRED,D,FULL AND OPEN COMPETITION AFTER EXCLUSION OF SOURCES,MAFO,SUBJECT TO MULTIPLE AWARD FAIR OPPORTUNITY,SBA,SMALL BUSINESS SET ASIDE - TOTAL,NONE,NO PREFERENCE USED,,,CSA,COMPETITIVE SET ASIDE,,,23,A,COMMERCIAL PRODUCTS/SERVICES,f,N,NO,N,NO,Y,YES,N,NO,,N,NO,N,NO,N,NO,N,NO,X,NOT APPLICABLE,,,B,IDC,M,MULTIPLE AWARD,,NONE,NONE,N,NO,,,N,TRANSACTION DOES NOT USE GFE/GFP,,,D,NOT CONSOLIDATED,X,NOT APPLICABLE,Y,YES,,,N,NO,X,NOT APPLICABLE,f,f,f,f,f,f,f,f,f,f,f,f,f,f,f,f,f,f,f,SMALL BUSINESS,S,f,f,f,f,f,f,f,f,f,f,f,f,f,f,f,f,f,CORPORATE NOT TAX EXEMPT,t,f,f,f,f,f,f,f,f,f,f,f,f,f,f,f,f,t,f,f,f,f,f,f,f,f,t,f,t,f,f,f,f,f,f,f,f,f,f,f,f,f,f,f,f,f,f,f,f,f,,,,,,,,,,,https://www.usaspending.gov/award/CONT_AWD_IND17PD00807_1406_IND15PC00262_1406/,2022-07-08 11:26:54+00
CONT_AWD_IND17PX00010_1406_-NONE-_-NONE-,IND17PX00010,,,,,,,,,5080.59,,5080.59,5080.59,2016-11-17,2017,2022-07-18,2022,2016-11-17,2016-12-31,2016-12-31 00:00:00,,,014,Department of the Interior,1406,Departmental Offices,140D04,IBC ACQ SVCS DIRECTORATE (00004),014,Department of the Interior,1406,Departmental Offices,140D82,OFFICE OF AVIATION SERVICES (00082),,,,,X,NOT APPLICABLE,,,X69EBAJ9F5E6,,"3D ROBOTICS, INC.","3D ROBOTICS, INC.",,79R90,X69EBAJ9F5E6,,"3D ROBOTICS, INC.",3D ROBOTICS  INC.,USA,UNITED STATES,1608 4TH ST STE 410,,BERKELEY,06001,ALAMEDA,06,CA,CALIFORNIA,947101749,CA-13,CA-12,4152600297,,USA,UNITED STATES,BOISE,16001,ADA,16,ID,IDAHO,837063991,ID-02,ID-02,AWARD,B,PURCHASE ORDER,,,,,,,J,FIRM FIXED PRICE,PURCHASE UNMANNED AERIAL SYSTEM (UAS) FOR OPERATIONAL TESTING AND EVANUATION,,1,OT,OTHER FUNCTIONS,1550,UNMANNED AIRCRAFT,D,NOT A BUNDLED REQUIREMENT,,,336411,AIRCRAFT MANUFACTURING,C,NO CLAUSES INCLUDED AND NO SUSTAINABILITY INCLUDED,A,U.S. OWNED BUSINESS,,,,,E,NOT REQUIRED,CHN,CHINA,H,MFG OUTSIDE U.S. - COMMERCIAL INFORMATION TECHNOLOGY,B,PLAN NOT REQUIRED,G,NOT COMPETED UNDER SAP,SP1,SIMPLIFIED ACQUISITION,NONE,NO SET ASIDE USED.,NONE,NO PREFERENCE USED,,,,,SP2,SAP NON-COMPETITION (FAR 13),1,A,COMMERCIAL PRODUCTS/SERVICES,f,N,NO,N,NO,N,NO,N,NO,,N,NO,N,NO,N,NO,N,NO,A,ECONOMY ACT,,,,,,,,NONE,NONE,,,,,N,TRANSACTION DOES NOT USE GFE/GFP,,,N,NO,X,NOT APPLICABLE,,,,,N,NO,X,NOT APPLICABLE,f,f,f,f,f,f,f,f,f,f,f,f,f,f,f,f,f,f,f,SMALL BUSINESS,S,f,f,f,f,f,f,f,f,f,f,f,f,f,f,f,f,f,CORPORATE NOT TAX EXEMPT,t,f,f,f,f,f,f,f,f,f,f,f,t,f,f,f,f,t,f,f,f,f,f,f,f,f,f,f,t,f,f,f,f,f,f,f,f,f,f,f,f,f,f,f,f,f,f,f,f,f,,,,,,,,,,,https://www.usaspending.gov/award/CONT_AWD_IND17PX00010_1406_-NONE-_-NONE-/,2022-07-18 10:00:31+00
CONT_AWD_IND17PX00276_1406_-NONE-_-NONE-,IND17PX00276,,,,,,,,,82241.85,0.00,82241.85,167410.29,2017-08-15,2017,2021-07-12,2021,2017-08-15,2018-11-30,2018-11-30 00:00:00,,,014,Department of the Interior,1406,Departmental Offices,140D04,IBC ACQ SVCS DIRECTORATE (00004),014,Department of the Interior,1406,Departmental Offices,140D81,IBC AVIATION MANAGEMENT (00081),014-X-4523-000,014-4523,31.0: Equipment,0807: WCF REIMBURSABLE ACTIVITIES,X,NOT APPLICABLE,,,D8JSSMUG9NL1,079979463,"BLACKBAR ENGINEERING, LLC","BLACKBAR ENGINEERING, LLC",,7KXC6,D8JSSMUG9NL1,079979463,"BLACKBAR ENGINEERING, LLC",BROCKTEK  LLC,USA,UNITED STATES,4555 S PALO VERDE 123,,TUCSON,04019,PIMA,04,AZ,ARIZONA,857141959,AZ-02,AZ-07,5202266302,,USA,UNITED STATES,SIERRA VISTA,04003,COCHISE,04,AZ,ARIZONA,856352566,AZ-02,AZ-06,AWARD,B,PURCHASE ORDER,,,,,,,J,FIRM FIXED PRICE,3DR SOLO DRONES FOR UAS,D17PS00629,1,OT,OTHER FUNCTIONS,1550,UNMANNED AIRCRAFT,H,NOT BUNDLED,,,336413,OTHER AIRCRAFT PARTS AND AUXILIARY EQUIPMENT MANUFACTURING,C,NO CLAUSES INCLUDED AND NO SUSTAINABILITY INCLUDED,A,U.S. OWNED BUSINESS,,,,,E,NOT REQUIRED,CHN,CHINA,J,MFG OUTSIDE U.S. - DOMESTIC NONAVAILABILITY,B,PLAN NOT REQUIRED,F,COMPETED UNDER SAP,SP1,SIMPLIFIED ACQUISITION,SBA,SMALL BUSINESS SET ASIDE - TOTAL,NONE,NO PREFERENCE USED,,,,,,,3,A,COMMERCIAL ITEM,f,Y,YES,N,NO,Y,YES,N,NO,,N,NO,X,NOT APPLICABLE,X,NOT APPLICABLE,X,NOT APPLICABLE,B,OTHER STATUTORY AUTHORITY,WCF,,,,,,,NONE,NONE,,,,,N,TRANSACTION DOES NOT USE GFE/GFP,,,D,NOT CONSOLIDATED,X,NOT APPLICABLE,,,,,N,NO,X,NOT APPLICABLE,f,f,f,f,f,f,f,f,f,f,f,f,f,f,f,f,f,f,f,SMALL BUSINESS,S,f,f,f,f,f,f,f,f,f,f,f,f,f,f,f,f,f,CORPORATE NOT TAX EXEMPT,t,f,f,f,f,f,f,f,f,f,f,f,t,f,f,f,f,t,f,f,f,f,f,f,f,f,t,f,t,f,f,f,f,f,f,f,f,f,f,f,f,f,f,f,f,f,f,f,f,f,,,,,,,,,,,https://www.usaspending.gov/award/CONT_AWD_IND17PX00276_1406_-NONE-_-NONE-/,2021-07-12 17:40:54+00
CONT_AWD_N0001907C0031_9700_-NONE-_-NONE-,N0001907C0031,,,,,,,,,97026431.15,,98296859.09,98844879.09,2007-03-20,2007,2021-07-21,2021,2007-03-19,2012-12-31,2012-12-31 00:00:00,,,097,Department of Defense,9763,Defense Contract Management Agency,S0302A,DCMA MOUNTAIN PACIFIC,097,Department of Defense,1700,Department of the Navy,N00019,NAVAL AIR SYSTEMS COMMAND,,,,,X,NOT APPLICABLE,,,TZJ1G18YHW83,803209782,ORBITAL SCIENCES LLC,ORBITAL SCIENCES LLC,LAUNCH VEHICLES DIVISION,27555,NKVZLJL93QT6,967356127,NORTHROP GRUMMAN CORPORATION,NORTHROP GRUMMAN CORPORATION,USA,UNITED STATES,1575 SOUTH PRICE RD,,CHANDLER,04013,MARICOPA,04,AZ,ARIZONA,852866615,AZ-05,AZ-05,4808146628,,USA,UNITED STATES,CHANDLER,04013,MARICOPA,04,AZ,ARIZONA,852860001,AZ-05,AZ-05,AWARD,D,DEFINITIVE CONTRACT,,,,,,,L,FIXED PRICE INCENTIVE,GQM-163 TARGET VEHICLE FMS,N0001907R0006,1,,,1550,UNMANNED AIRCRAFT,D,NOT A BUNDLED REQUIREMENT,A2,MISSILE AND SPACE SYSTEMS,336414,GUIDED MISSILE AND SPACE VEHICLE MANUFACTURING,C,NO CLAUSES INCLUDED AND NO SUSTAINABILITY INCLUDED,,,000,NONE,Z,NOT IT PRODUCTS OR SERVICES,A,MEETS REQUIREMENTS,USA,UNITED STATES,D,MFG IN U.S.,C,PLAN REQUIRED - INCENTIVE NOT INCLUDED,C,NOT COMPETED,SSS,ONLY ONE SOURCE,NONE,NO SET ASIDE USED.,NONE,NO PREFERENCE USED,,,,,PDR,PATENT OR DATA RIGHTS (FAR 6.302-1(B)(2)),1,D,COMMERCIAL ITEM PROCEDURES NOT USED,f,N,NO,N,NO,Y,YES,N,NO,0.00,N,NO,Y,YES,X,NOT APPLICABLE,X,NOT APPLICABLE,X,NOT APPLICABLE,,,,,,,,NONE,NONE,Y,YES,Y,YES - CAS CLAUSE INCLUDED,Y,TRANSACTION USES GFE/GFP,N,NO,N,NO,X,NOT APPLICABLE,N,NO,Z,NOT APPLICABLE,N,NO,X,NOT APPLICABLE,f,f,f,f,f,f,f,f,f,f,f,f,f,f,f,f,f,f,f,OTHER THAN SMALL BUSINESS,O,f,f,f,f,f,f,f,f,f,f,f,f,f,f,f,f,f,,f,f,f,f,f,f,f,f,f,f,f,f,f,f,f,f,f,f,f,f,f,f,f,f,f,f,f,f,f,f,f,f,f,f,f,f,f,f,f,f,f,f,f,f,f,f,f,f,f,f,,,,,,,,,,,https://www.usaspending.gov/award/CONT_AWD_N0001907C0031_9700_-NONE-_-NONE-/,2021-07-21 11:29:36+00
CONT_AWD_N0001908C0058_9700_-NONE-_-NONE-,N0001908C0058,,,,Q: Not Designated Nonemergency/Emergency/Disaster/Wildfire Suppression,,,,,225436946.60,0.00,230436946.60,230436946.60,2008-08-22,2008,2020-08-07,2020,2008-08-22,2015-11-30,2015-11-30 00:00:00,,,097,Department of Defense,9763,Defense Contract Management Agency,S0512A,DCMA SOUTHERN CALIFORNIA,097,Department of Defense,1700,Department of the Navy,N00019,NAVAL AIR SYSTEMS COMMAND,017-2014/2015-1319-000;017-2015/2016-1319-000,017-1319,25.5: Research and development contracts,OPTN: FIELD IS OPTIONAL PRIOR TO FY21,X,NOT APPLICABLE,,,HBCXZGZJ83M4,122809887,ALLIANT TECHSYSTEMS OPERATIONS LLC,ALLIANT TECHSYSTEMS INC,,3EFM9,NKVZLJL93QT6,967356127,NORTHROP GRUMMAN CORPORATION,ALLIANT TECHSYSTEMS OPERATIONS LLC,USA,UNITED STATES,21301 BURBANK BLVD,,WOODLAND HILLS,06037,LOS ANGELES,06,CA,CALIFORNIA,913676679,CA-30,CA-32,,,USA,UNITED STATES,NORTHRIDGE,06037,LOS ANGELES,06,CA,CALIFORNIA,913242400,CA-30,CA-32,AWARD,D,DEFINITIVE CONTRACT,,,,,,,V,COST PLUS INCENTIVE FEE,"DESIGN, DEVELOP, INTEGRATE, TEST A MULTI-STAGE SUPERSONIC TARGET (MSST)",N0001907R0089,1,,,1550,UNMANNED AIRCRAFT,D,NOT A BUNDLED REQUIREMENT,A2,MISSILE AND SPACE SYSTEMS,336414,GUIDED MISSILE AND SPACE VEHICLE MANUFACTURING,C,NO CLAUSES INCLUDED AND NO SUSTAINABILITY INCLUDED,,,000,NONE,Z,NOT IT PRODUCTS OR SERVICES,E,NOT REQUIRED,USA,UNITED STATES,D,MFG IN U.S.,C,PLAN REQUIRED - INCENTIVE NOT INCLUDED,A,FULL AND OPEN COMPETITION,NP,NEGOTIATED PROPOSAL/QUOTE,NONE,NO SET ASIDE USED.,NONE,NO PREFERENCE USED,,,,,,,3,D,COMMERCIAL ITEM PROCEDURES NOT USED,f,N,NO,N,NO,Y,YES,N,NO,0.00,N,NO,Y,YES,X,NOT APPLICABLE,X,NOT APPLICABLE,X,NOT APPLICABLE,,,,,,,,NONE,NONE,N,NO,Y,YES - CAS CLAUSE INCLUDED,Y,TRANSACTION USES GFE/GFP,Y,YES,N,NO,X,NOT APPLICABLE,N,NO,Z,NOT APPLICABLE,N,NO,X,NOT APPLICABLE,f,f,f,f,f,f,f,f,f,f,f,f,f,f,f,f,f,f,f,OTHER THAN SMALL BUSINESS,O,f,f,f,f,f,f,f,f,f,f,f,f,f,f,f,f,f,CORPORATE NOT TAX EXEMPT,t,f,f,f,f,f,f,f,f,f,f,f,t,f,f,t,f,f,f,f,f,f,f,f,f,f,f,f,t,f,f,f,f,f,f,f,f,f,f,f,f,f,f,f,f,f,f,f,f,f,,,,,,,,,,,https://www.usaspending.gov/award/CONT_AWD_N0001908C0058_9700_-NONE-_-NONE-/,2020-08-07 11:02:55+00
CONT_AWD_N0001910C0063_9700_-NONE-_-NONE-,N0001910C0063,,,,,,,,,27113709.24,,27113709.24,27113709.24,2010-06-29,2010,2020-05-14,2020,2010-06-28,2013-10-15,2013-10-15 00:00:00,,,097,Department of Defense,9763,Defense Contract Management Agency,S0302A,DCMA MOUNTAIN PACIFIC,097,Department of Defense,1700,Department of the Navy,N00019,NAVAL AIR SYSTEMS COMMAND,,,,,X,NOT APPLICABLE,,,TZJ1G18YHW83,803209782,ORBITAL SCIENCES LLC,ORBITAL SCIENCES CORPORATION,,27555,NKVZLJL93QT6,967356127,NORTHROP GRUMMAN CORPORATION,NORTHROP GRUMMAN CORPORATION,USA,UNITED STATES,1575 SOUTH PRICE RD,,CHANDLER,04013,MARICOPA,04,AZ,ARIZONA,85286,,AZ-05,4808146605,,USA,UNITED STATES,CHANDLER,04013,MARICOPA,04,AZ,ARIZONA,852860001,AZ-05,AZ-05,AWARD,D,DEFINITIVE CONTRACT,,,,,,,J,FIRM FIXED PRICE,NEW CONTRACT FOR FRP-4 (DUCTED ROCKETS FOR TARGET VEHICLES),N0001910R0018,1,,,1550,UNMANNED AIRCRAFT,D,NOT A BUNDLED REQUIREMENT,A2,MISSILE AND SPACE SYSTEMS,336414,GUIDED MISSILE AND SPACE VEHICLE MANUFACTURING,C,NO CLAUSES INCLUDED AND NO SUSTAINABILITY INCLUDED,A,U.S. OWNED BUSINESS,000,NONE,Z,NOT IT PRODUCTS OR SERVICES,E,NOT REQUIRED,USA,UNITED STATES,D,MFG IN U.S.,C,PLAN REQUIRED - INCENTIVE NOT INCLUDED,C,NOT COMPETED,SSS,ONLY ONE SOURCE,NONE,NO SET ASIDE USED.,NONE,NO PREFERENCE USED,,,,,UNQ,UNIQUE SOURCE (FAR 6.302-1(B)(1)),1,D,COMMERCIAL ITEM PROCEDURES NOT USED,f,N,NO,N,NO,Y,YES,N,NO,0.00,N,NO,Y,YES,N,NO,N,NO,X,NOT APPLICABLE,,,,,,,,NONE,NONE,N,NO,Y,YES - CAS CLAUSE INCLUDED,Y,TRANSACTION USES GFE/GFP,N,NO,N,NO,X,NOT APPLICABLE,N,NO,F,PERFORMANCE-BASED FINANCING,N,NO,X,NOT APPLICABLE,f,f,f,f,f,f,f,f,f,f,f,f,f,f,f,f,f,f,f,OTHER THAN SMALL BUSINESS,O,f,f,f,f,f,f,f,f,f,f,f,f,f,f,f,f,f,CORPORATE NOT TAX EXEMPT,t,f,f,f,f,f,f,f,f,f,f,f,f,f,f,t,f,f,f,f,f,f,f,f,f,f,f,f,t,f,f,f,f,f,f,f,f,f,f,f,f,f,f,f,f,f,f,f,f,f,,,,,,,,,,,https://www.usaspending.gov/award/CONT_AWD_N0001910C0063_9700_-NONE-_-NONE-/,2020-05-19 19:21:58+00
CONT_AWD_N0001911C0024_9700_-NONE-_-NONE-,N0001911C0024,,,,Q: Not Designated Nonemergency/Emergency/Disaster/Wildfire Suppression,,,,,105902559.38,51543.56,106095235.69,117230209.24,2011-01-28,2011,2023-10-04,2024,2011-01-28,2020-08-20,2020-08-20 00:00:00,,,097,Department of Defense,9763,Defense Contract Management Agency,S0507A,DCMA MOUNTAIN PACIFIC (STOCKTON),097,Department of Defense,1700,Department of the Navy,N00019,NAVAL AIR SYSTEMS COMMAND,017-2017/2019-1507-000;017-2018/2018-1804-000;017-2018/2020-1507-000;017-2019/2019-1804-000,017-1507;017-1804,25.1: Advisory and assistance services;26.0: Supplies and materials,OPTN: FIELD IS OPTIONAL PRIOR TO FY21,X,NOT APPLICABLE,,,GURMFDFLENX4,,"KRATOS UNMANNED AERIAL SYSTEMS, INC","COMPOSITE ENGINEERING, INC.",,7J998,H6BWMHGJ5AF5,,"KRATOS DEFENSE & SECURITY SOLUTIONS, INC.",KRATOS DEFENSE & SECURITY SOLUTIONS  INC.,USA,UNITED STATES,5381 RALEY BLVD,,SACRAMENTO,06067,SACRAMENTO,06,CA,CALIFORNIA,958381701,CA-06,CA-06,8588127304,,USA,UNITED STATES,SACRAMENTO,06067,SACRAMENTO,06,CA,CALIFORNIA,958381701,CA-06,CA-06,AWARD,D,DEFINITIVE CONTRACT,,,,,,,V,COST PLUS INCENTIVE FEE,"ENGINEERING, MANUFACTURING AND DEVELOPMENT OF THE SUBSONIC AERIAL TARGET (SSAT)",N0001909R0206,1,,,1550,UNMANNED AIRCRAFT,D,NOT A BUNDLED REQUIREMENT,A2,MISSILE AND SPACE SYSTEMS,336414,GUIDED MISSILE AND SPACE VEHICLE MANUFACTURING,C,NO CLAUSES INCLUDED AND NO SUSTAINABILITY INCLUDED,A,U.S. OWNED BUSINESS,000,NONE,Z,NOT IT PRODUCTS OR SERVICES,A,MEETS REQUIREMENTS,USA,UNITED STATES,D,MFG IN U.S.,B,PLAN NOT REQUIRED,A,FULL AND OPEN COMPETITION,NP,NEGOTIATED PROPOSAL/QUOTE,NONE,NO SET ASIDE USED.,NONE,NO PREFERENCE USED,,,,,,,3,D,COMMERCIAL PRODUCTS/SERVICES PROCEDURES NOT USED,f,N,NO,N,NO,Y,YES,N,NO,0.00,Y,YES,Y,YES,N,NO,N,NO,X,NOT APPLICABLE,,,,,,,,NONE,NONE,N,NO,Y,YES - CAS CLAUSE INCLUDED,Y,TRANSACTION USES GFE/GFP,Y,YES,N,NO,X,NOT APPLICABLE,N,NO,Z,NOT APPLICABLE,N,NO,X,NOT APPLICABLE,f,f,f,f,f,f,f,t,f,f,f,f,f,f,f,f,f,f,f,OTHER THAN SMALL BUSINESS,O,f,f,f,f,f,f,f,f,f,f,f,f,f,f,f,f,f,CORPORATE NOT TAX EXEMPT,t,f,f,f,f,f,f,f,f,f,f,f,t,f,f,t,f,f,f,f,f,f,f,f,f,t,f,f,t,f,f,f,f,f,f,f,f,f,f,f,f,f,f,f,f,f,f,f,f,f,,,,,,,,,,,https://www.usaspending.gov/award/CONT_AWD_N0001911C0024_9700_-NONE-_-NONE-/,2023-10-04 16:04:21+00
CONT_AWD_N0001914C0009_9700_-NONE-_-NONE-,N0001914C0009,,,,,,,,,2695382.74,,2730593.02,2730593.02,2013-10-21,2014,2020-12-09,2021,2013-10-01,2015-12-18,2015-12-18 00:00:00,,,097,Department of Defense,1700,Department of the Navy,N00019,NAVAL AIR SYSTEMS COMMAND,097,Department of Defense,1700,Department of the Navy,N00019,NAVAL AIR SYSTEMS COMMAND,,,,,X,NOT APPLICABLE,,,LALWKM623MU7,186618869,NORTHROP GRUMMAN SYSTEMS CORPORATION,NORTHROP GRUMMAN SYSTEMS CORPORATION,,78022,NKVZLJL93QT6,967356127,NORTHROP GRUMMAN CORPORATION,NORTHROP GRUMMAN SYSTEMS CORPORATION,USA,UNITED STATES,17066 GOLDENTOP RD,,SAN DIEGO,06073,SAN DIEGO,06,CA,CALIFORNIA,921272412,CA-49,CA-50,8586184349,8586185140,USA,UNITED STATES,POINT MUGU NAWC,06111,VENTURA,06,CA,CALIFORNIA,930425049,CA-26,CA-24,AWARD,D,DEFINITIVE CONTRACT,,,,,,,U,COST PLUS FIXED FEE,PROCUREMENT BQM-34-41 AVIONICS RETROFIT TRAINING AND TWENTY (20) BQM-34S AVIONICS MODERIZATION KITS.,N0001913R0108,1,,,1550,UNMANNED AIRCRAFT,D,NOT A BUNDLED REQUIREMENT,A2,MISSILE AND SPACE SYSTEMS,336414,GUIDED MISSILE AND SPACE VEHICLE MANUFACTURING,C,NO CLAUSES INCLUDED AND NO SUSTAINABILITY INCLUDED,A,U.S. OWNED BUSINESS,000,NONE,Z,NOT IT PRODUCTS OR SERVICES,E,NOT REQUIRED,USA,UNITED STATES,D,MFG IN U.S.,C,PLAN REQUIRED - INCENTIVE NOT INCLUDED,C,NOT COMPETED,SSS,ONLY ONE SOURCE,NONE,NO SET ASIDE USED.,NONE,NO PREFERENCE USED,,,,,ONE,ONLY ONE SOURCE-OTHER (FAR 6.302-1 OTHER),1,D,COMMERCIAL ITEM PROCEDURES NOT USED,f,N,NO,N,NO,Y,YES,N,NO,0.00,N,NO,Y,YES,N,NO,N,NO,X,NOT APPLICABLE,,,,,,,,NONE,NONE,Y,YES,Y,YES - CAS CLAUSE INCLUDED,N,TRANSACTION DOES NOT USE GFE/GFP,N,NO,N,NO,X,NOT APPLICABLE,N,NO,A,FAR 52.232-16 PROGRESS PAYMENTS,N,NO,X,NOT APPLICABLE,f,f,f,f,f,f,f,f,f,f,f,f,f,f,f,f,f,f,f,OTHER THAN SMALL BUSINESS,O,f,f,f,f,f,f,f,f,f,f,f,f,f,f,f,f,f,CORPORATE NOT TAX EXEMPT,t,f,f,f,f,f,f,f,f,f,f,f,f,f,f,f,f,t,f,f,f,f,f,f,f,f,f,f,t,f,f,f,f,f,f,f,f,f,f,f,f,f,f,f,f,f,f,f,f,f,,,,,,,,,,,https://www.usaspending.gov/award/CONT_AWD_N0001914C0009_9700_-NONE-_-NONE-/,2021-02-25 14:14:52+00
CONT_AWD_N0001915C0002_9700_-NONE-_-NONE-,N0001915C0002,,,,Q: Not Designated Nonemergency/Emergency/Disaster/Wildfire Suppression,,,,,711229372.87,5875178.02,711229372.87,711229372.87,2015-02-26,2015,2025-05-07,2025,2015-02-26,2024-12-31,2024-12-31 00:00:00,,,097,Department of Defense,1700,Department of the Navy,N00019,NAVAL AIR SYSTEMS COMMAND,097,Department of Defense,1700,Department of the Navy,N00019,NAVAL AIR SYSTEMS COMMAND,017-2015/2017-1506-000;017-2016/2018-1506-000;017-2017/2019-1506-000,017-1506,26.0: Supplies and materials;31.0: Equipment,0001: COMBAT AIRCRAFT;OPTN: FIELD IS OPTIONAL PRIOR TO FY21,X,NOT APPLICABLE,,,LALWKM623MU7,,NORTHROP GRUMMAN SYSTEMS CORPORATION,NORTHROP GRUMMAN SYSTEMS CORPORATION,,78022,NKVZLJL93QT6,,NORTHROP GRUMMAN CORPORATION,NORTHROP GRUMMAN SYSTEMS CORPORATION,USA,UNITED STATES,17066 GOLDENTOP RD,,SAN DIEGO,06073,SAN DIEGO,06,CA,CALIFORNIA,921272412,CA-50,CA-50,8586184349,8586185140,USA,UNITED STATES,SAN DIEGO,06073,SAN DIEGO,06,CA,CALIFORNIA,921272412,CA-50,CA-50,AWARD,D,DEFINITIVE CONTRACT,,,,,,,L,FIXED PRICE INCENTIVE,IGF::OT::IGF THE PURPOSE OF THIS PROCUREMENT IS FOR MQ-4C TRITON LRIP 1 UNMANNED AIRCRAFT LONG LEAD,,1,,,1550,UNMANNED AIRCRAFT,D,NOT A BUNDLED REQUIREMENT,A1A,AIRFRAMES AND SPARES,336411,AIRCRAFT MANUFACTURING,C,NO CLAUSES INCLUDED AND NO SUSTAINABILITY INCLUDED,A,U.S. OWNED BUSINESS,373,MQ-4C TRITON,Z,NOT IT PRODUCTS OR SERVICES,E,NOT REQUIRED,USA,UNITED STATES,D,MFG IN U.S.,C,PLAN REQUIRED - INCENTIVE NOT INCLUDED,C,NOT COMPETED,SSS,ONLY ONE SOURCE,NONE,NO SET ASIDE USED.,NONE,NO PREFERENCE USED,,,,,ONE,ONLY ONE SOURCE-OTHER (FAR 6.302-1 OTHER),1,D,COMMERCIAL PRODUCTS/SERVICES PROCEDURES NOT USED,f,N,NO,N,NO,Y,YES,N,NO,0.00,N,NO,Y,YES,X,NOT APPLICABLE,X,NOT APPLICABLE,X,NOT APPLICABLE,,,,,,,,,,N,NO,Y,YES - CAS CLAUSE INCLUDED,Y,TRANSACTION USES GFE/GFP,N,NO,N,NO,X,NOT APPLICABLE,N,NO,A,FAR 52.232-16 PROGRESS PAYMENTS,N,NO,X,NOT APPLICABLE,f,f,f,f,f,f,f,f,f,f,f,f,f,f,f,f,f,f,f,OTHER THAN SMALL BUSINESS,O,f,f,f,f,f,f,f,f,f,f,f,f,f,f,f,f,f,CORPORATE NOT TAX EXEMPT,t,f,f,f,f,f,f,f,f,f,f,f,f,f,f,f,f,t,f,f,f,f,f,f,f,f,f,f,t,f,f,f,f,f,f,f,f,f,f,f,f,f,f,f,f,f,f,f,f,f,,,,,,,,,,,https://www.usaspending.gov/award/CONT_AWD_N0001915C0002_9700_-NONE-_-NONE-/,2025-05-07 14:06:05+00
CONT_AWD_N0001915C0033_9700_-NONE-_-NONE-,N0001915C0033,,,,,,,,,119371025.89,,119371025.89,119371025.89,2014-12-18,2015,2021-09-23,2021,2014-12-18,2017-08-31,2017-08-31 00:00:00,,,097,Department of Defense,9763,Defense Contract Management Agency,S5102A,HQ DEF CONTRACT MANAGEMENT AGENCY,097,Department of Defense,1700,Department of the Navy,N00019,NAVAL AIR SYSTEMS COMMAND,,,,,X,NOT APPLICABLE,,,QXMUHJ7XTF89,878164086,"INSITU, INC.","INSITU, INC.",,02FP7,NU2UC8MX6NK1,009256819,THE BOEING COMPANY,THE BOEING COMPANY,USA,UNITED STATES,118 E COLUMBIA RIVER WAY,,BINGEN,53039,KLICKITAT,53,WA,WASHINGTON,986059086,WA-03,WA-04,4808911045,,USA,UNITED STATES,BINGEN,53039,KLICKITAT,53,WA,WASHINGTON,986059086,WA-03,WA-04,AWARD,D,DEFINITIVE CONTRACT,,,,,,,J,FIRM FIXED PRICE,SYSTEM ENGINEERING&PROGRAM MANAGEMENT,,1,,,1550,UNMANNED AIRCRAFT,D,NOT A BUNDLED REQUIREMENT,A1A,AIRFRAMES AND SPARES,336411,AIRCRAFT MANUFACTURING,C,NO CLAUSES INCLUDED AND NO SUSTAINABILITY INCLUDED,A,U.S. OWNED BUSINESS,000,NONE,Z,NOT IT PRODUCTS OR SERVICES,E,NOT REQUIRED,USA,UNITED STATES,D,MFG IN U.S.,C,PLAN REQUIRED - INCENTIVE NOT INCLUDED,C,NOT COMPETED,SSS,ONLY ONE SOURCE,NONE,NO SET ASIDE USED.,NONE,NO PREFERENCE USED,,,,,ONE,ONLY ONE SOURCE-OTHER (FAR 6.302-1 OTHER),1,D,COMMERCIAL ITEM PROCEDURES NOT USED,f,N,NO,N,NO,Y,YES,N,NO,0.00,N,NO,Y,YES,N,NO,N,NO,X,NOT APPLICABLE,,,,,,,,NONE,NONE,Y,YES,Y,YES - CAS CLAUSE INCLUDED,N,TRANSACTION DOES NOT USE GFE/GFP,U,UNKNOWN,N,NO,X,NOT APPLICABLE,N,NO,Z,NOT APPLICABLE,N,NO,X,NOT APPLICABLE,f,f,f,f,f,f,f,f,f,f,f,f,f,f,f,f,f,f,f,OTHER THAN SMALL BUSINESS,O,f,f,f,f,f,f,f,f,f,f,f,f,f,f,f,f,f,CORPORATE NOT TAX EXEMPT,t,f,f,f,f,f,f,f,f,f,f,f,t,f,f,f,f,t,f,f,f,f,f,f,f,f,f,f,t,f,f,f,f,f,f,f,f,f,f,f,f,f,f,f,f,f,f,f,f,f,,,,,,,,,,,https://www.usaspending.gov/award/CONT_AWD_N0001915C0033_9700_-NONE-_-NONE-/,2021-09-28 13:08:43+00
CONT_AWD_N0001916C0054_9700_-NONE-_-NONE-,N0001916C0054,,,,Q: Not Designated Nonemergency/Emergency/Disaster/Wildfire Suppression,,,,,178194695.13,0.00,178289026.13,178289026.13,2016-05-31,2016,2023-03-08,2023,2016-05-31,2022-03-31,2022-03-31 00:00:00,,,097,Department of Defense,1700,Department of the Navy,N00019,NAVAL AIR SYSTEMS COMMAND,097,Department of Defense,1700,Department of the Navy,N00019,NAVAL AIR SYSTEMS COMMAND,017-2017/2019-1109-000,017-1109,31.0: Equipment,0002: WEAPONS AND COMBAT VEHICLES,X,NOT APPLICABLE,,,QXMUHJ7XTF89,,"INSITU, INC.","INSITU, INC.",,02FP7,NU2UC8MX6NK1,,THE BOEING COMPANY,THE BOEING COMPANY,USA,UNITED STATES,118 E COLUMBIA RIVER WAY,,BINGEN,53039,KLICKITAT,53,WA,WASHINGTON,986059086,WA-03,WA-04,4808911045,4258654452,USA,UNITED STATES,BINGEN,53039,KLICKITAT,53,WA,WASHINGTON,986059086,WA-04,WA-04,AWARD,D,DEFINITIVE CONTRACT,,,,,,,J,FIRM FIXED PRICE,RQ-21A BLACKJACK,N0001915R0085,1,OT,OTHER FUNCTIONS,1550,UNMANNED AIRCRAFT,D,NOT A BUNDLED REQUIREMENT,A1A,AIRFRAMES AND SPARES,336411,AIRCRAFT MANUFACTURING,C,NO CLAUSES INCLUDED AND NO SUSTAINABILITY INCLUDED,A,U.S. OWNED BUSINESS,000,NONE,Z,NOT IT PRODUCTS OR SERVICES,A,MEETS REQUIREMENTS,USA,UNITED STATES,D,MFG IN U.S.,F,INDIVIDUAL SUBCONTRACT PLAN,C,NOT COMPETED,SSS,ONLY ONE SOURCE,NONE,NO SET ASIDE USED.,NONE,NO PREFERENCE USED,,,,,ONE,ONLY ONE SOURCE-OTHER (FAR 6.302-1 OTHER),1,D,COMMERCIAL PRODUCTS/SERVICES PROCEDURES NOT USED,f,N,NO,N,NO,Y,YES,N,NO,0.00,N,NO,Y,YES,N,NO,N,NO,X,NOT APPLICABLE,,,,,,,,NONE,NONE,Y,YES,Y,YES - CAS CLAUSE INCLUDED,Y,TRANSACTION USES GFE/GFP,U,UNKNOWN,N,NO,X,NOT APPLICABLE,N,NO,Z,NOT APPLICABLE,N,NO,X,NOT APPLICABLE,f,f,f,f,f,f,f,f,f,f,f,f,f,f,f,f,f,f,f,OTHER THAN SMALL BUSINESS,O,f,f,f,f,f,f,f,f,f,f,f,f,f,f,f,f,f,CORPORATE NOT TAX EXEMPT,t,f,f,f,f,f,f,f,f,f,f,f,t,f,f,f,f,t,f,f,f,f,f,f,f,f,f,f,t,f,f,f,f,f,f,f,f,f,f,f,f,f,f,f,f,f,f,f,f,f,,,,,,,,,,,https://www.usaspending.gov/award/CONT_AWD_N0001916C0054_9700_-NONE-_-NONE-/,2023-03-08 21:34:37+00
CONT_AWD_N0001917C0018_9700_-NONE-_-NONE-,N0001917C0018,,,,Q: Not Designated Nonemergency/Emergency/Disaster/Wildfire Suppression,,,,,404031432.33,27787884.40,404031432.33,404031432.33,2017-05-22,2017,2025-09-09,2025,2017-05-22,2024-06-30,2024-06-30 00:00:00,,,097,Department of Defense,1700,Department of the Navy,N00019,NAVAL AIR SYSTEMS COMMAND,097,Department of Defense,1700,Department of the Navy,N00019,NAVAL AIR SYSTEMS COMMAND,017-2016/2018-1810-000;017-2018/2020-1506-000,017-1506;017-1810,25.2: Other services from non-Federal sources;31.0: Equipment,0001: COMBAT AIRCRAFT;OPTN: FIELD IS OPTIONAL PRIOR TO FY21,X,NOT APPLICABLE,,,LALWKM623MU7,,NORTHROP GRUMMAN SYSTEMS CORPORATION,NORTHROP GRUMMAN SYSTEMS CORPORATION,,78022,NKVZLJL93QT6,,NORTHROP GRUMMAN CORPORATION,NORTHROP GRUMMAN SYSTEMS CORPORATION,USA,UNITED STATES,17066 GOLDENTOP RD,,SAN DIEGO,06073,SAN DIEGO,06,CA,CALIFORNIA,921272412,CA-50,CA-50,8586184101,8586185140,USA,UNITED STATES,SAN DIEGO,06073,SAN DIEGO,06,CA,CALIFORNIA,921272412,CA-50,CA-50,AWARD,D,DEFINITIVE CONTRACT,,,,,,,S,COST NO FEE,IGF::OT::IGF  MQ-4C TRITON LRIP 3 LONG LEAD ITEMS,,1,,,1550,UNMANNED AIRCRAFT,H,NOT BUNDLED,A1A,AIRFRAMES AND SPARES,336411,AIRCRAFT MANUFACTURING,C,NO CLAUSES INCLUDED AND NO SUSTAINABILITY INCLUDED,A,U.S. OWNED BUSINESS,373,MQ-4C TRITON,Z,NOT IT PRODUCTS OR SERVICES,E,NOT REQUIRED,USA,UNITED STATES,D,MFG IN U.S.,H,DOD COMPREHENSIVE SUBCONTRACT PLAN,C,NOT COMPETED,SSS,ONLY ONE SOURCE,NONE,NO SET ASIDE USED.,NONE,NO PREFERENCE USED,,,,,ONE,ONLY ONE SOURCE-OTHER (FAR 6.302-1 OTHER),1,D,COMMERCIAL PRODUCTS/SERVICES PROCEDURES NOT USED,f,N,NO,N,NO,X,NOT APPLICABLE,N,NO,0.00,N,NO,Y,YES,X,NOT APPLICABLE,X,NOT APPLICABLE,X,NOT APPLICABLE,,,,,,,,,,N,NO,Y,YES - CAS CLAUSE INCLUDED,Y,TRANSACTION USES GFE/GFP,N,NO,D,NOT CONSOLIDATED,X,NOT APPLICABLE,N,NO,Z,NOT APPLICABLE,N,NO,X,NOT APPLICABLE,f,f,f,f,f,f,f,f,f,f,f,f,f,f,f,f,f,f,f,OTHER THAN SMALL BUSINESS,O,f,f,f,f,f,f,f,f,f,f,f,f,f,f,f,f,f,CORPORATE NOT TAX EXEMPT,t,f,f,f,f,f,f,f,f,f,f,f,t,f,f,f,f,t,f,f,f,f,f,f,f,f,f,f,t,f,f,f,f,f,f,f,f,f,f,f,f,f,f,f,f,f,f,f,f,f,,,,,,,,,,,https://www.usaspending.gov/award/CONT_AWD_N0001917C0018_9700_-NONE-_-NONE-/,2025-09-09 15:06:11+00
CONT_AWD_N0001917F0123_9700_N0001917G0001_9700,N0001917F0123,9700,DEPT OF DEFENSE,N0001917G0001,,,,,,3833127.79,0.00,3860873.64,3860873.64,2017-07-19,2017,2022-11-28,2023,2017-07-19,2019-04-11,2019-04-11 00:00:00,,,097,Department of Defense,1700,Department of the Navy,N00019,NAVAL AIR SYSTEMS COMMAND,097,Department of Defense,1700,Department of the Navy,N00019,NAVAL AIR SYSTEMS COMMAND,017-2017/2018-1319-000;017-2018/2019-1319-000,017-1319,25.5: Research and development contracts,,X,NOT APPLICABLE,,,QXMUHJ7XTF89,,"INSITU, INC.","INSITU, INC.",,02FP7,NU2UC8MX6NK1,,THE BOEING COMPANY,THE BOEING COMPANY,USA,UNITED STATES,118 E COLUMBIA RIVER WAY,,BINGEN,53039,KLICKITAT,53,WA,WASHINGTON,986059086,WA-03,WA-04,4808911045,4258654452,USA,UNITED STATES,BINGEN,53039,KLICKITAT,53,WA,WASHINGTON,986059086,WA-03,WA-04,AWARD,C,DELIVERY ORDER,,,,,,,U,COST PLUS FIXED FEE,DESIGN&TEST OF ALTICAM 11EO/IR5 TURRET,,1,OT,OTHER FUNCTIONS,1550,UNMANNED AIRCRAFT,H,NOT BUNDLED,A1A,AIRFRAMES AND SPARES,336411,AIRCRAFT MANUFACTURING,C,NO CLAUSES INCLUDED AND NO SUSTAINABILITY INCLUDED,A,U.S. OWNED BUSINESS,000,NONE,Z,NOT IT PRODUCTS OR SERVICES,E,NOT REQUIRED,USA,UNITED STATES,D,MFG IN U.S.,,,C,NOT COMPETED,SSS,ONLY ONE SOURCE,NONE,NO SET ASIDE USED.,NONE,NO PREFERENCE USED,,,,,ONE,ONLY ONE SOURCE-OTHER (FAR 6.302-1 OTHER),1,D,COMMERCIAL PRODUCTS/SERVICES PROCEDURES NOT USED,f,,,N,NO,X,NOT APPLICABLE,N,NO,,Y,YES,Y,YES,Y,YES,X,NOT APPLICABLE,X,NOT APPLICABLE,,,D,BOA,S,SINGLE AWARD,,NONE,NONE,Y,YES,,,N,TRANSACTION DOES NOT USE GFE/GFP,U,UNKNOWN,D,NOT CONSOLIDATED,X,NOT APPLICABLE,,,Z,NOT APPLICABLE,N,NO,X,NOT APPLICABLE,f,f,f,f,f,f,f,f,f,f,f,f,f,f,f,f,f,f,f,OTHER THAN SMALL BUSINESS,O,f,f,f,f,f,f,f,f,f,f,f,f,f,f,f,f,f,CORPORATE NOT TAX EXEMPT,t,f,f,f,f,f,f,f,f,f,f,f,t,f,f,f,f,f,f,f,f,f,f,f,f,f,f,f,t,f,f,f,f,f,f,f,f,f,f,f,f,f,f,f,f,f,f,f,f,f,,,,,,,,,,,https://www.usaspending.gov/award/CONT_AWD_N0001917F0123_9700_N0001917G0001_9700/,2022-11-28 22:13:49+00
CONT_AWD_N0001917F0126_9700_N0001917G0001_9700,N0001917F0126,9700,DEPT OF DEFENSE,N0001917G0001,,,,,,5180729.69,,5180729.69,5227051.69,2017-06-27,2017,2023-03-28,2023,2017-06-26,2019-05-01,2019-05-01 00:00:00,,,097,Department of Defense,1700,Department of the Navy,N00019,NAVAL AIR SYSTEMS COMMAND,097,Department of Defense,1700,Department of the Navy,N00019,NAVAL AIR SYSTEMS COMMAND,,,,,A,FOREIGN FUNDS FMS,,,QXMUHJ7XTF89,,"INSITU, INC.","INSITU, INC.",,02FP7,NU2UC8MX6NK1,,THE BOEING COMPANY,THE BOEING COMPANY,USA,UNITED STATES,118 E COLUMBIA RIVER WAY,,BINGEN,53039,KLICKITAT,53,WA,WASHINGTON,986059086,WA-03,WA-04,4808911045,4258654452,USA,UNITED STATES,BINGEN,53039,KLICKITAT,53,WA,WASHINGTON,986059086,WA-04,WA-04,AWARD,C,DELIVERY ORDER,,,,,,,J,FIRM FIXED PRICE,"PROCUREMENT OF  TECHNICAL SERVICES,SUPPLY SUPPORT, PROGRAM MANAGEMENT AND TECHNICAL DATA IN SUPPORT OF THE SPANISH NAVY EXISTING UNMANNED AIRCRAFT SYSTEM",,1,OT,OTHER FUNCTIONS,1550,UNMANNED AIRCRAFT,H,NOT BUNDLED,A1A,AIRFRAMES AND SPARES,336411,AIRCRAFT MANUFACTURING,C,NO CLAUSES INCLUDED AND NO SUSTAINABILITY INCLUDED,A,U.S. OWNED BUSINESS,000,NONE,Z,NOT IT PRODUCTS OR SERVICES,A,MEETS REQUIREMENTS,USA,UNITED STATES,D,MFG IN U.S.,,,C,NOT COMPETED,SSS,ONLY ONE SOURCE,NONE,NO SET ASIDE USED.,NONE,NO PREFERENCE USED,,,,,ONE,ONLY ONE SOURCE-OTHER (FAR 6.302-1 OTHER),1,D,COMMERCIAL PRODUCTS/SERVICES PROCEDURES NOT USED,f,,,N,NO,X,NOT APPLICABLE,N,NO,,Y,YES,Y,YES,Y,YES,X,NOT APPLICABLE,X,NOT APPLICABLE,,,D,BOA,S,SINGLE AWARD,,NONE,NONE,N,NO,,,N,TRANSACTION DOES NOT USE GFE/GFP,U,UNKNOWN,N,NO,X,NOT APPLICABLE,,,Z,NOT APPLICABLE,N,NO,X,NOT APPLICABLE,f,f,f,f,f,f,f,f,f,f,f,f,f,f,f,f,f,f,f,OTHER THAN SMALL BUSINESS,O,f,f,f,f,f,f,f,f,f,f,f,f,f,f,f,f,f,CORPORATE NOT TAX EXEMPT,t,f,f,f,f,f,f,f,f,f,f,f,t,f,f,f,f,f,f,f,f,f,f,f,f,f,f,f,t,f,f,f,f,f,f,f,f,f,f,f,f,f,f,f,f,f,f,f,f,f,,,,,,,,,,,https://www.usaspending.gov/award/CONT_AWD_N0001917F0126_9700_N0001917G0001_9700/,2023-03-28 12:40:04+00
CONT_AWD_N0001918C0052_9700_-NONE-_-NONE-,N0001918C0052,,,,,,,,,63079332.18,0.00,1200000.00,23102221.20,2018-08-21,2018,2022-05-25,2022,2018-07-01,2022-01-14,2022-01-14 00:00:00,,2018-04-18,097,Department of Defense,9763,Defense Contract Management Agency,S4801A,DCMA SEATTLE,097,Department of Defense,1700,Department of the Navy,N00019,NAVAL AIR SYSTEMS COMMAND,017-2019/2021-1506-000,017-1506,25.7: Operation and maintenance of equipment;26.0: Supplies and materials;31.0: Equipment,,A,FOREIGN FUNDS FMS,,,QXMUHJ7XTF89,,"INSITU, INC.","INSITU, INC.",,02FP7,NU2UC8MX6NK1,,THE BOEING COMPANY,THE BOEING COMPANY,USA,UNITED STATES,118 E COLUMBIA RIVER WAY,,BINGEN,53039,KLICKITAT,53,WA,WASHINGTON,986059086,WA-03,WA-04,4808911045,4258654452,USA,UNITED STATES,BINGEN,53039,KLICKITAT,53,WA,WASHINGTON,986059086,WA-03,WA-04,AWARD,D,DEFINITIVE CONTRACT,,,,,,,J,FIRM FIXED PRICE,PROCUREMENT OF (1) RQ-21A BLACKJACK ATTRITION AV&SEPM FOR THE COUNTRY OF POLAND,N0001918R0052,1,OT,OTHER FUNCTIONS,1550,UNMANNED AIRCRAFT,H,NOT BUNDLED,A1A,AIRFRAMES AND SPARES,336411,AIRCRAFT MANUFACTURING,C,NO CLAUSES INCLUDED AND NO SUSTAINABILITY INCLUDED,A,U.S. OWNED BUSINESS,000,NONE,Z,NOT IT PRODUCTS OR SERVICES,A,MEETS REQUIREMENTS,USA,UNITED STATES,D,MFG IN U.S.,F,INDIVIDUAL SUBCONTRACT PLAN,C,NOT COMPETED,SSS,ONLY ONE SOURCE,NONE,NO SET ASIDE USED.,NONE,NO PREFERENCE USED,,,,,ONE,ONLY ONE SOURCE-OTHER (FAR 6.302-1 OTHER),1,A,COMMERCIAL PRODUCTS/SERVICES,f,N,NO,N,NO,X,NOT APPLICABLE,N,NO,0.00,N,NO,X,NOT APPLICABLE,X,NOT APPLICABLE,X,NOT APPLICABLE,X,NOT APPLICABLE,,,,,,,,NONE,NONE,Y,YES,Y,YES - CAS CLAUSE INCLUDED,Y,TRANSACTION USES GFE/GFP,U,UNKNOWN,D,NOT CONSOLIDATED,X,NOT APPLICABLE,N,NO,Z,NOT APPLICABLE,N,NO,X,NOT APPLICABLE,f,f,f,f,f,f,f,f,f,f,f,f,f,f,f,f,f,f,f,OTHER THAN SMALL BUSINESS,O,f,f,f,f,f,f,f,f,f,f,f,f,f,f,f,f,f,CORPORATE NOT TAX EXEMPT,t,f,f,f,f,f,f,f,f,f,f,f,t,f,f,f,f,t,f,f,f,f,f,f,f,f,f,f,t,f,f,f,f,f,f,f,f,f,f,f,f,f,f,f,f,f,f,f,f,f,,,,,,,,,,,https://www.usaspending.gov/award/CONT_AWD_N0001918C0052_9700_-NONE-_-NONE-/,2022-07-27 16:05:40+00
CONT_AWD_N0001918C1028_9700_-NONE-_-NONE-,N0001918C1028,,,,Q: Not Designated Nonemergency/Emergency/Disaster/Wildfire Suppression,,,,,378619959.10,61625253.09,378619959.10,378619959.10,2018-05-16,2018,2025-05-20,2025,2018-05-16,2024-02-28,2024-02-28 00:00:00,,,097,Department of Defense,1700,Department of the Navy,N00019,NAVAL AIR SYSTEMS COMMAND,097,Department of Defense,1700,Department of the Navy,N00019,NAVAL AIR SYSTEMS COMMAND,017-2018/2020-1506-000;017-2019/2021-1506-000,017-1506,31.0: Equipment,0001: COMBAT AIRCRAFT;OPTN: FIELD IS OPTIONAL PRIOR TO FY21,X,NOT APPLICABLE,,,LALWKM623MU7,,NORTHROP GRUMMAN SYSTEMS CORPORATION,NORTHROP GRUMMAN SYSTEMS CORPORATION,,78022,NKVZLJL93QT6,,NORTHROP GRUMMAN CORPORATION,NORTHROP GRUMMAN SYSTEMS CORPORATION,USA,UNITED STATES,17066 GOLDENTOP RD,,SAN DIEGO,06073,SAN DIEGO,06,CA,CALIFORNIA,921272412,CA-50,CA-50,8586184168,8586185140,USA,UNITED STATES,SAN DIEGO,06073,SAN DIEGO,06,CA,CALIFORNIA,921272412,CA-50,CA-50,AWARD,D,DEFINITIVE CONTRACT,,,,,,,S,COST NO FEE,MQ-4C TRITON LRIP 4 LONG LEAD ITEMS,N0001918R3001,1,,,1550,UNMANNED AIRCRAFT,H,NOT BUNDLED,A1A,AIRFRAMES AND SPARES,336411,AIRCRAFT MANUFACTURING,C,NO CLAUSES INCLUDED AND NO SUSTAINABILITY INCLUDED,A,U.S. OWNED BUSINESS,373,MQ-4C TRITON,Z,NOT IT PRODUCTS OR SERVICES,A,MEETS REQUIREMENTS,USA,UNITED STATES,D,MFG IN U.S.,F,INDIVIDUAL SUBCONTRACT PLAN,C,NOT COMPETED,SSS,ONLY ONE SOURCE,NONE,NO SET ASIDE USED.,NONE,NO PREFERENCE USED,,,,,ONE,ONLY ONE SOURCE-OTHER (FAR 6.302-1 OTHER),1,D,COMMERCIAL PRODUCTS/SERVICES PROCEDURES NOT USED,f,N,NO,N,NO,Y,YES,N,NO,0.00,Y,YES,Y,YES,N,NO,X,NOT APPLICABLE,X,NOT APPLICABLE,,,,,,,,,,N,NO,Y,YES - CAS CLAUSE INCLUDED,Y,TRANSACTION USES GFE/GFP,U,UNKNOWN,D,NOT CONSOLIDATED,X,NOT APPLICABLE,N,NO,Z,NOT APPLICABLE,N,NO,X,NOT APPLICABLE,f,f,f,f,f,f,f,f,f,f,f,f,f,f,f,f,f,f,f,OTHER THAN SMALL BUSINESS,O,f,f,f,f,f,f,f,f,f,f,f,f,f,f,f,f,f,CORPORATE NOT TAX EXEMPT,t,f,f,f,f,f,f,f,f,f,f,f,t,f,f,f,f,t,f,f,f,f,f,f,f,f,f,f,t,f,f,f,f,f,f,f,f,f,f,f,f,f,f,f,f,f,f,f,f,f,,,,,,,,,,,https://www.usaspending.gov/award/CONT_AWD_N0001918C1028_9700_-NONE-_-NONE-/,2025-05-20 16:41:42+00
CONT_AWD_N0001918F0333_9700_N0001915G0014_9700,N0001918F0333,9700,DEPT OF DEFENSE,N0001915G0014,,,,,,432050.22,,432050.22,432050.22,2018-07-25,2018,2020-02-11,2020,2018-07-25,2018-12-31,2018-12-31 00:00:00,,2018-07-23,097,Department of Defense,1700,Department of the Navy,N00019,NAVAL AIR SYSTEMS COMMAND,097,Department of Defense,1700,Department of the Navy,N00019,NAVAL AIR SYSTEMS COMMAND,,,,,X,NOT APPLICABLE,,,QXMUHJ7XTF89,878164086,"INSITU, INC.","INSITU, INC.",,02FP7,NU2UC8MX6NK1,009256819,THE BOEING COMPANY,THE BOEING COMPANY,USA,UNITED STATES,118 E COLUMBIA RIVER WAY,,BINGEN,53039,KLICKITAT,53,WA,WASHINGTON,986059086,WA-03,WA-04,4808911045,4258654452,USA,UNITED STATES,BINGEN,53039,KLICKITAT,53,WA,WASHINGTON,986050001,WA-03,WA-03,AWARD,C,DELIVERY ORDER,,,,,,,J,FIRM FIXED PRICE,SPARE PARTS,,1,,,1550,UNMANNED AIRCRAFT,H,NOT BUNDLED,A1A,AIRFRAMES AND SPARES,336411,AIRCRAFT MANUFACTURING,C,NO CLAUSES INCLUDED AND NO SUSTAINABILITY INCLUDED,A,U.S. OWNED BUSINESS,000,NONE,Z,NOT IT PRODUCTS OR SERVICES,E,NOT REQUIRED,USA,UNITED STATES,D,MFG IN U.S.,B,PLAN NOT REQUIRED,C,NOT COMPETED,SSS,ONLY ONE SOURCE,NONE,NO SET ASIDE USED.,NONE,NO PREFERENCE USED,,,,,ONE,ONLY ONE SOURCE-OTHER (FAR 6.302-1 OTHER),1,D,COMMERCIAL ITEM PROCEDURES NOT USED,f,,,N,NO,,,N,NO,,Y,YES,Y,YES,N,NO,N,NO,X,NOT APPLICABLE,,,D,BOA,S,SINGLE AWARD,,NONE,NONE,N,NO,,,N,TRANSACTION DOES NOT USE GFE/GFP,U,UNKNOWN,D,NOT CONSOLIDATED,X,NOT APPLICABLE,,,Z,NOT APPLICABLE,N,NO,X,NOT APPLICABLE,f,f,f,f,f,f,f,f,f,f,f,f,f,f,f,f,f,f,f,OTHER THAN SMALL BUSINESS,O,f,f,f,f,f,f,f,f,f,f,f,f,f,f,f,f,f,CORPORATE NOT TAX EXEMPT,t,f,f,f,f,f,f,f,f,f,f,f,t,f,f,f,f,t,f,f,f,f,f,f,f,f,f,f,t,f,f,f,f,f,f,f,f,f,f,f,f,f,f,f,f,f,f,f,f,f,,,,,,,,,,,https://www.usaspending.gov/award/CONT_AWD_N0001918F0333_9700_N0001915G0014_9700/,2020-02-11 16:10:36+00
CONT_AWD_N0001918F0484_9700_N0001917G0001_9700,N0001918F0484,9700,DEPT OF DEFENSE,N0001917G0001,,,,,,660376.96,,660376.96,660376.96,2017-10-23,2018,2020-12-07,2021,2017-10-05,2018-10-28,2018-10-28 00:00:00,,,097,Department of Defense,1700,Department of the Navy,N00019,NAVAL AIR SYSTEMS COMMAND,097,Department of Defense,1700,Department of the Navy,N00019,NAVAL AIR SYSTEMS COMMAND,,,,,A,FOREIGN FUNDS FMS,,,QXMUHJ7XTF89,878164086,"INSITU, INC.","INSITU, INC.",,02FP7,NU2UC8MX6NK1,009256819,THE BOEING COMPANY,THE BOEING COMPANY,USA,UNITED STATES,118 E COLUMBIA RIVER WAY,,BINGEN,53039,KLICKITAT,53,WA,WASHINGTON,986059086,WA-03,WA-04,4808911045,4258654452,USA,UNITED STATES,BINGEN,53039,KLICKITAT,53,WA,WASHINGTON,986050004,WA-03,WA-03,AWARD,C,DELIVERY ORDER,,,,,,,J,FIRM FIXED PRICE,SPARES,,1,OT,OTHER FUNCTIONS,1550,UNMANNED AIRCRAFT,H,NOT BUNDLED,A1A,AIRFRAMES AND SPARES,336411,AIRCRAFT MANUFACTURING,C,NO CLAUSES INCLUDED AND NO SUSTAINABILITY INCLUDED,A,U.S. OWNED BUSINESS,000,NONE,Z,NOT IT PRODUCTS OR SERVICES,A,MEETS REQUIREMENTS,USA,UNITED STATES,D,MFG IN U.S.,F,INDIVIDUAL SUBCONTRACT PLAN,C,NOT COMPETED,SSS,ONLY ONE SOURCE,NONE,NO SET ASIDE USED.,NONE,NO PREFERENCE USED,,,,,ONE,ONLY ONE SOURCE-OTHER (FAR 6.302-1 OTHER),1,D,COMMERCIAL ITEM PROCEDURES NOT USED,f,,,N,NO,N,NO,N,NO,,Y,YES,Y,YES,Y,YES,X,NOT APPLICABLE,X,NOT APPLICABLE,,,D,BOA,S,SINGLE AWARD,,NONE,NONE,Y,YES,,,N,TRANSACTION DOES NOT USE GFE/GFP,N,NO,D,NOT CONSOLIDATED,X,NOT APPLICABLE,,,Z,NOT APPLICABLE,N,NO,X,NOT APPLICABLE,f,f,f,f,f,f,f,f,f,f,f,f,f,f,f,f,f,f,f,OTHER THAN SMALL BUSINESS,O,f,f,f,f,f,f,f,f,f,f,f,f,f,f,f,f,f,CORPORATE NOT TAX EXEMPT,t,f,f,f,f,f,f,f,f,f,f,f,t,f,f,f,f,f,f,f,f,f,f,f,f,f,f,f,t,f,f,f,f,f,f,f,f,f,f,f,f,f,f,f,f,f,f,f,f,f,,,,,,,,,,,https://www.usaspending.gov/award/CONT_AWD_N0001918F0484_9700_N0001917G0001_9700/,2021-03-06 14:46:25+00
CONT_AWD_N0001918F0487_9700_N0001917G0001_9700,N0001918F0487,9700,DEPT OF DEFENSE,N0001917G0001,,,,,,8139118.85,,8139118.85,8139118.85,2018-06-29,2018,2022-01-31,2022,2018-06-29,2020-09-30,2020-09-30 00:00:00,,2017-06-20,097,Department of Defense,1700,Department of the Navy,N00019,NAVAL AIR SYSTEMS COMMAND,097,Department of Defense,1700,Department of the Navy,N00019,NAVAL AIR SYSTEMS COMMAND,,,,,A,FOREIGN FUNDS FMS,,,QXMUHJ7XTF89,,"INSITU, INC.","INSITU, INC.",,02FP7,NU2UC8MX6NK1,,THE BOEING COMPANY,THE BOEING COMPANY,USA,UNITED STATES,118 E COLUMBIA RIVER WAY,,BINGEN,53039,KLICKITAT,53,WA,WASHINGTON,986059086,WA-03,WA-04,4808911045,4258654452,USA,UNITED STATES,BINGEN,53039,KLICKITAT,53,WA,WASHINGTON,986050001,WA-03,WA-03,AWARD,C,DELIVERY ORDER,,,,,,,J,FIRM FIXED PRICE,SPARES AND REPAIR PARTS,,1,OT,OTHER FUNCTIONS,1550,UNMANNED AIRCRAFT,H,NOT BUNDLED,A1A,AIRFRAMES AND SPARES,336411,AIRCRAFT MANUFACTURING,C,NO CLAUSES INCLUDED AND NO SUSTAINABILITY INCLUDED,A,U.S. OWNED BUSINESS,000,NONE,Z,NOT IT PRODUCTS OR SERVICES,E,NOT REQUIRED,USA,UNITED STATES,D,MFG IN U.S.,F,INDIVIDUAL SUBCONTRACT PLAN,C,NOT COMPETED,SSS,ONLY ONE SOURCE,NONE,NO SET ASIDE USED.,NONE,NO PREFERENCE USED,,,,,ONE,ONLY ONE SOURCE-OTHER (FAR 6.302-1 OTHER),1,D,COMMERCIAL ITEM PROCEDURES NOT USED,f,,,N,NO,,,N,NO,,Y,YES,Y,YES,Y,YES,X,NOT APPLICABLE,X,NOT APPLICABLE,,,D,BOA,S,SINGLE AWARD,,NONE,NONE,N,NO,,,N,TRANSACTION DOES NOT USE GFE/GFP,U,UNKNOWN,D,NOT CONSOLIDATED,X,NOT APPLICABLE,,,Z,NOT APPLICABLE,N,NO,X,NOT APPLICABLE,f,f,f,f,f,f,f,f,f,f,f,f,f,f,f,f,f,f,f,OTHER THAN SMALL BUSINESS,O,f,f,f,f,f,f,f,f,f,f,f,f,f,f,f,f,f,CORPORATE NOT TAX EXEMPT,t,f,f,f,f,f,f,f,f,f,f,f,t,f,f,f,f,f,f,f,f,f,f,f,f,f,f,f,t,f,f,f,f,f,f,f,f,f,f,f,f,f,f,f,f,f,f,f,f,f,,,,,,,,,,,https://www.usaspending.gov/award/CONT_AWD_N0001918F0487_9700_N0001917G0001_9700/,2022-01-31 17:42:55+00
CONT_AWD_N0001918F0488_9700_N0001917G0001_9700,N0001918F0488,9700,DEPT OF DEFENSE,N0001917G0001,Q: Not Designated Nonemergency/Emergency/Disaster/Wildfire Suppression,,,,,1601938.46,0.00,1601938.46,1601938.46,2017-11-14,2018,2023-02-01,2023,2017-11-13,2023-01-31,2023-01-31 00:00:00,,,097,Department of Defense,1700,Department of the Navy,N00019,NAVAL AIR SYSTEMS COMMAND,097,Department of Defense,1700,Department of the Navy,N00019,NAVAL AIR SYSTEMS COMMAND,017-2019/2020-1319-000,017-1319,25.5: Research and development contracts,OPTN: FIELD IS OPTIONAL PRIOR TO FY21,X,NOT APPLICABLE,,,QXMUHJ7XTF89,,"INSITU, INC.","INSITU, INC.",,02FP7,NU2UC8MX6NK1,,THE BOEING COMPANY,THE BOEING COMPANY,USA,UNITED STATES,118 E COLUMBIA RIVER WAY,,BINGEN,53039,KLICKITAT,53,WA,WASHINGTON,986059086,WA-03,WA-04,4808911045,4258654452,USA,UNITED STATES,BINGEN,53039,KLICKITAT,53,WA,WASHINGTON,986059086,WA-03,WA-04,AWARD,C,DELIVERY ORDER,,,,,,,U,COST PLUS FIXED FEE,EXPEDITIONARY CASE DESIGN CHANGE,,1,,,1550,UNMANNED AIRCRAFT,H,NOT BUNDLED,A1A,AIRFRAMES AND SPARES,336411,AIRCRAFT MANUFACTURING,C,NO CLAUSES INCLUDED AND NO SUSTAINABILITY INCLUDED,A,U.S. OWNED BUSINESS,000,NONE,Z,NOT IT PRODUCTS OR SERVICES,A,MEETS REQUIREMENTS,USA,UNITED STATES,D,MFG IN U.S.,F,INDIVIDUAL SUBCONTRACT PLAN,C,NOT COMPETED,SSS,ONLY ONE SOURCE,NONE,NO SET ASIDE USED.,NONE,NO PREFERENCE USED,,,,,ONE,ONLY ONE SOURCE-OTHER (FAR 6.302-1 OTHER),1,D,COMMERCIAL PRODUCTS/SERVICES PROCEDURES NOT USED,f,,,N,NO,,,N,NO,,Y,YES,Y,YES,Y,YES,X,NOT APPLICABLE,X,NOT APPLICABLE,,,D,BOA,S,SINGLE AWARD,,NONE,NONE,N,NO,,,N,TRANSACTION DOES NOT USE GFE/GFP,U,UNKNOWN,D,NOT CONSOLIDATED,X,NOT APPLICABLE,,,Z,NOT APPLICABLE,N,NO,X,NOT APPLICABLE,f,f,f,f,f,f,f,f,f,f,f,f,f,f,f,f,f,f,f,OTHER THAN SMALL BUSINESS,O,f,f,f,f,f,f,f,f,f,f,f,f,f,f,f,f,f,CORPORATE NOT TAX EXEMPT,t,f,f,f,f,f,f,f,f,f,f,f,t,f,f,f,f,f,f,f,f,f,f,f,f,f,f,f,t,f,f,f,f,f,f,f,f,f,f,f,f,f,f,f,f,f,f,f,f,f,,,,,,,,,,,https://www.usaspending.gov/award/CONT_AWD_N0001918F0488_9700_N0001917G0001_9700/,2023-02-01 16:30:41+00
CONT_AWD_N0001918F2380_9700_N0001917G0001_9700,N0001918F2380,9700,DEPT OF DEFENSE,N0001917G0001,,,,,,1683242.91,0.00,1683242.91,1683242.91,2018-09-19,2018,2020-10-26,2021,2018-09-19,2020-09-15,2020-09-15 00:00:00,,2018-03-30,097,Department of Defense,1700,Department of the Navy,N00019,NAVAL AIR SYSTEMS COMMAND,097,Department of Defense,1700,Department of the Navy,N00019,NAVAL AIR SYSTEMS COMMAND,017-2016/2018-1506-000;017-2018/2020-1109-000,017-1109;017-1506,25.7: Operation and maintenance of equipment;26.0: Supplies and materials,,X,NOT APPLICABLE,,,QXMUHJ7XTF89,878164086,"INSITU, INC.","INSITU, INC.",,02FP7,NU2UC8MX6NK1,009256819,THE BOEING COMPANY,THE BOEING COMPANY,USA,UNITED STATES,118 E COLUMBIA RIVER WAY,,BINGEN,53039,KLICKITAT,53,WA,WASHINGTON,986059086,WA-03,WA-04,4808911045,4258654452,USA,UNITED STATES,BINGEN,53039,KLICKITAT,53,WA,WASHINGTON,986059086,WA-03,WA-04,AWARD,C,DELIVERY ORDER,,,,,,,J,FIRM FIXED PRICE,SOVT AND SHIP KITS,,1,OT,OTHER FUNCTIONS,1550,UNMANNED AIRCRAFT,H,NOT BUNDLED,A1A,AIRFRAMES AND SPARES,336411,AIRCRAFT MANUFACTURING,C,NO CLAUSES INCLUDED AND NO SUSTAINABILITY INCLUDED,A,U.S. OWNED BUSINESS,000,NONE,Z,NOT IT PRODUCTS OR SERVICES,A,MEETS REQUIREMENTS,USA,UNITED STATES,D,MFG IN U.S.,F,INDIVIDUAL SUBCONTRACT PLAN,C,NOT COMPETED,SSS,ONLY ONE SOURCE,NONE,NO SET ASIDE USED.,NONE,NO PREFERENCE USED,,,,,ONE,ONLY ONE SOURCE-OTHER (FAR 6.302-1 OTHER),1,D,COMMERCIAL ITEM PROCEDURES NOT USED,f,,,N,NO,,,N,NO,,Y,YES,Y,YES,Y,YES,X,NOT APPLICABLE,X,NOT APPLICABLE,,,D,BOA,S,SINGLE AWARD,,NONE,NONE,N,NO,,,N,TRANSACTION DOES NOT USE GFE/GFP,U,UNKNOWN,D,NOT CONSOLIDATED,X,NOT APPLICABLE,,,Z,NOT APPLICABLE,N,NO,X,NOT APPLICABLE,f,f,f,f,f,f,f,f,f,f,f,f,f,f,f,f,f,f,f,OTHER THAN SMALL BUSINESS,O,f,f,f,f,f,f,f,f,f,f,f,f,f,f,f,f,f,CORPORATE NOT TAX EXEMPT,t,f,f,f,f,f,f,f,f,f,f,f,t,f,f,f,f,f,f,f,f,f,f,f,f,f,f,f,t,f,f,f,f,f,f,f,f,f,f,f,f,f,f,f,f,f,f,f,f,f,,,,,,,,,,,https://www.usaspending.gov/award/CONT_AWD_N0001918F2380_9700_N0001917G0001_9700/,2020-10-26 15:44:00+00
CONT_AWD_N0001918F2465_9700_N0001915G0014_9700,N0001918F2465,9700,DEPT OF DEFENSE,N0001915G0014,,,,,,5614.63,,5614.63,5614.63,2018-03-12,2018,2020-02-27,2020,2018-03-12,2018-08-31,2018-08-31 00:00:00,,,097,Department of Defense,1700,Department of the Navy,N00019,NAVAL AIR SYSTEMS COMMAND,097,Department of Defense,1700,Department of the Navy,N00019,NAVAL AIR SYSTEMS COMMAND,,,,,X,NOT APPLICABLE,,,QXMUHJ7XTF89,878164086,"INSITU, INC.","INSITU, INC.",,02FP7,NU2UC8MX6NK1,009256819,THE BOEING COMPANY,THE BOEING COMPANY,USA,UNITED STATES,118 E COLUMBIA RIVER WAY,,BINGEN,53039,KLICKITAT,53,WA,WASHINGTON,986059086,WA-03,WA-04,4808911045,4258654452,USA,UNITED STATES,BINGEN,53039,KLICKITAT,53,WA,WASHINGTON,986059086,WA-03,WA-04,AWARD,C,DELIVERY ORDER,,,,,,,J,FIRM FIXED PRICE,SRS&SE FUELER INSPECTIONS,,1,OT,OTHER FUNCTIONS,1550,UNMANNED AIRCRAFT,H,NOT BUNDLED,A1C,OTHER AIRCRAFT EQUIPMENT,336411,AIRCRAFT MANUFACTURING,C,NO CLAUSES INCLUDED AND NO SUSTAINABILITY INCLUDED,A,U.S. OWNED BUSINESS,000,NONE,Z,NOT IT PRODUCTS OR SERVICES,A,MEETS REQUIREMENTS,USA,UNITED STATES,D,MFG IN U.S.,F,INDIVIDUAL SUBCONTRACT PLAN,C,NOT COMPETED,SSS,ONLY ONE SOURCE,NONE,NO SET ASIDE USED.,NONE,NO PREFERENCE USED,,,,,ONE,ONLY ONE SOURCE-OTHER (FAR 6.302-1 OTHER),1,D,COMMERCIAL ITEM PROCEDURES NOT USED,f,,,N,NO,,,N,NO,,Y,YES,Y,YES,N,NO,N,NO,X,NOT APPLICABLE,,,D,BOA,S,SINGLE AWARD,,NONE,NONE,N,NO,,,N,TRANSACTION DOES NOT USE GFE/GFP,U,UNKNOWN,D,NOT CONSOLIDATED,X,NOT APPLICABLE,,,Z,NOT APPLICABLE,N,NO,X,NOT APPLICABLE,f,f,f,f,f,f,f,f,f,f,f,f,f,f,f,f,f,f,f,OTHER THAN SMALL BUSINESS,O,f,f,f,f,f,f,f,f,f,f,f,f,f,f,f,f,f,CORPORATE NOT TAX EXEMPT,t,f,f,f,f,f,f,f,f,f,f,f,t,f,f,f,f,t,f,f,f,f,f,f,f,f,f,f,t,f,f,f,f,f,f,f,f,f,f,f,f,f,f,f,f,f,f,f,f,f,,,,,,,,,,,https://www.usaspending.gov/award/CONT_AWD_N0001918F2465_9700_N0001915G0014_9700/,2020-02-27 15:02:06+00
CONT_AWD_N0001918F2470_9700_N0001915G0026_9700,N0001918F2470,9700,DEPT OF DEFENSE,N0001915G0026,,,,,,67501139.04,,67501139.04,67501139.04,2018-09-21,2018,2024-06-05,2024,2018-09-21,2024-01-31,2024-01-31 00:00:00,,2018-04-25,097,Department of Defense,1700,Department of the Navy,N00019,NAVAL AIR SYSTEMS COMMAND,097,Department of Defense,1700,Department of the Navy,N00019,NAVAL AIR SYSTEMS COMMAND,,,,,X,NOT APPLICABLE,,,PK8PM2GNVMP8,,NORTHROP GRUMMAN SYSTEMS CORPORATION,NORTHROP GRUMMAN SYSTEMS CORPORATION,,70974,PK8PM2GNVMP8,,NORTHROP GRUMMAN SYSTEMS CORPORATION,NORTHROP GRUMMAN SYSTEMS CORPORATION,USA,UNITED STATES,2000 W NASA BLVD,,MELBOURNE,12009,BREVARD,12,FL,FLORIDA,329042322,FL-08,FL-08,3219515444,3219515755,USA,UNITED STATES,LINTHICUM HEIGHTS,24003,ANNE ARUNDEL,24,MD,MARYLAND,210902202,MD-03,MD-03,AWARD,C,DELIVERY ORDER,,,,,,,J,FIRM FIXED PRICE,MFAS SPARES BUY IN SUPPORT OF MQ-4C TRITON LRIP 3,N0001914R0023,1,,,1550,UNMANNED AIRCRAFT,H,NOT BUNDLED,A1A,AIRFRAMES AND SPARES,336413,OTHER AIRCRAFT PARTS AND AUXILIARY EQUIPMENT MANUFACTURING,C,NO CLAUSES INCLUDED AND NO SUSTAINABILITY INCLUDED,A,U.S. OWNED BUSINESS,373,MQ-4C TRITON,Z,NOT IT PRODUCTS OR SERVICES,A,MEETS REQUIREMENTS,USA,UNITED STATES,D,MFG IN U.S.,F,INDIVIDUAL SUBCONTRACT PLAN,C,NOT COMPETED,SSS,ONLY ONE SOURCE,NONE,NO SET ASIDE USED.,NONE,NO PREFERENCE USED,,,,,ONE,ONLY ONE SOURCE-OTHER (FAR 6.302-1 OTHER),1,D,COMMERCIAL PRODUCTS/SERVICES PROCEDURES NOT USED,f,,,N,NO,,,N,NO,,N,NO,Y,YES,N,NO,N,NO,X,NOT APPLICABLE,,,D,BOA,S,SINGLE AWARD,,,,N,NO,,,N,TRANSACTION DOES NOT USE GFE/GFP,U,UNKNOWN,D,NOT CONSOLIDATED,X,NOT APPLICABLE,,,A,FAR 52.232-16 PROGRESS PAYMENTS,N,NO,X,NOT APPLICABLE,f,f,f,f,f,f,f,f,f,f,f,f,f,f,f,f,f,f,f,OTHER THAN SMALL BUSINESS,O,f,f,f,f,f,f,f,f,f,f,f,f,f,f,f,f,f,CORPORATE NOT TAX EXEMPT,t,f,f,f,f,f,f,f,f,f,f,f,f,f,f,f,f,t,f,f,f,f,f,f,f,f,f,f,t,f,f,f,f,f,f,f,f,f,f,f,f,f,f,f,f,f,f,f,f,f,,,,,,,,,,,https://www.usaspending.gov/award/CONT_AWD_N0001918F2470_9700_N0001915G0026_9700/,2024-06-05 18:07:38+00
CONT_AWD_N0001918F2475_9700_N0001917G0001_9700,N0001918F2475,9700,DEPT OF DEFENSE,N0001917G0001,,,,,,1941028.11,,1941028.11,1941028.11,2018-09-04,2018,2020-06-10,2020,2018-09-04,2019-10-03,2019-10-03 00:00:00,,2018-04-30,097,Department of Defense,1700,Department of the Navy,N00019,NAVAL AIR SYSTEMS COMMAND,097,Department of Defense,1700,Department of the Navy,N00019,NAVAL AIR SYSTEMS COMMAND,,,,,A,FOREIGN FUNDS FMS,,,QXMUHJ7XTF89,878164086,"INSITU, INC.","INSITU, INC.",,02FP7,NU2UC8MX6NK1,009256819,THE BOEING COMPANY,THE BOEING COMPANY,USA,UNITED STATES,118 E COLUMBIA RIVER WAY,,BINGEN,53039,KLICKITAT,53,WA,WASHINGTON,986059086,WA-03,WA-04,4808911045,4258654452,USA,UNITED STATES,BINGEN,53039,KLICKITAT,53,WA,WASHINGTON,986059086,WA-03,WA-04,AWARD,C,DELIVERY ORDER,,,,,,,J,FIRM FIXED PRICE,SPARE PAYLOAD AND CONVERSIONS,,1,OT,OTHER FUNCTIONS,1550,UNMANNED AIRCRAFT,H,NOT BUNDLED,A1A,AIRFRAMES AND SPARES,336411,AIRCRAFT MANUFACTURING,C,NO CLAUSES INCLUDED AND NO SUSTAINABILITY INCLUDED,A,U.S. OWNED BUSINESS,000,NONE,Z,NOT IT PRODUCTS OR SERVICES,A,MEETS REQUIREMENTS,USA,UNITED STATES,D,MFG IN U.S.,F,INDIVIDUAL SUBCONTRACT PLAN,C,NOT COMPETED,SSS,ONLY ONE SOURCE,NONE,NO SET ASIDE USED.,NONE,NO PREFERENCE USED,,,,,ONE,ONLY ONE SOURCE-OTHER (FAR 6.302-1 OTHER),1,D,COMMERCIAL ITEM PROCEDURES NOT USED,f,,,N,NO,X,NOT APPLICABLE,N,NO,,Y,YES,Y,YES,Y,YES,X,NOT APPLICABLE,X,NOT APPLICABLE,,,D,BOA,S,SINGLE AWARD,,NONE,NONE,N,NO,,,N,TRANSACTION DOES NOT USE GFE/GFP,U,UNKNOWN,D,NOT CONSOLIDATED,X,NOT APPLICABLE,,,Z,NOT APPLICABLE,N,NO,X,NOT APPLICABLE,f,f,f,f,f,f,f,f,f,f,f,f,f,f,f,f,f,f,f,OTHER THAN SMALL BUSINESS,O,f,f,f,f,f,f,f,f,f,f,f,f,f,f,f,f,f,CORPORATE NOT TAX EXEMPT,t,f,f,f,f,f,f,f,f,f,f,f,t,f,f,f,f,f,f,f,f,f,f,f,f,f,f,f,t,f,f,f,f,f,f,f,f,f,f,f,f,f,f,f,f,f,f,f,f,f,,,,,,,,,,,https://www.usaspending.gov/award/CONT_AWD_N0001918F2475_9700_N0001917G0001_9700/,2020-06-10 14:50:39+00
CONT_AWD_N0001919C0008_9700_-NONE-_-NONE-,N0001919C0008,,,,Q: Not Designated Nonemergency/Emergency/Disaster/Wildfire Suppression,,,,,1811548807.37,11184512.00,1834740439.10,1834740439.10,2019-05-29,2019,2026-06-26,2026,2019-05-29,2029-01-31,2029-01-31 00:00:00,,2018-09-12,097,Department of Defense,1700,Department of the Navy,N00019,NAVAL AIR SYSTEMS COMMAND,097,Department of Defense,1700,Department of the Navy,N00019,NAVAL AIR SYSTEMS COMMAND,017-2019/2021-1506-000,017-1506,31.0: Equipment,0001: COMBAT AIRCRAFT;OPTN: FIELD IS OPTIONAL PRIOR TO FY21,X,NOT APPLICABLE,,,LALWKM623MU7,,NORTHROP GRUMMAN SYSTEMS CORPORATION,NORTHROP GRUMMAN SYSTEMS CORPORATION,,78022,NKVZLJL93QT6,,NORTHROP GRUMMAN CORPORATION,NORTHROP GRUMMAN SYSTEMS CORPORATION,USA,UNITED STATES,17066 GOLDENTOP RD,,SAN DIEGO,06073,SAN DIEGO,06,CA,CALIFORNIA,921272412,CA-50,CA-50,8586184168,8586185140,USA,UNITED STATES,SAN DIEGO,06073,SAN DIEGO,06,CA,CALIFORNIA,921272100,CA-50,CA-50,AWARD,D,DEFINITIVE CONTRACT,,,,,,,J,FIRM FIXED PRICE,MQ-4C TRITON LRIP LOT 5 LONG LEAD ITEMS TO SUPPORT U.S. NAVY AND COOPERATIVE PARTNER AUSTRALIA.,N0001919R0008,1,,,1550,UNMANNED AIRCRAFT,H,NOT BUNDLED,A1A,AIRFRAMES AND SPARES,336411,AIRCRAFT MANUFACTURING,C,NO CLAUSES INCLUDED AND NO SUSTAINABILITY INCLUDED,A,U.S. OWNED BUSINESS,373,MQ-4C TRITON,Z,NOT IT PRODUCTS OR SERVICES,A,MEETS REQUIREMENTS,USA,UNITED STATES,D,MFG IN U.S.,F,INDIVIDUAL SUBCONTRACT PLAN,C,NOT COMPETED,SSS,ONLY ONE SOURCE,NONE,NO SET ASIDE USED.,NONE,NO PREFERENCE USED,,,,,ONE,ONLY ONE SOURCE-OTHER (FAR 6.302-1 OTHER),1,D,COMMERCIAL PRODUCTS/SERVICES PROCEDURES NOT USED,f,N,NO,N,NO,Y,YES,N,NO,0.00,Y,YES,Y,YES,N,NO,X,NOT APPLICABLE,X,NOT APPLICABLE,,,,,,,,,,N,NO,Y,YES - CAS CLAUSE INCLUDED,N,TRANSACTION DOES NOT USE GFE/GFP,U,UNKNOWN,D,NOT CONSOLIDATED,X,NOT APPLICABLE,N,NO,A,FAR 52.232-16 PROGRESS PAYMENTS,N,NO,X,NOT APPLICABLE,f,f,f,f,f,f,f,f,f,f,f,f,f,f,f,f,f,f,f,OTHER THAN SMALL BUSINESS,O,f,f,f,f,f,f,f,f,f,f,f,f,f,f,f,f,f,CORPORATE NOT TAX EXEMPT,t,f,f,f,f,f,f,f,f,f,f,f,t,f,f,f,f,t,f,f,f,f,f,f,f,f,f,f,t,f,f,f,f,f,f,f,f,f,f,f,f,f,f,f,f,f,f,f,f,f,,,,,,,,,,,https://www.usaspending.gov/award/CONT_AWD_N0001919C0008_9700_-NONE-_-NONE-/,2026-07-01 15:35:26+00
CONT_AWD_N0001919C1024_9700_-NONE-_-NONE-,N0001919C1024,,,,Q: Not Designated Nonemergency/Emergency/Disaster/Wildfire Suppression,,,,,25413946.00,14801874.10,25413946.00,25413946.00,2019-05-28,2019,2020-09-08,2020,2019-05-28,2021-03-31,2021-03-31 00:00:00,,2018-08-29,097,Department of Defense,1700,Department of the Navy,N00019,NAVAL AIR SYSTEMS COMMAND,097,Department of Defense,1700,Department of the Navy,N00019,NAVAL AIR SYSTEMS COMMAND,017-2019/2021-1507-000,017-1507,26.0: Supplies and materials,OPTN: FIELD IS OPTIONAL PRIOR TO FY21,X,NOT APPLICABLE,,,GURMFDFLENX4,147543086,"KRATOS UNMANNED AERIAL SYSTEMS, INC","KRATOS UNMANNED AERIAL SYSTEMS, INC.",,7J998,H6BWMHGJ5AF5,884457813,"KRATOS DEFENSE & SECURITY SOLUTIONS, INC.",KRATOS DEFENSE & SECURITY SOLUTIONS  INC.,USA,UNITED STATES,5381 RALEY BLVD,,SACRAMENTO,06067,SACRAMENTO,06,CA,CALIFORNIA,958381701,CA-06,CA-06,8588127304,,USA,UNITED STATES,ROSEVILLE,06061,PLACER,06,CA,CALIFORNIA,956610003,CA-04,CA-03,AWARD,D,DEFINITIVE CONTRACT,,,,,,,J,FIRM FIXED PRICE,"LOW RATE INITIAL PRODUCTION LOT 3 OF THE SUBSONIC AERIAL TARGET, BQM-177A.",N0001918R0072,1,OT,OTHER FUNCTIONS,1550,UNMANNED AIRCRAFT,H,NOT BUNDLED,A2,MISSILE AND SPACE SYSTEMS,336414,GUIDED MISSILE AND SPACE VEHICLE MANUFACTURING,C,NO CLAUSES INCLUDED AND NO SUSTAINABILITY INCLUDED,A,U.S. OWNED BUSINESS,000,NONE,Z,NOT IT PRODUCTS OR SERVICES,A,MEETS REQUIREMENTS,USA,UNITED STATES,D,MFG IN U.S.,F,INDIVIDUAL SUBCONTRACT PLAN,C,NOT COMPETED,SSS,ONLY ONE SOURCE,NONE,NO SET ASIDE USED.,NONE,NO PREFERENCE USED,,,,,ONE,ONLY ONE SOURCE-OTHER (FAR 6.302-1 OTHER),1,D,COMMERCIAL ITEM PROCEDURES NOT USED,f,N,NO,N,NO,Y,YES,N,NO,0.00,N,NO,Y,YES,N,NO,X,NOT APPLICABLE,X,NOT APPLICABLE,,,,,,,,NONE,NONE,Y,YES,Y,YES - CAS CLAUSE INCLUDED,N,TRANSACTION DOES NOT USE GFE/GFP,U,UNKNOWN,D,NOT CONSOLIDATED,X,NOT APPLICABLE,N,NO,A,FAR 52.232-16 PROGRESS PAYMENTS,N,NO,X,NOT APPLICABLE,f,f,f,f,f,f,f,f,f,f,f,f,f,f,f,f,f,f,f,OTHER THAN SMALL BUSINESS,O,f,f,f,f,f,f,f,f,f,f,f,f,f,f,f,f,f,CORPORATE NOT TAX EXEMPT,t,f,f,f,f,f,f,f,f,f,f,f,t,f,f,f,f,t,f,f,f,f,f,f,f,f,f,f,t,f,f,f,f,f,f,f,f,f,f,f,f,f,f,f,f,f,f,f,f,f,,,,,,,,,,,https://www.usaspending.gov/award/CONT_AWD_N0001919C1024_9700_-NONE-_-NONE-/,2020-09-08 16:24:10+00
CONT_AWD_N0001919F0005_9700_N0001915G0026_9700,N0001919F0005,9700,DEPT OF DEFENSE,N0001915G0026,N: Emergency P.L. 116-136;Q: Not Designated Nonemergency/Emergency/Disaster/Wildfire Suppression,323958.00,-205766.26,,,549539.98,335292.60,837195.26,961401.26,2018-11-29,2019,2026-03-19,2026,2018-11-29,2021-02-14,2021-02-14 00:00:00,,,097,Department of Defense,1700,Department of the Navy,N00019,NAVAL AIR SYSTEMS COMMAND,097,Department of Defense,1700,Department of the Navy,N00019,NAVAL AIR SYSTEMS COMMAND,017-2019/2019-1804-000;017-2020/2020-1804-000;017-2021/2021-1804-000,017-1804,31.0: Equipment,0001: OPERATING FORCES;OPTN: FIELD IS OPTIONAL PRIOR TO FY21,X,NOT APPLICABLE,,,PK8PM2GNVMP8,,NORTHROP GRUMMAN SYSTEMS CORPORATION,NORTHROP GRUMMAN SYSTEMS CORPORATION,,70974,NKVZLJL93QT6,,NORTHROP GRUMMAN CORPORATION,NORTHROP GRUMMAN SYSTEMS CORPORATION,USA,UNITED STATES,2000 W NASA BLVD,,MELBOURNE,12009,BREVARD,12,FL,FLORIDA,329042322,FL-08,FL-08,3219515444,3219515755,USA,UNITED STATES,PALMDALE,06037,LOS ANGELES,06,CA,CALIFORNIA,935507401,CA-27,CA-27,AWARD,C,DELIVERY ORDER,,,,,,,U,COST PLUS FIXED FEE,PRESERVATION AND STORAGE OF UA B8 (169171) AND UA B9 (169172).,N0001914R0023,1,,,1550,UNMANNED AIRCRAFT,H,NOT BUNDLED,A1A,AIRFRAMES AND SPARES,336413,OTHER AIRCRAFT PARTS AND AUXILIARY EQUIPMENT MANUFACTURING,C,NO CLAUSES INCLUDED AND NO SUSTAINABILITY INCLUDED,A,U.S. OWNED BUSINESS,373,MQ-4C TRITON,Z,NOT IT PRODUCTS OR SERVICES,E,NOT REQUIRED,USA,UNITED STATES,D,MFG IN U.S.,B,PLAN NOT REQUIRED,C,NOT COMPETED,SSS,ONLY ONE SOURCE,NONE,NO SET ASIDE USED.,NONE,NO PREFERENCE USED,,,,,ONE,ONLY ONE SOURCE-OTHER (FAR 6.302-1 OTHER),1,D,COMMERCIAL PRODUCTS/SERVICES PROCEDURES NOT USED,f,,,N,NO,Y,YES,N,NO,,N,NO,Y,YES,N,NO,N,NO,X,NOT APPLICABLE,,,D,BOA,S,SINGLE AWARD,,,,N,NO,,,Y,TRANSACTION USES GFE/GFP,N,NO,D,NOT CONSOLIDATED,X,NOT APPLICABLE,,,A,FAR 52.232-16 PROGRESS PAYMENTS,N,NO,X,NOT APPLICABLE,f,f,f,f,f,f,f,f,f,f,f,f,f,f,f,f,f,f,f,OTHER THAN SMALL BUSINESS,O,f,f,f,f,f,f,f,f,f,f,f,f,f,f,f,f,f,CORPORATE NOT TAX EXEMPT,t,f,f,f,f,f,f,f,f,f,f,f,f,f,f,f,f,t,f,f,f,f,f,f,f,f,f,f,t,f,f,f,f,f,f,f,f,f,f,f,f,f,f,f,f,f,f,f,f,f,,,,,,,,,,,https://www.usaspending.gov/award/CONT_AWD_N0001919F0005_9700_N0001915G0026_9700/,2026-03-19 16:38:38+00
CONT_AWD_N0001919F0268_9700_N0001917G0001_9700,N0001919F0268,9700,DEPT OF DEFENSE,N0001917G0001,Q: Not Designated Nonemergency/Emergency/Disaster/Wildfire Suppression,,,,,319571.00,0.00,319571.00,319571.00,2019-08-19,2019,2020-11-10,2021,2019-08-19,2020-12-15,2020-12-15 00:00:00,,2018-10-15,097,Department of Defense,1700,Department of the Navy,N00019,NAVAL AIR SYSTEMS COMMAND,097,Department of Defense,1700,Department of the Navy,N00019,NAVAL AIR SYSTEMS COMMAND,017-2019/2020-1319-000;017-2019/2021-1506-000,017-1319;017-1506,25.5: Research and development contracts;26.0: Supplies and materials,0001: COMBAT AIRCRAFT,X,NOT APPLICABLE,,,QXMUHJ7XTF89,878164086,"INSITU, INC.","INSITU, INC.",,02FP7,NU2UC8MX6NK1,009256819,THE BOEING COMPANY,THE BOEING COMPANY,USA,UNITED STATES,118 E COLUMBIA RIVER WAY,,BINGEN,53039,KLICKITAT,53,WA,WASHINGTON,986059086,WA-03,WA-04,4808911045,4258654452,USA,UNITED STATES,BINGEN,53039,KLICKITAT,53,WA,WASHINGTON,986059086,WA-03,WA-04,AWARD,C,DELIVERY ORDER,,,,,,,J,FIRM FIXED PRICE,BIAS T EFUSE ASSEMBLY,,1,OT,OTHER FUNCTIONS,1550,UNMANNED AIRCRAFT,H,NOT BUNDLED,A1A,AIRFRAMES AND SPARES,336411,AIRCRAFT MANUFACTURING,C,NO CLAUSES INCLUDED AND NO SUSTAINABILITY INCLUDED,A,U.S. OWNED BUSINESS,000,NONE,Z,NOT IT PRODUCTS OR SERVICES,A,MEETS REQUIREMENTS,USA,UNITED STATES,D,MFG IN U.S.,B,PLAN NOT REQUIRED,C,NOT COMPETED,SSS,ONLY ONE SOURCE,NONE,NO SET ASIDE USED.,NONE,NO PREFERENCE USED,,,,,ONE,ONLY ONE SOURCE-OTHER (FAR 6.302-1 OTHER),1,D,COMMERCIAL ITEM PROCEDURES NOT USED,f,,,N,NO,,,N,NO,,Y,YES,Y,YES,Y,YES,X,NOT APPLICABLE,X,NOT APPLICABLE,,,D,BOA,S,SINGLE AWARD,,NONE,NONE,N,NO,,,N,TRANSACTION DOES NOT USE GFE/GFP,U,UNKNOWN,D,NOT CONSOLIDATED,X,NOT APPLICABLE,,,Z,NOT APPLICABLE,N,NO,X,NOT APPLICABLE,f,f,f,f,f,f,f,f,f,f,f,f,f,f,f,f,f,f,f,OTHER THAN SMALL BUSINESS,O,f,f,f,f,f,f,f,f,f,f,f,f,f,f,f,f,f,CORPORATE NOT TAX EXEMPT,t,f,f,f,f,f,f,f,f,f,f,f,t,f,f,f,f,f,f,f,f,f,f,f,f,f,f,f,t,f,f,f,f,f,f,f,f,f,f,f,f,f,f,f,f,f,f,f,f,f,,,,,,,,,,,https://www.usaspending.gov/award/CONT_AWD_N0001919F0268_9700_N0001917G0001_9700/,2021-02-20 11:53:30+00
CONT_AWD_N0001919F0272_9700_N0001915G0026_9700,N0001919F0272,9700,DEPT OF DEFENSE,N0001915G0026,Q: Not Designated Nonemergency/Emergency/Disaster/Wildfire Suppression,,,,,85525495.56,7280651.36,85614151.04,85614151.04,2019-07-22,2019,2024-08-06,2024,2019-07-18,2023-06-01,2023-06-01 00:00:00,,2018-10-11,097,Department of Defense,1700,Department of the Navy,N00019,NAVAL AIR SYSTEMS COMMAND,097,Department of Defense,1700,Department of the Navy,N00019,NAVAL AIR SYSTEMS COMMAND,017-2018/2019-1319-000;017-2019/2020-1319-000;017-2019/2021-1506-000;017-2020/2021-1319-000;017-2020/2022-1506-000,017-1319;017-1506,31.0: Equipment,0001: COMBAT AIRCRAFT;0002: APPLIED RESEARCH;OPTN: FIELD IS OPTIONAL PRIOR TO FY21,X,NOT APPLICABLE,,,PK8PM2GNVMP8,,NORTHROP GRUMMAN SYSTEMS CORPORATION,NORTHROP GRUMMAN SYSTEMS CORPORATION,,70974,PK8PM2GNVMP8,,NORTHROP GRUMMAN SYSTEMS CORPORATION,NORTHROP GRUMMAN SYSTEMS CORPORATION,USA,UNITED STATES,2000 W NASA BLVD,,MELBOURNE,12009,BREVARD,12,FL,FLORIDA,329042322,FL-08,FL-08,3219515444,3219515755,USA,UNITED STATES,SAN DIEGO,06073,SAN DIEGO,06,CA,CALIFORNIA,921272412,CA-50,CA-50,AWARD,C,DELIVERY ORDER,,,,,,,U,COST PLUS FIXED FEE,THE PURPOSE OF THE MODIFICATION IS TO PROCURE MATERIAL KITS AND RETROFIT LABOR TO INCORPORATE THE IFC 4.0 CONFIGURATION INTO RETROFIT AIRCRAFT AND GROUND SEGMENTS FOR THE TRITON MQ-4C PROGRAM,N0001914R0023,1,,,1550,UNMANNED AIRCRAFT,H,NOT BUNDLED,A1A,AIRFRAMES AND SPARES,336413,OTHER AIRCRAFT PARTS AND AUXILIARY EQUIPMENT MANUFACTURING,C,NO CLAUSES INCLUDED AND NO SUSTAINABILITY INCLUDED,A,U.S. OWNED BUSINESS,373,MQ-4C TRITON,Z,NOT IT PRODUCTS OR SERVICES,A,MEETS REQUIREMENTS,USA,UNITED STATES,D,MFG IN U.S.,F,INDIVIDUAL SUBCONTRACT PLAN,C,NOT COMPETED,SSS,ONLY ONE SOURCE,NONE,NO SET ASIDE USED.,NONE,NO PREFERENCE USED,,,,,ONE,ONLY ONE SOURCE-OTHER (FAR 6.302-1 OTHER),1,D,COMMERCIAL PRODUCTS/SERVICES PROCEDURES NOT USED,f,,,N,NO,Y,YES,N,NO,,N,NO,Y,YES,N,NO,N,NO,X,NOT APPLICABLE,,,D,BOA,S,SINGLE AWARD,,,,Y,YES,,,Y,TRANSACTION USES GFE/GFP,U,UNKNOWN,D,NOT CONSOLIDATED,X,NOT APPLICABLE,,,A,FAR 52.232-16 PROGRESS PAYMENTS,N,NO,X,NOT APPLICABLE,f,f,f,f,f,f,f,f,f,f,f,f,f,f,f,f,f,f,f,OTHER THAN SMALL BUSINESS,O,f,f,f,f,f,f,f,f,f,f,f,f,f,f,f,f,f,CORPORATE NOT TAX EXEMPT,t,f,f,f,f,f,f,f,f,f,f,f,f,f,f,f,f,t,f,f,f,f,f,f,f,f,f,f,t,f,f,f,f,f,f,f,f,f,f,f,f,f,f,f,f,f,f,f,f,f,,,,,,,,,,,https://www.usaspending.gov/award/CONT_AWD_N0001919F0272_9700_N0001915G0026_9700/,2024-08-06 16:43:06+00
CONT_AWD_N0001919F2532_9700_N0001917G0001_9700,N0001919F2532,9700,DEPT OF DEFENSE,N0001917G0001,,,,,,10166181.68,,10166181.68,10166181.68,2018-11-16,2019,2022-09-14,2022,2018-11-15,2024-01-30,2024-01-30 00:00:00,,,097,Department of Defense,1700,Department of the Navy,N00019,NAVAL AIR SYSTEMS COMMAND,097,Department of Defense,1700,Department of the Navy,N00019,NAVAL AIR SYSTEMS COMMAND,,,,,A,FOREIGN FUNDS FMS,,,QXMUHJ7XTF89,,"INSITU, INC.","INSITU, INC.",,02FP7,NU2UC8MX6NK1,,THE BOEING COMPANY,THE BOEING COMPANY,USA,UNITED STATES,118 E COLUMBIA RIVER WAY,,BINGEN,53039,KLICKITAT,53,WA,WASHINGTON,986059086,WA-03,WA-04,4808911045,4258654452,USA,UNITED STATES,BINGEN,53039,KLICKITAT,53,WA,WASHINGTON,986059086,WA-03,WA-04,AWARD,C,DELIVERY ORDER,,,,,,,J,FIRM FIXED PRICE,PILOT/OPERATOR INITIAL TRAINING,,1,OT,OTHER FUNCTIONS,1550,UNMANNED AIRCRAFT,H,NOT BUNDLED,A1A,AIRFRAMES AND SPARES,336411,AIRCRAFT MANUFACTURING,C,NO CLAUSES INCLUDED AND NO SUSTAINABILITY INCLUDED,A,U.S. OWNED BUSINESS,000,NONE,Z,NOT IT PRODUCTS OR SERVICES,A,MEETS REQUIREMENTS,USA,UNITED STATES,D,MFG IN U.S.,B,PLAN NOT REQUIRED,C,NOT COMPETED,SSS,ONLY ONE SOURCE,NONE,NO SET ASIDE USED.,NONE,NO PREFERENCE USED,,,,,ONE,ONLY ONE SOURCE-OTHER (FAR 6.302-1 OTHER),1,D,COMMERCIAL PRODUCTS/SERVICES PROCEDURES NOT USED,f,,,N,NO,N,NO,N,NO,,Y,YES,Y,YES,Y,YES,X,NOT APPLICABLE,X,NOT APPLICABLE,,,D,BOA,S,SINGLE AWARD,,NONE,NONE,N,NO,,,N,TRANSACTION DOES NOT USE GFE/GFP,U,UNKNOWN,D,NOT CONSOLIDATED,X,NOT APPLICABLE,,,Z,NOT APPLICABLE,N,NO,X,NOT APPLICABLE,f,f,f,f,f,f,f,f,f,f,f,f,f,f,f,f,f,f,f,OTHER THAN SMALL BUSINESS,O,f,f,f,f,f,f,f,f,f,f,f,f,f,f,f,f,f,CORPORATE NOT TAX EXEMPT,t,f,f,f,f,f,f,f,f,f,f,f,t,f,f,f,f,f,f,f,f,f,f,f,f,f,f,f,t,f,f,f,f,f,f,f,f,f,f,f,f,f,f,f,f,f,f,f,f,f,,,,,,,,,,,https://www.usaspending.gov/award/CONT_AWD_N0001919F2532_9700_N0001917G0001_9700/,2022-09-14 09:08:11+00
CONT_AWD_N0001919F2602_9700_N0001917G0001_9700,N0001919F2602,9700,DEPT OF DEFENSE,N0001917G0001,,,,,,42432469.48,,42432469.48,42432469.48,2019-05-31,2019,2023-02-02,2023,2019-05-31,2022-09-30,2022-09-30 00:00:00,,2019-03-28,097,Department of Defense,1700,Department of the Navy,N00019,NAVAL AIR SYSTEMS COMMAND,097,Department of Defense,1700,Department of the Navy,N00019,NAVAL AIR SYSTEMS COMMAND,,,,,A,FOREIGN FUNDS FMS,,,QXMUHJ7XTF89,,"INSITU, INC.","INSITU, INC.",,02FP7,NU2UC8MX6NK1,,THE BOEING COMPANY,THE BOEING COMPANY,USA,UNITED STATES,118 E COLUMBIA RIVER WAY,,BINGEN,53039,KLICKITAT,53,WA,WASHINGTON,986059086,WA-03,WA-04,4808911045,4258654452,USA,UNITED STATES,BINGEN,53039,KLICKITAT,53,WA,WASHINGTON,986059086,WA-03,WA-04,AWARD,C,DELIVERY ORDER,,,,,,,J,FIRM FIXED PRICE,"THIS PROCUREMENT IS TO SUPPORT THE FOLLOWING SOUTHEAST ASIA COUNTRIES: INDONESIA, MALAYSIA, PHILIPPINES AND VIETNAM. THIS PROCUREMENT CONSISTS OF (34) SCANEAGLE UNMANNED AIR VEHICLES (UAVS); INDONESIA (8), MALAYSIA #1 (6), MALAYSIA #2 (6) PHILIPPINES (8), VIETNAM (6), SPARE PAYLOADS, SPARE AND REPAIR PARTS, SUPPORT EQUIPMENT, TOOLS, TRAINING, TECHNICAL SERVICES, FIELD SERVICE REPRESENTATIVES (FSRS) AND PROGRAM MANAGEMENT.",,1,OT,OTHER FUNCTIONS,1550,UNMANNED AIRCRAFT,H,NOT BUNDLED,A1A,AIRFRAMES AND SPARES,336411,AIRCRAFT MANUFACTURING,C,NO CLAUSES INCLUDED AND NO SUSTAINABILITY INCLUDED,A,U.S. OWNED BUSINESS,000,NONE,Z,NOT IT PRODUCTS OR SERVICES,A,MEETS REQUIREMENTS,USA,UNITED STATES,D,MFG IN U.S.,B,PLAN NOT REQUIRED,C,NOT COMPETED,SSS,ONLY ONE SOURCE,NONE,NO SET ASIDE USED.,NONE,NO PREFERENCE USED,,,,,ONE,ONLY ONE SOURCE-OTHER (FAR 6.302-1 OTHER),1,D,COMMERCIAL PRODUCTS/SERVICES PROCEDURES NOT USED,f,,,N,NO,N,NO,N,NO,,Y,YES,Y,YES,Y,YES,X,NOT APPLICABLE,X,NOT APPLICABLE,,,D,BOA,S,SINGLE AWARD,,NONE,NONE,N,NO,,,N,TRANSACTION DOES NOT USE GFE/GFP,U,UNKNOWN,D,NOT CONSOLIDATED,X,NOT APPLICABLE,,,Z,NOT APPLICABLE,N,NO,X,NOT APPLICABLE,f,f,f,f,f,f,f,f,f,f,f,f,f,f,f,f,f,f,f,OTHER THAN SMALL BUSINESS,O,f,f,f,f,f,f,f,f,f,f,f,f,f,f,f,f,f,CORPORATE NOT TAX EXEMPT,t,f,f,f,f,f,f,f,f,f,f,f,t,f,f,f,f,f,f,f,f,f,f,f,f,f,f,f,t,f,f,f,f,f,f,f,f,f,f,f,f,f,f,f,f,f,f,f,f,f,,,,,,,,,,,https://www.usaspending.gov/award/CONT_AWD_N0001919F2602_9700_N0001917G0001_9700/,2023-02-02 08:12:07+00
CONT_AWD_N0001919F2716_9700_N0001917G0001_9700,N0001919F2716,9700,DEPT OF DEFENSE,N0001917G0001,,,,,,3355501.59,,3355501.59,5782842.69,2019-05-29,2019,2020-01-27,2020,2019-05-29,2020-03-17,2020-07-15 00:00:00,,2019-02-21,097,Department of Defense,1700,Department of the Navy,N00019,NAVAL AIR SYSTEMS COMMAND,097,Department of Defense,1700,Department of the Navy,N00019,NAVAL AIR SYSTEMS COMMAND,,,,,A,FOREIGN FUNDS FMS,,,QXMUHJ7XTF89,878164086,"INSITU, INC.","INSITU, INC.",,02FP7,NU2UC8MX6NK1,009256819,THE BOEING COMPANY,THE BOEING COMPANY,USA,UNITED STATES,118 E COLUMBIA RIVER WAY,,BINGEN,53039,KLICKITAT,53,WA,WASHINGTON,986059086,WA-03,WA-04,4808911045,4258654452,USA,UNITED STATES,BINGEN,53039,KLICKITAT,53,WA,WASHINGTON,986059086,WA-03,WA-04,AWARD,C,DELIVERY ORDER,,,,,,,J,FIRM FIXED PRICE,PROCUREMENT OF HARDWARE AND SERVICES TO SUPPORT FMS CASE IQ-P-SBH,,1,,,1550,UNMANNED AIRCRAFT,H,NOT BUNDLED,A1A,AIRFRAMES AND SPARES,336411,AIRCRAFT MANUFACTURING,C,NO CLAUSES INCLUDED AND NO SUSTAINABILITY INCLUDED,A,U.S. OWNED BUSINESS,000,NONE,Z,NOT IT PRODUCTS OR SERVICES,A,MEETS REQUIREMENTS,USA,UNITED STATES,D,MFG IN U.S.,F,INDIVIDUAL SUBCONTRACT PLAN,C,NOT COMPETED,SSS,ONLY ONE SOURCE,NONE,NO SET ASIDE USED.,NONE,NO PREFERENCE USED,,,,,ONE,ONLY ONE SOURCE-OTHER (FAR 6.302-1 OTHER),1,D,COMMERCIAL ITEM PROCEDURES NOT USED,f,,,N,NO,,,N,NO,,Y,YES,Y,YES,Y,YES,X,NOT APPLICABLE,X,NOT APPLICABLE,,,D,BOA,S,SINGLE AWARD,,NONE,NONE,N,NO,,,N,TRANSACTION DOES NOT USE GFE/GFP,U,UNKNOWN,D,NOT CONSOLIDATED,X,NOT APPLICABLE,,,Z,NOT APPLICABLE,N,NO,X,NOT APPLICABLE,f,f,f,f,f,f,f,f,f,f,f,f,f,f,f,f,f,f,f,OTHER THAN SMALL BUSINESS,O,f,f,f,f,f,f,f,f,f,f,f,f,f,f,f,f,f,CORPORATE NOT TAX EXEMPT,t,f,f,f,f,f,f,f,f,f,f,f,t,f,f,f,f,t,f,f,f,f,f,f,f,f,f,f,t,f,f,f,f,f,f,f,f,f,f,f,f,f,f,f,f,f,f,f,f,f,,,,,,,,,,,https://www.usaspending.gov/award/CONT_AWD_N0001919F2716_9700_N0001917G0001_9700/,2020-01-27 16:03:25+00
CONT_AWD_N0001919F4035_9700_N0001915G0026_9700,N0001919F4035,9700,DEPT OF DEFENSE,N0001915G0026,,,,,,3472459.00,,3472459.00,3472459.00,2019-08-29,2019,2021-05-18,2021,2019-08-29,2022-05-14,2022-05-14 00:00:00,,2019-05-16,097,Department of Defense,1700,Department of the Navy,N00019,NAVAL AIR SYSTEMS COMMAND,097,Department of Defense,1700,Department of the Navy,N00019,NAVAL AIR SYSTEMS COMMAND,,,,,X,NOT APPLICABLE,,,PK8PM2GNVMP8,152670030,NORTHROP GRUMMAN SYSTEMS CORPORATION,NORTHROP GRUMMAN SYSTEMS CORPORATION,,70974,NKVZLJL93QT6,967356127,NORTHROP GRUMMAN CORPORATION,NORTHROP GRUMMAN SYSTEMS CORPORATION,USA,UNITED STATES,2000 W NASA BLVD,,MELBOURNE,12009,BREVARD,12,FL,FLORIDA,329042322,FL-08,FL-08,3219515444,3219515755,USA,UNITED STATES,SAN DIEGO,06073,SAN DIEGO,06,CA,CALIFORNIA,921272412,CA-49,CA-50,AWARD,C,DELIVERY ORDER,,,,,,,U,COST PLUS FIXED FEE,MQ-4C TRITON INTEGRATED MISSION MANAGEMENT COMPUTER (IMMC) OPERATING SOFTWARE (OS) UPDATE,N0001914R0023,1,OT,OTHER FUNCTIONS,1550,UNMANNED AIRCRAFT,H,NOT BUNDLED,A1A,AIRFRAMES AND SPARES,336413,OTHER AIRCRAFT PARTS AND AUXILIARY EQUIPMENT MANUFACTURING,C,NO CLAUSES INCLUDED AND NO SUSTAINABILITY INCLUDED,A,U.S. OWNED BUSINESS,373,MQ-4C TRITON,Z,NOT IT PRODUCTS OR SERVICES,A,MEETS REQUIREMENTS,USA,UNITED STATES,D,MFG IN U.S.,F,INDIVIDUAL SUBCONTRACT PLAN,C,NOT COMPETED,SSS,ONLY ONE SOURCE,NONE,NO SET ASIDE USED.,NONE,NO PREFERENCE USED,,,,,ONE,ONLY ONE SOURCE-OTHER (FAR 6.302-1 OTHER),1,D,COMMERCIAL ITEM PROCEDURES NOT USED,f,,,N,NO,Y,YES,N,NO,,N,NO,Y,YES,N,NO,N,NO,X,NOT APPLICABLE,,,D,BOA,S,SINGLE AWARD,,NONE,NONE,N,NO,,,N,TRANSACTION DOES NOT USE GFE/GFP,U,UNKNOWN,D,NOT CONSOLIDATED,X,NOT APPLICABLE,,,A,FAR 52.232-16 PROGRESS PAYMENTS,N,NO,X,NOT APPLICABLE,f,f,f,f,f,f,f,f,f,f,f,f,f,f,f,f,f,f,f,OTHER THAN SMALL BUSINESS,O,f,f,f,f,f,f,f,f,f,f,f,f,f,f,f,f,f,CORPORATE NOT TAX EXEMPT,t,f,f,f,f,f,f,f,f,f,f,f,f,f,f,f,f,t,f,f,f,f,f,f,f,f,f,f,t,f,f,f,f,f,f,f,f,f,f,f,f,f,f,f,f,f,f,f,f,f,,,,,,,,,,,https://www.usaspending.gov/award/CONT_AWD_N0001919F4035_9700_N0001915G0026_9700/,2021-05-18 14:16:14+00
CONT_AWD_N0001919F4051_9700_N0001919D0033_9700,N0001919F4051,9700,DEPT OF DEFENSE,N0001919D0033,,,,,,24722878.12,0.00,24722878.12,24722878.12,2019-06-28,2019,2020-02-27,2020,2019-06-28,2020-10-01,2020-10-01 00:00:00,,2019-04-29,097,Department of Defense,1700,Department of the Navy,N00019,NAVAL AIR SYSTEMS COMMAND,097,Department of Defense,1700,Department of the Navy,N00019,NAVAL AIR SYSTEMS COMMAND,017-2018/2020-1109-000;017-2019/2021-1506-000,017-1109;017-1506,26.0: Supplies and materials;31.0: Equipment,,X,NOT APPLICABLE,,,QXMUHJ7XTF89,878164086,"INSITU, INC.","INSITU, INC.",,02FP7,NU2UC8MX6NK1,009256819,THE BOEING COMPANY,THE BOEING COMPANY,USA,UNITED STATES,118 E COLUMBIA RIVER WAY,,BINGEN,53039,KLICKITAT,53,WA,WASHINGTON,986059086,WA-03,WA-04,4808911045,4258654452,USA,UNITED STATES,THE DALLES,41065,WASCO,41,OR,OREGON,970580003,OR-02,OR-02,AWARD,C,DELIVERY ORDER,,,,,,,J,FIRM FIXED PRICE,RQ-21A UNMANNED AIR VEHICLES (UAVS),N0001918R0079,1,OT,OTHER FUNCTIONS,1550,UNMANNED AIRCRAFT,H,NOT BUNDLED,A1A,AIRFRAMES AND SPARES,336411,AIRCRAFT MANUFACTURING,C,NO CLAUSES INCLUDED AND NO SUSTAINABILITY INCLUDED,A,U.S. OWNED BUSINESS,000,NONE,Z,NOT IT PRODUCTS OR SERVICES,A,MEETS REQUIREMENTS,USA,UNITED STATES,D,MFG IN U.S.,F,INDIVIDUAL SUBCONTRACT PLAN,C,NOT COMPETED,SSS,ONLY ONE SOURCE,,,NONE,NO PREFERENCE USED,,,,,ONE,ONLY ONE SOURCE-OTHER (FAR 6.302-1 OTHER),,D,COMMERCIAL ITEM PROCEDURES NOT USED,f,N,NO,N,NO,Y,YES,N,NO,,N,NO,Y,YES,X,NOT APPLICABLE,X,NOT APPLICABLE,X,NOT APPLICABLE,,,B,IDC,S,SINGLE AWARD,,NONE,NONE,Y,YES,,,N,TRANSACTION DOES NOT USE GFE/GFP,U,UNKNOWN,D,NOT CONSOLIDATED,X,NOT APPLICABLE,N,NO,Z,NOT APPLICABLE,N,NO,X,NOT APPLICABLE,f,f,f,f,f,f,f,f,f,f,f,f,f,f,f,f,f,f,f,OTHER THAN SMALL BUSINESS,O,f,f,f,f,f,f,f,f,f,f,f,f,f,f,f,f,f,CORPORATE NOT TAX EXEMPT,t,f,f,f,f,f,f,f,f,f,f,f,t,f,f,f,f,t,f,f,f,f,f,f,f,f,f,f,t,f,f,f,f,f,f,f,f,f,f,f,f,f,f,f,f,f,f,f,f,f,,,,,,,,,,,https://www.usaspending.gov/award/CONT_AWD_N0001919F4051_9700_N0001919D0033_9700/,2020-02-27 20:08:17+00
CONT_AWD_N0001919F4074_9700_N0001919D0033_9700,N0001919F4074,9700,DEPT OF DEFENSE,N0001919D0033,,,,,,4324517.10,,4324517.10,4324517.10,2019-07-01,2019,2021-10-27,2022,2019-07-01,2022-06-30,2022-06-30 00:00:00,,2019-04-29,097,Department of Defense,1700,Department of the Navy,N00019,NAVAL AIR SYSTEMS COMMAND,097,Department of Defense,1700,Department of the Navy,N00019,NAVAL AIR SYSTEMS COMMAND,,,,,A,FOREIGN FUNDS FMS,,,QXMUHJ7XTF89,878164086,"INSITU, INC.","INSITU, INC.",,02FP7,NU2UC8MX6NK1,009256819,THE BOEING COMPANY,THE BOEING COMPANY,USA,UNITED STATES,118 E COLUMBIA RIVER WAY,,BINGEN,53039,KLICKITAT,53,WA,WASHINGTON,986059086,WA-03,WA-04,4808911045,4258654452,USA,UNITED STATES,BINGEN,53039,KLICKITAT,53,WA,WASHINGTON,986059086,WA-03,WA-04,AWARD,C,DELIVERY ORDER,,,,,,,J,FIRM FIXED PRICE,SCANEAGLE PROGRAM MANAGEMENT (PM),N0001918R0079,1,OT,OTHER FUNCTIONS,1550,UNMANNED AIRCRAFT,H,NOT BUNDLED,A1A,AIRFRAMES AND SPARES,336411,AIRCRAFT MANUFACTURING,C,NO CLAUSES INCLUDED AND NO SUSTAINABILITY INCLUDED,A,U.S. OWNED BUSINESS,000,NONE,Z,NOT IT PRODUCTS OR SERVICES,E,NOT REQUIRED,USA,UNITED STATES,D,MFG IN U.S.,F,INDIVIDUAL SUBCONTRACT PLAN,C,NOT COMPETED,SSS,ONLY ONE SOURCE,,,NONE,NO PREFERENCE USED,,,,,ONE,ONLY ONE SOURCE-OTHER (FAR 6.302-1 OTHER),,D,COMMERCIAL ITEM PROCEDURES NOT USED,f,N,NO,N,NO,Y,YES,N,NO,,N,NO,Y,YES,X,NOT APPLICABLE,X,NOT APPLICABLE,X,NOT APPLICABLE,,,B,IDC,S,SINGLE AWARD,,NONE,NONE,Y,YES,,,N,TRANSACTION DOES NOT USE GFE/GFP,U,UNKNOWN,D,NOT CONSOLIDATED,X,NOT APPLICABLE,N,NO,Z,NOT APPLICABLE,N,NO,X,NOT APPLICABLE,f,f,f,f,f,f,f,f,f,f,f,f,f,f,f,f,f,f,f,OTHER THAN SMALL BUSINESS,O,f,f,f,f,f,f,f,f,f,f,f,f,f,f,f,f,f,CORPORATE NOT TAX EXEMPT,t,f,f,f,f,f,f,f,f,f,f,f,t,f,f,f,f,t,f,f,f,f,f,f,f,f,f,f,t,f,f,f,f,f,f,f,f,f,f,f,f,f,f,f,f,f,f,f,f,f,,,,,,,,,,,https://www.usaspending.gov/award/CONT_AWD_N0001919F4074_9700_N0001919D0033_9700/,2021-10-27 14:42:34+00
CONT_AWD_N0001919F4141_9700_N0001919D0033_9700,N0001919F4141,9700,DEPT OF DEFENSE,N0001919D0033,,,,,,7221003.87,,7221003.87,7244593.20,2019-07-31,2019,2021-08-31,2021,2019-07-30,2022-01-31,2022-01-31 00:00:00,,2018-12-17,097,Department of Defense,1700,Department of the Navy,N00019,NAVAL AIR SYSTEMS COMMAND,097,Department of Defense,1700,Department of the Navy,N00019,NAVAL AIR SYSTEMS COMMAND,,,,,A,FOREIGN FUNDS FMS,,,QXMUHJ7XTF89,878164086,"INSITU, INC.","INSITU, INC.",,02FP7,NU2UC8MX6NK1,009256819,THE BOEING COMPANY,THE BOEING COMPANY,USA,UNITED STATES,118 E COLUMBIA RIVER WAY,,BINGEN,53039,KLICKITAT,53,WA,WASHINGTON,986059086,WA-03,WA-04,4808911045,4258654452,USA,UNITED STATES,BINGEN,53039,KLICKITAT,53,WA,WASHINGTON,986059086,WA-03,WA-04,AWARD,C,DELIVERY ORDER,,,,,,,J,FIRM FIXED PRICE,"SPARES, SUPPORT EQUIPMENT AND PROGRAM MANAGEMENT REVIEW",N0001918R0079,1,,,1550,UNMANNED AIRCRAFT,H,NOT BUNDLED,A1A,AIRFRAMES AND SPARES,336411,AIRCRAFT MANUFACTURING,C,NO CLAUSES INCLUDED AND NO SUSTAINABILITY INCLUDED,A,U.S. OWNED BUSINESS,000,NONE,Z,NOT IT PRODUCTS OR SERVICES,E,NOT REQUIRED,USA,UNITED STATES,D,MFG IN U.S.,F,INDIVIDUAL SUBCONTRACT PLAN,C,NOT COMPETED,SSS,ONLY ONE SOURCE,,,NONE,NO PREFERENCE USED,,,,,ONE,ONLY ONE SOURCE-OTHER (FAR 6.302-1 OTHER),,D,COMMERCIAL ITEM PROCEDURES NOT USED,f,N,NO,N,NO,Y,YES,N,NO,,N,NO,Y,YES,X,NOT APPLICABLE,X,NOT APPLICABLE,X,NOT APPLICABLE,,,B,IDC,S,SINGLE AWARD,,NONE,NONE,Y,YES,,,N,TRANSACTION DOES NOT USE GFE/GFP,U,UNKNOWN,D,NOT CONSOLIDATED,X,NOT APPLICABLE,N,NO,Z,NOT APPLICABLE,N,NO,X,NOT APPLICABLE,f,f,f,f,f,f,f,f,f,f,f,f,f,f,f,f,f,f,f,OTHER THAN SMALL BUSINESS,O,f,f,f,f,f,f,f,f,f,f,f,f,f,f,f,f,f,CORPORATE NOT TAX EXEMPT,t,f,f,f,f,f,f,f,f,f,f,f,t,f,f,f,f,t,f,f,f,f,f,f,f,f,f,f,t,f,f,f,f,f,f,f,f,f,f,f,f,f,f,f,f,f,f,f,f,f,,,,,,,,,,,https://www.usaspending.gov/award/CONT_AWD_N0001919F4141_9700_N0001919D0033_9700/,2021-08-31 14:17:16+00
CONT_AWD_N0001919F4154_9700_N0001919D0033_9700,N0001919F4154,9700,DEPT OF DEFENSE,N0001919D0033,,,,,,8822881.57,,8822881.57,8822881.57,2019-08-13,2019,2021-09-29,2021,2019-08-13,2021-12-27,2021-12-27 00:00:00,,2019-07-01,097,Department of Defense,1700,Department of the Navy,N00019,NAVAL AIR SYSTEMS COMMAND,097,Department of Defense,1700,Department of the Navy,N00019,NAVAL AIR SYSTEMS COMMAND,,,,,A,FOREIGN FUNDS FMS,,,QXMUHJ7XTF89,878164086,"INSITU, INC.","INSITU, INC.",,02FP7,NU2UC8MX6NK1,009256819,THE BOEING COMPANY,THE BOEING COMPANY,USA,UNITED STATES,118 E COLUMBIA RIVER WAY,,BINGEN,53039,KLICKITAT,53,WA,WASHINGTON,986059086,WA-03,WA-04,4808911045,4258654452,KEN,KENYA,,,,,,,986059086,,,AWARD,C,DELIVERY ORDER,,,,,,,J,FIRM FIXED PRICE,"SCANEAGLE INITIAL AND SUSTAINMENT HARDWARE AND SERVICES IN SUPPORT OF FMS, KENYA 7L-P-LAE",N0001918R0079,1,OT,OTHER FUNCTIONS,1550,UNMANNED AIRCRAFT,H,NOT BUNDLED,A1A,AIRFRAMES AND SPARES,336411,AIRCRAFT MANUFACTURING,C,NO CLAUSES INCLUDED AND NO SUSTAINABILITY INCLUDED,A,U.S. OWNED BUSINESS,000,NONE,Z,NOT IT PRODUCTS OR SERVICES,A,MEETS REQUIREMENTS,USA,UNITED STATES,D,MFG IN U.S.,F,INDIVIDUAL SUBCONTRACT PLAN,C,NOT COMPETED,SSS,ONLY ONE SOURCE,,,NONE,NO PREFERENCE USED,,,,,ONE,ONLY ONE SOURCE-OTHER (FAR 6.302-1 OTHER),,D,COMMERCIAL ITEM PROCEDURES NOT USED,f,N,NO,N,NO,Y,YES,N,NO,,N,NO,Y,YES,X,NOT APPLICABLE,X,NOT APPLICABLE,X,NOT APPLICABLE,,,B,IDC,S,SINGLE AWARD,,NONE,NONE,Y,YES,,,N,TRANSACTION DOES NOT USE GFE/GFP,U,UNKNOWN,D,NOT CONSOLIDATED,X,NOT APPLICABLE,N,NO,Z,NOT APPLICABLE,N,NO,X,NOT APPLICABLE,f,f,f,f,f,f,f,f,f,f,f,f,f,f,f,f,f,f,f,OTHER THAN SMALL BUSINESS,O,f,f,f,f,f,f,f,f,f,f,f,f,f,f,f,f,f,CORPORATE NOT TAX EXEMPT,t,f,f,f,f,f,f,f,f,f,f,f,t,f,f,f,f,t,f,f,f,f,f,f,f,f,f,f,t,f,f,f,f,f,f,f,f,f,f,f,f,f,f,f,f,f,f,f,f,f,,,,,,,,,,,https://www.usaspending.gov/award/CONT_AWD_N0001919F4154_9700_N0001919D0033_9700/,2021-09-29 17:11:23+00
CONT_AWD_N0001919F4172_9700_N0001919D0033_9700,N0001919F4172,9700,DEPT OF DEFENSE,N0001919D0033,,,,,,8599431.97,,8599431.97,8599431.97,2019-08-13,2019,2021-09-29,2021,2019-08-13,2021-12-27,2021-12-27 00:00:00,,2019-07-01,097,Department of Defense,1700,Department of the Navy,N00019,NAVAL AIR SYSTEMS COMMAND,097,Department of Defense,1700,Department of the Navy,N00019,NAVAL AIR SYSTEMS COMMAND,,,,,A,FOREIGN FUNDS FMS,,,QXMUHJ7XTF89,878164086,"INSITU, INC.","INSITU, INC.",,02FP7,NU2UC8MX6NK1,009256819,THE BOEING COMPANY,THE BOEING COMPANY,USA,UNITED STATES,118 E COLUMBIA RIVER WAY,,BINGEN,53039,KLICKITAT,53,WA,WASHINGTON,986059086,WA-03,WA-04,4808911045,4258654452,KEN,KENYA,,,,,,,986059806,,,AWARD,C,DELIVERY ORDER,,,,,,,J,FIRM FIXED PRICE,FMS KENYA 7L-P-LAE; SCANEAGLE HARDWARE AND SERVICES,N0001918R0079,1,OT,OTHER FUNCTIONS,1550,UNMANNED AIRCRAFT,H,NOT BUNDLED,A1A,AIRFRAMES AND SPARES,336411,AIRCRAFT MANUFACTURING,C,NO CLAUSES INCLUDED AND NO SUSTAINABILITY INCLUDED,A,U.S. OWNED BUSINESS,000,NONE,Z,NOT IT PRODUCTS OR SERVICES,A,MEETS REQUIREMENTS,USA,UNITED STATES,D,MFG IN U.S.,F,INDIVIDUAL SUBCONTRACT PLAN,C,NOT COMPETED,SSS,ONLY ONE SOURCE,,,NONE,NO PREFERENCE USED,,,,,ONE,ONLY ONE SOURCE-OTHER (FAR 6.302-1 OTHER),,D,COMMERCIAL ITEM PROCEDURES NOT USED,f,N,NO,N,NO,Y,YES,N,NO,,N,NO,Y,YES,X,NOT APPLICABLE,X,NOT APPLICABLE,X,NOT APPLICABLE,,,B,IDC,S,SINGLE AWARD,,NONE,NONE,Y,YES,,,N,TRANSACTION DOES NOT USE GFE/GFP,U,UNKNOWN,D,NOT CONSOLIDATED,X,NOT APPLICABLE,N,NO,Z,NOT APPLICABLE,N,NO,X,NOT APPLICABLE,f,f,f,f,f,f,f,f,f,f,f,f,f,f,f,f,f,f,f,OTHER THAN SMALL BUSINESS,O,f,f,f,f,f,f,f,f,f,f,f,f,f,f,f,f,f,CORPORATE NOT TAX EXEMPT,t,f,f,f,f,f,f,f,f,f,f,f,t,f,f,f,f,t,f,f,f,f,f,f,f,f,f,f,t,f,f,f,f,f,f,f,f,f,f,f,f,f,f,f,f,f,f,f,f,f,,,,,,,,,,,https://www.usaspending.gov/award/CONT_AWD_N0001919F4172_9700_N0001919D0033_9700/,2021-09-29 16:35:02+00
CONT_AWD_N0001919F4197_9700_N0001919D0033_9700,N0001919F4197,9700,DEPT OF DEFENSE,N0001919D0033,,,,,,1439692.82,,1439692.82,1439692.82,2019-08-23,2019,2021-06-03,2021,2019-08-22,2021-12-31,2021-12-31 00:00:00,,2019-08-22,097,Department of Defense,1700,Department of the Navy,N00019,NAVAL AIR SYSTEMS COMMAND,097,Department of Defense,1700,Department of the Navy,N00019,NAVAL AIR SYSTEMS COMMAND,,,,,A,FOREIGN FUNDS FMS,,,QXMUHJ7XTF89,878164086,"INSITU, INC.","INSITU, INC.",,02FP7,NU2UC8MX6NK1,009256819,THE BOEING COMPANY,THE BOEING COMPANY,USA,UNITED STATES,118 E COLUMBIA RIVER WAY,,BINGEN,53039,KLICKITAT,53,WA,WASHINGTON,986059086,WA-03,WA-04,4808911045,4258654452,USA,UNITED STATES,BINGEN,53039,KLICKITAT,53,WA,WASHINGTON,986059086,WA-03,WA-04,AWARD,C,DELIVERY ORDER,,,,,,,J,FIRM FIXED PRICE,"POLAND TRAINING; GROUND CONTROL STATION, INSTALLATION SET",N0001918R0079,1,OT,OTHER FUNCTIONS,1550,UNMANNED AIRCRAFT,H,NOT BUNDLED,A1A,AIRFRAMES AND SPARES,336411,AIRCRAFT MANUFACTURING,C,NO CLAUSES INCLUDED AND NO SUSTAINABILITY INCLUDED,A,U.S. OWNED BUSINESS,000,NONE,Z,NOT IT PRODUCTS OR SERVICES,E,NOT REQUIRED,USA,UNITED STATES,D,MFG IN U.S.,F,INDIVIDUAL SUBCONTRACT PLAN,C,NOT COMPETED,SSS,ONLY ONE SOURCE,,,NONE,NO PREFERENCE USED,,,,,ONE,ONLY ONE SOURCE-OTHER (FAR 6.302-1 OTHER),,D,COMMERCIAL ITEM PROCEDURES NOT USED,f,N,NO,N,NO,Y,YES,N,NO,,N,NO,Y,YES,X,NOT APPLICABLE,X,NOT APPLICABLE,X,NOT APPLICABLE,,,B,IDC,S,SINGLE AWARD,,NONE,NONE,Y,YES,,,N,TRANSACTION DOES NOT USE GFE/GFP,U,UNKNOWN,D,NOT CONSOLIDATED,X,NOT APPLICABLE,N,NO,Z,NOT APPLICABLE,N,NO,X,NOT APPLICABLE,f,f,f,f,f,f,f,f,f,f,f,f,f,f,f,f,f,f,f,OTHER THAN SMALL BUSINESS,O,f,f,f,f,f,f,f,f,f,f,f,f,f,f,f,f,f,CORPORATE NOT TAX EXEMPT,t,f,f,f,f,f,f,f,f,f,f,f,t,f,f,f,f,t,f,f,f,f,f,f,f,f,f,f,t,f,f,f,f,f,f,f,f,f,f,f,f,f,f,f,f,f,f,f,f,f,,,,,,,,,,,https://www.usaspending.gov/award/CONT_AWD_N0001919F4197_9700_N0001919D0033_9700/,2021-06-03 18:50:08+00
CONT_AWD_N0001919F4232_9700_N0001919D0033_9700,N0001919F4232,9700,DEPT OF DEFENSE,N0001919D0033,,,,,,461804.52,0.00,461804.52,461804.52,2019-09-12,2019,2022-09-26,2022,2019-09-12,2020-12-07,2020-12-07 00:00:00,,2019-09-12,097,Department of Defense,1700,Department of the Navy,N00019,NAVAL AIR SYSTEMS COMMAND,097,Department of Defense,1700,Department of the Navy,N00019,NAVAL AIR SYSTEMS COMMAND,017-2019/2019-1804-000,017-1804,25.7: Operation and maintenance of equipment,,X,NOT APPLICABLE,,,QXMUHJ7XTF89,,"INSITU, INC.","INSITU, INC.",,02FP7,NU2UC8MX6NK1,,THE BOEING COMPANY,THE BOEING COMPANY,USA,UNITED STATES,118 E COLUMBIA RIVER WAY,,BINGEN,53039,KLICKITAT,53,WA,WASHINGTON,986059086,WA-03,WA-04,4808911045,4258654452,USA,UNITED STATES,BINGEN,53059,SKAMANIA,53,WA,WASHINGTON,986059080,WA-03,WA-03,AWARD,C,DELIVERY ORDER,,,,,,,J,FIRM FIXED PRICE,RQ-21A SERVICES TO SUPPORT LAUNCHER GENERATOR EOL IMPLEMENTATION AND HPU ECP DEVELOPMENT.,N0001918R0079,1,OT,OTHER FUNCTIONS,1550,UNMANNED AIRCRAFT,H,NOT BUNDLED,A1A,AIRFRAMES AND SPARES,336411,AIRCRAFT MANUFACTURING,C,NO CLAUSES INCLUDED AND NO SUSTAINABILITY INCLUDED,A,U.S. OWNED BUSINESS,000,NONE,Z,NOT IT PRODUCTS OR SERVICES,A,MEETS REQUIREMENTS,USA,UNITED STATES,D,MFG IN U.S.,F,INDIVIDUAL SUBCONTRACT PLAN,C,NOT COMPETED,SSS,ONLY ONE SOURCE,,,NONE,NO PREFERENCE USED,,,,,ONE,ONLY ONE SOURCE-OTHER (FAR 6.302-1 OTHER),,D,COMMERCIAL PRODUCTS/SERVICES PROCEDURES NOT USED,f,N,NO,N,NO,Y,YES,N,NO,,N,NO,Y,YES,X,NOT APPLICABLE,X,NOT APPLICABLE,X,NOT APPLICABLE,,,B,IDC,S,SINGLE AWARD,,NONE,NONE,Y,YES,,,N,TRANSACTION DOES NOT USE GFE/GFP,U,UNKNOWN,D,NOT CONSOLIDATED,X,NOT APPLICABLE,N,NO,Z,NOT APPLICABLE,N,NO,X,NOT APPLICABLE,f,f,f,f,f,f,f,f,f,f,f,f,f,f,f,f,f,f,f,OTHER THAN SMALL BUSINESS,O,f,f,f,f,f,f,f,f,f,f,f,f,f,f,f,f,f,CORPORATE NOT TAX EXEMPT,t,f,f,f,f,f,f,f,f,f,f,f,t,f,f,f,f,t,f,f,f,f,f,f,f,f,f,f,t,f,f,f,f,f,f,f,f,f,f,f,f,f,f,f,f,f,f,f,f,f,,,,,,,,,,,https://www.usaspending.gov/award/CONT_AWD_N0001919F4232_9700_N0001919D0033_9700/,2022-09-26 15:55:05+00
CONT_AWD_N0001919F4237_9700_N0001919D0033_9700,N0001919F4237,9700,DEPT OF DEFENSE,N0001919D0033,,,,,,562655.11,,562655.11,562655.11,2019-09-04,2019,2021-12-06,2022,2019-09-04,2021-12-15,2021-12-15 00:00:00,,2018-12-17,097,Department of Defense,1700,Department of the Navy,N00019,NAVAL AIR SYSTEMS COMMAND,097,Department of Defense,1700,Department of the Navy,N00019,NAVAL AIR SYSTEMS COMMAND,,,,,A,FOREIGN FUNDS FMS,,,QXMUHJ7XTF89,878164086,"INSITU, INC.","INSITU, INC.",,02FP7,NU2UC8MX6NK1,009256819,THE BOEING COMPANY,THE BOEING COMPANY,USA,UNITED STATES,118 E COLUMBIA RIVER WAY,,BINGEN,53039,KLICKITAT,53,WA,WASHINGTON,986059086,WA-03,WA-04,4808911045,4258654452,USA,UNITED STATES,BINGEN,53039,KLICKITAT,53,WA,WASHINGTON,986059086,WA-03,WA-04,AWARD,C,DELIVERY ORDER,,,,,,,J,FIRM FIXED PRICE,PROCUREMENT OF RQ-21A PROPULSION MODULE ASSEMBLY SPARES,N0001918R0079,1,,,1550,UNMANNED AIRCRAFT,H,NOT BUNDLED,A1A,AIRFRAMES AND SPARES,336411,AIRCRAFT MANUFACTURING,C,NO CLAUSES INCLUDED AND NO SUSTAINABILITY INCLUDED,A,U.S. OWNED BUSINESS,000,NONE,Z,NOT IT PRODUCTS OR SERVICES,E,NOT REQUIRED,USA,UNITED STATES,D,MFG IN U.S.,F,INDIVIDUAL SUBCONTRACT PLAN,C,NOT COMPETED,SSS,ONLY ONE SOURCE,,,NONE,NO PREFERENCE USED,,,,,ONE,ONLY ONE SOURCE-OTHER (FAR 6.302-1 OTHER),,D,COMMERCIAL ITEM PROCEDURES NOT USED,f,N,NO,N,NO,Y,YES,N,NO,,N,NO,Y,YES,X,NOT APPLICABLE,X,NOT APPLICABLE,X,NOT APPLICABLE,,,B,IDC,S,SINGLE AWARD,,NONE,NONE,Y,YES,,,N,TRANSACTION DOES NOT USE GFE/GFP,U,UNKNOWN,D,NOT CONSOLIDATED,X,NOT APPLICABLE,N,NO,Z,NOT APPLICABLE,N,NO,X,NOT APPLICABLE,f,f,f,f,f,f,f,f,f,f,f,f,f,f,f,f,f,f,f,OTHER THAN SMALL BUSINESS,O,f,f,f,f,f,f,f,f,f,f,f,f,f,f,f,f,f,CORPORATE NOT TAX EXEMPT,t,f,f,f,f,f,f,f,f,f,f,f,t,f,f,f,f,t,f,f,f,f,f,f,f,f,f,f,t,f,f,f,f,f,f,f,f,f,f,f,f,f,f,f,f,f,f,f,f,f,,,,,,,,,,,https://www.usaspending.gov/award/CONT_AWD_N0001919F4237_9700_N0001919D0033_9700/,2021-12-06 17:15:16+00
CONT_AWD_N0001919F4250_9700_N0001919D0033_9700,N0001919F4250,9700,DEPT OF DEFENSE,N0001919D0033,Q: Not Designated Nonemergency/Emergency/Disaster/Wildfire Suppression,,,,,4199146.50,0.00,4199146.50,4199146.50,2019-09-12,2019,2020-10-08,2021,2019-09-12,2021-04-12,2021-04-12 00:00:00,,2019-09-12,097,Department of Defense,1700,Department of the Navy,N00019,NAVAL AIR SYSTEMS COMMAND,097,Department of Defense,1700,Department of the Navy,N00019,NAVAL AIR SYSTEMS COMMAND,017-2019/2021-1506-000,017-1506,26.0: Supplies and materials,0001: COMBAT AIRCRAFT,X,NOT APPLICABLE,,,QXMUHJ7XTF89,878164086,"INSITU, INC.","INSITU, INC.",,02FP7,NU2UC8MX6NK1,009256819,THE BOEING COMPANY,THE BOEING COMPANY,USA,UNITED STATES,118 E COLUMBIA RIVER WAY,,BINGEN,53039,KLICKITAT,53,WA,WASHINGTON,986059086,WA-03,WA-04,4808911045,4258654452,USA,UNITED STATES,THE DALLES,41065,WASCO,41,OR,OREGON,970580003,OR-02,OR-02,AWARD,C,DELIVERY ORDER,,,,,,,J,FIRM FIXED PRICE,SRS (STUAS RECOVERY SYSTEM) - DOMESTIC,N0001918R0079,1,,,1550,UNMANNED AIRCRAFT,H,NOT BUNDLED,A1A,AIRFRAMES AND SPARES,336411,AIRCRAFT MANUFACTURING,C,NO CLAUSES INCLUDED AND NO SUSTAINABILITY INCLUDED,A,U.S. OWNED BUSINESS,000,NONE,Z,NOT IT PRODUCTS OR SERVICES,A,MEETS REQUIREMENTS,USA,UNITED STATES,D,MFG IN U.S.,F,INDIVIDUAL SUBCONTRACT PLAN,C,NOT COMPETED,SSS,ONLY ONE SOURCE,,,NONE,NO PREFERENCE USED,,,,,ONE,ONLY ONE SOURCE-OTHER (FAR 6.302-1 OTHER),,D,COMMERCIAL ITEM PROCEDURES NOT USED,f,N,NO,N,NO,Y,YES,N,NO,,N,NO,Y,YES,X,NOT APPLICABLE,X,NOT APPLICABLE,X,NOT APPLICABLE,,,B,IDC,S,SINGLE AWARD,,NONE,NONE,Y,YES,,,N,TRANSACTION DOES NOT USE GFE/GFP,U,UNKNOWN,D,NOT CONSOLIDATED,X,NOT APPLICABLE,N,NO,Z,NOT APPLICABLE,N,NO,X,NOT APPLICABLE,f,f,f,f,f,f,f,f,f,f,f,f,f,f,f,f,f,f,f,OTHER THAN SMALL BUSINESS,O,f,f,f,f,f,f,f,f,f,f,f,f,f,f,f,f,f,CORPORATE NOT TAX EXEMPT,t,f,f,f,f,f,f,f,f,f,f,f,t,f,f,f,f,t,f,f,f,f,f,f,f,f,f,f,t,f,f,f,f,f,f,f,f,f,f,f,f,f,f,f,f,f,f,f,f,f,,,,,,,,,,,https://www.usaspending.gov/award/CONT_AWD_N0001919F4250_9700_N0001919D0033_9700/,2020-10-08 14:42:14+00
CONT_AWD_N0001919F4253_9700_N0001919D0033_9700,N0001919F4253,9700,DEPT OF DEFENSE,N0001919D0033,,,,,,6416240.11,0.00,6416240.11,6416240.11,2019-09-13,2019,2020-02-12,2020,2019-09-13,2020-06-30,2020-06-30 00:00:00,,2019-09-13,097,Department of Defense,1700,Department of the Navy,N00019,NAVAL AIR SYSTEMS COMMAND,097,Department of Defense,1700,Department of the Navy,N00019,NAVAL AIR SYSTEMS COMMAND,017-2019/2021-1506-000,017-1506,26.0: Supplies and materials,,X,NOT APPLICABLE,,,QXMUHJ7XTF89,878164086,"INSITU, INC.","INSITU, INC.",,02FP7,NU2UC8MX6NK1,009256819,THE BOEING COMPANY,THE BOEING COMPANY,USA,UNITED STATES,118 E COLUMBIA RIVER WAY,,BINGEN,53039,KLICKITAT,53,WA,WASHINGTON,986059086,WA-03,WA-04,4808911045,4258654452,USA,UNITED STATES,BINGEN,53039,KLICKITAT,53,WA,WASHINGTON,986059086,WA-03,WA-04,AWARD,C,DELIVERY ORDER,,,,,,,J,FIRM FIXED PRICE,ALTICAM 14,N0001918R0079,1,OT,OTHER FUNCTIONS,1550,UNMANNED AIRCRAFT,H,NOT BUNDLED,A1A,AIRFRAMES AND SPARES,336411,AIRCRAFT MANUFACTURING,C,NO CLAUSES INCLUDED AND NO SUSTAINABILITY INCLUDED,A,U.S. OWNED BUSINESS,000,NONE,Z,NOT IT PRODUCTS OR SERVICES,A,MEETS REQUIREMENTS,USA,UNITED STATES,D,MFG IN U.S.,F,INDIVIDUAL SUBCONTRACT PLAN,C,NOT COMPETED,SSS,ONLY ONE SOURCE,,,NONE,NO PREFERENCE USED,,,,,ONE,ONLY ONE SOURCE-OTHER (FAR 6.302-1 OTHER),,D,COMMERCIAL ITEM PROCEDURES NOT USED,f,N,NO,N,NO,Y,YES,N,NO,,N,NO,Y,YES,X,NOT APPLICABLE,X,NOT APPLICABLE,X,NOT APPLICABLE,,,B,IDC,S,SINGLE AWARD,,NONE,NONE,Y,YES,,,N,TRANSACTION DOES NOT USE GFE/GFP,U,UNKNOWN,D,NOT CONSOLIDATED,X,NOT APPLICABLE,N,NO,Z,NOT APPLICABLE,N,NO,X,NOT APPLICABLE,f,f,f,f,f,f,f,f,f,f,f,f,f,f,f,f,f,f,f,OTHER THAN SMALL BUSINESS,O,f,f,f,f,f,f,f,f,f,f,f,f,f,f,f,f,f,CORPORATE NOT TAX EXEMPT,t,f,f,f,f,f,f,f,f,f,f,f,t,f,f,f,f,t,f,f,f,f,f,f,f,f,f,f,t,f,f,f,f,f,f,f,f,f,f,f,f,f,f,f,f,f,f,f,f,f,,,,,,,,,,,https://www.usaspending.gov/award/CONT_AWD_N0001919F4253_9700_N0001919D0033_9700/,2020-02-12 12:42:18+00
CONT_AWD_N0001919F4282_9700_N0001919D0033_9700,N0001919F4282,9700,DEPT OF DEFENSE,N0001919D0033,,,,,,2208912.68,,2208912.68,2208912.68,2019-09-26,2019,2020-01-09,2020,2019-09-26,2020-06-23,2020-06-23 00:00:00,,2018-12-17,097,Department of Defense,1700,Department of the Navy,N00019,NAVAL AIR SYSTEMS COMMAND,097,Department of Defense,1700,Department of the Navy,N00019,NAVAL AIR SYSTEMS COMMAND,,,,,A,FOREIGN FUNDS FMS,,,QXMUHJ7XTF89,878164086,"INSITU, INC.","INSITU, INC.",,02FP7,NU2UC8MX6NK1,009256819,THE BOEING COMPANY,THE BOEING COMPANY,USA,UNITED STATES,118 E COLUMBIA RIVER WAY,,BINGEN,53039,KLICKITAT,53,WA,WASHINGTON,986059086,WA-03,WA-04,4808911045,4258654452,USA,UNITED STATES,BINGEN,53039,KLICKITAT,53,WA,WASHINGTON,986050001,WA-03,WA-03,AWARD,C,DELIVERY ORDER,,,,,,,J,FIRM FIXED PRICE,RQ-21A UNMANNED AIR VEHICLES (UAVS)IN SUPPORT OF FMS CASE CANADA CN-P-LKM,N0001918R0079,1,OT,OTHER FUNCTIONS,1550,UNMANNED AIRCRAFT,H,NOT BUNDLED,A1A,AIRFRAMES AND SPARES,336411,AIRCRAFT MANUFACTURING,C,NO CLAUSES INCLUDED AND NO SUSTAINABILITY INCLUDED,A,U.S. OWNED BUSINESS,000,NONE,Z,NOT IT PRODUCTS OR SERVICES,A,MEETS REQUIREMENTS,USA,UNITED STATES,D,MFG IN U.S.,F,INDIVIDUAL SUBCONTRACT PLAN,C,NOT COMPETED,SSS,ONLY ONE SOURCE,,,NONE,NO PREFERENCE USED,,,,,ONE,ONLY ONE SOURCE-OTHER (FAR 6.302-1 OTHER),,D,COMMERCIAL ITEM PROCEDURES NOT USED,f,N,NO,N,NO,Y,YES,N,NO,,N,NO,Y,YES,X,NOT APPLICABLE,X,NOT APPLICABLE,X,NOT APPLICABLE,,,B,IDC,S,SINGLE AWARD,,NONE,NONE,Y,YES,,,N,TRANSACTION DOES NOT USE GFE/GFP,U,UNKNOWN,D,NOT CONSOLIDATED,X,NOT APPLICABLE,N,NO,Z,NOT APPLICABLE,N,NO,X,NOT APPLICABLE,f,f,f,f,f,f,f,f,f,f,f,f,f,f,f,f,f,f,f,OTHER THAN SMALL BUSINESS,O,f,f,f,f,f,f,f,f,f,f,f,f,f,f,f,f,f,CORPORATE NOT TAX EXEMPT,t,f,f,f,f,f,f,f,f,f,f,f,t,f,f,f,f,t,f,f,f,f,f,f,f,f,f,f,t,f,f,f,f,f,f,f,f,f,f,f,f,f,f,f,f,f,f,f,f,f,,,,,,,,,,,https://www.usaspending.gov/award/CONT_AWD_N0001919F4282_9700_N0001919D0033_9700/,2020-01-09 15:51:49+00
CONT_AWD_N0001919F4288_9700_N0001919D0033_9700,N0001919F4288,9700,DEPT OF DEFENSE,N0001919D0033,Q: Not Designated Nonemergency/Emergency/Disaster/Wildfire Suppression,,,,,2371249.00,0.00,2371249.00,2371249.00,2019-09-25,2019,2020-11-23,2021,2019-09-25,2020-06-19,2020-06-19 00:00:00,,2019-09-25,097,Department of Defense,1700,Department of the Navy,N00019,NAVAL AIR SYSTEMS COMMAND,097,Department of Defense,1700,Department of the Navy,N00019,NAVAL AIR SYSTEMS COMMAND,017-2018/2020-1109-000;017-2019/2019-1804-000,017-1109;017-1804,26.0: Supplies and materials;31.0: Equipment,0001: OPERATING FORCES,X,NOT APPLICABLE,,,QXMUHJ7XTF89,878164086,"INSITU, INC.","INSITU, INC.",,02FP7,NU2UC8MX6NK1,009256819,THE BOEING COMPANY,THE BOEING COMPANY,USA,UNITED STATES,118 E COLUMBIA RIVER WAY,,BINGEN,53039,KLICKITAT,53,WA,WASHINGTON,986059086,WA-03,WA-04,4808911045,4258654452,USA,UNITED STATES,BINGEN,53039,KLICKITAT,53,WA,WASHINGTON,986059086,WA-03,WA-04,AWARD,C,DELIVERY ORDER,,,,,,,J,FIRM FIXED PRICE,SPARE PARTS IN SUPPORT OF CNATT,N0001918R0079,1,,,1550,UNMANNED AIRCRAFT,H,NOT BUNDLED,A1A,AIRFRAMES AND SPARES,336411,AIRCRAFT MANUFACTURING,C,NO CLAUSES INCLUDED AND NO SUSTAINABILITY INCLUDED,A,U.S. OWNED BUSINESS,000,NONE,Z,NOT IT PRODUCTS OR SERVICES,A,MEETS REQUIREMENTS,USA,UNITED STATES,D,MFG IN U.S.,F,INDIVIDUAL SUBCONTRACT PLAN,C,NOT COMPETED,SSS,ONLY ONE SOURCE,,,NONE,NO PREFERENCE USED,,,,,ONE,ONLY ONE SOURCE-OTHER (FAR 6.302-1 OTHER),,D,COMMERCIAL ITEM PROCEDURES NOT USED,f,N,NO,N,NO,Y,YES,N,NO,,N,NO,Y,YES,X,NOT APPLICABLE,X,NOT APPLICABLE,X,NOT APPLICABLE,,,B,IDC,S,SINGLE AWARD,,NONE,NONE,Y,YES,,,N,TRANSACTION DOES NOT USE GFE/GFP,U,UNKNOWN,D,NOT CONSOLIDATED,X,NOT APPLICABLE,N,NO,Z,NOT APPLICABLE,N,NO,X,NOT APPLICABLE,f,f,f,f,f,f,f,f,f,f,f,f,f,f,f,f,f,f,f,OTHER THAN SMALL BUSINESS,O,f,f,f,f,f,f,f,f,f,f,f,f,f,f,f,f,f,CORPORATE NOT TAX EXEMPT,t,f,f,f,f,f,f,f,f,f,f,f,t,f,f,f,f,t,f,f,f,f,f,f,f,f,f,f,t,f,f,f,f,f,f,f,f,f,f,f,f,f,f,f,f,f,f,f,f,f,,,,,,,,,,,https://www.usaspending.gov/award/CONT_AWD_N0001919F4288_9700_N0001919D0033_9700/,2021-02-20 11:53:30+00
CONT_AWD_N0001920C0075_9700_-NONE-_-NONE-,N0001920C0075,,,,Q: Not Designated Nonemergency/Emergency/Disaster/Wildfire Suppression,,,,,118830014.70,0.00,118830014.70,118830014.70,2020-09-29,2020,2024-03-26,2024,2020-09-29,2024-02-28,2024-02-28 00:00:00,,2019-12-05,097,Department of Defense,9763,Defense Contract Management Agency,S0302A,DCMA MOUNTAIN PACIFIC,097,Department of Defense,9763,Defense Contract Management Agency,S0302A,DCMA MOUNTAIN PACIFIC,017-2020/2022-1507-000;017-2021/2023-1507-000,017-1507,26.0: Supplies and materials,0001: WEAPONS PROCUREMENT AND MODIFICATION;OPTN: FIELD IS OPTIONAL PRIOR TO FY21,X,NOT APPLICABLE,,,GURMFDFLENX4,,"KRATOS UNMANNED AERIAL SYSTEMS, INC","KRATOS UNMANNED AERIAL SYSTEMS, INC.",,7J998,GURMFDFLENX4,,"KRATOS UNMANNED AERIAL SYSTEMS, INC",KRATOS DEFENSE & SECURITY SOLUTIONS  INC.,USA,UNITED STATES,5381 RALEY BLVD,,SACRAMENTO,06067,SACRAMENTO,06,CA,CALIFORNIA,958381701,CA-06,CA-06,8588127304,,USA,UNITED STATES,SACRAMENTO,06067,SACRAMENTO,06,CA,CALIFORNIA,958381701,CA-06,CA-06,AWARD,D,DEFINITIVE CONTRACT,,,,,,,J,FIRM FIXED PRICE,SUBSONIC AERIAL TARGET (SSAT)BQM-177A FULL RATE PRODUCTION,N0001919R0083,1,,,1550,UNMANNED AIRCRAFT,H,NOT BUNDLED,A2,MISSILE AND SPACE SYSTEMS,336414,GUIDED MISSILE AND SPACE VEHICLE MANUFACTURING,C,NO CLAUSES INCLUDED AND NO SUSTAINABILITY INCLUDED,A,U.S. OWNED BUSINESS,000,NONE,Z,NOT IT PRODUCTS OR SERVICES,A,MEETS REQUIREMENTS,USA,UNITED STATES,D,MFG IN U.S.,F,INDIVIDUAL SUBCONTRACT PLAN,C,NOT COMPETED,SSS,ONLY ONE SOURCE,NONE,NO SET ASIDE USED.,NONE,NO PREFERENCE USED,,,,,ONE,ONLY ONE SOURCE-OTHER (FAR 6.302-1 OTHER),1,D,COMMERCIAL PRODUCTS/SERVICES PROCEDURES NOT USED,f,N,NO,N,NO,Y,YES,N,NO,0.00,N,NO,Y,YES,N,NO,X,NOT APPLICABLE,X,NOT APPLICABLE,,,,,,,,,,N,NO,Y,YES - CAS CLAUSE INCLUDED,Y,TRANSACTION USES GFE/GFP,U,UNKNOWN,D,NOT CONSOLIDATED,X,NOT APPLICABLE,N,NO,A,FAR 52.232-16 PROGRESS PAYMENTS,N,NO,X,NOT APPLICABLE,f,f,f,f,f,f,f,f,f,f,f,f,f,f,f,f,f,f,f,OTHER THAN SMALL BUSINESS,O,f,f,f,f,f,f,f,f,f,f,f,f,f,f,f,f,f,CORPORATE NOT TAX EXEMPT,t,f,f,f,f,f,f,f,f,f,f,f,t,f,f,f,f,t,f,f,f,f,f,f,f,f,f,f,t,f,f,f,f,f,f,f,f,f,f,f,f,f,f,f,f,f,f,f,f,f,,,,,,,,,,,https://www.usaspending.gov/award/CONT_AWD_N0001920C0075_9700_-NONE-_-NONE-/,2024-03-26 14:43:28+00
CONT_AWD_N0001920F0043_9700_N0001920G0005_9700,N0001920F0043,9700,DEPT OF DEFENSE,N0001920G0005,Q: Not Designated Nonemergency/Emergency/Disaster/Wildfire Suppression,,,,,865592.79,0.00,1057042.00,1057042.00,2020-06-24,2020,2021-10-12,2022,2020-06-24,2021-08-31,2021-08-31 00:00:00,,2019-06-26,097,Department of Defense,1700,Department of the Navy,N00019,NAVAL AIR SYSTEMS COMMAND,097,Department of Defense,1700,Department of the Navy,N00019,NAVAL AIR SYSTEMS COMMAND,017-2019/2021-1506-000,017-1506,31.0: Equipment,,X,NOT APPLICABLE,,,PK8PM2GNVMP8,152670030,NORTHROP GRUMMAN SYSTEMS CORPORATION,NORTHROP GRUMMAN SYSTEMS CORPORATION,,70974,NKVZLJL93QT6,967356127,NORTHROP GRUMMAN CORPORATION,NORTHROP GRUMMAN SYSTEMS CORPORATION,USA,UNITED STATES,2000 W NASA BLVD,,MELBOURNE,12009,BREVARD,12,FL,FLORIDA,329042322,FL-08,FL-08,3219515444,,USA,UNITED STATES,SAN DIEGO,06073,SAN DIEGO,06,CA,CALIFORNIA,921272412,CA-49,CA-50,AWARD,C,DELIVERY ORDER,,,,,,,U,COST PLUS FIXED FEE,TRITON RADOME AND PANEL UNIQUE PART LIST,,1,,,1550,UNMANNED AIRCRAFT,H,NOT BUNDLED,A1A,AIRFRAMES AND SPARES,336413,OTHER AIRCRAFT PARTS AND AUXILIARY EQUIPMENT MANUFACTURING,C,NO CLAUSES INCLUDED AND NO SUSTAINABILITY INCLUDED,A,U.S. OWNED BUSINESS,373,MQ-4C TRITON,Z,NOT IT PRODUCTS OR SERVICES,A,MEETS REQUIREMENTS,USA,UNITED STATES,D,MFG IN U.S.,B,PLAN NOT REQUIRED,C,NOT COMPETED,SSS,ONLY ONE SOURCE,NONE,NO SET ASIDE USED.,NONE,NO PREFERENCE USED,,,,,ONE,ONLY ONE SOURCE-OTHER (FAR 6.302-1 OTHER),1,D,COMMERCIAL ITEM PROCEDURES NOT USED,f,,,N,NO,,,N,NO,,N,NO,N,NO,N,NO,N,NO,X,NOT APPLICABLE,,,D,BOA,S,SINGLE AWARD,,NONE,NONE,N,NO,,,N,TRANSACTION DOES NOT USE GFE/GFP,U,UNKNOWN,D,NOT CONSOLIDATED,X,NOT APPLICABLE,,,Z,NOT APPLICABLE,N,NO,X,NOT APPLICABLE,f,f,f,f,f,f,f,f,f,f,f,f,f,f,f,f,f,f,f,OTHER THAN SMALL BUSINESS,O,f,f,f,f,f,f,f,f,f,f,f,f,f,f,f,f,f,CORPORATE NOT TAX EXEMPT,t,f,f,f,f,f,f,f,f,f,f,f,t,f,f,f,f,t,f,f,f,f,f,f,f,f,f,f,t,f,f,f,f,f,f,f,f,f,f,f,f,f,f,f,f,f,f,f,f,f,,,,,,,,,,,https://www.usaspending.gov/award/CONT_AWD_N0001920F0043_9700_N0001920G0005_9700/,2021-10-12 20:32:09+00
CONT_AWD_N0001920F0111_9700_N0001919D0033_9700,N0001920F0111,9700,DEPT OF DEFENSE,N0001919D0033,,,,,,1887735.29,,1887735.29,1887735.29,2020-07-01,2020,2020-10-22,2021,2020-07-01,2021-04-03,2021-04-03 00:00:00,,2020-05-29,097,Department of Defense,9763,Defense Contract Management Agency,S4801A,DCMA SEATTLE,097,Department of Defense,1700,Department of the Navy,N00019,NAVAL AIR SYSTEMS COMMAND,,,,,A,FOREIGN FUNDS FMS,,,QXMUHJ7XTF89,878164086,"INSITU, INC.","INSITU, INC.",,02FP7,NU2UC8MX6NK1,009256819,THE BOEING COMPANY,THE BOEING COMPANY,USA,UNITED STATES,118 E COLUMBIA RIVER WAY,,BINGEN,53039,KLICKITAT,53,WA,WASHINGTON,986059086,WA-03,WA-04,4808911045,4258654452,USA,UNITED STATES,BINGEN,53039,KLICKITAT,53,WA,WASHINGTON,986059086,WA-03,WA-04,AWARD,C,DELIVERY ORDER,,,,,,,J,FIRM FIXED PRICE,FMS SCANEAGLE SPARES,N0001918R0079,1,OT,OTHER FUNCTIONS,1550,UNMANNED AIRCRAFT,H,NOT BUNDLED,A1A,AIRFRAMES AND SPARES,336411,AIRCRAFT MANUFACTURING,C,NO CLAUSES INCLUDED AND NO SUSTAINABILITY INCLUDED,A,U.S. OWNED BUSINESS,000,NONE,Z,NOT IT PRODUCTS OR SERVICES,E,NOT REQUIRED,USA,UNITED STATES,D,MFG IN U.S.,F,INDIVIDUAL SUBCONTRACT PLAN,C,NOT COMPETED,SSS,ONLY ONE SOURCE,,,NONE,NO PREFERENCE USED,,,,,ONE,ONLY ONE SOURCE-OTHER (FAR 6.302-1 OTHER),,D,COMMERCIAL ITEM PROCEDURES NOT USED,f,N,NO,N,NO,Y,YES,N,NO,,N,NO,Y,YES,X,NOT APPLICABLE,X,NOT APPLICABLE,X,NOT APPLICABLE,,,B,IDC,S,SINGLE AWARD,,NONE,NONE,Y,YES,,,N,TRANSACTION DOES NOT USE GFE/GFP,U,UNKNOWN,D,NOT CONSOLIDATED,X,NOT APPLICABLE,N,NO,Z,NOT APPLICABLE,N,NO,X,NOT APPLICABLE,f,f,f,f,f,f,f,f,f,f,f,f,f,f,f,f,f,f,f,OTHER THAN SMALL BUSINESS,O,f,f,f,f,f,f,f,f,f,f,f,f,f,f,f,f,f,CORPORATE NOT TAX EXEMPT,t,f,f,f,f,f,f,f,f,f,f,f,t,f,f,f,f,t,f,f,f,f,f,f,f,f,f,f,t,f,f,f,f,f,f,f,f,f,f,f,f,f,f,f,f,f,f,f,f,f,,,,,,,,,,,https://www.usaspending.gov/award/CONT_AWD_N0001920F0111_9700_N0001919D0033_9700/,2020-10-22 10:29:00+00
CONT_AWD_N0001920F0119_9700_N0001919D0033_9700,N0001920F0119,9700,DEPT OF DEFENSE,N0001919D0033,,,,,,3221952.30,,3221952.30,3221952.30,2020-07-13,2020,2021-05-26,2021,2020-07-13,2021-04-15,2021-04-15 00:00:00,,2020-06-12,097,Department of Defense,9763,Defense Contract Management Agency,S0507A,DCMA MOUNTAIN PACIFIC (STOCKTON),097,Department of Defense,1700,Department of the Navy,N00019,NAVAL AIR SYSTEMS COMMAND,,,,,A,FOREIGN FUNDS FMS,,,QXMUHJ7XTF89,,"INSITU, INC.",,,02FP7,NU2UC8MX6NK1,,THE BOEING COMPANY,THE BOEING COMPANY,USA,UNITED STATES,118 E COLUMBIA RIVER WAY,,BINGEN,53039,KLICKITAT,53,WA,WASHINGTON,986059086,WA-03,WA-04,4808911045,4258654452,USA,UNITED STATES,BINGEN,53039,KLICKITAT,53,WA,WASHINGTON,986059086,WA-03,WA-04,AWARD,C,DELIVERY ORDER,,,,,,,J,FIRM FIXED PRICE,"SCANEAGLE UAVS, PAYLOADS, SPARES, AND TOOLS",N0001918R0079,1,OT,OTHER FUNCTIONS,1550,UNMANNED AIRCRAFT,H,NOT BUNDLED,A1A,AIRFRAMES AND SPARES,336411,AIRCRAFT MANUFACTURING,C,NO CLAUSES INCLUDED AND NO SUSTAINABILITY INCLUDED,A,U.S. OWNED BUSINESS,000,NONE,Z,NOT IT PRODUCTS OR SERVICES,A,MEETS REQUIREMENTS,USA,UNITED STATES,D,MFG IN U.S.,F,INDIVIDUAL SUBCONTRACT PLAN,C,NOT COMPETED,SSS,ONLY ONE SOURCE,,,NONE,NO PREFERENCE USED,,,,,ONE,ONLY ONE SOURCE-OTHER (FAR 6.302-1 OTHER),,D,COMMERCIAL ITEM PROCEDURES NOT USED,f,N,NO,N,NO,Y,YES,N,NO,,N,NO,Y,YES,X,NOT APPLICABLE,X,NOT APPLICABLE,X,NOT APPLICABLE,,,B,IDC,S,SINGLE AWARD,,NONE,NONE,Y,YES,,,N,TRANSACTION DOES NOT USE GFE/GFP,U,UNKNOWN,D,NOT CONSOLIDATED,X,NOT APPLICABLE,N,NO,Z,NOT APPLICABLE,N,NO,X,NOT APPLICABLE,f,f,f,f,f,f,f,f,f,f,f,f,f,f,f,f,f,f,f,OTHER THAN SMALL BUSINESS,O,f,f,f,f,f,f,f,f,f,f,f,f,f,f,f,f,f,CORPORATE NOT TAX EXEMPT,t,f,f,f,f,f,f,f,f,f,f,f,t,f,f,f,f,t,f,f,f,f,f,f,f,f,f,f,t,f,f,f,f,f,f,f,f,f,f,f,f,f,f,f,f,f,f,f,f,f,,,,,,,,,,,https://www.usaspending.gov/award/CONT_AWD_N0001920F0119_9700_N0001919D0033_9700/,2022-11-07 14:33:50+00
CONT_AWD_N0001920F0139_9700_N0001919D0033_9700,N0001920F0139,9700,DEPT OF DEFENSE,N0001919D0033,,,,,,5395118.13,,5395118.13,5395118.13,2020-06-30,2020,2020-06-30,2020,2020-06-30,2021-11-19,2021-11-19 00:00:00,,2020-06-30,097,Department of Defense,1700,Department of the Navy,N00019,NAVAL AIR SYSTEMS COMMAND,097,Department of Defense,1700,Department of the Navy,N00019,NAVAL AIR SYSTEMS COMMAND,,,,,X,NOT APPLICABLE,,,QXMUHJ7XTF89,,"INSITU, INC.","INSITU, INC.",,02FP7,NU2UC8MX6NK1,,THE BOEING COMPANY,THE BOEING COMPANY,USA,UNITED STATES,118 E COLUMBIA RIVER WAY,,BINGEN,53039,KLICKITAT,53,WA,WASHINGTON,986059086,WA-03,WA-04,4808911045,4258654452,USA,UNITED STATES,BINGEN,53039,KLICKITAT,53,WA,WASHINGTON,986059086,WA-03,WA-04,AWARD,C,DELIVERY ORDER,,,,,,,J,FIRM FIXED PRICE,SUPPORT EQUIPMENT AND COMPONENTS,N0001918R0079,1,,,1550,UNMANNED AIRCRAFT,H,NOT BUNDLED,A1A,AIRFRAMES AND SPARES,336411,AIRCRAFT MANUFACTURING,C,NO CLAUSES INCLUDED AND NO SUSTAINABILITY INCLUDED,A,U.S. OWNED BUSINESS,000,NONE,Z,NOT IT PRODUCTS OR SERVICES,A,MEETS REQUIREMENTS,USA,UNITED STATES,D,MFG IN U.S.,F,INDIVIDUAL SUBCONTRACT PLAN,C,NOT COMPETED,SSS,ONLY ONE SOURCE,,,NONE,NO PREFERENCE USED,,,,,ONE,ONLY ONE SOURCE-OTHER (FAR 6.302-1 OTHER),,D,COMMERCIAL ITEM PROCEDURES NOT USED,f,N,NO,N,NO,Y,YES,N,NO,,N,NO,Y,YES,X,NOT APPLICABLE,X,NOT APPLICABLE,X,NOT APPLICABLE,,,B,IDC,S,SINGLE AWARD,,NONE,NONE,Y,YES,,,N,TRANSACTION DOES NOT USE GFE/GFP,U,UNKNOWN,D,NOT CONSOLIDATED,X,NOT APPLICABLE,N,NO,Z,NOT APPLICABLE,N,NO,X,NOT APPLICABLE,f,f,f,f,f,f,f,f,f,f,f,f,f,f,f,f,f,f,f,OTHER THAN SMALL BUSINESS,O,f,f,f,f,f,f,f,f,f,f,f,f,f,f,f,f,f,CORPORATE NOT TAX EXEMPT,t,f,f,f,f,f,f,f,f,f,f,f,t,f,f,f,f,t,f,f,f,f,f,f,f,f,f,f,t,f,f,f,f,f,f,f,f,f,f,f,f,f,f,f,f,f,f,f,f,f,,,,,,,,,,,https://www.usaspending.gov/award/CONT_AWD_N0001920F0139_9700_N0001919D0033_9700/,2022-07-15 07:43:18+00
CONT_AWD_N0001920F0198_9700_N0001919D0033_9700,N0001920F0198,9700,DEPT OF DEFENSE,N0001919D0033,,,,,,385649.16,,385649.16,385649.16,2020-07-27,2020,2020-11-05,2021,2020-07-24,2021-04-26,2021-04-26 00:00:00,,,097,Department of Defense,1700,Department of the Navy,N00019,NAVAL AIR SYSTEMS COMMAND,097,Department of Defense,1700,Department of the Navy,N00019,NAVAL AIR SYSTEMS COMMAND,,,,,X,NOT APPLICABLE,,,QXMUHJ7XTF89,878164086,"INSITU, INC.","INSITU, INC.",,02FP7,NU2UC8MX6NK1,009256819,THE BOEING COMPANY,THE BOEING COMPANY,USA,UNITED STATES,118 E COLUMBIA RIVER WAY,,BINGEN,53039,KLICKITAT,53,WA,WASHINGTON,986059086,WA-03,WA-04,4808911045,4258654452,USA,UNITED STATES,BINGEN,53039,KLICKITAT,53,WA,WASHINGTON,986059086,WA-03,WA-04,AWARD,C,DELIVERY ORDER,,,,,,,J,FIRM FIXED PRICE,"CARRIAGE ASSEMBLY LAUNCHER, MARK 4, SC",N0001918R0079,1,,,1550,UNMANNED AIRCRAFT,H,NOT BUNDLED,A1A,AIRFRAMES AND SPARES,336411,AIRCRAFT MANUFACTURING,C,NO CLAUSES INCLUDED AND NO SUSTAINABILITY INCLUDED,A,U.S. OWNED BUSINESS,000,NONE,Z,NOT IT PRODUCTS OR SERVICES,A,MEETS REQUIREMENTS,USA,UNITED STATES,D,MFG IN U.S.,F,INDIVIDUAL SUBCONTRACT PLAN,C,NOT COMPETED,SSS,ONLY ONE SOURCE,,,NONE,NO PREFERENCE USED,,,,,ONE,ONLY ONE SOURCE-OTHER (FAR 6.302-1 OTHER),,D,COMMERCIAL ITEM PROCEDURES NOT USED,f,N,NO,N,NO,Y,YES,N,NO,,N,NO,Y,YES,X,NOT APPLICABLE,X,NOT APPLICABLE,X,NOT APPLICABLE,,,B,IDC,S,SINGLE AWARD,,NONE,NONE,Y,YES,,,N,TRANSACTION DOES NOT USE GFE/GFP,U,UNKNOWN,D,NOT CONSOLIDATED,X,NOT APPLICABLE,N,NO,Z,NOT APPLICABLE,N,NO,X,NOT APPLICABLE,f,f,f,f,f,f,f,f,f,f,f,f,f,f,f,f,f,f,f,OTHER THAN SMALL BUSINESS,O,f,f,f,f,f,f,f,f,f,f,f,f,f,f,f,f,f,CORPORATE NOT TAX EXEMPT,t,f,f,f,f,f,f,f,f,f,f,f,t,f,f,f,f,t,f,f,f,f,f,f,f,f,f,f,t,f,f,f,f,f,f,f,f,f,f,f,f,f,f,f,f,f,f,f,f,f,,,,,,,,,,,https://www.usaspending.gov/award/CONT_AWD_N0001920F0198_9700_N0001919D0033_9700/,2021-02-20 11:53:30+00
CONT_AWD_N0001920F0247_9700_N0001919D0033_9700,N0001920F0247,9700,DEPT OF DEFENSE,N0001919D0033,,,,,,460264.96,,460264.96,460264.96,2020-08-21,2020,2020-08-21,2020,2020-08-21,2021-02-28,2021-02-28 00:00:00,,2019-05-24,097,Department of Defense,1700,Department of the Navy,N00019,NAVAL AIR SYSTEMS COMMAND,097,Department of Defense,1700,Department of the Navy,N00019,NAVAL AIR SYSTEMS COMMAND,,,,,A,FOREIGN FUNDS FMS,,,QXMUHJ7XTF89,,"INSITU, INC.","INSITU, INC.",,02FP7,NU2UC8MX6NK1,,THE BOEING COMPANY,THE BOEING COMPANY,USA,UNITED STATES,118 E COLUMBIA RIVER WAY,,BINGEN,53039,KLICKITAT,53,WA,WASHINGTON,986059086,WA-03,WA-04,4808911045,4258654452,USA,UNITED STATES,BINGEN,53039,KLICKITAT,53,WA,WASHINGTON,986059086,WA-03,WA-04,AWARD,C,DELIVERY ORDER,,,,,,,J,FIRM FIXED PRICE,TRAINING AND SPARES,N0001918R0079,1,,,1550,UNMANNED AIRCRAFT,H,NOT BUNDLED,A1A,AIRFRAMES AND SPARES,336411,AIRCRAFT MANUFACTURING,C,NO CLAUSES INCLUDED AND NO SUSTAINABILITY INCLUDED,A,U.S. OWNED BUSINESS,000,NONE,Z,NOT IT PRODUCTS OR SERVICES,A,MEETS REQUIREMENTS,USA,UNITED STATES,D,MFG IN U.S.,F,INDIVIDUAL SUBCONTRACT PLAN,C,NOT COMPETED,SSS,ONLY ONE SOURCE,,,NONE,NO PREFERENCE USED,,,,,ONE,ONLY ONE SOURCE-OTHER (FAR 6.302-1 OTHER),,D,COMMERCIAL ITEM PROCEDURES NOT USED,f,N,NO,N,NO,Y,YES,N,NO,,N,NO,Y,YES,X,NOT APPLICABLE,X,NOT APPLICABLE,X,NOT APPLICABLE,,,B,IDC,S,SINGLE AWARD,,NONE,NONE,Y,YES,,,N,TRANSACTION DOES NOT USE GFE/GFP,U,UNKNOWN,D,NOT CONSOLIDATED,X,NOT APPLICABLE,N,NO,Z,NOT APPLICABLE,N,NO,X,NOT APPLICABLE,f,f,f,f,f,f,f,f,f,f,f,f,f,f,f,f,f,f,f,OTHER THAN SMALL BUSINESS,O,f,f,f,f,f,f,f,f,f,f,f,f,f,f,f,f,f,CORPORATE NOT TAX EXEMPT,t,f,f,f,f,f,f,f,f,f,f,f,t,f,f,f,f,t,f,f,f,f,f,f,f,f,f,f,t,f,f,f,f,f,f,f,f,f,f,f,f,f,f,f,f,f,f,f,f,f,,,,,,,,,,,https://www.usaspending.gov/award/CONT_AWD_N0001920F0247_9700_N0001919D0033_9700/,2022-06-08 07:31:58+00
CONT_AWD_N0001920F0316_9700_N0001919D0033_9700,N0001920F0316,9700,DEPT OF DEFENSE,N0001919D0033,,,,,,6727.86,,6727.86,6727.86,2019-10-10,2020,2019-10-10,2020,2019-10-10,2020-07-11,2020-07-11 00:00:00,,2019-10-10,097,Department of Defense,1700,Department of the Navy,N00019,NAVAL AIR SYSTEMS COMMAND,097,Department of Defense,1700,Department of the Navy,N00019,NAVAL AIR SYSTEMS COMMAND,,,,,A,FOREIGN FUNDS FMS,,,QXMUHJ7XTF89,878164086,"INSITU, INC.","INSITU, INC.",,02FP7,NU2UC8MX6NK1,009256819,THE BOEING COMPANY,THE BOEING COMPANY,USA,UNITED STATES,118 E COLUMBIA RIVER WAY,,BINGEN,53039,KLICKITAT,53,WA,WASHINGTON,986059086,WA-03,WA-04,4808911045,4258654452,USA,UNITED STATES,BINGEN,53039,KLICKITAT,53,WA,WASHINGTON,986059086,WA-03,WA-04,AWARD,C,DELIVERY ORDER,,,,,,,J,FIRM FIXED PRICE,PROCUREMENT OF SPARES,N0001918R0079,1,,,1550,UNMANNED AIRCRAFT,H,NOT BUNDLED,A1A,AIRFRAMES AND SPARES,336411,AIRCRAFT MANUFACTURING,C,NO CLAUSES INCLUDED AND NO SUSTAINABILITY INCLUDED,A,U.S. OWNED BUSINESS,000,NONE,Z,NOT IT PRODUCTS OR SERVICES,A,MEETS REQUIREMENTS,USA,UNITED STATES,D,MFG IN U.S.,F,INDIVIDUAL SUBCONTRACT PLAN,C,NOT COMPETED,SSS,ONLY ONE SOURCE,,,NONE,NO PREFERENCE USED,,,,,ONE,ONLY ONE SOURCE-OTHER (FAR 6.302-1 OTHER),,D,COMMERCIAL ITEM PROCEDURES NOT USED,f,N,NO,N,NO,Y,YES,N,NO,,N,NO,Y,YES,X,NOT APPLICABLE,X,NOT APPLICABLE,X,NOT APPLICABLE,,,B,IDC,S,SINGLE AWARD,,NONE,NONE,Y,YES,,,N,TRANSACTION DOES NOT USE GFE/GFP,U,UNKNOWN,D,NOT CONSOLIDATED,X,NOT APPLICABLE,N,NO,Z,NOT APPLICABLE,N,NO,X,NOT APPLICABLE,f,f,f,f,f,f,f,f,f,f,f,f,f,f,f,f,f,f,f,OTHER THAN SMALL BUSINESS,O,f,f,f,f,f,f,f,f,f,f,f,f,f,f,f,f,f,CORPORATE NOT TAX EXEMPT,t,f,f,f,f,f,f,f,f,f,f,f,t,f,f,f,f,t,f,f,f,f,f,f,f,f,f,f,t,f,f,f,f,f,f,f,f,f,f,f,f,f,f,f,f,f,f,f,f,f,,,,,,,,,,,https://www.usaspending.gov/award/CONT_AWD_N0001920F0316_9700_N0001919D0033_9700/,2020-04-17 07:44:53+00
CONT_AWD_N0001920F0440_9700_N0001919D0033_9700,N0001920F0440,9700,DEPT OF DEFENSE,N0001919D0033,Q: Not Designated Nonemergency/Emergency/Disaster/Wildfire Suppression,,,,,10972069.10,0.00,10972069.10,10972069.10,2020-04-02,2020,2020-11-30,2021,2020-04-02,2020-12-31,2020-12-31 00:00:00,,2020-03-30,097,Department of Defense,1700,Department of the Navy,N00019,NAVAL AIR SYSTEMS COMMAND,097,Department of Defense,1700,Department of the Navy,N00019,NAVAL AIR SYSTEMS COMMAND,017-2020/2022-1506-000,017-1506,26.0: Supplies and materials,0001: COMBAT AIRCRAFT,X,NOT APPLICABLE,,,QXMUHJ7XTF89,878164086,"INSITU, INC.","INSITU, INC.",,02FP7,NU2UC8MX6NK1,009256819,THE BOEING COMPANY,THE BOEING COMPANY,USA,UNITED STATES,118 E COLUMBIA RIVER WAY,,BINGEN,53039,KLICKITAT,53,WA,WASHINGTON,986059086,WA-03,WA-04,4808911045,4258654452,USA,UNITED STATES,BINGEN,53039,KLICKITAT,53,WA,WASHINGTON,986059086,WA-03,WA-04,AWARD,C,DELIVERY ORDER,,,,,,,J,FIRM FIXED PRICE,RQ-21A UAVS,N0001918R0079,1,,,1550,UNMANNED AIRCRAFT,H,NOT BUNDLED,A1A,AIRFRAMES AND SPARES,336411,AIRCRAFT MANUFACTURING,C,NO CLAUSES INCLUDED AND NO SUSTAINABILITY INCLUDED,A,U.S. OWNED BUSINESS,000,NONE,Z,NOT IT PRODUCTS OR SERVICES,A,MEETS REQUIREMENTS,USA,UNITED STATES,D,MFG IN U.S.,F,INDIVIDUAL SUBCONTRACT PLAN,C,NOT COMPETED,SSS,ONLY ONE SOURCE,,,NONE,NO PREFERENCE USED,,,,,ONE,ONLY ONE SOURCE-OTHER (FAR 6.302-1 OTHER),,D,COMMERCIAL ITEM PROCEDURES NOT USED,f,N,NO,N,NO,Y,YES,N,NO,0.00,N,NO,Y,YES,X,NOT APPLICABLE,X,NOT APPLICABLE,X,NOT APPLICABLE,,,B,IDC,S,SINGLE AWARD,,NONE,NONE,Y,YES,,,N,TRANSACTION DOES NOT USE GFE/GFP,U,UNKNOWN,D,NOT CONSOLIDATED,X,NOT APPLICABLE,N,NO,Z,NOT APPLICABLE,N,NO,X,NOT APPLICABLE,f,f,f,f,f,f,f,f,f,f,f,f,f,f,f,f,f,f,f,OTHER THAN SMALL BUSINESS,O,f,f,f,f,f,f,f,f,f,f,f,f,f,f,f,f,f,CORPORATE NOT TAX EXEMPT,t,f,f,f,f,f,f,f,f,f,f,f,t,f,f,f,f,t,f,f,f,f,f,f,f,f,f,f,t,f,f,f,f,f,f,f,f,f,f,f,f,f,f,f,f,f,f,f,f,f,,,,,,,,,,,https://www.usaspending.gov/award/CONT_AWD_N0001920F0440_9700_N0001919D0033_9700/,2021-02-28 12:08:47+00
CONT_AWD_N0001920F0473_9700_N0001919D0033_9700,N0001920F0473,9700,DEPT OF DEFENSE,N0001919D0033,,,,,,508205.62,,508205.62,508205.62,2019-12-30,2020,2021-06-08,2021,2020-01-24,2021-12-31,2021-12-31 00:00:00,,2019-12-03,097,Department of Defense,1700,Department of the Navy,N00019,NAVAL AIR SYSTEMS COMMAND,097,Department of Defense,1700,Department of the Navy,N00019,NAVAL AIR SYSTEMS COMMAND,,,,,A,FOREIGN FUNDS FMS,,,QXMUHJ7XTF89,878164086,"INSITU, INC.","INSITU, INC.",,02FP7,NU2UC8MX6NK1,009256819,THE BOEING COMPANY,THE BOEING COMPANY,USA,UNITED STATES,118 E COLUMBIA RIVER WAY,,BINGEN,53039,KLICKITAT,53,WA,WASHINGTON,986059086,WA-03,WA-04,4808911045,4258654452,USA,UNITED STATES,BINGEN,53039,KLICKITAT,53,WA,WASHINGTON,986059086,WA-03,WA-04,AWARD,C,DELIVERY ORDER,,,,,,,J,FIRM FIXED PRICE,"SCANEAGLE INITIAL AND SUSTAINMENT SPARES, SUPPORT EQUIPMENT, TOOLS, FSRS AND ASSOCIATED TRAVEL&PREMIUMS",N0001918R0079,1,,,1550,UNMANNED AIRCRAFT,H,NOT BUNDLED,A1A,AIRFRAMES AND SPARES,336411,AIRCRAFT MANUFACTURING,C,NO CLAUSES INCLUDED AND NO SUSTAINABILITY INCLUDED,A,U.S. OWNED BUSINESS,000,NONE,Z,NOT IT PRODUCTS OR SERVICES,A,MEETS REQUIREMENTS,USA,UNITED STATES,D,MFG IN U.S.,F,INDIVIDUAL SUBCONTRACT PLAN,C,NOT COMPETED,SSS,ONLY ONE SOURCE,,,NONE,NO PREFERENCE USED,,,,,ONE,ONLY ONE SOURCE-OTHER (FAR 6.302-1 OTHER),,D,COMMERCIAL ITEM PROCEDURES NOT USED,f,N,NO,N,NO,Y,YES,N,NO,,N,NO,Y,YES,X,NOT APPLICABLE,X,NOT APPLICABLE,X,NOT APPLICABLE,,,B,IDC,S,SINGLE AWARD,,NONE,NONE,Y,YES,,,N,TRANSACTION DOES NOT USE GFE/GFP,U,UNKNOWN,D,NOT CONSOLIDATED,X,NOT APPLICABLE,N,NO,Z,NOT APPLICABLE,N,NO,X,NOT APPLICABLE,f,f,f,f,f,f,f,f,f,f,f,f,f,f,f,f,f,f,f,OTHER THAN SMALL BUSINESS,O,f,f,f,f,f,f,f,f,f,f,f,f,f,f,f,f,f,CORPORATE NOT TAX EXEMPT,t,f,f,f,f,f,f,f,f,f,f,f,t,f,f,f,f,t,f,f,f,f,f,f,f,f,f,f,t,f,f,f,f,f,f,f,f,f,f,f,f,f,f,f,f,f,f,f,f,f,,,,,,,,,,,https://www.usaspending.gov/award/CONT_AWD_N0001920F0473_9700_N0001919D0033_9700/,2021-06-08 07:57:45+00
CONT_AWD_N0001920F0518_9700_N0001919D0033_9700,N0001920F0518,9700,DEPT OF DEFENSE,N0001919D0033,,,,,,578650.13,,578650.13,578650.13,2019-12-19,2020,2020-04-24,2020,2019-12-18,2020-09-30,2020-09-30 00:00:00,,2019-12-18,097,Department of Defense,1700,Department of the Navy,N00019,NAVAL AIR SYSTEMS COMMAND,097,Department of Defense,1700,Department of the Navy,N00019,NAVAL AIR SYSTEMS COMMAND,,,,,A,FOREIGN FUNDS FMS,,,QXMUHJ7XTF89,878164086,"INSITU, INC.","INSITU, INC.",,02FP7,NU2UC8MX6NK1,009256819,THE BOEING COMPANY,THE BOEING COMPANY,USA,UNITED STATES,118 E COLUMBIA RIVER WAY,,BINGEN,53039,KLICKITAT,53,WA,WASHINGTON,986059086,WA-03,WA-04,4808911045,4258654452,USA,UNITED STATES,BINGEN,53039,KLICKITAT,53,WA,WASHINGTON,986059086,WA-03,WA-04,AWARD,C,DELIVERY ORDER,,,,,,,J,FIRM FIXED PRICE,SPARES,N0001918R0079,1,,,1550,UNMANNED AIRCRAFT,H,NOT BUNDLED,A1A,AIRFRAMES AND SPARES,336411,AIRCRAFT MANUFACTURING,C,NO CLAUSES INCLUDED AND NO SUSTAINABILITY INCLUDED,A,U.S. OWNED BUSINESS,000,NONE,Z,NOT IT PRODUCTS OR SERVICES,A,MEETS REQUIREMENTS,USA,UNITED STATES,D,MFG IN U.S.,F,INDIVIDUAL SUBCONTRACT PLAN,C,NOT COMPETED,SSS,ONLY ONE SOURCE,,,NONE,NO PREFERENCE USED,,,,,ONE,ONLY ONE SOURCE-OTHER (FAR 6.302-1 OTHER),,D,COMMERCIAL ITEM PROCEDURES NOT USED,f,N,NO,N,NO,Y,YES,N,NO,,N,NO,Y,YES,X,NOT APPLICABLE,X,NOT APPLICABLE,X,NOT APPLICABLE,,,B,IDC,S,SINGLE AWARD,,NONE,NONE,Y,YES,,,N,TRANSACTION DOES NOT USE GFE/GFP,U,UNKNOWN,D,NOT CONSOLIDATED,X,NOT APPLICABLE,N,NO,Z,NOT APPLICABLE,N,NO,X,NOT APPLICABLE,f,f,f,f,f,f,f,f,f,f,f,f,f,f,f,f,f,f,f,OTHER THAN SMALL BUSINESS,O,f,f,f,f,f,f,f,f,f,f,f,f,f,f,f,f,f,CORPORATE NOT TAX EXEMPT,t,f,f,f,f,f,f,f,f,f,f,f,t,f,f,f,f,t,f,f,f,f,f,f,f,f,f,f,t,f,f,f,f,f,f,f,f,f,f,f,f,f,f,f,f,f,f,f,f,f,,,,,,,,,,,https://www.usaspending.gov/award/CONT_AWD_N0001920F0518_9700_N0001919D0033_9700/,2020-04-24 18:40:54+00
CONT_AWD_N0001920F0585_9700_N0001919D0033_9700,N0001920F0585,9700,DEPT OF DEFENSE,N0001919D0033,,,,,,107625.56,,107625.56,107625.56,2020-02-04,2020,2020-02-04,2020,2020-01-21,2020-06-15,2020-06-15 00:00:00,,,097,Department of Defense,1700,Department of the Navy,N00019,NAVAL AIR SYSTEMS COMMAND,097,Department of Defense,1700,Department of the Navy,N00019,NAVAL AIR SYSTEMS COMMAND,,,,,A,FOREIGN FUNDS FMS,,,QXMUHJ7XTF89,878164086,"INSITU, INC.","INSITU, INC.",,02FP7,NU2UC8MX6NK1,009256819,THE BOEING COMPANY,THE BOEING COMPANY,USA,UNITED STATES,118 E COLUMBIA RIVER WAY,,BINGEN,53039,KLICKITAT,53,WA,WASHINGTON,986059086,WA-03,WA-04,4808911045,4258654452,USA,UNITED STATES,BINGEN,53039,KLICKITAT,53,WA,WASHINGTON,986059086,WA-03,WA-04,AWARD,C,DELIVERY ORDER,,,,,,,J,FIRM FIXED PRICE,GEM V-2,N0001918R0079,1,,,1550,UNMANNED AIRCRAFT,H,NOT BUNDLED,A1A,AIRFRAMES AND SPARES,336411,AIRCRAFT MANUFACTURING,C,NO CLAUSES INCLUDED AND NO SUSTAINABILITY INCLUDED,A,U.S. OWNED BUSINESS,000,NONE,Z,NOT IT PRODUCTS OR SERVICES,A,MEETS REQUIREMENTS,USA,UNITED STATES,D,MFG IN U.S.,F,INDIVIDUAL SUBCONTRACT PLAN,C,NOT COMPETED,SSS,ONLY ONE SOURCE,,,NONE,NO PREFERENCE USED,,,,,ONE,ONLY ONE SOURCE-OTHER (FAR 6.302-1 OTHER),,D,COMMERCIAL ITEM PROCEDURES NOT USED,f,N,NO,N,NO,Y,YES,N,NO,,N,NO,Y,YES,X,NOT APPLICABLE,X,NOT APPLICABLE,X,NOT APPLICABLE,,,B,IDC,S,SINGLE AWARD,,NONE,NONE,Y,YES,,,N,TRANSACTION DOES NOT USE GFE/GFP,U,UNKNOWN,D,NOT CONSOLIDATED,X,NOT APPLICABLE,N,NO,Z,NOT APPLICABLE,N,NO,X,NOT APPLICABLE,f,f,f,f,f,f,f,f,f,f,f,f,f,f,f,f,f,f,f,OTHER THAN SMALL BUSINESS,O,f,f,f,f,f,f,f,f,f,f,f,f,f,f,f,f,f,CORPORATE NOT TAX EXEMPT,t,f,f,f,f,f,f,f,f,f,f,f,t,f,f,f,f,t,f,f,f,f,f,f,f,f,f,f,t,f,f,f,f,f,f,f,f,f,f,f,f,f,f,f,f,f,f,f,f,f,,,,,,,,,,,https://www.usaspending.gov/award/CONT_AWD_N0001920F0585_9700_N0001919D0033_9700/,2020-03-10 07:36:13+00
CONT_AWD_N0001920F0643_9700_N0001919D0033_9700,N0001920F0643,9700,DEPT OF DEFENSE,N0001919D0033,,,,,,92396.00,,92396.00,92396.00,2020-02-19,2020,2020-11-03,2021,2020-02-12,2020-08-10,2020-08-10 00:00:00,,,097,Department of Defense,9763,Defense Contract Management Agency,S4801A,DCMA SEATTLE,097,Department of Defense,1700,Department of the Navy,N00019,NAVAL AIR SYSTEMS COMMAND,,,,,B,FOREIGN FUNDS NON-FMS,,,QXMUHJ7XTF89,878164086,"INSITU, INC.","INSITU, INC.",,02FP7,NU2UC8MX6NK1,009256819,THE BOEING COMPANY,THE BOEING COMPANY,USA,UNITED STATES,118 E COLUMBIA RIVER WAY,,BINGEN,53039,KLICKITAT,53,WA,WASHINGTON,986059086,WA-03,WA-04,4808911045,4258654452,USA,UNITED STATES,BINGEN,53039,KLICKITAT,53,WA,WASHINGTON,986059086,WA-03,WA-04,AWARD,C,DELIVERY ORDER,,,,,,,J,FIRM FIXED PRICE,DIRECTIONAL ANTENNA (W AMP),N0001918R0079,1,,,1550,UNMANNED AIRCRAFT,H,NOT BUNDLED,A1A,AIRFRAMES AND SPARES,336411,AIRCRAFT MANUFACTURING,C,NO CLAUSES INCLUDED AND NO SUSTAINABILITY INCLUDED,A,U.S. OWNED BUSINESS,000,NONE,Z,NOT IT PRODUCTS OR SERVICES,A,MEETS REQUIREMENTS,USA,UNITED STATES,D,MFG IN U.S.,F,INDIVIDUAL SUBCONTRACT PLAN,C,NOT COMPETED,SSS,ONLY ONE SOURCE,,,NONE,NO PREFERENCE USED,,,,,ONE,ONLY ONE SOURCE-OTHER (FAR 6.302-1 OTHER),,D,COMMERCIAL ITEM PROCEDURES NOT USED,f,N,NO,N,NO,Y,YES,N,NO,,N,NO,Y,YES,X,NOT APPLICABLE,X,NOT APPLICABLE,X,NOT APPLICABLE,,,B,IDC,S,SINGLE AWARD,,NONE,NONE,Y,YES,,,N,TRANSACTION DOES NOT USE GFE/GFP,U,UNKNOWN,D,NOT CONSOLIDATED,X,NOT APPLICABLE,N,NO,Z,NOT APPLICABLE,N,NO,X,NOT APPLICABLE,f,f,f,f,f,f,f,f,f,f,f,f,f,f,f,f,f,f,f,OTHER THAN SMALL BUSINESS,O,f,f,f,f,f,f,f,f,f,f,f,f,f,f,f,f,f,CORPORATE NOT TAX EXEMPT,t,f,f,f,f,f,f,f,f,f,f,f,t,f,f,f,f,t,f,f,f,f,f,f,f,f,f,f,t,f,f,f,f,f,f,f,f,f,f,f,f,f,f,f,f,f,f,f,f,f,,,,,,,,,,,https://www.usaspending.gov/award/CONT_AWD_N0001920F0643_9700_N0001919D0033_9700/,2021-02-20 11:53:30+00
CONT_AWD_N0001920F0676_9700_N0001919D0033_9700,N0001920F0676,9700,DEPT OF DEFENSE,N0001919D0033,,,,,,142802.48,,142802.48,142802.48,2020-03-09,2020,2020-11-03,2021,2020-02-24,2021-05-31,2021-05-31 00:00:00,,,097,Department of Defense,9763,Defense Contract Management Agency,S4801A,DCMA SEATTLE,097,Department of Defense,1700,Department of the Navy,N00019,NAVAL AIR SYSTEMS COMMAND,,,,,A,FOREIGN FUNDS FMS,,,QXMUHJ7XTF89,878164086,"INSITU, INC.","INSITU, INC.",,02FP7,NU2UC8MX6NK1,009256819,THE BOEING COMPANY,THE BOEING COMPANY,USA,UNITED STATES,118 E COLUMBIA RIVER WAY,,BINGEN,53039,KLICKITAT,53,WA,WASHINGTON,986059086,WA-03,WA-04,4808911045,4258654452,USA,UNITED STATES,BINGEN,53039,KLICKITAT,53,WA,WASHINGTON,986059086,WA-03,WA-04,AWARD,C,DELIVERY ORDER,,,,,,,J,FIRM FIXED PRICE,"FMS POLAND PL-P-LAW SCANEAGLE UNMANNED AIRCRAFT SYSTEM SUPPORT EQUIPMENT, SPARES, AND OPERATIONS ACTION CENTER SUPPORT.",N0001918R0079,1,,,1550,UNMANNED AIRCRAFT,H,NOT BUNDLED,A1A,AIRFRAMES AND SPARES,336411,AIRCRAFT MANUFACTURING,C,NO CLAUSES INCLUDED AND NO SUSTAINABILITY INCLUDED,A,U.S. OWNED BUSINESS,000,NONE,Z,NOT IT PRODUCTS OR SERVICES,A,MEETS REQUIREMENTS,USA,UNITED STATES,D,MFG IN U.S.,F,INDIVIDUAL SUBCONTRACT PLAN,C,NOT COMPETED,SSS,ONLY ONE SOURCE,,,NONE,NO PREFERENCE USED,,,,,ONE,ONLY ONE SOURCE-OTHER (FAR 6.302-1 OTHER),,D,COMMERCIAL ITEM PROCEDURES NOT USED,f,N,NO,N,NO,Y,YES,N,NO,,N,NO,Y,YES,X,NOT APPLICABLE,X,NOT APPLICABLE,X,NOT APPLICABLE,,,B,IDC,S,SINGLE AWARD,,NONE,NONE,Y,YES,,,N,TRANSACTION DOES NOT USE GFE/GFP,U,UNKNOWN,D,NOT CONSOLIDATED,X,NOT APPLICABLE,N,NO,Z,NOT APPLICABLE,N,NO,X,NOT APPLICABLE,f,f,f,f,f,f,f,f,f,f,f,f,f,f,f,f,f,f,f,OTHER THAN SMALL BUSINESS,O,f,f,f,f,f,f,f,f,f,f,f,f,f,f,f,f,f,CORPORATE NOT TAX EXEMPT,t,f,f,f,f,f,f,f,f,f,f,f,t,f,f,f,f,t,f,f,f,f,f,f,f,f,f,f,t,f,f,f,f,f,f,f,f,f,f,f,f,f,f,f,f,f,f,f,f,f,,,,,,,,,,,https://www.usaspending.gov/award/CONT_AWD_N0001920F0676_9700_N0001919D0033_9700/,2021-02-20 11:53:30+00
CONT_AWD_N0001920F0684_9700_N0001919D0033_9700,N0001920F0684,9700,DEPT OF DEFENSE,N0001919D0033,,,,,,6702508.53,,6702508.53,6702508.53,2020-03-18,2020,2020-11-03,2021,2020-03-17,2021-04-12,2021-04-12 00:00:00,,2020-03-17,097,Department of Defense,9763,Defense Contract Management Agency,S4801A,DCMA SEATTLE,097,Department of Defense,1700,Department of the Navy,N00019,NAVAL AIR SYSTEMS COMMAND,,,,,X,NOT APPLICABLE,,,QXMUHJ7XTF89,878164086,"INSITU, INC.","INSITU, INC.",,02FP7,NU2UC8MX6NK1,009256819,THE BOEING COMPANY,THE BOEING COMPANY,USA,UNITED STATES,118 E COLUMBIA RIVER WAY,,BINGEN,53039,KLICKITAT,53,WA,WASHINGTON,986059086,WA-03,WA-04,4808911045,4258654452,USA,UNITED STATES,BINGEN,53039,KLICKITAT,53,WA,WASHINGTON,986059086,WA-03,WA-04,AWARD,C,DELIVERY ORDER,,,,,,,J,FIRM FIXED PRICE,RQ-21A AIR VEHICLE (USMC),N0001918R0079,1,,,1550,UNMANNED AIRCRAFT,H,NOT BUNDLED,A1A,AIRFRAMES AND SPARES,336411,AIRCRAFT MANUFACTURING,C,NO CLAUSES INCLUDED AND NO SUSTAINABILITY INCLUDED,A,U.S. OWNED BUSINESS,000,NONE,Z,NOT IT PRODUCTS OR SERVICES,A,MEETS REQUIREMENTS,USA,UNITED STATES,D,MFG IN U.S.,F,INDIVIDUAL SUBCONTRACT PLAN,C,NOT COMPETED,SSS,ONLY ONE SOURCE,,,NONE,NO PREFERENCE USED,,,,,ONE,ONLY ONE SOURCE-OTHER (FAR 6.302-1 OTHER),,D,COMMERCIAL ITEM PROCEDURES NOT USED,f,N,NO,N,NO,Y,YES,N,NO,,N,NO,Y,YES,X,NOT APPLICABLE,X,NOT APPLICABLE,X,NOT APPLICABLE,,,B,IDC,S,SINGLE AWARD,,NONE,NONE,Y,YES,,,N,TRANSACTION DOES NOT USE GFE/GFP,U,UNKNOWN,D,NOT CONSOLIDATED,X,NOT APPLICABLE,N,NO,Z,NOT APPLICABLE,N,NO,X,NOT APPLICABLE,f,f,f,f,f,f,f,f,f,f,f,f,f,f,f,f,f,f,f,OTHER THAN SMALL BUSINESS,O,f,f,f,f,f,f,f,f,f,f,f,f,f,f,f,f,f,CORPORATE NOT TAX EXEMPT,t,f,f,f,f,f,f,f,f,f,f,f,t,f,f,f,f,t,f,f,f,f,f,f,f,f,f,f,t,f,f,f,f,f,f,f,f,f,f,f,f,f,f,f,f,f,f,f,f,f,,,,,,,,,,,https://www.usaspending.gov/award/CONT_AWD_N0001920F0684_9700_N0001919D0033_9700/,2021-02-20 11:53:30+00
CONT_AWD_N0001920F0771_9700_N0001919D0033_9700,N0001920F0771,9700,DEPT OF DEFENSE,N0001919D0033,,,,,,362871.48,,362871.48,362871.48,2020-04-16,2020,2022-08-31,2022,2020-04-16,2023-07-31,2023-07-31 00:00:00,,,097,Department of Defense,1700,Department of the Navy,N00019,NAVAL AIR SYSTEMS COMMAND,097,Department of Defense,1700,Department of the Navy,N00019,NAVAL AIR SYSTEMS COMMAND,,,,,A,FOREIGN FUNDS FMS,,,QXMUHJ7XTF89,,"INSITU, INC.","INSITU, INC.",,02FP7,NU2UC8MX6NK1,,THE BOEING COMPANY,THE BOEING COMPANY,USA,UNITED STATES,118 E COLUMBIA RIVER WAY,,BINGEN,53039,KLICKITAT,53,WA,WASHINGTON,986059086,WA-03,WA-04,4808911045,4258654452,USA,UNITED STATES,BINGEN,53039,KLICKITAT,53,WA,WASHINGTON,986059086,WA-03,WA-04,AWARD,C,DELIVERY ORDER,,,,,,,J,FIRM FIXED PRICE,"7.25"" MODIFICATION KIT (AIR)",N0001918R0079,1,OT,OTHER FUNCTIONS,1550,UNMANNED AIRCRAFT,H,NOT BUNDLED,A1A,AIRFRAMES AND SPARES,336411,AIRCRAFT MANUFACTURING,C,NO CLAUSES INCLUDED AND NO SUSTAINABILITY INCLUDED,A,U.S. OWNED BUSINESS,000,NONE,Z,NOT IT PRODUCTS OR SERVICES,E,NOT REQUIRED,USA,UNITED STATES,D,MFG IN U.S.,F,INDIVIDUAL SUBCONTRACT PLAN,C,NOT COMPETED,SSS,ONLY ONE SOURCE,,,NONE,NO PREFERENCE USED,,,,,ONE,ONLY ONE SOURCE-OTHER (FAR 6.302-1 OTHER),,D,COMMERCIAL PRODUCTS/SERVICES PROCEDURES NOT USED,f,N,NO,N,NO,Y,YES,N,NO,,N,NO,Y,YES,X,NOT APPLICABLE,X,NOT APPLICABLE,X,NOT APPLICABLE,,,B,IDC,S,SINGLE AWARD,,NONE,NONE,Y,YES,,,N,TRANSACTION DOES NOT USE GFE/GFP,U,UNKNOWN,D,NOT CONSOLIDATED,X,NOT APPLICABLE,N,NO,Z,NOT APPLICABLE,N,NO,X,NOT APPLICABLE,f,f,f,f,f,f,f,f,f,f,f,f,f,f,f,f,f,f,f,OTHER THAN SMALL BUSINESS,O,f,f,f,f,f,f,f,f,f,f,f,f,f,f,f,f,f,CORPORATE NOT TAX EXEMPT,t,f,f,f,f,f,f,f,f,f,f,f,t,f,f,f,f,t,f,f,f,f,f,f,f,f,f,f,t,f,f,f,f,f,f,f,f,f,f,f,f,f,f,f,f,f,f,f,f,f,,,,,,,,,,,https://www.usaspending.gov/award/CONT_AWD_N0001920F0771_9700_N0001919D0033_9700/,2022-08-31 17:56:11+00
CONT_AWD_N0001920F0776_9700_N0001919D0033_9700,N0001920F0776,9700,DEPT OF DEFENSE,N0001919D0033,,,,,,909588.21,,909588.21,909588.21,2020-04-22,2020,2020-10-16,2021,2020-04-21,2021-07-30,2021-07-30 00:00:00,,2020-01-01,097,Department of Defense,1700,Department of the Navy,N00019,NAVAL AIR SYSTEMS COMMAND,097,Department of Defense,1700,Department of the Navy,N00019,NAVAL AIR SYSTEMS COMMAND,,,,,A,FOREIGN FUNDS FMS,,,QXMUHJ7XTF89,878164086,"INSITU, INC.","INSITU, INC.",,02FP7,NU2UC8MX6NK1,009256819,THE BOEING COMPANY,THE BOEING COMPANY,USA,UNITED STATES,118 E COLUMBIA RIVER WAY,,BINGEN,53039,KLICKITAT,53,WA,WASHINGTON,986059086,WA-03,WA-04,4808911045,4258654452,USA,UNITED STATES,BINGEN,53039,KLICKITAT,53,WA,WASHINGTON,986059086,WA-03,WA-04,AWARD,C,DELIVERY ORDER,,,,,,,J,FIRM FIXED PRICE,SPARE AND SUSTAINMENT HARDWARE FOR SCAN EAGLE,N0001918R0079,1,OT,OTHER FUNCTIONS,1550,UNMANNED AIRCRAFT,H,NOT BUNDLED,A1A,AIRFRAMES AND SPARES,336411,AIRCRAFT MANUFACTURING,C,NO CLAUSES INCLUDED AND NO SUSTAINABILITY INCLUDED,A,U.S. OWNED BUSINESS,000,NONE,Z,NOT IT PRODUCTS OR SERVICES,E,NOT REQUIRED,USA,UNITED STATES,D,MFG IN U.S.,F,INDIVIDUAL SUBCONTRACT PLAN,C,NOT COMPETED,SSS,ONLY ONE SOURCE,,,NONE,NO PREFERENCE USED,,,,,ONE,ONLY ONE SOURCE-OTHER (FAR 6.302-1 OTHER),,D,COMMERCIAL ITEM PROCEDURES NOT USED,f,N,NO,N,NO,Y,YES,N,NO,,N,NO,Y,YES,X,NOT APPLICABLE,X,NOT APPLICABLE,X,NOT APPLICABLE,,,B,IDC,S,SINGLE AWARD,,NONE,NONE,Y,YES,,,N,TRANSACTION DOES NOT USE GFE/GFP,U,UNKNOWN,D,NOT CONSOLIDATED,X,NOT APPLICABLE,N,NO,Z,NOT APPLICABLE,N,NO,X,NOT APPLICABLE,f,f,f,f,f,f,f,f,f,f,f,f,f,f,f,f,f,f,f,OTHER THAN SMALL BUSINESS,O,f,f,f,f,f,f,f,f,f,f,f,f,f,f,f,f,f,CORPORATE NOT TAX EXEMPT,t,f,f,f,f,f,f,f,f,f,f,f,t,f,f,f,f,t,f,f,f,f,f,f,f,f,f,f,t,f,f,f,f,f,f,f,f,f,f,f,f,f,f,f,f,f,f,f,f,f,,,,,,,,,,,https://www.usaspending.gov/award/CONT_AWD_N0001920F0776_9700_N0001919D0033_9700/,2020-10-16 17:10:17+00
CONT_AWD_N0001920F0871_9700_N0001919D0033_9700,N0001920F0871,9700,DEPT OF DEFENSE,N0001919D0033,,,,,,1289422.97,,1289422.97,1289422.97,2020-05-29,2020,2020-12-07,2021,2020-05-29,2021-03-01,2021-03-01 00:00:00,,2020-05-11,097,Department of Defense,1700,Department of the Navy,N00019,NAVAL AIR SYSTEMS COMMAND,097,Department of Defense,1700,Department of the Navy,N00019,NAVAL AIR SYSTEMS COMMAND,,,,,A,FOREIGN FUNDS FMS,,,QXMUHJ7XTF89,878164086,"INSITU, INC.","INSITU, INC.",,02FP7,NU2UC8MX6NK1,009256819,THE BOEING COMPANY,THE BOEING COMPANY,USA,UNITED STATES,118 E COLUMBIA RIVER WAY,,BINGEN,53039,KLICKITAT,53,WA,WASHINGTON,986059086,WA-03,WA-04,4808911045,4258654452,USA,UNITED STATES,BINGEN,53039,KLICKITAT,53,WA,WASHINGTON,986059086,WA-03,WA-04,AWARD,C,DELIVERY ORDER,,,,,,,J,FIRM FIXED PRICE,FMS SCANEAGLE SPARES AND TRAINING,N0001918R0079,1,OT,OTHER FUNCTIONS,1550,UNMANNED AIRCRAFT,H,NOT BUNDLED,A1A,AIRFRAMES AND SPARES,336411,AIRCRAFT MANUFACTURING,C,NO CLAUSES INCLUDED AND NO SUSTAINABILITY INCLUDED,A,U.S. OWNED BUSINESS,000,NONE,Z,NOT IT PRODUCTS OR SERVICES,A,MEETS REQUIREMENTS,USA,UNITED STATES,D,MFG IN U.S.,F,INDIVIDUAL SUBCONTRACT PLAN,C,NOT COMPETED,SSS,ONLY ONE SOURCE,,,NONE,NO PREFERENCE USED,,,,,ONE,ONLY ONE SOURCE-OTHER (FAR 6.302-1 OTHER),,D,COMMERCIAL ITEM PROCEDURES NOT USED,f,N,NO,N,NO,Y,YES,N,NO,,N,NO,Y,YES,X,NOT APPLICABLE,X,NOT APPLICABLE,X,NOT APPLICABLE,,,B,IDC,S,SINGLE AWARD,,NONE,NONE,Y,YES,,,N,TRANSACTION DOES NOT USE GFE/GFP,U,UNKNOWN,D,NOT CONSOLIDATED,X,NOT APPLICABLE,N,NO,Z,NOT APPLICABLE,N,NO,X,NOT APPLICABLE,f,f,f,f,f,f,f,f,f,f,f,f,f,f,f,f,f,f,f,OTHER THAN SMALL BUSINESS,O,f,f,f,f,f,f,f,f,f,f,f,f,f,f,f,f,f,CORPORATE NOT TAX EXEMPT,t,f,f,f,f,f,f,f,f,f,f,f,t,f,f,f,f,t,f,f,f,f,f,f,f,f,f,f,t,f,f,f,f,f,f,f,f,f,f,f,f,f,f,f,f,f,f,f,f,f,,,,,,,,,,,https://www.usaspending.gov/award/CONT_AWD_N0001920F0871_9700_N0001919D0033_9700/,2021-02-28 12:08:47+00
CONT_AWD_N0016420PJ127_9700_-NONE-_-NONE-,N0016420PJ127,,,,,,,,,21680.04,,21680.04,21680.04,2020-08-19,2020,2020-08-26,2020,2020-08-19,2020-09-16,2020-09-16 00:00:00,,,097,Department of Defense,1700,Department of the Navy,N00164,NSWC CRANE,097,Department of Defense,1700,Department of the Navy,N62909,ONR GLOBAL LONDON,,,,,X,NOT APPLICABLE,,,DXUNWV7UH817,116012659,B & H FOTO & ELECTRONICS CORP.,B & H FOTO & ELECTRONICS CORP.,,2Y053,DXUNWV7UH817,116012659,B & H FOTO & ELECTRONICS CORP.,B & H FOTO & ELECTRONICS CORP.,USA,UNITED STATES,420 9TH AVE,,NEW YORK,36061,NEW YORK,36,NY,NEW YORK,100011614,NY-10,NY-12,2122397500,2122397509,USA,UNITED STATES,NEW YORK,36061,NEW YORK,36,NY,NEW YORK,100011614,NY-10,NY-12,AWARD,B,PURCHASE ORDER,,,,,,,J,FIRM FIXED PRICE,DJI INSPIRE 2 W/ZENMUSE,,1,OT,OTHER FUNCTIONS,1550,UNMANNED AIRCRAFT,H,NOT BUNDLED,A7,ELECTRONICS AND COMMUNICATION EQUIPMENT,334511,"SEARCH, DETECTION, NAVIGATION, GUIDANCE, AERONAUTICAL, AND NAUTICAL SYSTEM AND INSTRUMENT MANUFACTURING",C,NO CLAUSES INCLUDED AND NO SUSTAINABILITY INCLUDED,A,U.S. OWNED BUSINESS,000,NONE,Z,NOT IT PRODUCTS OR SERVICES,A,MEETS REQUIREMENTS,USA,UNITED STATES,D,MFG IN U.S.,B,PLAN NOT REQUIRED,G,NOT COMPETED UNDER SAP,SP1,SIMPLIFIED ACQUISITION,NONE,NO SET ASIDE USED.,NONE,NO PREFERENCE USED,,,,,SP2,SAP NON-COMPETITION (FAR 13),1,A,COMMERCIAL ITEM,f,N,NO,N,NO,X,NOT APPLICABLE,N,NO,,N,NO,X,NOT APPLICABLE,X,NOT APPLICABLE,X,NOT APPLICABLE,X,NOT APPLICABLE,,,,,,,,NONE,NONE,,,,,N,TRANSACTION DOES NOT USE GFE/GFP,U,UNKNOWN,D,NOT CONSOLIDATED,X,NOT APPLICABLE,,,Z,NOT APPLICABLE,N,NO,X,NOT APPLICABLE,f,f,f,f,f,f,f,f,f,f,f,f,f,f,f,f,f,f,f,OTHER THAN SMALL BUSINESS,O,f,f,f,f,f,f,f,f,f,f,f,f,f,f,f,f,f,CORPORATE NOT TAX EXEMPT,t,f,f,f,f,f,f,f,f,f,f,f,f,f,f,f,f,t,f,f,f,f,f,f,f,t,f,f,t,f,f,f,f,f,f,f,f,f,f,f,f,f,f,f,f,f,f,f,f,f,,,,,,,,,,,https://www.usaspending.gov/award/CONT_AWD_N0016420PJ127_9700_-NONE-_-NONE-/,2020-08-26 20:10:47+00
CONT_AWD_N0016720P0214_9700_-NONE-_-NONE-,N0016720P0214,,,,,,,,,10411.61,,10411.61,10411.61,2020-08-06,2020,2020-08-06,2020,2020-08-06,2020-09-05,2020-09-05 00:00:00,,,097,Department of Defense,1700,Department of the Navy,N00167,NSWC CARDEROCK,097,Department of Defense,1700,Department of the Navy,N00167,NSWC CARDEROCK,,,,,X,NOT APPLICABLE,,,N2A3BCSQKNL3,068014485,RMUS LLC,RMUS LLC,,7N0X1,N2A3BCSQKNL3,068014485,RMUS LLC,RC DIRECT LLC,USA,UNITED STATES,595 NORTH 1250 WEST STE 3,,CENTERVILLE,49011,DAVIS,49,UT,UTAH,840143801,UT-02,UT-02,8013163250,3852227847,USA,UNITED STATES,BETHESDA,24031,MONTGOMERY,24,MD,MARYLAND,208175700,MD-08,MD-08,AWARD,B,PURCHASE ORDER,,,,,,,J,FIRM FIXED PRICE,PARROT ANAFI WORK 4K DRONE,,1,OT,OTHER FUNCTIONS,1550,UNMANNED AIRCRAFT,H,NOT BUNDLED,C9E,ALL OTHERS NOT IDENTIFIABLE TO ANY OTHER PROCUREMENT PROGRAM,336411,AIRCRAFT MANUFACTURING,C,NO CLAUSES INCLUDED AND NO SUSTAINABILITY INCLUDED,A,U.S. OWNED BUSINESS,000,NONE,Z,NOT IT PRODUCTS OR SERVICES,A,MEETS REQUIREMENTS,USA,UNITED STATES,D,MFG IN U.S.,B,PLAN NOT REQUIRED,F,COMPETED UNDER SAP,SP1,SIMPLIFIED ACQUISITION,SBA,SMALL BUSINESS SET ASIDE - TOTAL,NONE,NO PREFERENCE USED,,,,,,,5,A,COMMERCIAL ITEM,f,N,NO,N,NO,X,NOT APPLICABLE,N,NO,,N,NO,X,NOT APPLICABLE,X,NOT APPLICABLE,X,NOT APPLICABLE,X,NOT APPLICABLE,,,,,,,,NONE,NONE,,,,,N,TRANSACTION DOES NOT USE GFE/GFP,N,NO,D,NOT CONSOLIDATED,X,NOT APPLICABLE,,,Z,NOT APPLICABLE,N,NO,X,NOT APPLICABLE,f,f,f,f,f,f,f,f,f,f,f,f,f,f,f,f,f,f,f,SMALL BUSINESS,S,f,f,f,f,f,f,f,f,f,f,f,f,f,f,f,f,f,PARTNERSHIP,f,f,t,f,f,f,f,f,f,f,f,f,f,f,f,f,f,t,f,f,f,f,f,f,f,f,t,f,t,f,f,f,f,f,f,f,f,f,f,f,f,f,f,f,f,f,f,f,f,f,,,,,,,,,,,https://www.usaspending.gov/award/CONT_AWD_N0016720P0214_9700_-NONE-_-NONE-/,2021-05-27 02:23:15+00
CONT_AWD_N0017319P1020_9700_-NONE-_-NONE-,N0017319P1020,,,,,,,,,129710.00,,129710.00,129710.00,2019-06-19,2019,2019-11-19,2020,2019-06-19,2020-02-14,2020-02-14 00:00:00,,,097,Department of Defense,1700,Department of the Navy,N00173,NAVAL RESEARCH LABORATORY,097,Department of Defense,1700,Department of the Navy,N00173,NAVAL RESEARCH LABORATORY,,,,,X,NOT APPLICABLE,,,YJG1MDHLBC88,058024456,"AEROVIRONMENT, INC.","AEROVIRONMENT, INC.",,60107,YJG1MDHLBC88,058024456,"AEROVIRONMENT, INC.",AEROVIRONMENT  INC.,USA,UNITED STATES,900 INNOVATORS WAY,,SIMI VALLEY,06111,VENTURA,06,CA,CALIFORNIA,930652072,CA-25,CA-26,8055208350,8055262565,USA,UNITED STATES,LAWRENCE,20045,DOUGLAS,20,KS,KANSAS,660449606,KS-02,KS-01,AWARD,B,PURCHASE ORDER,,,,,,,J,FIRM FIXED PRICE,UNMANNED AIRCRAFT SYSTEM PR# 72-3013-19,N0017319Q0269,1,OT,OTHER FUNCTIONS,1550,UNMANNED AIRCRAFT,H,NOT BUNDLED,C9E,ALL OTHERS NOT IDENTIFIABLE TO ANY OTHER PROCUREMENT PROGRAM,336411,AIRCRAFT MANUFACTURING,C,NO CLAUSES INCLUDED AND NO SUSTAINABILITY INCLUDED,A,U.S. OWNED BUSINESS,000,NONE,Z,NOT IT PRODUCTS OR SERVICES,E,NOT REQUIRED,USA,UNITED STATES,D,MFG IN U.S.,B,PLAN NOT REQUIRED,G,NOT COMPETED UNDER SAP,SP1,SIMPLIFIED ACQUISITION,NONE,NO SET ASIDE USED.,NONE,NO PREFERENCE USED,,,,,SP2,SAP NON-COMPETITION (FAR 13),1,A,COMMERCIAL ITEM,f,N,NO,N,NO,Y,YES,N,NO,,N,NO,X,NOT APPLICABLE,X,NOT APPLICABLE,X,NOT APPLICABLE,X,NOT APPLICABLE,,,,,,,,NONE,NONE,,,,,N,TRANSACTION DOES NOT USE GFE/GFP,N,NO,D,NOT CONSOLIDATED,X,NOT APPLICABLE,,,Z,NOT APPLICABLE,N,NO,X,NOT APPLICABLE,f,f,f,f,f,f,f,f,f,f,f,f,f,f,f,f,f,f,f,SMALL BUSINESS,S,f,f,f,f,f,f,f,f,f,f,f,f,f,f,f,f,f,PARTNERSHIP,f,f,t,f,f,f,f,f,f,f,f,f,f,f,f,f,f,t,f,f,f,f,f,f,f,f,t,f,t,f,f,f,f,f,f,f,f,f,f,f,f,f,f,f,f,f,f,f,f,f,,,,,,,,,,,https://www.usaspending.gov/award/CONT_AWD_N0017319P1020_9700_-NONE-_-NONE-/,2019-12-09 14:33:27+00
CONT_AWD_N0017320P0528_9700_-NONE-_-NONE-,N0017320P0528,,,,,,,,,218054.00,,218054.00,218054.00,2020-09-23,2020,2020-09-23,2020,2020-09-22,2020-12-21,2020-12-21 00:00:00,,,097,Department of Defense,1700,Department of the Navy,N00173,NAVAL RESEARCH LABORATORY,097,Department of Defense,1700,Department of the Navy,N00173,NAVAL RESEARCH LABORATORY,,,,,X,NOT APPLICABLE,,,FKL7FG5MRMB3,,HEADWALL PHOTONICS INC,"HEADWALL PHOTONICS, INC.",,3G2V7,FKL7FG5MRMB3,,HEADWALL PHOTONICS INC,HEADWALL PHOTONICS  INC.,USA,UNITED STATES,580 MAIN STREET,,BOLTON,25027,WORCESTER,25,MA,MASSACHUSETTS,017401368,MA-03,MA-03,9783534022,9783423719,USA,UNITED STATES,BOLTON,25027,WORCESTER,25,MA,MASSACHUSETTS,017400001,MA-03,MA-03,AWARD,B,PURCHASE ORDER,,,,,,,J,FIRM FIXED PRICE,CO-ALIGNED AIRBORNE PKG,N0017320Q6815,1,,,1550,UNMANNED AIRCRAFT,H,NOT BUNDLED,C9E,ALL OTHERS NOT IDENTIFIABLE TO ANY OTHER PROCUREMENT PROGRAM,334511,"SEARCH, DETECTION, NAVIGATION, GUIDANCE, AERONAUTICAL, AND NAUTICAL SYSTEM AND INSTRUMENT MANUFACTURING",C,NO CLAUSES INCLUDED AND NO SUSTAINABILITY INCLUDED,A,U.S. OWNED BUSINESS,000,NONE,Z,NOT IT PRODUCTS OR SERVICES,A,MEETS REQUIREMENTS,USA,UNITED STATES,D,MFG IN U.S.,B,PLAN NOT REQUIRED,C,NOT COMPETED,SSS,ONLY ONE SOURCE,NONE,NO SET ASIDE USED.,NONE,NO PREFERENCE USED,,,,,ONE,ONLY ONE SOURCE-OTHER (FAR 6.302-1 OTHER),1,A,COMMERCIAL ITEM,f,N,NO,N,NO,Y,YES,N,NO,,N,NO,X,NOT APPLICABLE,X,NOT APPLICABLE,X,NOT APPLICABLE,X,NOT APPLICABLE,,,,,,,,NONE,NONE,,,,,N,TRANSACTION DOES NOT USE GFE/GFP,U,UNKNOWN,D,NOT CONSOLIDATED,X,NOT APPLICABLE,,,Z,NOT APPLICABLE,N,NO,X,NOT APPLICABLE,f,f,f,f,f,f,f,f,f,f,f,f,f,f,f,f,f,f,f,OTHER THAN SMALL BUSINESS,O,f,f,f,f,f,f,f,f,f,f,f,f,f,f,f,f,f,CORPORATE NOT TAX EXEMPT,t,f,f,f,f,f,f,f,f,f,f,f,t,f,f,f,f,t,f,f,f,f,f,f,f,f,f,f,t,f,f,f,f,f,f,f,f,f,f,f,f,f,f,f,f,f,f,f,f,f,,,,,,,,,,,https://www.usaspending.gov/award/CONT_AWD_N0017320P0528_9700_-NONE-_-NONE-/,2026-05-12 14:52:14+00
CONT_AWD_N0017820P6728_9700_-NONE-_-NONE-,N0017820P6728,,,,,,,,,23992.00,,23992.00,23992.00,2020-05-12,2020,2020-05-12,2020,2020-05-22,2020-05-22,2020-05-22 00:00:00,,,097,Department of Defense,1700,Department of the Navy,N00178,NSWC DAHLGREN,097,Department of Defense,5700,Department of the Air Force,F2VUB2,F2VUB2 USOCOM SOF ATL FW INTSTRIKE,,,,,X,NOT APPLICABLE,,,W7JVCM9HK9U4,081935501,ASCENT AEROSYSTEMS INC,ASCENT AEROSYSTEMS LLC,,7SJQ8,W7JVCM9HK9U4,081935501,ASCENT AEROSYSTEMS INC,ASCENT AEROSYSTEMS LLC,USA,UNITED STATES,1061 EAST ST,,TEWKSBURY,25017,MIDDLESEX,25,MA,MASSACHUSETTS,018761464,MA-06,MA-06,3305546334,,USA,UNITED STATES,TEWKSBURY,25017,MIDDLESEX,25,MA,MASSACHUSETTS,018761464,MA-06,MA-06,AWARD,B,PURCHASE ORDER,,,,,,,J,FIRM FIXED PRICE,SPIRIT UAV (DEVELOPMENT&EVALUATION),,1,OT,OTHER FUNCTIONS,1550,UNMANNED AIRCRAFT,H,NOT BUNDLED,C9E,ALL OTHERS NOT IDENTIFIABLE TO ANY OTHER PROCUREMENT PROGRAM,336411,AIRCRAFT MANUFACTURING,C,NO CLAUSES INCLUDED AND NO SUSTAINABILITY INCLUDED,A,U.S. OWNED BUSINESS,000,NONE,Z,NOT IT PRODUCTS OR SERVICES,A,MEETS REQUIREMENTS,USA,UNITED STATES,D,MFG IN U.S.,B,PLAN NOT REQUIRED,F,COMPETED UNDER SAP,SP1,SIMPLIFIED ACQUISITION,NONE,NO SET ASIDE USED.,NONE,NO PREFERENCE USED,,,,,,,1,A,COMMERCIAL ITEM,f,N,NO,N,NO,X,NOT APPLICABLE,N,NO,,N,NO,X,NOT APPLICABLE,X,NOT APPLICABLE,X,NOT APPLICABLE,X,NOT APPLICABLE,,,,,,,,NONE,NONE,,,,,N,TRANSACTION DOES NOT USE GFE/GFP,U,UNKNOWN,D,NOT CONSOLIDATED,X,NOT APPLICABLE,,,Z,NOT APPLICABLE,N,NO,X,NOT APPLICABLE,f,f,f,f,f,f,f,f,f,f,f,f,f,f,f,f,f,f,f,SMALL BUSINESS,S,f,f,f,f,f,f,f,f,f,f,f,f,f,f,f,f,f,CORPORATE NOT TAX EXEMPT,t,f,f,f,f,f,f,f,f,f,f,f,t,f,f,f,f,t,f,f,f,f,f,f,f,f,f,f,t,f,f,f,f,f,f,f,f,f,f,f,f,f,f,f,f,f,f,f,f,f,,,,,,,,,,,https://www.usaspending.gov/award/CONT_AWD_N0017820P6728_9700_-NONE-_-NONE-/,2021-02-27 10:10:04+00
CONT_AWD_N0018920P0244_9700_-NONE-_-NONE-,N0018920P0244,,,,,,,,,8340.94,,8340.94,8340.94,2020-04-09,2020,2020-04-09,2020,2020-04-09,2020-05-09,2020-05-09 00:00:00,,,097,Department of Defense,1700,Department of the Navy,N00189,NAVSUP FLT LOG CTR NORFOLK,097,Department of Defense,1700,Department of the Navy,N00161,SUPERINTENDENT US NAVAL ACADEMY,,,,,X,NOT APPLICABLE,,,LV1FMQQDDNK5,040635272,"BIRDSEYEVIEW AEROBOTICS, INC.","BIRDSEYEVIEW AEROBOTICS, INC.",,7CXW3,LV1FMQQDDNK5,040635272,"BIRDSEYEVIEW AEROBOTICS, INC.",BIRDSEYEVIEW LLC,USA,UNITED STATES,519 MAIN ST,,ANDOVER,33013,MERRIMACK,33,NH,NEW HAMPSHIRE,032163435,NH-02,NH-02,6033067810,,USA,UNITED STATES,ANDOVER,33013,MERRIMACK,33,NH,NEW HAMPSHIRE,032163435,NH-02,NH-02,AWARD,B,PURCHASE ORDER,,,,,,,J,FIRM FIXED PRICE,UNMANNED AIRCRAFT SYSTEM (DRONE),N0018920Q0170,1,,,1550,UNMANNED AIRCRAFT,H,NOT BUNDLED,C9E,ALL OTHERS NOT IDENTIFIABLE TO ANY OTHER PROCUREMENT PROGRAM,336411,AIRCRAFT MANUFACTURING,C,NO CLAUSES INCLUDED AND NO SUSTAINABILITY INCLUDED,A,U.S. OWNED BUSINESS,000,NONE,Z,NOT IT PRODUCTS OR SERVICES,E,NOT REQUIRED,USA,UNITED STATES,D,MFG IN U.S.,B,PLAN NOT REQUIRED,F,COMPETED UNDER SAP,SP1,SIMPLIFIED ACQUISITION,SBA,SMALL BUSINESS SET ASIDE - TOTAL,NONE,NO PREFERENCE USED,,,,,,,8,A,COMMERCIAL ITEM,f,N,NO,N,NO,X,NOT APPLICABLE,N,NO,,N,NO,X,NOT APPLICABLE,X,NOT APPLICABLE,X,NOT APPLICABLE,X,NOT APPLICABLE,,,,,,,,NONE,NONE,,,,,N,TRANSACTION DOES NOT USE GFE/GFP,U,UNKNOWN,D,NOT CONSOLIDATED,X,NOT APPLICABLE,,,Z,NOT APPLICABLE,N,NO,X,NOT APPLICABLE,f,f,f,f,f,f,f,f,f,f,f,f,f,f,f,f,f,f,f,SMALL BUSINESS,S,f,f,f,f,f,f,f,f,f,f,f,f,f,f,f,f,f,CORPORATE NOT TAX EXEMPT,t,f,f,f,f,f,f,f,f,f,f,f,t,f,f,f,f,t,f,f,f,f,f,f,f,f,f,f,t,f,f,f,f,f,f,f,f,f,f,f,f,f,f,f,f,f,f,f,f,f,,,,,,,,,,,https://www.usaspending.gov/award/CONT_AWD_N0018920P0244_9700_-NONE-_-NONE-/,2020-10-26 22:19:39+00
CONT_AWD_N0024420P0099_9700_-NONE-_-NONE-,N0024420P0099,,,,,,,,,26832.39,,26832.39,26832.39,2020-03-11,2020,2020-03-11,2020,2020-03-12,2020-04-25,2020-04-25 00:00:00,,,097,Department of Defense,1700,Department of the Navy,N00244,NAVSUP FLT LOG CTR  SAN DIEGO,097,Department of Defense,1700,Department of the Navy,N69218,NAVAL FACILITIES ENGINEERING AND,,,,,X,NOT APPLICABLE,,,GFMENWNGBTJ7,079234440,FREEFLY SYSTEMS INC,FREEFLY SYSTEMS INC.,,7PDW3,GFMENWNGBTJ7,079234440,FREEFLY SYSTEMS INC,FREEFLY SYSTEMS INC.,USA,UNITED STATES,"15540 WOODINVILLE-REDMOND RD NE, A800",,WOODINVILLE,53033,KING,53,WA,WASHINGTON,980724548,WA-01,WA-01,4254855500,,USA,UNITED STATES,WOODINVILLE,53033,KING,53,WA,WASHINGTON,980724548,WA-01,WA-01,AWARD,B,PURCHASE ORDER,,,,,,,J,FIRM FIXED PRICE,FREEFLY ALTA X UAS,N0024420Q0068,1,,,1550,UNMANNED AIRCRAFT,H,NOT BUNDLED,C9E,ALL OTHERS NOT IDENTIFIABLE TO ANY OTHER PROCUREMENT PROGRAM,336411,AIRCRAFT MANUFACTURING,C,NO CLAUSES INCLUDED AND NO SUSTAINABILITY INCLUDED,A,U.S. OWNED BUSINESS,000,NONE,Z,NOT IT PRODUCTS OR SERVICES,A,MEETS REQUIREMENTS,USA,UNITED STATES,D,MFG IN U.S.,B,PLAN NOT REQUIRED,C,NOT COMPETED,SSS,ONLY ONE SOURCE,NONE,NO SET ASIDE USED.,NONE,NO PREFERENCE USED,,,,,ONE,ONLY ONE SOURCE-OTHER (FAR 6.302-1 OTHER),1,A,COMMERCIAL ITEM,f,N,NO,N,NO,Y,YES,N,NO,,Y,YES,N,NO,N,NO,N,NO,X,NOT APPLICABLE,,,,,,,,NONE,NONE,,,,,N,TRANSACTION DOES NOT USE GFE/GFP,U,UNKNOWN,D,NOT CONSOLIDATED,X,NOT APPLICABLE,,,Z,NOT APPLICABLE,N,NO,X,NOT APPLICABLE,f,f,f,f,f,f,f,f,f,f,f,f,f,f,f,f,f,f,f,SMALL BUSINESS,S,f,f,f,f,f,f,f,f,f,f,f,f,f,f,f,f,f,CORPORATE NOT TAX EXEMPT,t,f,f,f,f,f,f,f,f,f,f,f,t,f,f,f,f,t,f,f,f,f,f,f,f,f,f,f,t,f,f,f,f,f,f,f,f,f,f,f,f,f,f,f,f,t,f,f,f,f,,,,,,,,,,,https://www.usaspending.gov/award/CONT_AWD_N0024420P0099_9700_-NONE-_-NONE-/,2021-02-23 14:10:07+00
CONT_AWD_N0038320FA333_9700_N0038317GA301_9700,N0038320FA333,9700,DEPT OF DEFENSE,N0038317GA301,,,,,,1818.25,,1818.25,1818.25,2020-04-09,2020,2021-06-22,2021,2020-04-09,2022-02-25,2022-02-25 00:00:00,,,097,Department of Defense,1700,Department of the Navy,N00383,NAVSUP WEAPON SYSTEMS SUPPORT,097,Department of Defense,1700,Department of the Navy,N00383,NAVSUP WEAPON SYSTEMS SUPPORT,,,,,X,NOT APPLICABLE,,,MF2LE5RK6L84,832963495,THE BOEING COMPANY,"BOEING COMPANY, THE",,0PXV4,NU2UC8MX6NK1,009256819,THE BOEING COMPANY,THE BOEING COMPANY,USA,UNITED STATES,6200 JS MCDONNELL BLVD,,SAINT LOUIS,29189,ST. LOUIS,29,MO,MISSOURI,631341939,MO-01,MO-01,4808911045,4258654452,USA,UNITED STATES,SAINT LOUIS,29189,SAINT LOUIS,29,MO,MISSOURI,631341939,MO-01,MO-01,AWARD,C,DELIVERY ORDER,,,,,,,J,FIRM FIXED PRICE,"TUBE ASSEMBLY,OXYGE",,1,OT,OTHER FUNCTIONS,1550,UNMANNED AIRCRAFT,H,NOT BUNDLED,A1A,AIRFRAMES AND SPARES,336413,OTHER AIRCRAFT PARTS AND AUXILIARY EQUIPMENT MANUFACTURING,C,NO CLAUSES INCLUDED AND NO SUSTAINABILITY INCLUDED,A,U.S. OWNED BUSINESS,000,NONE,Z,NOT IT PRODUCTS OR SERVICES,E,NOT REQUIRED,USA,UNITED STATES,D,MFG IN U.S.,B,PLAN NOT REQUIRED,G,NOT COMPETED UNDER SAP,SP1,SIMPLIFIED ACQUISITION,NONE,NO SET ASIDE USED.,NONE,NO PREFERENCE USED,,,,,SP2,SAP NON-COMPETITION (FAR 13),1,D,COMMERCIAL ITEM PROCEDURES NOT USED,f,,,N,NO,X,NOT APPLICABLE,N,NO,,N,NO,Y,YES,N,NO,X,NOT APPLICABLE,X,NOT APPLICABLE,,,D,BOA,S,SINGLE AWARD,,NONE,NONE,,,,,N,TRANSACTION DOES NOT USE GFE/GFP,N,NO,D,NOT CONSOLIDATED,X,NOT APPLICABLE,,,Z,NOT APPLICABLE,N,NO,X,NOT APPLICABLE,f,f,f,f,f,f,f,f,f,f,f,f,f,f,f,f,f,f,f,OTHER THAN SMALL BUSINESS,O,f,f,f,f,f,f,f,f,f,f,f,f,f,f,f,f,f,CORPORATE NOT TAX EXEMPT,t,f,f,f,f,f,f,f,f,f,f,f,t,f,f,f,f,t,f,f,f,f,f,f,f,f,f,f,t,f,f,f,f,f,f,f,f,f,f,f,f,f,f,f,f,f,f,f,f,f,,,,,,,,,,,https://www.usaspending.gov/award/CONT_AWD_N0038320FA333_9700_N0038317GA301_9700/,2021-07-01 15:40:19+00
CONT_AWD_N0038320FLS3F_9700_SPRPA115G001Y_9700,N0038320FLS3F,9700,DEPT OF DEFENSE,SPRPA115G001Y,,,,,,343.30,,343.30,343.30,2020-04-01,2020,2020-05-13,2020,2020-04-01,2021-01-04,2021-01-04 00:00:00,,,097,Department of Defense,1700,Department of the Navy,N00383,NAVSUP WEAPON SYSTEMS SUPPORT,097,Department of Defense,1700,Department of the Navy,N00383,NAVSUP WEAPON SYSTEMS SUPPORT,,,,,X,NOT APPLICABLE,,,JHFZTG8ZC9V2,106632750,BELL BOEING JOINT PROJECT OFFICE,BELL BOEING JOINT PROJECT OFFICE,,3B1R2,JHFZTG8ZC9V2,106632750,BELL BOEING JOINT PROJECT OFFICE,BELL BOEING JOINT PROJECT OFFICE,USA,UNITED STATES,401 TILTROTOR DR PLANT A,,AMARILLO,48375,POTTER,48,TX,TEXAS,791111200,TX-13,TX-13,3018666835,8172782052,USA,UNITED STATES,AMARILLO,48375,POTTER,48,TX,TEXAS,791111200,TX-13,TX-13,AWARD,C,DELIVERY ORDER,,,,,,,J,FIRM FIXED PRICE,BRACKET,,1,OT,OTHER FUNCTIONS,1550,UNMANNED AIRCRAFT,H,NOT BUNDLED,A1A,AIRFRAMES AND SPARES,336411,AIRCRAFT MANUFACTURING,C,NO CLAUSES INCLUDED AND NO SUSTAINABILITY INCLUDED,A,U.S. OWNED BUSINESS,000,NONE,Z,NOT IT PRODUCTS OR SERVICES,E,NOT REQUIRED,USA,UNITED STATES,D,MFG IN U.S.,B,PLAN NOT REQUIRED,G,NOT COMPETED UNDER SAP,SP1,SIMPLIFIED ACQUISITION,NONE,NO SET ASIDE USED.,NONE,NO PREFERENCE USED,,,,,SP2,SAP NON-COMPETITION (FAR 13),1,D,COMMERCIAL ITEM PROCEDURES NOT USED,f,,,N,NO,X,NOT APPLICABLE,N,NO,,N,NO,Y,YES,X,NOT APPLICABLE,X,NOT APPLICABLE,X,NOT APPLICABLE,,,D,BOA,S,SINGLE AWARD,,NONE,NONE,,,,,N,TRANSACTION DOES NOT USE GFE/GFP,N,NO,D,NOT CONSOLIDATED,X,NOT APPLICABLE,,,Z,NOT APPLICABLE,N,NO,X,NOT APPLICABLE,f,f,f,f,f,f,f,f,f,f,f,f,f,f,f,f,f,f,f,OTHER THAN SMALL BUSINESS,O,f,f,f,f,f,f,f,f,f,f,f,f,f,f,f,f,f,OTHER,f,f,f,f,f,f,f,f,f,f,f,f,t,f,f,f,f,t,f,f,f,f,f,f,f,f,f,f,t,f,f,f,f,f,f,f,f,f,f,f,f,f,f,f,f,f,f,f,f,f,,,,,,,,,,,https://www.usaspending.gov/award/CONT_AWD_N0038320FLS3F_9700_SPRPA115G001Y_9700/,2020-05-19 07:30:00+00
CONT_AWD_N0038320FLS3U_9700_SPRPA115G001Y_9700,N0038320FLS3U,9700,DEPT OF DEFENSE,SPRPA115G001Y,,,,,,85.64,,85.64,85.64,2020-04-01,2020,2020-05-13,2020,2020-04-01,2021-03-31,2021-03-31 00:00:00,,,097,Department of Defense,1700,Department of the Navy,N00383,NAVSUP WEAPON SYSTEMS SUPPORT,097,Department of Defense,1700,Department of the Navy,N00383,NAVSUP WEAPON SYSTEMS SUPPORT,,,,,X,NOT APPLICABLE,,,JHFZTG8ZC9V2,106632750,BELL BOEING JOINT PROJECT OFFICE,BELL BOEING JOINT PROJECT OFFICE,,3B1R2,JHFZTG8ZC9V2,106632750,BELL BOEING JOINT PROJECT OFFICE,BELL BOEING JOINT PROJECT OFFICE,USA,UNITED STATES,401 TILTROTOR DR PLANT A,,AMARILLO,48375,POTTER,48,TX,TEXAS,791111200,TX-13,TX-13,3018666835,8172782052,USA,UNITED STATES,AMARILLO,48375,POTTER,48,TX,TEXAS,791111200,TX-13,TX-13,AWARD,C,DELIVERY ORDER,,,,,,,J,FIRM FIXED PRICE,BRACKET,,1,OT,OTHER FUNCTIONS,1550,UNMANNED AIRCRAFT,H,NOT BUNDLED,A1A,AIRFRAMES AND SPARES,336411,AIRCRAFT MANUFACTURING,C,NO CLAUSES INCLUDED AND NO SUSTAINABILITY INCLUDED,A,U.S. OWNED BUSINESS,000,NONE,Z,NOT IT PRODUCTS OR SERVICES,E,NOT REQUIRED,USA,UNITED STATES,D,MFG IN U.S.,B,PLAN NOT REQUIRED,G,NOT COMPETED UNDER SAP,SP1,SIMPLIFIED ACQUISITION,NONE,NO SET ASIDE USED.,NONE,NO PREFERENCE USED,,,,,SP2,SAP NON-COMPETITION (FAR 13),1,D,COMMERCIAL ITEM PROCEDURES NOT USED,f,,,N,NO,X,NOT APPLICABLE,N,NO,,N,NO,Y,YES,X,NOT APPLICABLE,X,NOT APPLICABLE,X,NOT APPLICABLE,,,D,BOA,S,SINGLE AWARD,,NONE,NONE,,,,,N,TRANSACTION DOES NOT USE GFE/GFP,N,NO,D,NOT CONSOLIDATED,X,NOT APPLICABLE,,,Z,NOT APPLICABLE,N,NO,X,NOT APPLICABLE,f,f,f,f,f,f,f,f,f,f,f,f,f,f,f,f,f,f,f,OTHER THAN SMALL BUSINESS,O,f,f,f,f,f,f,f,f,f,f,f,f,f,f,f,f,f,OTHER,f,f,f,f,f,f,f,f,f,f,f,f,t,f,f,f,f,t,f,f,f,f,f,f,f,f,f,f,t,f,f,f,f,f,f,f,f,f,f,f,f,f,f,f,f,f,f,f,f,f,,,,,,,,,,,https://www.usaspending.gov/award/CONT_AWD_N0038320FLS3U_9700_SPRPA115G001Y_9700/,2020-05-19 07:41:17+00
CONT_AWD_N0038320FLT06_9700_SPRPA115G001Z_9700,N0038320FLT06,9700,DEPT OF DEFENSE,SPRPA115G001Z,,,,,,15751.77,,15751.77,15751.77,2020-01-07,2020,2020-09-02,2020,2020-01-07,2020-11-17,2020-11-17 00:00:00,,,097,Department of Defense,1700,Department of the Navy,N00383,NAVSUP WEAPON SYSTEMS SUPPORT,097,Department of Defense,1700,Department of the Navy,N00383,NAVSUP WEAPON SYSTEMS SUPPORT,,,,,X,NOT APPLICABLE,,,T9XKQSKMW4J1,938535028,NORTHROP GRUMMAN SYSTEMS CORPORATION,NORTHROP GRUMMAN SYSTEMS CORPORATION,,76823,NKVZLJL93QT6,967356127,NORTHROP GRUMMAN CORPORATION,NORTHROP GRUMMAN SYSTEMS CORPORATION,USA,UNITED STATES,ONE HORNET WAY,,EL SEGUNDO,06037,LOS ANGELES,06,CA,CALIFORNIA,902452804,CA-33,CA-36,3103325465,3103317955,USA,UNITED STATES,EL SEGUNDO,06037,LOS ANGELES,06,CA,CALIFORNIA,902452804,CA-33,CA-36,AWARD,C,DELIVERY ORDER,,,,,,,J,FIRM FIXED PRICE,"WEB,DRAG LONGERON",,1,OT,OTHER FUNCTIONS,1550,UNMANNED AIRCRAFT,H,NOT BUNDLED,A1A,AIRFRAMES AND SPARES,336413,OTHER AIRCRAFT PARTS AND AUXILIARY EQUIPMENT MANUFACTURING,C,NO CLAUSES INCLUDED AND NO SUSTAINABILITY INCLUDED,A,U.S. OWNED BUSINESS,000,NONE,Z,NOT IT PRODUCTS OR SERVICES,E,NOT REQUIRED,USA,UNITED STATES,D,MFG IN U.S.,B,PLAN NOT REQUIRED,G,NOT COMPETED UNDER SAP,SP1,SIMPLIFIED ACQUISITION,NONE,NO SET ASIDE USED.,NONE,NO PREFERENCE USED,,,,,SP2,SAP NON-COMPETITION (FAR 13),1,D,COMMERCIAL ITEM PROCEDURES NOT USED,f,,,N,NO,X,NOT APPLICABLE,N,NO,,N,NO,Y,YES,X,NOT APPLICABLE,N,NO,X,NOT APPLICABLE,,,D,BOA,S,SINGLE AWARD,,NONE,NONE,,,,,N,TRANSACTION DOES NOT USE GFE/GFP,N,NO,D,NOT CONSOLIDATED,X,NOT APPLICABLE,,,Z,NOT APPLICABLE,N,NO,X,NOT APPLICABLE,f,f,f,f,f,f,f,f,f,f,f,f,f,f,f,f,f,f,f,OTHER THAN SMALL BUSINESS,O,f,f,f,f,f,f,f,f,f,f,f,f,f,f,f,f,f,CORPORATE NOT TAX EXEMPT,t,f,f,f,f,f,f,f,f,f,f,f,f,f,f,f,f,t,f,f,f,f,f,f,f,f,f,f,t,f,f,f,f,f,f,f,f,f,f,f,f,f,f,f,f,f,f,f,f,f,,,,,,,,,,,https://www.usaspending.gov/award/CONT_AWD_N0038320FLT06_9700_SPRPA115G001Z_9700/,2020-09-13 22:59:42+00
CONT_AWD_N0038320FWM04_9700_N0038320GWM01_9700,N0038320FWM04,9700,DEPT OF DEFENSE,N0038320GWM01,,,,,,58695.65,,58695.65,58695.65,2020-04-08,2020,2020-04-08,2020,2020-04-08,2021-05-19,2021-05-19 00:00:00,,,097,Department of Defense,1700,Department of the Navy,N00383,NAVSUP WEAPON SYSTEMS SUPPORT,097,Department of Defense,1700,Department of the Navy,N00383,NAVSUP WEAPON SYSTEMS SUPPORT,,,,,X,NOT APPLICABLE,,,T9XKQSKMW4J1,938535028,NORTHROP GRUMMAN SYSTEMS CORPORATION,NORTHROP GRUMMAN SYSTEMS CORPORATION,,76823,NKVZLJL93QT6,967356127,NORTHROP GRUMMAN CORPORATION,NORTHROP GRUMMAN SYSTEMS CORPORATION,USA,UNITED STATES,ONE HORNET WAY,,EL SEGUNDO,06037,LOS ANGELES,06,CA,CALIFORNIA,902452804,CA-33,CA-36,3103320495,3103317955,USA,UNITED STATES,EL SEGUNDO,06037,LOS ANGELES,06,CA,CALIFORNIA,902452804,CA-33,CA-36,AWARD,C,DELIVERY ORDER,,,,,,,J,FIRM FIXED PRICE,UNION,,1,OT,OTHER FUNCTIONS,1550,UNMANNED AIRCRAFT,H,NOT BUNDLED,A1A,AIRFRAMES AND SPARES,336413,OTHER AIRCRAFT PARTS AND AUXILIARY EQUIPMENT MANUFACTURING,C,NO CLAUSES INCLUDED AND NO SUSTAINABILITY INCLUDED,A,U.S. OWNED BUSINESS,000,NONE,Z,NOT IT PRODUCTS OR SERVICES,E,NOT REQUIRED,USA,UNITED STATES,D,MFG IN U.S.,B,PLAN NOT REQUIRED,G,NOT COMPETED UNDER SAP,SP1,SIMPLIFIED ACQUISITION,NONE,NO SET ASIDE USED.,NONE,NO PREFERENCE USED,,,,,SP2,SAP NON-COMPETITION (FAR 13),1,D,COMMERCIAL ITEM PROCEDURES NOT USED,f,,,N,NO,N,NO,N,NO,,N,NO,X,NOT APPLICABLE,N,NO,X,NOT APPLICABLE,X,NOT APPLICABLE,,,D,BOA,S,SINGLE AWARD,,NONE,NONE,,,,,N,TRANSACTION DOES NOT USE GFE/GFP,N,NO,D,NOT CONSOLIDATED,X,NOT APPLICABLE,,,Z,NOT APPLICABLE,N,NO,X,NOT APPLICABLE,f,f,f,f,f,f,f,f,f,f,f,f,f,f,f,f,f,f,f,OTHER THAN SMALL BUSINESS,O,f,f,f,f,f,f,f,f,f,f,f,f,f,f,f,f,f,CORPORATE NOT TAX EXEMPT,t,f,f,f,f,f,f,f,f,f,f,f,t,f,f,f,f,t,f,f,f,f,f,f,f,f,f,f,t,f,f,f,f,f,f,f,f,f,f,f,f,f,f,f,f,f,f,f,f,f,,,,,,,,,,,https://www.usaspending.gov/award/CONT_AWD_N0038320FWM04_9700_N0038320GWM01_9700/,2021-05-16 07:27:14+00
CONT_AWD_N0038320FWM0D_9700_N0038320GWM01_9700,N0038320FWM0D,9700,DEPT OF DEFENSE,N0038320GWM01,,,,,,15656.83,,15656.83,15656.83,2020-06-15,2020,2020-06-15,2020,2020-06-15,2021-06-28,2021-06-28 00:00:00,,,097,Department of Defense,1700,Department of the Navy,N00383,NAVSUP WEAPON SYSTEMS SUPPORT,097,Department of Defense,1700,Department of the Navy,N00383,NAVSUP WEAPON SYSTEMS SUPPORT,,,,,X,NOT APPLICABLE,,,T9XKQSKMW4J1,938535028,NORTHROP GRUMMAN SYSTEMS CORPORATION,NORTHROP GRUMMAN SYSTEMS CORPORATION,,76823,NKVZLJL93QT6,967356127,NORTHROP GRUMMAN CORPORATION,NORTHROP GRUMMAN SYSTEMS CORPORATION,USA,UNITED STATES,ONE HORNET WAY,,EL SEGUNDO,06037,LOS ANGELES,06,CA,CALIFORNIA,902452804,CA-33,CA-36,3103320495,3103317955,USA,UNITED STATES,EL SEGUNDO,06037,LOS ANGELES,06,CA,CALIFORNIA,902452804,CA-33,CA-36,AWARD,C,DELIVERY ORDER,,,,,,,J,FIRM FIXED PRICE,STIFFENER,,1,,,1550,UNMANNED AIRCRAFT,H,NOT BUNDLED,A1A,AIRFRAMES AND SPARES,336413,OTHER AIRCRAFT PARTS AND AUXILIARY EQUIPMENT MANUFACTURING,C,NO CLAUSES INCLUDED AND NO SUSTAINABILITY INCLUDED,A,U.S. OWNED BUSINESS,000,NONE,Z,NOT IT PRODUCTS OR SERVICES,E,NOT REQUIRED,USA,UNITED STATES,D,MFG IN U.S.,A,PLAN NOT INCLUDED - NO SUBCONTRACTING POSSIBILITIES,F,COMPETED UNDER SAP,SP1,SIMPLIFIED ACQUISITION,NONE,NO SET ASIDE USED.,NONE,NO PREFERENCE USED,,,,,,,1,D,COMMERCIAL ITEM PROCEDURES NOT USED,f,,,N,NO,,,N,NO,,N,NO,X,NOT APPLICABLE,N,NO,X,NOT APPLICABLE,X,NOT APPLICABLE,,,D,BOA,S,SINGLE AWARD,,NONE,NONE,,,,,N,TRANSACTION DOES NOT USE GFE/GFP,N,NO,D,NOT CONSOLIDATED,X,NOT APPLICABLE,,,Z,NOT APPLICABLE,N,NO,X,NOT APPLICABLE,f,f,f,f,f,f,f,f,f,f,f,f,f,f,f,f,f,f,f,OTHER THAN SMALL BUSINESS,O,f,f,f,f,f,f,f,f,f,f,f,f,f,f,f,f,f,CORPORATE NOT TAX EXEMPT,t,f,f,f,f,f,f,f,f,f,f,f,t,f,f,f,f,t,f,f,f,f,f,f,f,f,f,f,t,f,f,f,f,f,f,f,f,f,f,f,f,f,f,f,f,f,f,f,f,f,,,,,,,,,,,https://www.usaspending.gov/award/CONT_AWD_N0038320FWM0D_9700_N0038320GWM01_9700/,2021-04-04 07:32:41+00
CONT_AWD_N0038320PD096_9700_-NONE-_-NONE-,N0038320PD096,,,,,,,,,3410.00,,3410.00,3410.00,2020-06-02,2020,2020-08-20,2020,2020-06-02,2020-08-20,2020-08-20 00:00:00,,,097,Department of Defense,1700,Department of the Navy,N00383,NAVSUP WEAPON SYSTEMS SUPPORT,097,Department of Defense,1700,Department of the Navy,N00383,NAVSUP WEAPON SYSTEMS SUPPORT,,,,,X,NOT APPLICABLE,,,XDF1FRDG8KK4,,"FOSTER-MILLER, INC.","FOSTER-MILLER, INC",,30233,LL4CVJVLBGN1,,QINETIQ GROUP PLC,QINETIQ GROUP PLC,USA,UNITED STATES,350 SECOND AVE,,WALTHAM,25017,MIDDLESEX,25,MA,MASSACHUSETTS,024511104,MA-05,MA-05,7816844165,7818908515,USA,UNITED STATES,WALTHAM,25017,MIDDLESEX,25,MA,MASSACHUSETTS,024511104,MA-05,MA-05,AWARD,B,PURCHASE ORDER,,,,,,,J,FIRM FIXED PRICE,STUD,,1,OT,OTHER FUNCTIONS,1550,UNMANNED AIRCRAFT,H,NOT BUNDLED,A1A,AIRFRAMES AND SPARES,336412,AIRCRAFT ENGINE AND ENGINE PARTS MANUFACTURING,C,NO CLAUSES INCLUDED AND NO SUSTAINABILITY INCLUDED,C,FOREIGN-OWNED BUSINESS INCORPORATED IN THE U.S.,000,NONE,Z,NOT IT PRODUCTS OR SERVICES,E,NOT REQUIRED,USA,UNITED STATES,D,MFG IN U.S.,B,PLAN NOT REQUIRED,G,NOT COMPETED UNDER SAP,SP1,SIMPLIFIED ACQUISITION,NONE,NO SET ASIDE USED.,NONE,NO PREFERENCE USED,,,,,SP2,SAP NON-COMPETITION (FAR 13),1,D,COMMERCIAL ITEM PROCEDURES NOT USED,f,N,NO,N,NO,X,NOT APPLICABLE,N,NO,,N,NO,X,NOT APPLICABLE,N,NO,X,NOT APPLICABLE,X,NOT APPLICABLE,,,,,,,,NONE,NONE,,,,,Y,TRANSACTION USES GFE/GFP,N,NO,D,NOT CONSOLIDATED,X,NOT APPLICABLE,,,Z,NOT APPLICABLE,N,NO,X,NOT APPLICABLE,f,f,f,f,f,f,f,f,f,f,f,f,f,f,f,f,f,f,f,OTHER THAN SMALL BUSINESS,O,f,f,f,f,f,f,f,f,f,f,f,f,f,f,f,f,f,CORPORATE NOT TAX EXEMPT,t,f,f,f,f,f,f,f,f,f,f,f,t,f,f,f,f,t,f,f,f,f,f,f,f,f,f,t,t,f,f,f,f,f,f,f,f,f,f,f,f,f,f,f,f,f,f,f,f,f,DAN  DEGUIRE,457882.00,CHRISTOPHER  FORREST,371570.00,WALTER  WERNER,297540.00,ROBERT  WAFFLE,272891.00,NATHAN  DESMUELE,253477.00,https://www.usaspending.gov/award/CONT_AWD_N0038320PD096_9700_-NONE-_-NONE-/,2025-04-21 14:31:56+00
CONT_AWD_N6133119F0062_9700_N6133118D0007_9700,N6133119F0062,9700,DEPT OF DEFENSE,N6133118D0007,,,,,,159718.57,0.00,243145.10,243145.10,2019-04-10,2019,2020-04-21,2020,2019-04-10,2020-05-31,2020-05-31 00:00:00,,,097,Department of Defense,1700,Department of the Navy,N61331,NAVAL SURFACE WARFARE CENTER,097,Department of Defense,1700,Department of the Navy,N61331,NAVAL SURFACE WARFARE CENTER,017-2019/2020-1319-000,017-1319,25.1: Advisory and assistance services,,X,NOT APPLICABLE,,,GS7HBMNZEMK3,963450866,HII MISSION TECHNOLOGIES CORP,ALION SCIENCE AND TECHNOLOGY CORPORATION,,3BM47,HEJREFFVP618,119162332,ALION SCIENCE AND TECHNOLOGY CORPORATION,ALION SCIENCE AND TECHNOLOGY CORPORATION,USA,UNITED STATES,1000 BURR RIDGE PKWY STE 202,,BURR RIDGE,17031,COOK,17,IL,ILLINOIS,605270849,IL-11,IL-06,7032595103,7032595212,USA,UNITED STATES,BURR RIDGE,17031,COOK,17,IL,ILLINOIS,605270849,IL-11,IL-06,AWARD,C,DELIVERY ORDER,,,,,,,U,COST PLUS FIXED FEE,HAMMERHEAD,N6133117R0001,1,,,1550,UNMANNED AIRCRAFT,H,NOT BUNDLED,C9E,ALL OTHERS NOT IDENTIFIABLE TO ANY OTHER PROCUREMENT PROGRAM,541715,"RESEARCH AND DEVELOPMENT IN THE PHYSICAL, ENGINEERING, AND LIFE SCIENCES (EXCEPT NANOTECHNOLOGY AND BIOTECHNOLOGY)",C,NO CLAUSES INCLUDED AND NO SUSTAINABILITY INCLUDED,A,U.S. OWNED BUSINESS,000,NONE,Z,NOT IT PRODUCTS OR SERVICES,A,MEETS REQUIREMENTS,USA,UNITED STATES,D,MFG IN U.S.,F,INDIVIDUAL SUBCONTRACT PLAN,A,FULL AND OPEN COMPETITION,NP,NEGOTIATED PROPOSAL/QUOTE,,,NONE,NO PREFERENCE USED,,,,,,,,D,COMMERCIAL ITEM PROCEDURES NOT USED,f,N,NO,N,NO,X,NOT APPLICABLE,N,NO,,N,NO,Y,YES,X,NOT APPLICABLE,N,NO,X,NOT APPLICABLE,,,B,IDC,S,SINGLE AWARD,,NONE,NONE,N,NO,,,N,TRANSACTION DOES NOT USE GFE/GFP,U,UNKNOWN,D,NOT CONSOLIDATED,X,NOT APPLICABLE,N,NO,Z,NOT APPLICABLE,N,NO,X,NOT APPLICABLE,f,f,f,f,f,f,f,f,f,f,f,f,f,f,f,f,f,f,f,OTHER THAN SMALL BUSINESS,O,f,f,f,f,f,f,f,f,f,f,f,f,f,f,f,f,f,CORPORATE NOT TAX EXEMPT,t,f,f,f,f,f,f,f,f,f,f,f,f,f,f,f,f,t,f,f,f,f,f,f,f,f,f,f,t,f,f,f,f,f,f,f,f,f,f,f,f,f,f,f,f,f,f,f,f,f,,,,,,,,,,,https://www.usaspending.gov/award/CONT_AWD_N6133119F0062_9700_N6133118D0007_9700/,2021-12-06 16:46:38+00
CONT_AWD_N6133119F0112_9700_N6133118D0007_9700,N6133119F0112,9700,DEPT OF DEFENSE,N6133118D0007,,,,,,82425.93,,82425.93,82425.93,2019-05-20,2019,2021-12-20,2022,2019-05-20,2019-09-30,2019-09-30 00:00:00,,2019-05-07,097,Department of Defense,1700,Department of the Navy,N61331,NAVAL SURFACE WARFARE CENTER,097,Department of Defense,1700,Department of the Navy,N61331,NAVAL SURFACE WARFARE CENTER,,,,,X,NOT APPLICABLE,,,DKJ1R5ABCN48,928859149,SERCO INC,SERCO INC.,,022Q2,FC3YWXFNT7U6,298452707,SERCO GROUP PLC,SERCO GROUP PLC,USA,UNITED STATES,12930 WORLDGATE DR STE 600,,HERNDON,51059,FAIRFAX,51,VA,VIRGINIA,201706027,VA-11,VA-11,7192354357,7195723900,USA,UNITED STATES,BURR RIDGE,17031,COOK,17,IL,ILLINOIS,605270849,IL-11,IL-06,AWARD,C,DELIVERY ORDER,,,,,,,U,COST PLUS FIXED FEE,MATERIAL- OPTION 1,N6133117R0001,1,,,1550,UNMANNED AIRCRAFT,H,NOT BUNDLED,C9E,ALL OTHERS NOT IDENTIFIABLE TO ANY OTHER PROCUREMENT PROGRAM,541715,"RESEARCH AND DEVELOPMENT IN THE PHYSICAL, ENGINEERING, AND LIFE SCIENCES (EXCEPT NANOTECHNOLOGY AND BIOTECHNOLOGY)",C,NO CLAUSES INCLUDED AND NO SUSTAINABILITY INCLUDED,C,FOREIGN-OWNED BUSINESS INCORPORATED IN THE U.S.,000,NONE,Z,NOT IT PRODUCTS OR SERVICES,A,MEETS REQUIREMENTS,USA,UNITED STATES,D,MFG IN U.S.,F,INDIVIDUAL SUBCONTRACT PLAN,A,FULL AND OPEN COMPETITION,NP,NEGOTIATED PROPOSAL/QUOTE,,,NONE,NO PREFERENCE USED,,,,,,,,D,COMMERCIAL ITEM PROCEDURES NOT USED,f,N,NO,N,NO,X,NOT APPLICABLE,N,NO,,N,NO,Y,YES,X,NOT APPLICABLE,N,NO,X,NOT APPLICABLE,,,B,IDC,S,SINGLE AWARD,,NONE,NONE,N,NO,,,N,TRANSACTION DOES NOT USE GFE/GFP,U,UNKNOWN,D,NOT CONSOLIDATED,X,NOT APPLICABLE,N,NO,Z,NOT APPLICABLE,N,NO,X,NOT APPLICABLE,f,f,f,f,f,f,f,f,f,f,f,f,f,f,f,f,f,f,f,OTHER THAN SMALL BUSINESS,O,f,f,f,f,f,f,f,f,f,f,f,f,f,f,f,f,f,CORPORATE NOT TAX EXEMPT,t,f,f,f,f,f,f,f,f,f,f,f,f,f,f,f,f,t,f,f,f,f,f,f,f,f,f,t,t,f,f,f,f,f,f,f,f,f,f,f,f,f,f,f,f,f,f,f,f,f,DAVID  DACQUINO,2131722.00,BRUCE  SAMUELSON,942526.00,GARY  SHANKMAN,838676.00,THOMAS  WATSON,795960.00,CHRISTOPHER  SULLIVAN,773426.00,https://www.usaspending.gov/award/CONT_AWD_N6133119F0112_9700_N6133118D0007_9700/,2021-12-20 13:38:52+00
CONT_AWD_N6133119F0121_9700_N6133118D0007_9700,N6133119F0121,9700,DEPT OF DEFENSE,N6133118D0007,,,,,,164376.25,,297252.22,297252.22,2019-05-29,2019,2020-09-30,2020,2019-05-29,2020-09-25,2020-09-25 00:00:00,,2019-03-28,097,Department of Defense,1700,Department of the Navy,N61331,NAVAL SURFACE WARFARE CENTER,097,Department of Defense,1700,Department of the Navy,N61331,NAVAL SURFACE WARFARE CENTER,,,,,X,NOT APPLICABLE,,,GS7HBMNZEMK3,963450866,HII MISSION TECHNOLOGIES CORP,ALION SCIENCE AND TECHNOLOGY CORPORATION,,3BM47,HEJREFFVP618,119162332,ALION SCIENCE AND TECHNOLOGY CORPORATION,ALION SCIENCE AND TECHNOLOGY CORPORATION,USA,UNITED STATES,4021 EXECUTIVE DR,,BEAVERCREEK,39057,GREENE,39,OH,OHIO,454301062,OH-11,OH-10,7035432979,,USA,UNITED STATES,BURR RIDGE,17031,COOK,17,IL,ILLINOIS,605270849,IL-11,IL-06,AWARD,C,DELIVERY ORDER,,,,,,,U,COST PLUS FIXED FEE,PROTOTYPE INTEGRATION LABOR- OPTION 1,N6133117R0001,1,,,1550,UNMANNED AIRCRAFT,H,NOT BUNDLED,C9E,ALL OTHERS NOT IDENTIFIABLE TO ANY OTHER PROCUREMENT PROGRAM,541715,"RESEARCH AND DEVELOPMENT IN THE PHYSICAL, ENGINEERING, AND LIFE SCIENCES (EXCEPT NANOTECHNOLOGY AND BIOTECHNOLOGY)",C,NO CLAUSES INCLUDED AND NO SUSTAINABILITY INCLUDED,C,FOREIGN-OWNED BUSINESS INCORPORATED IN THE U.S.,000,NONE,Z,NOT IT PRODUCTS OR SERVICES,A,MEETS REQUIREMENTS,USA,UNITED STATES,D,MFG IN U.S.,F,INDIVIDUAL SUBCONTRACT PLAN,A,FULL AND OPEN COMPETITION,NP,NEGOTIATED PROPOSAL/QUOTE,,,NONE,NO PREFERENCE USED,,,,,,,,D,COMMERCIAL ITEM PROCEDURES NOT USED,f,N,NO,N,NO,X,NOT APPLICABLE,N,NO,,N,NO,Y,YES,X,NOT APPLICABLE,N,NO,X,NOT APPLICABLE,,,B,IDC,S,SINGLE AWARD,,NONE,NONE,N,NO,,,N,TRANSACTION DOES NOT USE GFE/GFP,N,NO,D,NOT CONSOLIDATED,X,NOT APPLICABLE,N,NO,Z,NOT APPLICABLE,N,NO,X,NOT APPLICABLE,f,f,f,f,f,f,f,f,f,f,f,f,f,f,f,f,f,f,f,OTHER THAN SMALL BUSINESS,O,f,f,f,f,f,f,f,f,f,f,f,f,f,f,f,f,f,CORPORATE NOT TAX EXEMPT,t,f,f,f,f,f,f,f,f,f,f,f,f,f,f,f,f,t,f,f,f,f,f,f,f,f,f,f,t,f,f,f,f,f,f,f,f,f,f,f,f,f,f,f,f,f,f,f,f,f,,,,,,,,,,,https://www.usaspending.gov/award/CONT_AWD_N6133119F0121_9700_N6133118D0007_9700/,2021-12-06 16:46:37+00
CONT_AWD_N6133119F0143_9700_N6133118D0007_9700,N6133119F0143,9700,DEPT OF DEFENSE,N6133118D0007,Q: Not Designated Nonemergency/Emergency/Disaster/Wildfire Suppression,,,,,196753.10,0.00,214016.03,214016.03,2019-07-05,2019,2022-08-19,2022,2019-07-05,2021-01-05,2021-01-05 00:00:00,,,097,Department of Defense,1700,Department of the Navy,N61331,NAVAL SURFACE WARFARE CENTER,097,Department of Defense,1700,Department of the Navy,N61331,NAVAL SURFACE WARFARE CENTER,017-2019/2021-1810-000,017-1810,25.1: Advisory and assistance services,0001: SUPPORT VEHICLES AND EQUIPMENT,X,NOT APPLICABLE,,,DKJ1R5ABCN48,,SERCO INC,SERCO INC.,,022Q2,FC3YWXFNT7U6,,SERCO GROUP PLC,SERCO GROUP PLC,USA,UNITED STATES,12930 WORLDGATE DR STE 600,,HERNDON,51059,FAIRFAX,51,VA,VIRGINIA,201706027,VA-11,VA-11,7192354357,7195723900,USA,UNITED STATES,BURR RIDGE,17031,COOK,17,IL,ILLINOIS,605270849,IL-11,IL-06,AWARD,C,DELIVERY ORDER,,,,,,,U,COST PLUS FIXED FEE,PROTOTYPE INTEGRATION LABOR- OPTION 1,N6133117R0001,1,,,1550,UNMANNED AIRCRAFT,H,NOT BUNDLED,C9E,ALL OTHERS NOT IDENTIFIABLE TO ANY OTHER PROCUREMENT PROGRAM,541715,"RESEARCH AND DEVELOPMENT IN THE PHYSICAL, ENGINEERING, AND LIFE SCIENCES (EXCEPT NANOTECHNOLOGY AND BIOTECHNOLOGY)",C,NO CLAUSES INCLUDED AND NO SUSTAINABILITY INCLUDED,C,FOREIGN-OWNED BUSINESS INCORPORATED IN THE U.S.,000,NONE,Z,NOT IT PRODUCTS OR SERVICES,A,MEETS REQUIREMENTS,USA,UNITED STATES,D,MFG IN U.S.,F,INDIVIDUAL SUBCONTRACT PLAN,A,FULL AND OPEN COMPETITION,NP,NEGOTIATED PROPOSAL/QUOTE,,,NONE,NO PREFERENCE USED,,,,,,,,D,COMMERCIAL PRODUCTS/SERVICES PROCEDURES NOT USED,f,N,NO,N,NO,X,NOT APPLICABLE,N,NO,,N,NO,Y,YES,X,NOT APPLICABLE,N,NO,X,NOT APPLICABLE,,,B,IDC,S,SINGLE AWARD,,NONE,NONE,N,NO,,,N,TRANSACTION DOES NOT USE GFE/GFP,U,UNKNOWN,D,NOT CONSOLIDATED,X,NOT APPLICABLE,N,NO,Z,NOT APPLICABLE,N,NO,X,NOT APPLICABLE,f,f,f,f,f,f,f,f,f,f,f,f,f,f,f,f,f,f,f,OTHER THAN SMALL BUSINESS,O,f,f,f,f,f,f,f,f,f,f,f,f,f,f,f,f,f,CORPORATE NOT TAX EXEMPT,t,f,f,f,f,f,f,f,f,f,f,f,f,f,f,f,f,t,f,f,f,f,f,f,f,f,f,t,t,f,f,f,f,f,f,f,f,f,f,f,f,f,f,f,f,f,f,f,f,f,DAVID  DACQUINO,2131722.00,BRUCE  SAMUELSON,942526.00,GARY  SHANKMAN,838676.00,THOMAS  WATSON,795960.00,CHRISTOPHER  SULLIVAN,773426.00,https://www.usaspending.gov/award/CONT_AWD_N6133119F0143_9700_N6133118D0007_9700/,2022-08-19 17:22:50+00
CONT_AWD_N6133120F0059_9700_N6133118D0007_9700,N6133120F0059,9700,DEPT OF DEFENSE,N6133118D0007,,,,,,207315.06,,233325.73,233325.73,2020-02-14,2020,2021-08-05,2021,2020-02-14,2021-07-15,2021-07-15 00:00:00,,2019-11-13,097,Department of Defense,1700,Department of the Navy,N61331,NAVAL SURFACE WARFARE CENTER,097,Department of Defense,1700,Department of the Navy,N61331,NAVAL SURFACE WARFARE CENTER,,,,,X,NOT APPLICABLE,,,DKJ1R5ABCN48,928859149,SERCO INC,SERCO INC.,,022Q2,FC3YWXFNT7U6,298452707,SERCO GROUP PLC,SERCO GROUP PLC,USA,UNITED STATES,12930 WORLDGATE DR STE 600,,HERNDON,51059,FAIRFAX,51,VA,VIRGINIA,201706027,VA-11,VA-11,7192354357,7195723900,USA,UNITED STATES,BURR RIDGE,17031,COOK,17,IL,ILLINOIS,605270849,IL-11,IL-06,AWARD,C,DELIVERY ORDER,,,,,,,S,COST NO FEE,MUSE SUPPORT,N6133117R0001,1,OT,OTHER FUNCTIONS,1550,UNMANNED AIRCRAFT,H,NOT BUNDLED,C9E,ALL OTHERS NOT IDENTIFIABLE TO ANY OTHER PROCUREMENT PROGRAM,541715,"RESEARCH AND DEVELOPMENT IN THE PHYSICAL, ENGINEERING, AND LIFE SCIENCES (EXCEPT NANOTECHNOLOGY AND BIOTECHNOLOGY)",C,NO CLAUSES INCLUDED AND NO SUSTAINABILITY INCLUDED,C,FOREIGN-OWNED BUSINESS INCORPORATED IN THE U.S.,000,NONE,Z,NOT IT PRODUCTS OR SERVICES,A,MEETS REQUIREMENTS,USA,UNITED STATES,D,MFG IN U.S.,F,INDIVIDUAL SUBCONTRACT PLAN,A,FULL AND OPEN COMPETITION,NP,NEGOTIATED PROPOSAL/QUOTE,,,NONE,NO PREFERENCE USED,,,,,,,,D,COMMERCIAL ITEM PROCEDURES NOT USED,f,N,NO,N,NO,X,NOT APPLICABLE,N,NO,,N,NO,Y,YES,X,NOT APPLICABLE,N,NO,X,NOT APPLICABLE,,,B,IDC,S,SINGLE AWARD,,NONE,NONE,N,NO,,,N,TRANSACTION DOES NOT USE GFE/GFP,U,UNKNOWN,D,NOT CONSOLIDATED,X,NOT APPLICABLE,N,NO,Z,NOT APPLICABLE,N,NO,X,NOT APPLICABLE,f,f,f,f,f,f,f,f,f,f,f,f,f,f,f,f,f,f,f,OTHER THAN SMALL BUSINESS,O,f,f,f,f,f,f,f,f,f,f,f,f,f,f,f,f,f,CORPORATE NOT TAX EXEMPT,t,f,f,f,f,f,f,f,f,f,f,f,f,f,f,f,f,t,f,f,f,f,f,f,f,f,f,t,t,f,f,f,f,f,f,f,f,f,f,f,f,f,f,f,f,f,f,f,f,f,DAVID  DACQUINO,1367902.00,GARY  SHANKMAN,916952.00,THOMAS  WATSON,658438.00,CHRISTOPHER  SULLIVAN,649780.00,DAVID  CUMMINS,628733.00,https://www.usaspending.gov/award/CONT_AWD_N6133120F0059_9700_N6133118D0007_9700/,2021-08-05 10:06:39+00
CONT_AWD_N6133120F0060_9700_N6133118D0007_9700,N6133120F0060,9700,DEPT OF DEFENSE,N6133118D0007,,,,,,717192.34,,739463.66,739463.66,2020-02-25,2020,2022-01-06,2022,2020-02-25,2021-04-11,2021-04-11 00:00:00,,2019-11-13,097,Department of Defense,1700,Department of the Navy,N61331,NAVAL SURFACE WARFARE CENTER,097,Department of Defense,1700,Department of the Navy,N61331,NAVAL SURFACE WARFARE CENTER,,,,,X,NOT APPLICABLE,,,DKJ1R5ABCN48,,SERCO INC,SERCO INC.,,022Q2,FC3YWXFNT7U6,,SERCO GROUP PLC,SERCO GROUP PLC,USA,UNITED STATES,12930 WORLDGATE DR STE 600,,HERNDON,51059,FAIRFAX,51,VA,VIRGINIA,201706027,VA-11,VA-11,7192354357,7195723900,USA,UNITED STATES,BURR RIDGE,17031,COOK,17,IL,ILLINOIS,605270849,IL-11,IL-06,AWARD,C,DELIVERY ORDER,,,,,,,U,COST PLUS FIXED FEE,UNMANNED SYSTEMS X LABS,N6133117R0001,1,OT,OTHER FUNCTIONS,1550,UNMANNED AIRCRAFT,H,NOT BUNDLED,C9E,ALL OTHERS NOT IDENTIFIABLE TO ANY OTHER PROCUREMENT PROGRAM,541715,"RESEARCH AND DEVELOPMENT IN THE PHYSICAL, ENGINEERING, AND LIFE SCIENCES (EXCEPT NANOTECHNOLOGY AND BIOTECHNOLOGY)",C,NO CLAUSES INCLUDED AND NO SUSTAINABILITY INCLUDED,C,FOREIGN-OWNED BUSINESS INCORPORATED IN THE U.S.,000,NONE,Z,NOT IT PRODUCTS OR SERVICES,A,MEETS REQUIREMENTS,USA,UNITED STATES,D,MFG IN U.S.,F,INDIVIDUAL SUBCONTRACT PLAN,A,FULL AND OPEN COMPETITION,NP,NEGOTIATED PROPOSAL/QUOTE,,,NONE,NO PREFERENCE USED,,,,,,,,D,COMMERCIAL ITEM PROCEDURES NOT USED,f,N,NO,N,NO,X,NOT APPLICABLE,N,NO,,N,NO,Y,YES,X,NOT APPLICABLE,N,NO,X,NOT APPLICABLE,,,B,IDC,S,SINGLE AWARD,,NONE,NONE,N,NO,,,N,TRANSACTION DOES NOT USE GFE/GFP,U,UNKNOWN,D,NOT CONSOLIDATED,X,NOT APPLICABLE,N,NO,Z,NOT APPLICABLE,N,NO,X,NOT APPLICABLE,f,f,f,f,f,f,f,f,f,f,f,f,f,f,f,f,f,f,f,OTHER THAN SMALL BUSINESS,O,f,f,f,f,f,f,f,f,f,f,f,f,f,f,f,f,f,CORPORATE NOT TAX EXEMPT,t,f,f,f,f,f,f,f,f,f,f,f,f,f,f,f,f,t,f,f,f,f,f,f,f,f,f,t,t,f,f,f,f,f,f,f,f,f,f,f,f,f,f,f,f,f,f,f,f,f,DAVID  DACQUINO,2131722.00,BRUCE  SAMUELSON,942526.00,GARY  SHANKMAN,838676.00,THOMAS  WATSON,795960.00,CHRISTOPHER  SULLIVAN,773426.00,https://www.usaspending.gov/award/CONT_AWD_N6133120F0060_9700_N6133118D0007_9700/,2022-01-06 14:57:01+00
CONT_AWD_N6133120F0069_9700_N6133118D0007_9700,N6133120F0069,9700,DEPT OF DEFENSE,N6133118D0007,,,,,,107538.88,,107538.88,107538.88,2020-03-13,2020,2020-11-03,2021,2020-03-13,2021-01-11,2021-01-11 00:00:00,,,097,Department of Defense,1700,Department of the Navy,N61331,NAVAL SURFACE WARFARE CENTER,097,Department of Defense,1700,Department of the Navy,N61331,NAVAL SURFACE WARFARE CENTER,,,,,X,NOT APPLICABLE,,,DKJ1R5ABCN48,928859149,SERCO INC,SERCO INC.,,022Q2,FC3YWXFNT7U6,298452707,SERCO GROUP PLC,SERCO GROUP PLC,USA,UNITED STATES,12930 WORLDGATE DR STE 600,,HERNDON,51059,FAIRFAX,51,VA,VIRGINIA,201706027,VA-11,VA-11,7192354357,7195723900,USA,UNITED STATES,BURR RIDGE,17031,COOK,17,IL,ILLINOIS,605270849,IL-11,IL-06,AWARD,C,DELIVERY ORDER,,,,,,,S,COST NO FEE,MATERIAL- OPTION 1,N6133117R0001,1,,,1550,UNMANNED AIRCRAFT,H,NOT BUNDLED,C9E,ALL OTHERS NOT IDENTIFIABLE TO ANY OTHER PROCUREMENT PROGRAM,541715,"RESEARCH AND DEVELOPMENT IN THE PHYSICAL, ENGINEERING, AND LIFE SCIENCES (EXCEPT NANOTECHNOLOGY AND BIOTECHNOLOGY)",C,NO CLAUSES INCLUDED AND NO SUSTAINABILITY INCLUDED,C,FOREIGN-OWNED BUSINESS INCORPORATED IN THE U.S.,000,NONE,Z,NOT IT PRODUCTS OR SERVICES,A,MEETS REQUIREMENTS,USA,UNITED STATES,D,MFG IN U.S.,F,INDIVIDUAL SUBCONTRACT PLAN,A,FULL AND OPEN COMPETITION,NP,NEGOTIATED PROPOSAL/QUOTE,,,NONE,NO PREFERENCE USED,,,,,,,,D,COMMERCIAL ITEM PROCEDURES NOT USED,f,N,NO,N,NO,X,NOT APPLICABLE,N,NO,,N,NO,Y,YES,X,NOT APPLICABLE,N,NO,X,NOT APPLICABLE,,,B,IDC,S,SINGLE AWARD,,NONE,NONE,N,NO,,,N,TRANSACTION DOES NOT USE GFE/GFP,U,UNKNOWN,D,NOT CONSOLIDATED,X,NOT APPLICABLE,N,NO,Z,NOT APPLICABLE,N,NO,X,NOT APPLICABLE,f,f,f,f,f,f,f,f,f,f,f,f,f,f,f,f,f,f,f,OTHER THAN SMALL BUSINESS,O,f,f,f,f,f,f,f,f,f,f,f,f,f,f,f,f,f,CORPORATE NOT TAX EXEMPT,t,f,f,f,f,f,f,f,f,f,f,f,f,f,f,f,f,t,f,f,f,f,f,f,f,f,f,t,t,f,f,f,f,f,f,f,f,f,f,f,f,f,f,f,f,f,f,f,f,f,DAVID  DACQUINO,1367902.00,GARY  SHANKMAN,916952.00,THOMAS  WATSON,658438.00,CHRISTOPHER  SULLIVAN,649780.00,DAVID  CUMMINS,628733.00,https://www.usaspending.gov/award/CONT_AWD_N6133120F0069_9700_N6133118D0007_9700/,2021-05-14 13:56:14+00
CONT_AWD_N6133120F0159_9700_N6133118D0007_9700,N6133120F0159,9700,DEPT OF DEFENSE,N6133118D0007,Q: Not Designated Nonemergency/Emergency/Disaster/Wildfire Suppression,,,,,332875.03,0.00,375569.80,375569.80,2020-08-02,2020,2025-08-05,2025,2020-07-31,2021-09-30,2021-09-30 00:00:00,,,097,Department of Defense,1700,Department of the Navy,N61331,NAVAL SURFACE WARFARE CENTER,097,Department of Defense,1700,Department of the Navy,N61331,NAVAL SURFACE WARFARE CENTER,017-2020/2021-1319-000,017-1319,25.1: Advisory and assistance services,0001: BASIC RESEARCH;OPTN: FIELD IS OPTIONAL PRIOR TO FY21,X,NOT APPLICABLE,,,DKJ1R5ABCN48,,SERCO INC,SERCO INC.,,022Q2,H7VZRSRAG1K5,,SERCO HOLDINGS LIMITED,SERCO INC,USA,UNITED STATES,12930 WORLDGATE DR STE 600,,HERNDON,51059,FAIRFAX,51,VA,VIRGINIA,201706027,VA-11,VA-11,7192354357,7195723900,USA,UNITED STATES,BURR RIDGE,17031,COOK,17,IL,ILLINOIS,605270849,IL-06,IL-06,AWARD,C,DELIVERY ORDER,,,,,,,U,COST PLUS FIXED FEE,PROTOTYPE INTEGRATION LABOR- OPTION 2,N6133117R0001,1,,,1550,UNMANNED AIRCRAFT,H,NOT BUNDLED,C9E,ALL OTHERS NOT IDENTIFIABLE TO ANY OTHER PROCUREMENT PROGRAM,541715,"RESEARCH AND DEVELOPMENT IN THE PHYSICAL, ENGINEERING, AND LIFE SCIENCES (EXCEPT NANOTECHNOLOGY AND BIOTECHNOLOGY)",C,NO CLAUSES INCLUDED AND NO SUSTAINABILITY INCLUDED,C,FOREIGN-OWNED BUSINESS INCORPORATED IN THE U.S.,000,NONE,Z,NOT IT PRODUCTS OR SERVICES,A,MEETS REQUIREMENTS,USA,UNITED STATES,D,MFG IN U.S.,F,INDIVIDUAL SUBCONTRACT PLAN,A,FULL AND OPEN COMPETITION,NP,NEGOTIATED PROPOSAL/QUOTE,,,NONE,NO PREFERENCE USED,,,,,,,,D,COMMERCIAL PRODUCTS/SERVICES PROCEDURES NOT USED,f,N,NO,N,NO,X,NOT APPLICABLE,N,NO,,N,NO,Y,YES,X,NOT APPLICABLE,N,NO,X,NOT APPLICABLE,,,B,IDC,S,SINGLE AWARD,,,,N,NO,,,N,TRANSACTION DOES NOT USE GFE/GFP,U,UNKNOWN,D,NOT CONSOLIDATED,X,NOT APPLICABLE,N,NO,Z,NOT APPLICABLE,N,NO,X,NOT APPLICABLE,f,f,f,f,f,f,f,f,f,f,f,f,f,f,f,f,f,f,f,OTHER THAN SMALL BUSINESS,O,f,f,f,f,f,f,f,f,f,f,f,f,f,f,f,f,f,CORPORATE NOT TAX EXEMPT,t,f,f,f,f,f,f,f,f,f,f,f,f,f,f,f,f,t,f,f,f,f,f,f,f,f,f,t,t,f,f,f,f,f,f,f,f,f,f,f,f,f,f,f,f,f,f,f,f,f,GORDON  FOSTER,827835.00,THOMAS  WATSON,1072626.00,DAVID  CUMMINS,597835.00,DAVID  GOLDBERG,562266.00,TERRI  MALONE,582266.00,https://www.usaspending.gov/award/CONT_AWD_N6133120F0159_9700_N6133118D0007_9700/,2025-08-05 18:23:34+00
CONT_AWD_N6227119P1155_9700_-NONE-_-NONE-,N6227119P1155,,,,,,,,,99278.00,0.00,99278.00,99278.00,2019-09-09,2019,2020-01-17,2020,2019-09-09,2020-02-28,2020-02-28 00:00:00,,2019-08-13,097,Department of Defense,1700,Department of the Navy,N62271,NAVAL POSTGRADUATE SCHOOL,097,Department of Defense,1700,Department of the Navy,N62271,NAVAL POSTGRADUATE SCHOOL,017-2019/2019-1804-000,017-1804,31.0: Equipment,,X,NOT APPLICABLE,,,W1ZTLG8M3HJ1,080363561,EQUINOX INNOVATIVE SYSTEMS INC,EQUINOX INNOVATIVE SYSTEMS LLC,,7PY27,W1ZTLG8M3HJ1,080363561,EQUINOX INNOVATIVE SYSTEMS INC,EQUINOX COMMUNICATIONS  LLC,USA,UNITED STATES,613 YORKTOWN MANOR CT,,ANNAPOLIS,24003,ANNE ARUNDEL,24,MD,MARYLAND,214095767,MD-03,MD-03,4438220952,,USA,UNITED STATES,MONTEREY,06053,MONTEREY,06,CA,CALIFORNIA,939407862,CA-20,CA-19,AWARD,B,PURCHASE ORDER,,,,,,,J,FIRM FIXED PRICE,TETHERED DRONE,N6227119Q1155,1,OT,OTHER FUNCTIONS,1550,UNMANNED AIRCRAFT,H,NOT BUNDLED,C9E,ALL OTHERS NOT IDENTIFIABLE TO ANY OTHER PROCUREMENT PROGRAM,336411,AIRCRAFT MANUFACTURING,C,NO CLAUSES INCLUDED AND NO SUSTAINABILITY INCLUDED,A,U.S. OWNED BUSINESS,000,NONE,Z,NOT IT PRODUCTS OR SERVICES,E,NOT REQUIRED,USA,UNITED STATES,D,MFG IN U.S.,B,PLAN NOT REQUIRED,C,NOT COMPETED,SSS,ONLY ONE SOURCE,NONE,NO SET ASIDE USED.,NONE,NO PREFERENCE USED,,,,,ONE,ONLY ONE SOURCE-OTHER (FAR 6.302-1 OTHER),1,A,COMMERCIAL ITEM,f,N,NO,N,NO,X,NOT APPLICABLE,N,NO,,N,NO,X,NOT APPLICABLE,X,NOT APPLICABLE,X,NOT APPLICABLE,X,NOT APPLICABLE,,,,,,,,NONE,NONE,,,,,N,TRANSACTION DOES NOT USE GFE/GFP,N,NO,D,NOT CONSOLIDATED,X,NOT APPLICABLE,,,Z,NOT APPLICABLE,N,NO,X,NOT APPLICABLE,f,f,f,f,f,f,f,f,f,f,f,f,f,f,f,f,f,f,f,SMALL BUSINESS,S,f,f,f,f,f,f,f,f,f,f,f,f,f,f,f,f,f,PARTNERSHIP,f,f,t,f,f,f,f,f,f,f,f,f,f,f,f,f,f,t,f,f,f,f,f,f,f,f,t,f,t,f,f,f,f,f,f,f,f,f,f,f,f,f,f,f,f,f,f,f,f,f,,,,,,,,,,,https://www.usaspending.gov/award/CONT_AWD_N6227119P1155_9700_-NONE-_-NONE-/,2020-01-17 17:09:01+00
CONT_AWD_N6227120F0109_9700_GS02F0016S_4730,N6227120F0109,4730,FEDERAL ACQUISITION SERVICE,GS02F0016S,,,,,,16977.00,,16977.00,16977.00,2020-08-18,2020,2020-08-18,2020,2020-08-18,2020-10-18,2020-10-18 00:00:00,,,097,Department of Defense,1700,Department of the Navy,N62271,NAVAL POSTGRADUATE SCHOOL,097,Department of Defense,1700,Department of the Navy,N62271,NAVAL POSTGRADUATE SCHOOL,,,,,X,NOT APPLICABLE,,,L43SGXYMK8H5,087403499,ADORAMA INC.,ADORAMA INC.,,79702,L43SGXYMK8H5,087403499,ADORAMA INC.,ADORAMA INC.,USA,UNITED STATES,42 W 18TH ST,,NEW YORK,36061,NEW YORK,36,NY,NEW YORK,100114621,NY-12,NY-12,2127400401,2127411027,USA,UNITED STATES,MONTEREY,06053,MONTEREY,06,CA,CALIFORNIA,939435004,CA-20,CA-19,AWARD,C,DELIVERY ORDER,,,,,,,J,FIRM FIXED PRICE,FREEFLY ALTA 8 READY-TO-FLY OCTOCOPTER. KFS 89183,,1,,,1550,UNMANNED AIRCRAFT,H,NOT BUNDLED,C9E,ALL OTHERS NOT IDENTIFIABLE TO ANY OTHER PROCUREMENT PROGRAM,325992,"PHOTOGRAPHIC FILM, PAPER, PLATE, AND CHEMICAL MANUFACTURING",C,NO CLAUSES INCLUDED AND NO SUSTAINABILITY INCLUDED,A,U.S. OWNED BUSINESS,000,NONE,Z,NOT IT PRODUCTS OR SERVICES,E,NOT REQUIRED,USA,UNITED STATES,D,MFG IN U.S.,B,PLAN NOT REQUIRED,A,FULL AND OPEN COMPETITION,MAFO,SUBJECT TO MULTIPLE AWARD FAIR OPPORTUNITY,SBA,SMALL BUSINESS SET ASIDE - TOTAL,NONE,NO PREFERENCE USED,,,CSA,COMPETITIVE SET ASIDE,,,2,D,COMMERCIAL ITEM PROCEDURES NOT USED,f,N,NO,N,NO,X,NOT APPLICABLE,N,NO,,N,NO,X,NOT APPLICABLE,X,NOT APPLICABLE,X,NOT APPLICABLE,X,NOT APPLICABLE,,,C,FSS,M,MULTIPLE AWARD,,NONE,NONE,,,,,N,TRANSACTION DOES NOT USE GFE/GFP,N,NO,D,NOT CONSOLIDATED,X,NOT APPLICABLE,N,NO,Z,NOT APPLICABLE,Y,YES,X,NOT APPLICABLE,f,f,f,f,f,f,f,f,f,f,f,f,f,f,f,f,f,f,f,SMALL BUSINESS,S,f,f,f,f,f,f,f,f,f,f,f,f,f,f,f,f,f,,f,f,f,f,f,f,f,f,f,f,f,f,f,f,f,f,f,f,f,f,f,f,f,f,f,f,f,f,f,f,f,f,f,f,f,f,f,f,f,f,f,f,f,f,f,f,f,f,f,f,,,,,,,,,,,https://www.usaspending.gov/award/CONT_AWD_N6227120F0109_9700_GS02F0016S_4730/,2020-08-18 14:22:34+00
CONT_AWD_N6227120P1139_9700_-NONE-_-NONE-,N6227120P1139,,,,Q: Not Designated Nonemergency/Emergency/Disaster/Wildfire Suppression,,,,,44497.96,0.00,44497.96,44497.96,2020-09-18,2020,2020-09-18,2020,2020-09-21,2020-11-30,2020-11-30 00:00:00,,,097,Department of Defense,1700,Department of the Navy,N62271,NAVAL POSTGRADUATE SCHOOL,097,Department of Defense,1700,Department of the Navy,N62271,NAVAL POSTGRADUATE SCHOOL,017-2020/2020-1804-000,017-1804,25.2: Other services from non-Federal sources,OPTN: FIELD IS OPTIONAL PRIOR TO FY21,X,NOT APPLICABLE,,,JHSBPZ41KNB9,797304839,"ATOMIC IMAGING, INC.","ATOMIC IMAGING, INC.",,35VW8,JHSBPZ41KNB9,797304839,"ATOMIC IMAGING, INC.",ATOMIC IMAGING INC,USA,UNITED STATES,1501 N MAGNOLIA AVE,,CHICAGO,17031,COOK,17,IL,ILLINOIS,606422427,IL-05,IL-05,3126491800,3126427441,USA,UNITED STATES,MONTEREY,06053,MONTEREY,06,CA,CALIFORNIA,939435193,CA-20,CA-19,AWARD,B,PURCHASE ORDER,,,,,,,J,FIRM FIXED PRICE,FREEFLY UAS AND COMPONENTS,N6227120Q1139,1,OT,OTHER FUNCTIONS,1550,UNMANNED AIRCRAFT,H,NOT BUNDLED,C9E,ALL OTHERS NOT IDENTIFIABLE TO ANY OTHER PROCUREMENT PROGRAM,336411,AIRCRAFT MANUFACTURING,C,NO CLAUSES INCLUDED AND NO SUSTAINABILITY INCLUDED,A,U.S. OWNED BUSINESS,000,NONE,Z,NOT IT PRODUCTS OR SERVICES,E,NOT REQUIRED,USA,UNITED STATES,D,MFG IN U.S.,B,PLAN NOT REQUIRED,F,COMPETED UNDER SAP,SP1,SIMPLIFIED ACQUISITION,SBA,SMALL BUSINESS SET ASIDE - TOTAL,NONE,NO PREFERENCE USED,,,,,,,3,A,COMMERCIAL ITEM,f,N,NO,N,NO,Y,YES,N,NO,,N,NO,X,NOT APPLICABLE,X,NOT APPLICABLE,X,NOT APPLICABLE,X,NOT APPLICABLE,,,,,,,,NONE,NONE,,,,,N,TRANSACTION DOES NOT USE GFE/GFP,N,NO,D,NOT CONSOLIDATED,X,NOT APPLICABLE,,,Z,NOT APPLICABLE,N,NO,X,NOT APPLICABLE,f,f,f,f,f,f,f,f,f,f,f,f,f,f,f,f,f,f,f,SMALL BUSINESS,S,f,f,f,f,f,f,f,f,f,f,f,f,f,f,f,f,f,CORPORATE NOT TAX EXEMPT,t,f,f,f,f,f,f,f,f,f,f,f,f,f,f,f,f,t,f,f,f,f,f,f,f,f,f,f,t,f,f,f,f,f,f,f,f,f,f,f,f,f,f,f,f,f,f,f,f,f,,,,,,,,,,,https://www.usaspending.gov/award/CONT_AWD_N6227120P1139_9700_-NONE-_-NONE-/,2020-09-21 11:46:51+00
CONT_AWD_N6328520P0033_9700_-NONE-_-NONE-,N6328520P0033,,,,N: Emergency P.L. 116-136,0,23186.91,,,23186.91,0.00,23186.91,23186.91,2020-08-07,2020,2020-08-07,2020,2020-08-07,2020-08-29,2020-08-29 00:00:00,,,097,Department of Defense,1700,Department of the Navy,N63285,NCIS QUANTICO VA,097,Department of Defense,1700,Department of the Navy,N63285,NCIS QUANTICO VA,017-2020/2020-1804-000,017-1804,31.0: Equipment,OPTN: FIELD IS OPTIONAL PRIOR TO FY21,X,NOT APPLICABLE,,,N2A3BCSQKNL3,068014485,RMUS LLC,RMUS LLC,,7N0X1,N2A3BCSQKNL3,068014485,RMUS LLC,RC DIRECT LLC,USA,UNITED STATES,595 NORTH 1250 WEST STE 3,,CENTERVILLE,49011,DAVIS,49,UT,UTAH,840143801,UT-02,UT-02,8013163250,3852227847,USA,UNITED STATES,SAN DIEGO,06073,SAN DIEGO,06,CA,CALIFORNIA,921365298,CA-51,CA-52,AWARD,B,PURCHASE ORDER,,,,,,,J,FIRM FIXED PRICE,PARROT ANAFI THERMAL SE,N6328520T1507,1,,,1550,UNMANNED AIRCRAFT,H,NOT BUNDLED,C9E,ALL OTHERS NOT IDENTIFIABLE TO ANY OTHER PROCUREMENT PROGRAM,336411,AIRCRAFT MANUFACTURING,C,NO CLAUSES INCLUDED AND NO SUSTAINABILITY INCLUDED,A,U.S. OWNED BUSINESS,000,NONE,Z,NOT IT PRODUCTS OR SERVICES,A,MEETS REQUIREMENTS,USA,UNITED STATES,D,MFG IN U.S.,B,PLAN NOT REQUIRED,C,NOT COMPETED,SSS,ONLY ONE SOURCE,NONE,NO SET ASIDE USED.,NONE,NO PREFERENCE USED,,,,,ONE,ONLY ONE SOURCE-OTHER (FAR 6.302-1 OTHER),1,A,COMMERCIAL ITEM,f,N,NO,N,NO,X,NOT APPLICABLE,N,NO,,N,NO,X,NOT APPLICABLE,X,NOT APPLICABLE,X,NOT APPLICABLE,X,NOT APPLICABLE,,,,,,,,NONE,NONE,,,,,N,TRANSACTION DOES NOT USE GFE/GFP,U,UNKNOWN,D,NOT CONSOLIDATED,X,NOT APPLICABLE,,,Z,NOT APPLICABLE,N,NO,X,NOT APPLICABLE,f,f,f,f,f,f,f,f,f,f,f,f,f,f,f,f,f,f,f,SMALL BUSINESS,S,f,f,f,f,f,f,f,f,f,f,f,f,f,f,f,f,f,PARTNERSHIP,f,f,t,f,f,f,f,f,f,f,f,f,f,f,f,f,f,t,f,f,f,f,f,f,f,f,t,f,t,f,f,f,f,f,f,f,f,f,f,f,f,f,f,f,f,f,f,f,f,f,,,,,,,,,,,https://www.usaspending.gov/award/CONT_AWD_N6328520P0033_9700_-NONE-_-NONE-/,2020-08-07 15:38:31+00
CONT_AWD_N6328520P0075_9700_-NONE-_-NONE-,N6328520P0075,,,,N: Emergency P.L. 116-136,0,14199.99,,,14199.99,0.00,14199.99,14199.99,2020-09-28,2020,2020-09-28,2020,2020-09-28,2020-10-27,2020-10-27 00:00:00,,,097,Department of Defense,1700,Department of the Navy,N63285,NCIS QUANTICO VA,097,Department of Defense,1700,Department of the Navy,N63285,NCIS QUANTICO VA,017-2020/2020-1804-000,017-1804,31.0: Equipment,OPTN: FIELD IS OPTIONAL PRIOR TO FY21,X,NOT APPLICABLE,,,TENRPZGMAGJ6,005094842,W S DARLEY & CO,W. S. DARLEY & CO.,,15852,TENRPZGMAGJ6,005094842,W S DARLEY & CO,W. S. DARLEY & CO.,USA,UNITED STATES,325 SPRING LAKE DR,,ITASCA,17043,DUPAGE,17,IL,ILLINOIS,601432072,IL-08,IL-08,6307353518,6307353560,USA,UNITED STATES,QUANTICO,51153,PRINCE WILLIAM,51,VA,VIRGINIA,221346006,VA-01,VA-07,AWARD,B,PURCHASE ORDER,,,,,,,J,FIRM FIXED PRICE,PARROT ANAFI USA GOV,,1,,,1550,UNMANNED AIRCRAFT,H,NOT BUNDLED,C9E,ALL OTHERS NOT IDENTIFIABLE TO ANY OTHER PROCUREMENT PROGRAM,541715,"RESEARCH AND DEVELOPMENT IN THE PHYSICAL, ENGINEERING, AND LIFE SCIENCES (EXCEPT NANOTECHNOLOGY AND BIOTECHNOLOGY)",C,NO CLAUSES INCLUDED AND NO SUSTAINABILITY INCLUDED,A,U.S. OWNED BUSINESS,000,NONE,Z,NOT IT PRODUCTS OR SERVICES,A,MEETS REQUIREMENTS,USA,UNITED STATES,D,MFG IN U.S.,B,PLAN NOT REQUIRED,C,NOT COMPETED,SSS,ONLY ONE SOURCE,NONE,NO SET ASIDE USED.,NONE,NO PREFERENCE USED,,,,,ONE,ONLY ONE SOURCE-OTHER (FAR 6.302-1 OTHER),1,A,COMMERCIAL ITEM,f,N,NO,N,NO,X,NOT APPLICABLE,N,NO,,N,NO,N,NO,N,NO,N,NO,X,NOT APPLICABLE,,,,,,,,NONE,NONE,,,,,N,TRANSACTION DOES NOT USE GFE/GFP,U,UNKNOWN,D,NOT CONSOLIDATED,X,NOT APPLICABLE,,,Z,NOT APPLICABLE,N,NO,X,NOT APPLICABLE,f,f,f,f,f,f,f,f,f,f,f,f,f,f,f,f,f,f,f,SMALL BUSINESS,S,f,f,f,f,f,f,f,f,f,f,f,f,f,f,f,f,f,CORPORATE NOT TAX EXEMPT,t,f,f,f,f,f,f,f,f,f,f,f,f,f,f,f,f,t,f,f,f,f,f,f,f,t,f,f,t,f,f,f,f,f,f,f,f,f,f,f,f,f,f,f,f,f,f,f,f,f,PAUL C DARLEY,1519738.00,JAMES F LONG,1176359.00,PETER F DARLEY,1153166.00,JEFFREY S DARELY,1148611.00,JEFFREY  MADRIGAL,668972.00,https://www.usaspending.gov/award/CONT_AWD_N6328520P0075_9700_-NONE-_-NONE-/,2020-09-28 22:28:01+00
CONT_AWD_N6470920P0043_9700_-NONE-_-NONE-,N6470920P0043,,,,,,,,,4247.45,,4247.45,4247.45,2020-07-31,2020,2022-01-06,2022,2020-07-27,2020-08-27,2020-08-27 00:00:00,,,097,Department of Defense,1700,Department of the Navy,N64709,STRATEGIC WEAPONS FAC LANT FINANCIA,097,Department of Defense,1700,Department of the Navy,N64709,STRATEGIC WEAPONS FAC LANT FINANCIA,,,,,X,NOT APPLICABLE,,,UCD8MRDBZPD6,,AUTOMOTIVE DATA RESEARCH,AUTOMOTIVE DATA RESEARCH,,7KYN7,UCD8MRDBZPD6,,AUTOMOTIVE DATA RESEARCH,AUTOMOTIVE DATA RESEARCH,USA,UNITED STATES,5390 NAPA STREET STE B,,SAN DIEGO,06073,SAN DIEGO,06,CA,CALIFORNIA,921102616,CA-52,CA-51,8443128444,,USA,UNITED STATES,KINGS BAY,13039,CAMDEN,13,GA,GEORGIA,315472634,GA-01,GA-01,AWARD,B,PURCHASE ORDER,,,,,,,J,FIRM FIXED PRICE,MAVIC MINI DRONES,,1,OT,OTHER FUNCTIONS,1550,UNMANNED AIRCRAFT,H,NOT BUNDLED,A2,MISSILE AND SPACE SYSTEMS,541360,GEOPHYSICAL SURVEYING AND MAPPING SERVICES,C,NO CLAUSES INCLUDED AND NO SUSTAINABILITY INCLUDED,A,U.S. OWNED BUSINESS,178,NSSL,Z,NOT IT PRODUCTS OR SERVICES,A,MEETS REQUIREMENTS,USA,UNITED STATES,D,MFG IN U.S.,B,PLAN NOT REQUIRED,C,NOT COMPETED,SSS,ONLY ONE SOURCE,NONE,NO SET ASIDE USED.,NONE,NO PREFERENCE USED,,,,,ONE,ONLY ONE SOURCE-OTHER (FAR 6.302-1 OTHER),1,A,COMMERCIAL ITEM,f,N,NO,N,NO,X,NOT APPLICABLE,N,NO,,N,NO,X,NOT APPLICABLE,X,NOT APPLICABLE,X,NOT APPLICABLE,X,NOT APPLICABLE,,,,,,,,NONE,NONE,,,,,N,TRANSACTION DOES NOT USE GFE/GFP,U,UNKNOWN,D,NOT CONSOLIDATED,X,NOT APPLICABLE,,,Z,NOT APPLICABLE,N,NO,X,NOT APPLICABLE,f,f,f,f,f,f,f,f,f,f,f,f,f,f,f,f,f,f,f,SMALL BUSINESS,S,f,f,f,f,f,f,f,f,f,f,f,f,f,f,f,f,f,CORPORATE NOT TAX EXEMPT,t,f,f,f,f,f,f,f,f,f,f,f,f,f,f,f,f,t,f,f,f,f,f,f,f,t,f,f,t,f,f,f,f,f,f,f,f,f,f,f,f,f,f,f,f,t,f,f,f,f,,,,,,,,,,,https://www.usaspending.gov/award/CONT_AWD_N6470920P0043_9700_-NONE-_-NONE-/,2022-01-06 09:47:24+00
CONT_AWD_N6600118P6056_9700_-NONE-_-NONE-,N6600118P6056,,,,,,,,,84298.01,,84298.01,84298.01,2018-07-25,2018,2020-08-28,2020,2018-07-24,2018-11-09,2018-11-09 00:00:00,,2018-07-15,097,Department of Defense,1700,Department of the Navy,N66001,NIWC PACIFIC,097,Department of Defense,1700,Department of the Navy,N66001,NIWC PACIFIC,,,,,X,NOT APPLICABLE,,,U3WFBLAPUQ68,744105080,INNOVATIVE DRONE SOLUTIONS PTY. LTD.,INNOVATIVE DRONE SOLUTIONS PTY. LTD.,,Z12C8,U3WFBLAPUQ68,744105080,INNOVATIVE DRONE SOLUTIONS PTY. LTD.,INNOVATIVE DRONE SOLUTIONS PTY. LTD.,AUS,AUSTRALIA,199 TOWNSON AVE,,PALM BEACH,,,,,QLD,4221,,,,,AUS,AUSTRALIA,,,,,,,,,,AWARD,B,PURCHASE ORDER,,,,,,,J,FIRM FIXED PRICE,AIRBORNE PLATFORM (UAV)- DRONE,N6600118Q6056,1,OT,OTHER FUNCTIONS,1550,UNMANNED AIRCRAFT,H,NOT BUNDLED,C9E,ALL OTHERS NOT IDENTIFIABLE TO ANY OTHER PROCUREMENT PROGRAM,336411,AIRCRAFT MANUFACTURING,C,NO CLAUSES INCLUDED AND NO SUSTAINABILITY INCLUDED,D,FOREIGN-OWNED BUSINESS NOT INCORPORATED IN THE U.S.,000,NONE,Z,NOT IT PRODUCTS OR SERVICES,A,MEETS REQUIREMENTS,AUS,AUSTRALIA,L,MFG OUTSIDE U.S. - QUALIFYING COUNTRY (DOD ONLY),B,PLAN NOT REQUIRED,G,NOT COMPETED UNDER SAP,SP1,SIMPLIFIED ACQUISITION,NONE,NO SET ASIDE USED.,NONE,NO PREFERENCE USED,,,,,SP2,SAP NON-COMPETITION (FAR 13),1,A,COMMERCIAL ITEM,f,N,NO,N,NO,Y,YES,N,NO,,N,NO,X,NOT APPLICABLE,X,NOT APPLICABLE,X,NOT APPLICABLE,X,NOT APPLICABLE,,,,,,,,NONE,NONE,,,,,N,TRANSACTION DOES NOT USE GFE/GFP,N,NO,D,NOT CONSOLIDATED,X,NOT APPLICABLE,,,Z,NOT APPLICABLE,N,NO,X,NOT APPLICABLE,f,f,f,f,f,f,f,f,f,f,f,f,f,f,f,f,f,f,f,OTHER THAN SMALL BUSINESS,O,f,f,f,f,f,f,f,f,f,f,f,f,f,f,f,f,f,INTERNATIONAL ORG,f,f,f,f,f,t,f,f,f,f,f,f,f,f,f,f,f,t,f,f,f,f,f,f,f,f,t,f,t,f,f,f,f,f,f,f,f,f,f,f,f,f,f,f,f,f,f,f,f,f,,,,,,,,,,,https://www.usaspending.gov/award/CONT_AWD_N6600118P6056_9700_-NONE-_-NONE-/,2020-08-28 15:43:36+00
CONT_AWD_N6600120P6088_9700_-NONE-_-NONE-,N6600120P6088,,,,,,,,,128720.00,,128720.00,128720.00,2020-01-13,2020,2020-01-13,2020,2020-01-13,2020-04-13,2020-04-13 00:00:00,,,097,Department of Defense,1700,Department of the Navy,N66001,NIWC PACIFIC,097,Department of Defense,1700,Department of the Navy,N00024,NAVSEA HQ,,,,,X,NOT APPLICABLE,,,U3WFBLAPUQ68,,INNOVATIVE DRONE SOLUTIONS PTY. LTD.,INNOVATIVE DRONE SOLUTIONS PTY. LTD.,,Z12C8,U3WFBLAPUQ68,,INNOVATIVE DRONE SOLUTIONS PTY. LTD.,INNOVATIVE DRONE SOLUTIONS PTY. LTD.,AUS,AUSTRALIA,199 TOWNSON AVE,,PALM BEACH,,,,,QLD,4221,,,,,AUS,AUSTRALIA,,,,,,,,,,AWARD,B,PURCHASE ORDER,,,,,,,J,FIRM FIXED PRICE,AIRBORNE PLATFORM ASSEMBLY (UAV),N6600120Q6088,1,,,1550,UNMANNED AIRCRAFT,H,NOT BUNDLED,C9E,ALL OTHERS NOT IDENTIFIABLE TO ANY OTHER PROCUREMENT PROGRAM,336411,AIRCRAFT MANUFACTURING,C,NO CLAUSES INCLUDED AND NO SUSTAINABILITY INCLUDED,D,FOREIGN-OWNED BUSINESS NOT INCORPORATED IN THE U.S.,000,NONE,Z,NOT IT PRODUCTS OR SERVICES,A,MEETS REQUIREMENTS,AUS,AUSTRALIA,L,MFG OUTSIDE U.S. - QUALIFYING COUNTRY (DOD ONLY),B,PLAN NOT REQUIRED,G,NOT COMPETED UNDER SAP,SP1,SIMPLIFIED ACQUISITION,NONE,NO SET ASIDE USED.,NONE,NO PREFERENCE USED,,,,,SP2,SAP NON-COMPETITION (FAR 13),1,A,COMMERCIAL ITEM,f,N,NO,N,NO,Y,YES,N,NO,,N,NO,X,NOT APPLICABLE,X,NOT APPLICABLE,X,NOT APPLICABLE,X,NOT APPLICABLE,,,,,,,,NONE,NONE,,,,,N,TRANSACTION DOES NOT USE GFE/GFP,U,UNKNOWN,D,NOT CONSOLIDATED,X,NOT APPLICABLE,,,Z,NOT APPLICABLE,N,NO,X,NOT APPLICABLE,f,f,f,f,f,f,f,f,f,f,f,f,f,f,f,f,f,f,f,OTHER THAN SMALL BUSINESS,O,f,f,f,f,f,f,f,f,f,f,f,f,f,f,f,f,f,INTERNATIONAL ORG,f,f,f,f,f,t,f,f,f,f,f,f,f,f,f,f,f,t,f,f,f,f,f,f,f,f,t,f,t,f,f,f,f,f,f,f,f,f,f,f,f,f,f,f,f,f,f,f,f,f,,,,,,,,,,,https://www.usaspending.gov/award/CONT_AWD_N6600120P6088_9700_-NONE-_-NONE-/,2023-03-30 19:10:23+00
CONT_AWD_N6600120P6319_9700_-NONE-_-NONE-,N6600120P6319,,,,,,,,,0.00,,0.00,0.00,2020-05-16,2020,2020-06-03,2020,2020-05-15,2020-06-03,2020-06-03 00:00:00,,2020-05-04,097,Department of Defense,1700,Department of the Navy,N66001,NIWC PACIFIC,097,Department of Defense,1700,Department of the Navy,N66001,NIWC PACIFIC,,,,,X,NOT APPLICABLE,,,DJSNSGMM3C21,032623239,QUADROCOPTER LLC,"QUADROCOPTER, LLC",,658N8,DJSNSGMM3C21,032623239,QUADROCOPTER LLC,QUADROCOPTER  LLC,USA,UNITED STATES,3949 MT HWY 40 W STE D,,COLUMBIA FALLS,30029,FLATHEAD,30,MT,MONTANA,599128999,MT-00,MT-01,4068971027,,USA,UNITED STATES,COLUMBIA FALLS,30029,FLATHEAD,30,MT,MONTANA,599120006,MT-00,MT-01,AWARD,B,PURCHASE ORDER,,,,,,,J,FIRM FIXED PRICE,FREEFLY ALTA X,N6600120Q6319,1,,,1550,UNMANNED AIRCRAFT,H,NOT BUNDLED,C9E,ALL OTHERS NOT IDENTIFIABLE TO ANY OTHER PROCUREMENT PROGRAM,336411,AIRCRAFT MANUFACTURING,C,NO CLAUSES INCLUDED AND NO SUSTAINABILITY INCLUDED,A,U.S. OWNED BUSINESS,000,NONE,Z,NOT IT PRODUCTS OR SERVICES,A,MEETS REQUIREMENTS,USA,UNITED STATES,D,MFG IN U.S.,B,PLAN NOT REQUIRED,F,COMPETED UNDER SAP,SP1,SIMPLIFIED ACQUISITION,SBA,SMALL BUSINESS SET ASIDE - TOTAL,NONE,NO PREFERENCE USED,,,,,,,1,A,COMMERCIAL ITEM,f,N,NO,N,NO,Y,YES,N,NO,,N,NO,X,NOT APPLICABLE,X,NOT APPLICABLE,X,NOT APPLICABLE,X,NOT APPLICABLE,,,,,,,,NONE,NONE,,,,,N,TRANSACTION DOES NOT USE GFE/GFP,U,UNKNOWN,D,NOT CONSOLIDATED,X,NOT APPLICABLE,,,Z,NOT APPLICABLE,N,NO,X,NOT APPLICABLE,f,f,f,f,f,f,f,f,f,f,f,f,f,f,f,f,f,f,f,SMALL BUSINESS,S,f,f,f,f,f,f,f,f,f,f,f,f,f,f,f,f,f,CORPORATE NOT TAX EXEMPT,t,f,f,f,f,f,f,f,f,f,f,f,f,f,f,f,f,t,f,f,f,f,f,f,f,f,t,f,t,f,f,f,f,f,f,f,f,f,f,f,f,f,f,f,f,f,f,f,f,f,,,,,,,,,,,https://www.usaspending.gov/award/CONT_AWD_N6600120P6319_9700_-NONE-_-NONE-/,2020-06-03 12:06:25+00
CONT_AWD_N6600120P6384_9700_-NONE-_-NONE-,N6600120P6384,,,,,,,,,60190.00,,60190.00,60190.00,2020-08-03,2020,2020-08-03,2020,2020-08-04,2020-09-30,2020-09-30 00:00:00,,2020-07-21,097,Department of Defense,1700,Department of the Navy,N66001,NIWC PACIFIC,097,Department of Defense,1700,Department of the Navy,N00039,NAVAL INFORMATION WARFARE SYSTEMS,,,,,X,NOT APPLICABLE,,,MCE8PLA9WLG1,,AERONAVICS LIMITED,AERONAVICS LIMITED,,EBNE3,MCE8PLA9WLG1,,AERONAVICS LIMITED,AERONAVICS LIMITED,NZL,NEW ZEALAND,226 OKETE ROAD,RD 1,RAGLAN,,,,,,3295,,,,,NZL,NEW ZEALAND,,,,,,,,,,AWARD,B,PURCHASE ORDER,,,,,,,J,FIRM FIXED PRICE,AERONAVICS NAVI 1.4 AIRCRAFT,N6600120Q6384,1,,,1550,UNMANNED AIRCRAFT,H,NOT BUNDLED,C9E,ALL OTHERS NOT IDENTIFIABLE TO ANY OTHER PROCUREMENT PROGRAM,336411,AIRCRAFT MANUFACTURING,C,NO CLAUSES INCLUDED AND NO SUSTAINABILITY INCLUDED,D,FOREIGN-OWNED BUSINESS NOT INCORPORATED IN THE U.S.,000,NONE,Z,NOT IT PRODUCTS OR SERVICES,A,MEETS REQUIREMENTS,NZL,NEW ZEALAND,J,MFG OUTSIDE U.S. - DOMESTIC NONAVAILABILITY,B,PLAN NOT REQUIRED,G,NOT COMPETED UNDER SAP,SP1,SIMPLIFIED ACQUISITION,NONE,NO SET ASIDE USED.,NONE,NO PREFERENCE USED,,,,,SP2,SAP NON-COMPETITION (FAR 13),1,A,COMMERCIAL ITEM,f,N,NO,N,NO,N,NO,N,NO,,N,NO,X,NOT APPLICABLE,X,NOT APPLICABLE,X,NOT APPLICABLE,X,NOT APPLICABLE,,,,,,,,NONE,NONE,,,,,N,TRANSACTION DOES NOT USE GFE/GFP,U,UNKNOWN,D,NOT CONSOLIDATED,X,NOT APPLICABLE,,,Z,NOT APPLICABLE,N,NO,X,NOT APPLICABLE,f,f,f,f,f,f,f,f,f,f,f,f,f,f,f,f,f,f,f,OTHER THAN SMALL BUSINESS,O,f,f,f,f,f,f,f,f,f,f,f,f,f,f,f,f,f,CORPORATE NOT TAX EXEMPT,t,f,f,f,f,f,f,f,f,f,f,f,t,f,f,f,f,t,f,f,f,f,f,f,f,f,t,f,t,f,f,f,f,f,f,f,f,f,f,f,f,f,f,f,f,f,f,f,f,f,,,,,,,,,,,https://www.usaspending.gov/award/CONT_AWD_N6600120P6384_9700_-NONE-_-NONE-/,2026-07-31 10:08:29+00
CONT_AWD_N6600120P6700_9700_-NONE-_-NONE-,N6600120P6700,,,,,,,,,47594.53,,47594.53,47594.53,2020-07-13,2020,2020-07-21,2020,2020-07-10,2020-09-21,2020-09-21 00:00:00,,,097,Department of Defense,1700,Department of the Navy,N66001,NIWC PACIFIC,097,Department of Defense,1700,Department of the Navy,N66001,NIWC PACIFIC,,,,,X,NOT APPLICABLE,,,JHSBPZ41KNB9,,"ATOMIC IMAGING, INC.","ATOMIC IMAGING, INC.",,35VW8,JHSBPZ41KNB9,,"ATOMIC IMAGING, INC.",ATOMIC IMAGING INC,USA,UNITED STATES,1501 N MAGNOLIA AVE,,CHICAGO,17031,COOK,17,IL,ILLINOIS,606422427,IL-05,IL-05,3126491800,3126427441,USA,UNITED STATES,SAN DIEGO,06073,SAN DIEGO,06,CA,CALIFORNIA,921101008,CA-52,CA-51,AWARD,B,PURCHASE ORDER,,,,,,,J,FIRM FIXED PRICE,FREEFLY ALTA X DRONE,N6600120Q6700,1,,,1550,UNMANNED AIRCRAFT,H,NOT BUNDLED,A7,ELECTRONICS AND COMMUNICATION EQUIPMENT,336411,AIRCRAFT MANUFACTURING,C,NO CLAUSES INCLUDED AND NO SUSTAINABILITY INCLUDED,A,U.S. OWNED BUSINESS,000,NONE,Z,NOT IT PRODUCTS OR SERVICES,A,MEETS REQUIREMENTS,USA,UNITED STATES,D,MFG IN U.S.,B,PLAN NOT REQUIRED,F,COMPETED UNDER SAP,SP1,SIMPLIFIED ACQUISITION,NONE,NO SET ASIDE USED.,NONE,NO PREFERENCE USED,,,,,,,1,A,COMMERCIAL ITEM,f,N,NO,N,NO,N,NO,N,NO,,N,NO,N,NO,N,NO,N,NO,X,NOT APPLICABLE,,,,,,,,NONE,NONE,,,,,N,TRANSACTION DOES NOT USE GFE/GFP,U,UNKNOWN,D,NOT CONSOLIDATED,X,NOT APPLICABLE,,,Z,NOT APPLICABLE,N,NO,X,NOT APPLICABLE,f,f,f,f,f,f,f,f,f,f,f,f,f,f,f,f,f,f,f,OTHER THAN SMALL BUSINESS,O,f,f,f,f,f,f,f,f,f,f,f,f,f,f,f,f,f,CORPORATE NOT TAX EXEMPT,t,f,f,f,f,f,f,f,f,f,f,f,f,f,f,f,f,t,f,f,f,f,f,f,f,f,f,f,t,f,f,f,f,f,f,f,f,f,f,f,f,f,f,f,f,f,f,f,f,f,,,,,,,,,,,https://www.usaspending.gov/award/CONT_AWD_N6600120P6700_9700_-NONE-_-NONE-/,2026-07-31 10:08:29+00
CONT_AWD_N6600120P6738_9700_-NONE-_-NONE-,N6600120P6738,,,,,,,,,84214.77,,84214.77,84214.77,2020-07-30,2020,2020-07-30,2020,2020-07-30,2020-09-14,2020-09-14 00:00:00,,,097,Department of Defense,1700,Department of the Navy,N66001,NIWC PACIFIC,097,Department of Defense,1700,Department of the Navy,N66001,NIWC PACIFIC,,,,,X,NOT APPLICABLE,,,JHSBPZ41KNB9,,"ATOMIC IMAGING, INC.","ATOMIC IMAGING, INC.",,35VW8,JHSBPZ41KNB9,,"ATOMIC IMAGING, INC.",ATOMIC IMAGING INC,USA,UNITED STATES,1501 N MAGNOLIA AVE,,CHICAGO,17031,COOK,17,IL,ILLINOIS,606422427,IL-05,IL-05,3126491800,3126427441,USA,UNITED STATES,SAN DIEGO,06073,SAN DIEGO,06,CA,CALIFORNIA,921525001,CA-52,CA-50,AWARD,B,PURCHASE ORDER,,,,,,,J,FIRM FIXED PRICE,FREEFLY ALTA X DRONE BUNDLE,N6600120Q6738,1,,,1550,UNMANNED AIRCRAFT,H,NOT BUNDLED,A7,ELECTRONICS AND COMMUNICATION EQUIPMENT,336411,AIRCRAFT MANUFACTURING,C,NO CLAUSES INCLUDED AND NO SUSTAINABILITY INCLUDED,A,U.S. OWNED BUSINESS,000,NONE,Z,NOT IT PRODUCTS OR SERVICES,A,MEETS REQUIREMENTS,USA,UNITED STATES,D,MFG IN U.S.,B,PLAN NOT REQUIRED,F,COMPETED UNDER SAP,SP1,SIMPLIFIED ACQUISITION,SBA,SMALL BUSINESS SET ASIDE - TOTAL,NONE,NO PREFERENCE USED,,,,,,,2,A,COMMERCIAL ITEM,f,N,NO,N,NO,N,NO,N,NO,,N,NO,N,NO,N,NO,N,NO,X,NOT APPLICABLE,,,,,,,,NONE,NONE,,,,,N,TRANSACTION DOES NOT USE GFE/GFP,U,UNKNOWN,D,NOT CONSOLIDATED,X,NOT APPLICABLE,,,Z,NOT APPLICABLE,N,NO,X,NOT APPLICABLE,f,f,f,f,f,f,f,f,f,f,f,f,f,f,f,f,f,f,f,SMALL BUSINESS,S,f,f,f,f,f,f,f,f,f,f,f,f,f,f,f,f,f,CORPORATE NOT TAX EXEMPT,t,f,f,f,f,f,f,f,f,f,f,f,f,f,f,f,f,t,f,f,f,f,f,f,f,f,f,f,t,f,f,f,f,f,f,f,f,f,f,f,f,f,f,f,f,f,f,f,f,f,,,,,,,,,,,https://www.usaspending.gov/award/CONT_AWD_N6600120P6738_9700_-NONE-_-NONE-/,2026-07-31 10:08:29+00
CONT_AWD_N6600120P6747_9700_-NONE-_-NONE-,N6600120P6747,,,,,,,,,218054.25,,218054.25,218054.25,2020-08-26,2020,2021-11-04,2022,2020-08-26,2021-12-31,2021-12-31 00:00:00,,,097,Department of Defense,1700,Department of the Navy,N66001,NIWC PACIFIC,097,Department of Defense,1700,Department of the Navy,N66001,NIWC PACIFIC,,,,,X,NOT APPLICABLE,,,U3WFBLAPUQ68,,INNOVATIVE DRONE SOLUTIONS PTY. LTD.,INNOVATIVE DRONE SOLUTIONS PTY. LTD.,,Z12C8,U3WFBLAPUQ68,,INNOVATIVE DRONE SOLUTIONS PTY. LTD.,INNOVATIVE DRONE SOLUTIONS PTY. LTD.,AUS,AUSTRALIA,199 TOWNSON AVE,,PALM BEACH,,,,,QLD,4221,,,,,AUS,AUSTRALIA,,,,,,,,,,AWARD,B,PURCHASE ORDER,,,,,,,J,FIRM FIXED PRICE,"AIRBORNE PLATFORM, QUADCOPTER",N6600120Q6746,1,,,1550,UNMANNED AIRCRAFT,H,NOT BUNDLED,C9E,ALL OTHERS NOT IDENTIFIABLE TO ANY OTHER PROCUREMENT PROGRAM,336411,AIRCRAFT MANUFACTURING,C,NO CLAUSES INCLUDED AND NO SUSTAINABILITY INCLUDED,D,FOREIGN-OWNED BUSINESS NOT INCORPORATED IN THE U.S.,000,NONE,Z,NOT IT PRODUCTS OR SERVICES,A,MEETS REQUIREMENTS,AUS,AUSTRALIA,L,MFG OUTSIDE U.S. - QUALIFYING COUNTRY (DOD ONLY),B,PLAN NOT REQUIRED,G,NOT COMPETED UNDER SAP,SP1,SIMPLIFIED ACQUISITION,NONE,NO SET ASIDE USED.,NONE,NO PREFERENCE USED,,,,,SP2,SAP NON-COMPETITION (FAR 13),1,A,COMMERCIAL ITEM,f,N,NO,N,NO,N,NO,N,NO,,N,NO,X,NOT APPLICABLE,X,NOT APPLICABLE,X,NOT APPLICABLE,X,NOT APPLICABLE,,,,,,,,NONE,NONE,,,,,N,TRANSACTION DOES NOT USE GFE/GFP,U,UNKNOWN,D,NOT CONSOLIDATED,X,NOT APPLICABLE,,,Z,NOT APPLICABLE,N,NO,X,NOT APPLICABLE,f,f,f,f,f,f,f,f,f,f,f,f,f,f,f,f,f,f,f,OTHER THAN SMALL BUSINESS,O,f,f,f,f,f,f,f,f,f,f,f,f,f,f,f,f,f,INTERNATIONAL ORG,f,f,f,f,f,t,f,f,f,f,f,f,f,f,f,f,f,t,f,f,f,f,f,f,f,f,t,f,t,f,f,f,f,f,f,f,f,f,f,f,f,f,f,f,f,f,f,f,f,f,,,,,,,,,,,https://www.usaspending.gov/award/CONT_AWD_N6600120P6747_9700_-NONE-_-NONE-/,2026-07-31 10:08:29+00
CONT_AWD_N6833513C0125_9700_-NONE-_-NONE-,N6833513C0125,,,,,,,,,74726697.93,,84433341.46,84433341.46,2013-02-15,2013,2025-06-17,2025,2013-01-15,2014-05-31,2014-05-31 00:00:00,,,097,Department of Defense,9763,Defense Contract Management Agency,S2404A,DCMA MID-ATLANTIC,097,Department of Defense,1700,Department of the Navy,N00421,NAVAL AIR WARFARE CENTER AIR DIV,,,,,X,NOT APPLICABLE,,,M7L6QRM22UN4,,NAVMAR APPLIED SCIENCES CORP,NAVMAR APPLIED SCIENCES CORPORATION,,4P854,M7L6QRM22UN4,,NAVMAR APPLIED SCIENCES CORP,NAVMAR APPLIED SCIENCES CORPORATION,USA,UNITED STATES,4 IVYBROOK BLVD,,WARMINSTER,42017,BUCKS,42,PA,PENNSYLVANIA,189741700,PA-01,PA-01,2156754900,2156720597,USA,UNITED STATES,WARMINSTER,42017,BUCKS,42,PA,PENNSYLVANIA,189741774,PA-01,PA-01,AWARD,D,DEFINITIVE CONTRACT,,,,,,,U,COST PLUS FIXED FEE,TIGERSHARK BLOCK 3 UAV,,1,,,1550,UNMANNED AIRCRAFT,D,NOT A BUNDLED REQUIREMENT,A7,ELECTRONICS AND COMMUNICATION EQUIPMENT,336411,AIRCRAFT MANUFACTURING,C,NO CLAUSES INCLUDED AND NO SUSTAINABILITY INCLUDED,A,U.S. OWNED BUSINESS,000,NONE,Z,NOT IT PRODUCTS OR SERVICES,E,NOT REQUIRED,USA,UNITED STATES,D,MFG IN U.S.,B,PLAN NOT REQUIRED,C,NOT COMPETED,SSS,ONLY ONE SOURCE,NONE,NO SET ASIDE USED.,NONE,NO PREFERENCE USED,,,,,URG,URGENCY (FAR 6.302-2),1,D,COMMERCIAL PRODUCTS/SERVICES PROCEDURES NOT USED,f,N,NO,N,NO,Y,YES,N,NO,0.00,N,NO,Y,YES,X,NOT APPLICABLE,X,NOT APPLICABLE,X,NOT APPLICABLE,,,,,,,,,,Y,YES,Y,YES - CAS CLAUSE INCLUDED,Y,TRANSACTION USES GFE/GFP,N,NO,N,NO,X,NOT APPLICABLE,N,NO,A,FAR 52.232-16 PROGRESS PAYMENTS,N,NO,X,NOT APPLICABLE,f,f,f,f,f,t,t,f,f,f,f,f,f,f,f,f,f,f,f,SMALL BUSINESS,S,f,f,t,f,f,f,f,f,f,f,f,f,f,f,f,f,f,CORPORATE NOT TAX EXEMPT,t,f,f,f,f,f,f,f,f,f,f,f,t,f,f,f,f,t,f,f,f,f,f,f,f,f,f,f,t,f,f,f,f,f,f,f,f,f,f,f,f,f,f,f,f,f,f,f,f,f,T.  FENERTY,298942.00,KEN  LEWKO,227094.00,STEVE  MACIEJEWSKI,201005.00,CHRIS  PATTON,199278.00,QUINT  AVENETTI,192397.00,https://www.usaspending.gov/award/CONT_AWD_N6833513C0125_9700_-NONE-_-NONE-/,2025-07-28 15:30:14+00
CONT_AWD_N6833514C0131_9700_-NONE-_-NONE-,N6833514C0131,,,,,,,,,47461815.00,,56526988.00,58592494.00,2014-02-13,2014,2025-06-17,2025,2014-02-13,2015-06-30,2015-06-30 00:00:00,,,097,Department of Defense,9763,Defense Contract Management Agency,S2404A,DCMA MID-ATLANTIC,097,Department of Defense,1700,Department of the Navy,N00421,NAVAL AIR WARFARE CENTER AIR DIV,,,,,X,NOT APPLICABLE,,,M7L6QRM22UN4,,NAVMAR APPLIED SCIENCES CORP,NAVMAR APPLIED SCIENCES CORPORATION,,4P854,M7L6QRM22UN4,,NAVMAR APPLIED SCIENCES CORP,NAVMAR APPLIED SCIENCES CORPORATION,USA,UNITED STATES,4 IVYBROOK BLVD,,WARMINSTER,42017,BUCKS,42,PA,PENNSYLVANIA,189741700,PA-01,PA-01,2156754900,2156720597,USA,UNITED STATES,WARMINSTER,42017,BUCKS,42,PA,PENNSYLVANIA,189743225,PA-01,PA-01,AWARD,D,DEFINITIVE CONTRACT,,,,,,,U,COST PLUS FIXED FEE,COPPERHEAD SUSTAINMENT,,1,,,1550,UNMANNED AIRCRAFT,D,NOT A BUNDLED REQUIREMENT,A7,ELECTRONICS AND COMMUNICATION EQUIPMENT,336411,AIRCRAFT MANUFACTURING,C,NO CLAUSES INCLUDED AND NO SUSTAINABILITY INCLUDED,A,U.S. OWNED BUSINESS,000,NONE,Z,NOT IT PRODUCTS OR SERVICES,A,MEETS REQUIREMENTS,USA,UNITED STATES,D,MFG IN U.S.,B,PLAN NOT REQUIRED,C,NOT COMPETED,SSS,ONLY ONE SOURCE,NONE,NO SET ASIDE USED.,NONE,NO PREFERENCE USED,SR3,SMALL BUSINESS INNOVATION RESEARCH PROGRAM PHASE III ACTION,,,ONE,ONLY ONE SOURCE-OTHER (FAR 6.302-1 OTHER),1,D,COMMERCIAL PRODUCTS/SERVICES PROCEDURES NOT USED,f,N,NO,N,NO,X,NOT APPLICABLE,N,NO,0.00,N,NO,N,NO,N,NO,N,NO,X,NOT APPLICABLE,,,,,,,,,,N,NO,Y,YES - CAS CLAUSE INCLUDED,N,TRANSACTION DOES NOT USE GFE/GFP,U,UNKNOWN,N,NO,X,NOT APPLICABLE,N,NO,Z,NOT APPLICABLE,N,NO,X,NOT APPLICABLE,f,f,f,f,f,t,t,f,f,f,f,f,f,f,f,f,f,f,f,SMALL BUSINESS,S,f,f,t,f,f,f,f,f,f,f,f,f,f,f,f,f,f,CORPORATE NOT TAX EXEMPT,t,f,f,f,f,f,f,f,f,f,f,f,t,f,f,f,f,t,f,f,f,f,f,f,f,f,f,f,t,f,f,f,f,f,f,f,f,f,f,f,f,f,f,f,f,f,f,f,f,f,T.  FENERTY,298942.00,KEN  LEWKO,227094.00,STEVE  MACIEJEWSKI,201005.00,CHRIS  PATTON,199278.00,QUINT  AVENETTI,192397.00,https://www.usaspending.gov/award/CONT_AWD_N6833514C0131_9700_-NONE-_-NONE-/,2025-07-28 16:10:02+00
CONT_AWD_N6833518F0360_9700_N6833514G0040_9700,N6833518F0360,9700,DEPT OF DEFENSE,N6833514G0040,,,,,,7209770.27,0.00,12297326.00,12297326.00,2018-07-24,2018,2023-03-15,2023,2018-07-24,2020-07-23,2020-07-23 00:00:00,,,097,Department of Defense,1700,Department of the Navy,N68335,NAVAIR WARFARE CTR AIRCRAFT DIV,097,Department of Defense,1700,Department of the Navy,N3555A,NAVAL AIR WARFARE CTR AIRCRAFT DIV,057-2017/2019-3080-000;057-2018/2019-3600-000;097-2018/2019-0400-000,057-3080;057-3600;097-0400,25.5: Research and development contracts;31.0: Equipment,,X,NOT APPLICABLE,,,M7L6QRM22UN4,,NAVMAR APPLIED SCIENCES CORP,NAVMAR APPLIED SCIENCES CORPORATION,,4P854,M7L6QRM22UN4,,NAVMAR APPLIED SCIENCES CORP,NAVMAR APPLIED SCIENCES CORPORATION,USA,UNITED STATES,65 W ST RD BLDG C,,WARMINSTER,42017,BUCKS,42,PA,PENNSYLVANIA,189743225,PA-01,PA-01,2156754900,2156720597,USA,UNITED STATES,WARMINSTER,42017,BUCKS,42,PA,PENNSYLVANIA,189743225,PA-01,PA-01,AWARD,C,DELIVERY ORDER,,,,,,,U,COST PLUS FIXED FEE,RESEARCH AND DEVELOPMENT,,1,OT,OTHER FUNCTIONS,1550,UNMANNED AIRCRAFT,H,NOT BUNDLED,S1,SERVICES,541712,"RESEARCH AND DEVELOPMENT IN THE PHYSICAL, ENGINEERING, AND LIFE SCIENCES (EXCEPT BIOTECHNOLOGY)",C,NO CLAUSES INCLUDED AND NO SUSTAINABILITY INCLUDED,A,U.S. OWNED BUSINESS,000,NONE,Z,NOT IT PRODUCTS OR SERVICES,E,NOT REQUIRED,USA,UNITED STATES,D,MFG IN U.S.,B,PLAN NOT REQUIRED,B,NOT AVAILABLE FOR COMPETITION,SSS,ONLY ONE SOURCE,NONE,NO SET ASIDE USED.,NONE,NO PREFERENCE USED,,,,,OTH,AUTHORIZED BY STATUTE (FAR 6.302-5(A)(2)(I)),1,D,COMMERCIAL PRODUCTS/SERVICES PROCEDURES NOT USED,f,,,N,NO,,,N,NO,,N,NO,Y,YES,X,NOT APPLICABLE,X,NOT APPLICABLE,X,NOT APPLICABLE,,,D,BOA,S,SINGLE AWARD,,NONE,NONE,N,NO,,,N,TRANSACTION DOES NOT USE GFE/GFP,U,UNKNOWN,D,NOT CONSOLIDATED,X,NOT APPLICABLE,,,Z,NOT APPLICABLE,N,NO,X,NOT APPLICABLE,f,f,f,f,f,t,t,f,f,f,f,f,f,f,f,f,f,f,f,OTHER THAN SMALL BUSINESS,O,f,f,f,f,f,f,f,f,f,f,f,f,f,f,f,f,f,CORPORATE NOT TAX EXEMPT,t,f,f,f,f,f,f,f,f,f,f,f,t,f,f,f,f,t,f,f,f,f,f,f,f,f,f,f,t,f,f,f,f,f,f,f,f,f,f,f,f,f,f,f,f,f,f,f,f,f,T.  FENERTY,286043.00,KEN  LEWKO,223695.00,STEVE  MACIEJEWSKI,218643.00,CHRIS  PATTON,198814.00,QUINT  AVENETTI,187263.00,https://www.usaspending.gov/award/CONT_AWD_N6833518F0360_9700_N6833514G0040_9700/,2023-03-15 15:01:06+00
CONT_AWD_N6833519F0434_9700_N6833516G0046_9700,N6833519F0434,9700,DEPT OF DEFENSE,N6833516G0046,,,,,,50270537.09,,50270537.09,86059681.55,2019-03-26,2019,2023-10-16,2024,2019-03-25,2023-10-31,2023-10-31 00:00:00,,2018-11-01,097,Department of Defense,1700,Department of the Navy,N68335,NAVAIR WARFARE CTR AIRCRAFT DIV,097,Department of Defense,1700,Department of the Navy,N00019,NAVAL AIR SYSTEMS COMMAND,,,,,X,NOT APPLICABLE,,,QXMUHJ7XTF89,,"INSITU, INC.","INSITU, INC.",,02FP7,NU2UC8MX6NK1,,THE BOEING COMPANY,THE BOEING COMPANY,USA,UNITED STATES,118 E COLUMBIA RIVER WAY,,BINGEN,53039,KLICKITAT,53,WA,WASHINGTON,986059086,WA-04,WA-04,4808911045,4258654452,AFG,AFGHANISTAN,,,,,,,,,,AWARD,C,DELIVERY ORDER,,,,,,,J,FIRM FIXED PRICE,UNMANNED AIRCRAFT SYSTEM FIELD SERVICE REPRESENTATIVE OPERATORS,,1,,,1550,UNMANNED AIRCRAFT,H,NOT BUNDLED,A1A,AIRFRAMES AND SPARES,541712,"RESEARCH AND DEVELOPMENT IN THE PHYSICAL, ENGINEERING, AND LIFE SCIENCES (EXCEPT BIOTECHNOLOGY)",C,NO CLAUSES INCLUDED AND NO SUSTAINABILITY INCLUDED,A,U.S. OWNED BUSINESS,000,NONE,Z,NOT IT PRODUCTS OR SERVICES,E,NOT REQUIRED,USA,UNITED STATES,D,MFG IN U.S.,F,INDIVIDUAL SUBCONTRACT PLAN,B,NOT AVAILABLE FOR COMPETITION,SSS,ONLY ONE SOURCE,NONE,NO SET ASIDE USED.,NONE,NO PREFERENCE USED,SR3,SMALL BUSINESS INNOVATION RESEARCH PROGRAM PHASE III ACTION,,,OTH,AUTHORIZED BY STATUTE (FAR 6.302-5(A)(2)(I)),1,D,COMMERCIAL PRODUCTS/SERVICES PROCEDURES NOT USED,f,,,N,NO,N,NO,N,NO,,N,NO,Y,YES,N,NO,N,NO,X,NOT APPLICABLE,,,D,BOA,S,SINGLE AWARD,,NONE,NONE,Y,YES,,,N,TRANSACTION DOES NOT USE GFE/GFP,U,UNKNOWN,D,NOT CONSOLIDATED,X,NOT APPLICABLE,,,Z,NOT APPLICABLE,N,NO,X,NOT APPLICABLE,f,f,f,f,f,f,f,f,f,f,f,f,f,f,f,f,f,f,f,OTHER THAN SMALL BUSINESS,O,f,f,f,f,f,f,f,f,f,f,f,f,f,f,f,f,f,CORPORATE NOT TAX EXEMPT,t,f,f,f,f,f,f,f,f,f,f,f,t,f,f,f,f,t,f,f,f,f,f,f,f,f,f,f,t,f,f,f,f,f,f,f,f,f,f,f,f,f,f,f,f,f,f,f,f,f,,,,,,,,,,,https://www.usaspending.gov/award/CONT_AWD_N6833519F0434_9700_N6833516G0046_9700/,2023-10-16 14:01:22+00
CONT_AWD_N6833520C0408_9700_-NONE-_-NONE-,N6833520C0408,,,,Q: Not Designated Nonemergency/Emergency/Disaster/Wildfire Suppression,,,,,276622.55,0.00,276622.55,276622.55,2020-04-20,2020,2020-06-09,2020,2020-04-20,2021-04-19,2021-04-19 00:00:00,,2020-03-24,097,Department of Defense,1700,Department of the Navy,N68335,NAVAIR WARFARE CTR AIRCRAFT DIV,097,Department of Defense,1700,Department of the Navy,N68335,NAVAIR WARFARE CTR AIRCRAFT DIV,017-2020/2021-1319-000,017-1319,25.3: Other goods and services from Federal sources,,X,NOT APPLICABLE,,,FJ5JYNRMKPQ9,041361883,OFFSHORE AVIATION LLC,OFFSHORE AVIATION LLC,,7VNZ6,FJ5JYNRMKPQ9,041361883,OFFSHORE AVIATION LLC,OFFSHORE AVIATION LLC,USA,UNITED STATES,6115 FEDERAL OAK DR,,SUNDERLAND,24009,CALVERT,24,MD,MARYLAND,206893033,MD-05,MD-05,2404620222,,USA,UNITED STATES,SUNDERLAND,24009,CALVERT,24,MD,MARYLAND,206893033,MD-05,MD-05,AWARD,D,DEFINITIVE CONTRACT,,,,,,,J,FIRM FIXED PRICE,OA-8C DRAGONFLY,N6833520R0150,1,OT,OTHER FUNCTIONS,1550,UNMANNED AIRCRAFT,H,NOT BUNDLED,A1A,AIRFRAMES AND SPARES,336411,AIRCRAFT MANUFACTURING,C,NO CLAUSES INCLUDED AND NO SUSTAINABILITY INCLUDED,A,U.S. OWNED BUSINESS,000,NONE,Z,NOT IT PRODUCTS OR SERVICES,A,MEETS REQUIREMENTS,USA,UNITED STATES,D,MFG IN U.S.,B,PLAN NOT REQUIRED,G,NOT COMPETED UNDER SAP,SP1,SIMPLIFIED ACQUISITION,NONE,NO SET ASIDE USED.,NONE,NO PREFERENCE USED,,,,,SP2,SAP NON-COMPETITION (FAR 13),1,A,COMMERCIAL ITEM,f,Y,YES,N,NO,Y,YES,N,NO,0.00,N,NO,X,NOT APPLICABLE,X,NOT APPLICABLE,X,NOT APPLICABLE,X,NOT APPLICABLE,,,,,,,,NONE,NONE,N,NO,X,NOT APPLICABLE EXEMPT FROM CAS,N,TRANSACTION DOES NOT USE GFE/GFP,U,UNKNOWN,D,NOT CONSOLIDATED,X,NOT APPLICABLE,N,NO,Z,NOT APPLICABLE,N,NO,X,NOT APPLICABLE,f,f,f,f,f,t,t,f,f,f,f,f,f,f,f,f,f,f,f,SMALL BUSINESS,S,f,f,f,f,f,f,f,f,f,f,f,f,f,f,f,f,f,PARTNERSHIP,f,f,t,f,f,f,f,f,f,f,f,f,f,f,f,f,f,t,f,f,f,f,f,f,f,f,t,f,t,f,f,f,f,f,f,f,f,f,f,f,f,f,f,f,f,t,f,f,f,f,,,,,,,,,,,https://www.usaspending.gov/award/CONT_AWD_N6833520C0408_9700_-NONE-_-NONE-/,2020-06-09 09:28:15+00
CONT_AWD_N6833520C0605_9700_-NONE-_-NONE-,N6833520C0605,,,,,,,,,5309.20,,5309.20,5309.20,2020-05-20,2020,2020-05-20,2020,2020-05-20,2020-06-20,2020-06-20 00:00:00,,,097,Department of Defense,1700,Department of the Navy,N68335,NAVAIR WARFARE CTR AIRCRAFT DIV,097,Department of Defense,1700,Department of the Navy,N3555A,NAVAL AIR WARFARE CTR AIRCRAFT DIV,,,,,X,NOT APPLICABLE,,,LHSBQKG97P89,006096200,"INDUSTRIES FOR THE BLIND AND VISUALLY IMPAIRED, INC.","INDUSTRIES FOR THE BLIND AND VISUALLY IMPAIRED, INC.",,9U362,LHSBQKG97P89,006096200,"INDUSTRIES FOR THE BLIND AND VISUALLY IMPAIRED, INC.",INDUSTRIES FOR THE BLIND  INC.,USA,UNITED STATES,445 S CURTIS RD,,WEST ALLIS,55079,MILWAUKEE,55,WI,WISCONSIN,532141016,WI-05,WI-05,4147783055,4147783041,USA,UNITED STATES,MILWAUKEE,55079,MILWAUKEE,55,WI,WISCONSIN,532141016,WI-05,WI-05,AWARD,D,DEFINITIVE CONTRACT,,,,,,,J,FIRM FIXED PRICE,DRONES,,1,,,1550,UNMANNED AIRCRAFT,H,NOT BUNDLED,C9E,ALL OTHERS NOT IDENTIFIABLE TO ANY OTHER PROCUREMENT PROGRAM,493110,GENERAL WAREHOUSING AND STORAGE,C,NO CLAUSES INCLUDED AND NO SUSTAINABILITY INCLUDED,A,U.S. OWNED BUSINESS,000,NONE,Z,NOT IT PRODUCTS OR SERVICES,A,MEETS REQUIREMENTS,USA,UNITED STATES,D,MFG IN U.S.,B,PLAN NOT REQUIRED,C,NOT COMPETED,SSS,ONLY ONE SOURCE,NONE,NO SET ASIDE USED.,NONE,NO PREFERENCE USED,,,,,ONE,ONLY ONE SOURCE-OTHER (FAR 6.302-1 OTHER),1,D,COMMERCIAL ITEM PROCEDURES NOT USED,f,N,NO,N,NO,X,NOT APPLICABLE,N,NO,0.00,N,NO,X,NOT APPLICABLE,X,NOT APPLICABLE,X,NOT APPLICABLE,X,NOT APPLICABLE,,,,,,,,NONE,NONE,N,NO,X,NOT APPLICABLE EXEMPT FROM CAS,N,TRANSACTION DOES NOT USE GFE/GFP,U,UNKNOWN,D,NOT CONSOLIDATED,X,NOT APPLICABLE,N,NO,Z,NOT APPLICABLE,N,NO,X,NOT APPLICABLE,f,f,f,f,f,f,f,f,f,f,f,f,f,f,f,f,f,f,f,OTHER THAN SMALL BUSINESS,O,f,f,f,f,f,f,f,f,f,f,f,f,f,f,f,f,f,CORPORATE TAX EXEMPT,f,t,f,f,f,f,f,f,f,f,f,f,t,f,f,f,f,t,f,f,f,f,f,f,f,f,f,f,f,t,f,t,f,f,f,f,f,f,f,f,f,f,f,f,f,f,f,f,f,f,,,,,,,,,,,https://www.usaspending.gov/award/CONT_AWD_N6833520C0605_9700_-NONE-_-NONE-/,2020-05-20 10:17:59+00
CONT_AWD_N6833520C0636_9700_-NONE-_-NONE-,N6833520C0636,,,,,,,,,370921.13,,370921.13,370921.13,2020-07-17,2020,2020-09-09,2020,2020-07-17,2021-07-16,2021-07-16 00:00:00,,2020-05-07,097,Department of Defense,1700,Department of the Navy,N68335,NAVAIR WARFARE CTR AIRCRAFT DIV,097,Department of Defense,1700,Department of the Navy,N3555A,NAVAL AIR WARFARE CTR AIRCRAFT DIV,,,,,X,NOT APPLICABLE,,,FJ5JYNRMKPQ9,041361883,OFFSHORE AVIATION LLC,OFFSHORE AVIATION LLC,,7VNZ6,FJ5JYNRMKPQ9,041361883,OFFSHORE AVIATION LLC,OFFSHORE AVIATION LLC,USA,UNITED STATES,6115 FEDERAL OAK DR,,SUNDERLAND,24009,CALVERT,24,MD,MARYLAND,206893033,MD-05,MD-05,2404620222,,USA,UNITED STATES,SUNDERLAND,24009,CALVERT,24,MD,MARYLAND,206893033,MD-05,MD-05,AWARD,D,DEFINITIVE CONTRACT,,,,,,,J,FIRM FIXED PRICE,OA-2D: 50% BUILD COMPLETION,,1,OT,OTHER FUNCTIONS,1550,UNMANNED AIRCRAFT,H,NOT BUNDLED,A1A,AIRFRAMES AND SPARES,336411,AIRCRAFT MANUFACTURING,C,NO CLAUSES INCLUDED AND NO SUSTAINABILITY INCLUDED,A,U.S. OWNED BUSINESS,000,NONE,Z,NOT IT PRODUCTS OR SERVICES,A,MEETS REQUIREMENTS,USA,UNITED STATES,D,MFG IN U.S.,B,PLAN NOT REQUIRED,C,NOT COMPETED,SSS,ONLY ONE SOURCE,NONE,NO SET ASIDE USED.,NONE,NO PREFERENCE USED,,,,,ONE,ONLY ONE SOURCE-OTHER (FAR 6.302-1 OTHER),1,A,COMMERCIAL ITEM,f,N,NO,N,NO,X,NOT APPLICABLE,N,NO,0.00,N,NO,X,NOT APPLICABLE,X,NOT APPLICABLE,X,NOT APPLICABLE,X,NOT APPLICABLE,,,,,,,,NONE,NONE,N,NO,X,NOT APPLICABLE EXEMPT FROM CAS,N,TRANSACTION DOES NOT USE GFE/GFP,U,UNKNOWN,D,NOT CONSOLIDATED,X,NOT APPLICABLE,N,NO,Z,NOT APPLICABLE,N,NO,X,NOT APPLICABLE,f,f,f,f,f,t,t,f,f,f,f,f,f,f,f,f,f,f,f,SMALL BUSINESS,S,f,f,f,f,f,f,f,f,f,f,f,f,f,f,f,f,f,PARTNERSHIP,f,f,t,f,f,f,f,f,f,f,f,f,f,f,f,f,f,t,f,f,f,f,f,f,f,f,t,f,t,f,f,f,f,f,f,f,f,f,f,f,f,f,f,f,f,t,f,f,f,f,,,,,,,,,,,https://www.usaspending.gov/award/CONT_AWD_N6833520C0636_9700_-NONE-_-NONE-/,2020-09-09 09:44:10+00
CONT_AWD_N6833520P0350_9700_-NONE-_-NONE-,N6833520P0350,,,,Q: Not Designated Nonemergency/Emergency/Disaster/Wildfire Suppression,,,,,112762.75,9002.75,112762.75,123687.88,2020-05-28,2020,2020-11-19,2021,2010-05-28,2020-12-21,2020-12-21 00:00:00,,,097,Department of Defense,1700,Department of the Navy,N68335,NAVAIR WARFARE CTR AIRCRAFT DIV,097,Department of Defense,1700,Department of the Navy,N3555A,NAVAL AIR WARFARE CTR AIRCRAFT DIV,017-2020/2021-1319-000,017-1319,25.3: Other goods and services from Federal sources,0001: BASIC RESEARCH;OPTN: FIELD IS OPTIONAL PRIOR TO FY21,X,NOT APPLICABLE,,,FJ5JYNRMKPQ9,041361883,OFFSHORE AVIATION LLC,OFFSHORE AVIATION LLC,,7VNZ6,FJ5JYNRMKPQ9,041361883,OFFSHORE AVIATION LLC,OFFSHORE AVIATION LLC,USA,UNITED STATES,6115 FEDERAL OAK DR,,SUNDERLAND,24009,CALVERT,24,MD,MARYLAND,206893033,MD-05,MD-05,2404620222,,USA,UNITED STATES,SUNDERLAND,24009,CALVERT,24,MD,MARYLAND,206893033,MD-05,MD-05,AWARD,B,PURCHASE ORDER,,,,,,,J,FIRM FIXED PRICE,PHANTOM 4 PRO V2.0,N6833520Q0218,1,,,1550,UNMANNED AIRCRAFT,H,NOT BUNDLED,C9E,ALL OTHERS NOT IDENTIFIABLE TO ANY OTHER PROCUREMENT PROGRAM,336411,AIRCRAFT MANUFACTURING,C,NO CLAUSES INCLUDED AND NO SUSTAINABILITY INCLUDED,A,U.S. OWNED BUSINESS,000,NONE,Z,NOT IT PRODUCTS OR SERVICES,A,MEETS REQUIREMENTS,USA,UNITED STATES,D,MFG IN U.S.,B,PLAN NOT REQUIRED,F,COMPETED UNDER SAP,SP1,SIMPLIFIED ACQUISITION,SBA,SMALL BUSINESS SET ASIDE - TOTAL,NONE,NO PREFERENCE USED,,,,,,,5,A,COMMERCIAL ITEM,f,N,NO,N,NO,Y,YES,N,NO,,N,NO,X,NOT APPLICABLE,X,NOT APPLICABLE,X,NOT APPLICABLE,X,NOT APPLICABLE,,,,,,,,NONE,NONE,,,,,N,TRANSACTION DOES NOT USE GFE/GFP,U,UNKNOWN,D,NOT CONSOLIDATED,X,NOT APPLICABLE,,,Z,NOT APPLICABLE,N,NO,X,NOT APPLICABLE,f,f,f,f,f,t,t,f,f,f,f,f,f,f,f,f,f,f,f,SMALL BUSINESS,S,f,f,f,f,f,f,f,f,f,f,f,f,f,f,f,f,f,PARTNERSHIP,f,f,t,f,f,f,f,f,f,f,f,f,f,f,f,f,f,t,f,f,f,f,f,f,f,f,t,f,t,f,f,f,f,f,f,f,f,f,f,f,f,f,f,f,f,t,f,f,f,f,,,,,,,,,,,https://www.usaspending.gov/award/CONT_AWD_N6833520P0350_9700_-NONE-_-NONE-/,2021-02-24 10:39:16+00
CONT_AWD_N6833520P0354_9700_-NONE-_-NONE-,N6833520P0354,,,,,,,,,11745.00,,11745.00,11745.00,2020-06-11,2020,2020-06-11,2020,2020-06-11,2020-07-02,2020-07-02 00:00:00,,,097,Department of Defense,1700,Department of the Navy,N68335,NAVAIR WARFARE CTR AIRCRAFT DIV,097,Department of Defense,1700,Department of the Navy,N68335,NAVAIR WARFARE CTR AIRCRAFT DIV,,,,,X,NOT APPLICABLE,,,G2G3LK3G42M9,,AIRBORNE INNOVATIONS LLC,AIRBORNE INNOVATIONS LLC,,4HW51,G2G3LK3G42M9,,AIRBORNE INNOVATIONS LLC,AIRBORNE INNOVATIONS LLC,USA,UNITED STATES,13701 W JEWELL AVE STE 206,,LAKEWOOD,08059,JEFFERSON,08,CO,COLORADO,802284173,CO-07,CO-07,7205153720,2532769765,USA,UNITED STATES,LAKEWOOD,08059,JEFFERSON,08,CO,COLORADO,802284173,CO-07,CO-07,AWARD,B,PURCHASE ORDER,,,,,,,J,FIRM FIXED PRICE,12PCX HOTAS HDW GROUND CONTROL SYSTEM,,1,,,1550,UNMANNED AIRCRAFT,H,NOT BUNDLED,A1C,OTHER AIRCRAFT EQUIPMENT,336411,AIRCRAFT MANUFACTURING,C,NO CLAUSES INCLUDED AND NO SUSTAINABILITY INCLUDED,A,U.S. OWNED BUSINESS,000,NONE,Z,NOT IT PRODUCTS OR SERVICES,A,MEETS REQUIREMENTS,USA,UNITED STATES,D,MFG IN U.S.,B,PLAN NOT REQUIRED,C,NOT COMPETED,SSS,ONLY ONE SOURCE,NONE,NO SET ASIDE USED.,NONE,NO PREFERENCE USED,,,,,ONE,ONLY ONE SOURCE-OTHER (FAR 6.302-1 OTHER),1,A,COMMERCIAL ITEM,f,N,NO,N,NO,X,NOT APPLICABLE,N,NO,,N,NO,X,NOT APPLICABLE,X,NOT APPLICABLE,X,NOT APPLICABLE,X,NOT APPLICABLE,,,,,,,,NONE,NONE,,,,,N,TRANSACTION DOES NOT USE GFE/GFP,U,UNKNOWN,D,NOT CONSOLIDATED,X,NOT APPLICABLE,,,Z,NOT APPLICABLE,N,NO,X,NOT APPLICABLE,f,f,f,f,f,f,f,f,f,f,f,f,f,f,f,f,f,f,f,SMALL BUSINESS,S,f,f,f,f,f,f,f,f,f,f,f,f,f,f,f,f,f,CORPORATE NOT TAX EXEMPT,t,f,f,f,f,f,f,f,f,f,f,f,f,f,f,f,f,t,f,f,f,f,f,f,f,f,t,f,t,f,f,f,f,f,f,f,f,f,f,f,f,f,f,f,f,f,f,f,f,f,,,,,,,,,,,https://www.usaspending.gov/award/CONT_AWD_N6833520P0354_9700_-NONE-_-NONE-/,2023-05-22 14:42:29+00
CONT_AWD_N6833520P0356_9700_-NONE-_-NONE-,N6833520P0356,,,,,,,,,16240.00,,16240.00,16240.00,2020-06-02,2020,2020-06-02,2020,2020-06-02,2020-07-06,2020-07-06 00:00:00,,2020-05-15,097,Department of Defense,1700,Department of the Navy,N68335,NAVAIR WARFARE CTR AIRCRAFT DIV,097,Department of Defense,1700,Department of the Navy,N3555A,NAVAL AIR WARFARE CTR AIRCRAFT DIV,,,,,X,NOT APPLICABLE,,,J6F8R5M5JAM5,,"RITEWING RC, LLC","RITEWING RC, LLC",,8JWQ9,J6F8R5M5JAM5,,"RITEWING RC, LLC",RITEWING RC  LLC,USA,UNITED STATES,11429 E QUEENSBOROUGH AVE STE 6,,MESA,04013,MARICOPA,04,AZ,ARIZONA,852124095,AZ-05,AZ-05,6027394524,,USA,UNITED STATES,MESA,04013,MARICOPA,04,AZ,ARIZONA,852124095,AZ-05,AZ-05,AWARD,B,PURCHASE ORDER,,,,,,,J,FIRM FIXED PRICE,MODIFIED COMMERCIAL UAV,N6833520Q0338,1,,,1550,UNMANNED AIRCRAFT,H,NOT BUNDLED,C9E,ALL OTHERS NOT IDENTIFIABLE TO ANY OTHER PROCUREMENT PROGRAM,336411,AIRCRAFT MANUFACTURING,C,NO CLAUSES INCLUDED AND NO SUSTAINABILITY INCLUDED,A,U.S. OWNED BUSINESS,000,NONE,Z,NOT IT PRODUCTS OR SERVICES,A,MEETS REQUIREMENTS,USA,UNITED STATES,D,MFG IN U.S.,B,PLAN NOT REQUIRED,G,NOT COMPETED UNDER SAP,SP1,SIMPLIFIED ACQUISITION,NONE,NO SET ASIDE USED.,NONE,NO PREFERENCE USED,,,,,SP2,SAP NON-COMPETITION (FAR 13),1,A,COMMERCIAL ITEM,f,N,NO,N,NO,Y,YES,N,NO,,N,NO,X,NOT APPLICABLE,X,NOT APPLICABLE,X,NOT APPLICABLE,X,NOT APPLICABLE,,,,,,,,NONE,NONE,,,,,N,TRANSACTION DOES NOT USE GFE/GFP,U,UNKNOWN,D,NOT CONSOLIDATED,X,NOT APPLICABLE,,,Z,NOT APPLICABLE,N,NO,X,NOT APPLICABLE,f,f,f,f,f,f,f,f,f,f,t,f,f,f,f,f,f,f,f,SMALL BUSINESS,S,f,f,f,f,f,f,f,f,f,f,f,f,f,f,f,f,f,CORPORATE TAX EXEMPT,f,t,f,f,f,f,f,f,f,f,f,f,f,f,f,f,f,t,f,f,f,f,f,f,f,f,t,f,t,f,f,f,f,f,f,f,f,f,f,f,f,f,f,f,f,f,f,f,f,f,,,,,,,,,,,https://www.usaspending.gov/award/CONT_AWD_N6833520P0356_9700_-NONE-_-NONE-/,2023-05-22 14:42:29+00
CONT_AWD_N6893619F0787_9700_N6893619D0026_9700,N6893619F0787,9700,DEPT OF DEFENSE,N6893619D0026,,,,,,22656.00,,22656.00,22656.00,2019-09-30,2019,2020-03-30,2020,2019-09-30,2019-12-29,2019-12-29 00:00:00,,2018-03-20,097,Department of Defense,1700,Department of the Navy,N68936,NAVAL AIR WARFARE CENTER,097,Department of Defense,1700,Department of the Navy,N68936,NAVAL AIR WARFARE CENTER,,,,,X,NOT APPLICABLE,,,QXMUHJ7XTF89,878164086,"INSITU, INC.","INSITU, INC.",,02FP7,NU2UC8MX6NK1,009256819,THE BOEING COMPANY,THE BOEING COMPANY,USA,UNITED STATES,118 E COLUMBIA RIVER WAY,,BINGEN,53039,KLICKITAT,53,WA,WASHINGTON,986059086,WA-03,WA-04,3148826934,,USA,UNITED STATES,BINGEN,53039,KLICKITAT,53,WA,WASHINGTON,986059086,WA-03,WA-04,AWARD,C,DELIVERY ORDER,,,,,,,J,FIRM FIXED PRICE,DO 0001 - ORDER FOR BUNGEES AND SPAR PAR,N6893615R0091,1,OT,OTHER FUNCTIONS,1550,UNMANNED AIRCRAFT,H,NOT BUNDLED,A1C,OTHER AIRCRAFT EQUIPMENT,336411,AIRCRAFT MANUFACTURING,C,NO CLAUSES INCLUDED AND NO SUSTAINABILITY INCLUDED,A,U.S. OWNED BUSINESS,000,NONE,Z,NOT IT PRODUCTS OR SERVICES,E,NOT REQUIRED,USA,UNITED STATES,D,MFG IN U.S.,F,INDIVIDUAL SUBCONTRACT PLAN,C,NOT COMPETED,SSS,ONLY ONE SOURCE,,,NONE,NO PREFERENCE USED,,,,,ONE,ONLY ONE SOURCE-OTHER (FAR 6.302-1 OTHER),,D,COMMERCIAL ITEM PROCEDURES NOT USED,f,N,NO,N,NO,Y,YES,N,NO,0.00,N,NO,X,NOT APPLICABLE,N,NO,X,NOT APPLICABLE,X,NOT APPLICABLE,,,B,IDC,S,SINGLE AWARD,,NONE,NONE,Y,YES,,,N,TRANSACTION DOES NOT USE GFE/GFP,U,UNKNOWN,D,NOT CONSOLIDATED,X,NOT APPLICABLE,N,NO,Z,NOT APPLICABLE,N,NO,X,NOT APPLICABLE,f,f,f,f,f,f,f,f,f,f,f,f,f,f,f,f,f,f,f,OTHER THAN SMALL BUSINESS,O,f,f,f,f,f,f,f,f,f,f,f,f,f,f,f,f,f,CORPORATE NOT TAX EXEMPT,t,f,f,f,f,f,f,f,f,f,f,f,t,f,f,f,f,t,f,f,f,f,f,f,f,f,f,f,t,f,f,f,f,f,f,f,f,f,f,f,f,f,f,f,f,f,f,f,f,f,,,,,,,,,,,https://www.usaspending.gov/award/CONT_AWD_N6893619F0787_9700_N6893619D0026_9700/,2021-03-08 13:13:40+00
CONT_AWD_NNG17FD73C_8000_-NONE-_-NONE-,NNG17FD73C,,,,Q: Not Designated Nonemergency/Emergency/Disaster/Wildfire Suppression,,,,,352334981.32,227890277.96,396385872.00,396385872.00,2017-06-09,2017,2026-09-10,2026,2017-06-14,2033-04-16,2033-04-16 00:00:00,,,080,National Aeronautics and Space Administration,8000,National Aeronautics and Space Administration,80GSFC,NASA GODDARD SPACE FLIGHT CENTER,080,National Aeronautics and Space Administration,8000,National Aeronautics and Space Administration,80GSFC,NASA GODDARD SPACE FLIGHT CENTER,080-2017/2018-0120-000;080-2018/2019-0120-000;080-2019/2020-0120-000;080-2020/2021-0120-000;080-2021/2022-0120-000;080-2022/2023-0120-000;080-2023/2024-0120-000;080-2024/2025-0120-000;080-2025/2026-0120-000;080-2026/2027-0120-000,080-0120,25.2: Other services from non-Federal sources;25.5: Research and development contracts,0001: SCIENCE (DIRECT),X,NOT APPLICABLE,,,FYHNA5WC8XD7,,LOCKHEED MARTIN CORP,LOCKHEED MARTIN CORPORATION,LOCKHEED MARTIN SPACE SYSTEMS COMPANY,04236,ZFN2JJXBLZT3,,LOCKHEED MARTIN CORP,LOCKHEED MARTIN CORP,USA,UNITED STATES,12257 S WADSWORTH BLVD,,LITTLETON,08035,DOUGLAS,08,CO,COLORADO,801258504,CO-07,CO-07,4087420568,4087425752,USA,UNITED STATES,LITTLETON,08035,DOUGLAS,08,CO,COLORADO,801258504,CO-07,CO-07,AWARD,D,DEFINITIVE CONTRACT,,,,,,,R,COST PLUS AWARD FEE,"THE LUCY SPACECRAFT AND MISSION OPERATIONS CONTRACT EMBODIES THE MISSION'S REQUIREMENT TO DESIGN, DEVELOPMENT, TEST, AND OPERATE THE LUCY SPACECRAFT BUS. LUCY WILL EXPLORE SIX JUPITER TROJAN ASTEROIDS TRAPPED BY JUPITERS GRAVITY IN TWO SWARMS THAT SHARE THE PLANETS ORBIT, ONE LEADING AND ONE TRAILING JUPITER IN ITS 12-YEAR CIRCUIT AROUND THE SUN. THE TROJANS ARE THOUGHT TO BE RELICS OF A MUCH EARLIER ERA IN THE HISTORY OF THE SOLAR SYSTEM, AND MAY HAVE FORMED FAR BEYOND JUPITERS CURRENT ORBIT.",NNH14ZDA014O,1,,,1550,UNMANNED AIRCRAFT,H,NOT BUNDLED,,,336414,GUIDED MISSILE AND SPACE VEHICLE MANUFACTURING,C,NO CLAUSES INCLUDED AND NO SUSTAINABILITY INCLUDED,A,U.S. OWNED BUSINESS,,,,,E,NOT REQUIRED,USA,UNITED STATES,D,MFG IN U.S.,F,INDIVIDUAL SUBCONTRACT PLAN,A,FULL AND OPEN COMPETITION,NP,NEGOTIATED PROPOSAL/QUOTE,NONE,NO SET ASIDE USED.,NONE,NO PREFERENCE USED,,,,,,,5,D,COMMERCIAL PRODUCTS/SERVICES PROCEDURES NOT USED,f,N,NO,N,NO,Y,YES,N,NO,0.00,N,NO,N,NO,N,NO,N,NO,X,NOT APPLICABLE,,,,,,,LUCY,,,Y,YES,Y,YES - CAS CLAUSE INCLUDED,N,TRANSACTION DOES NOT USE GFE/GFP,,,D,NOT CONSOLIDATED,X,NOT APPLICABLE,N,NO,,,N,NO,X,NOT APPLICABLE,f,f,f,f,f,f,f,f,f,f,f,f,f,f,f,f,f,f,f,OTHER THAN SMALL BUSINESS,O,f,f,f,f,f,f,f,f,f,f,f,f,f,f,f,f,f,CORPORATE NOT TAX EXEMPT,t,f,f,f,f,f,f,f,f,f,f,f,f,f,f,f,f,t,f,f,f,f,f,f,f,f,f,f,t,f,f,f,f,f,f,f,f,f,f,f,f,f,f,f,f,f,f,f,f,f,,,,,,,,,,,https://www.usaspending.gov/award/CONT_AWD_NNG17FD73C_8000_-NONE-_-NONE-/,2026-09-11 11:41:24+00
CONT_AWD_SAQMMA16F1337_1900_SAQMMA12C1103_1900,SAQMMA16F1337,1900,"STATE, DEPARTMENT OF",SAQMMA12C1103,,,,,,101853.45,0.00,101853.45,101853.45,2016-03-29,2016,2021-06-29,2021,2016-03-29,2016-04-04,2016-04-04 00:00:00,,,019,Department of State,1900,Department of State,19AQMM,ACQUISITIONS - AQM MOMENTUM,019,Department of State,1900,Department of State,19X1NL,BUREAU OF INTERNATIONAL NARCOTICS,019-011-2016/2017-1022-000,011-1022,25.1: Advisory and assistance services,,X,NOT APPLICABLE,,,ML6KL68PHMK3,608461898,DYNCORP INTERNATIONAL LLC,DYNCORP INTERNATIONAL LLC,,1SMB2,JSRNXGERS624,117548597,AMENTUM GOVERNMENT SERVICES HOLDINGS LLC,DYNCORP INTERNATIONAL LLC,USA,UNITED STATES,13500 HERITAGE PKWY,,FORT WORTH,48439,TARRANT,48,TX,TEXAS,761775318,TX-26,TX-26,7037456016,,USA,UNITED STATES,FORT WORTH,48439,TARRANT,48,TX,TEXAS,761775318,TX-26,TX-26,AWARD,C,DELIVERY ORDER,,,,,,,J,FIRM FIXED PRICE,IGF::CT::IGF UAS SPARE PARTS,,1,CT,CRITICAL FUNCTIONS,1550,UNMANNED AIRCRAFT,D,NOT A BUNDLED REQUIREMENT,,,488190,OTHER SUPPORT ACTIVITIES FOR AIR TRANSPORTATION,C,NO CLAUSES INCLUDED AND NO SUSTAINABILITY INCLUDED,A,U.S. OWNED BUSINESS,,,,,E,NOT REQUIRED,USA,UNITED STATES,D,MFG IN U.S.,B,PLAN NOT REQUIRED,A,FULL AND OPEN COMPETITION,NP,NEGOTIATED PROPOSAL/QUOTE,,,NONE,NO PREFERENCE USED,,,,,,,,D,COMMERCIAL ITEM PROCEDURES NOT USED,f,N,NO,N,NO,Y,YES,N,NO,0.00,N,NO,X,NOT APPLICABLE,Y,YES,X,NOT APPLICABLE,X,NOT APPLICABLE,,,B,IDC,S,SINGLE AWARD,,NONE,NONE,Y,YES,,,Y,TRANSACTION USES GFE/GFP,,,N,NO,X,NOT APPLICABLE,N,NO,,,N,NO,X,NOT APPLICABLE,f,f,f,f,f,f,f,f,f,f,f,f,f,f,f,f,f,f,f,OTHER THAN SMALL BUSINESS,O,f,f,f,f,f,f,f,f,f,f,f,f,f,f,f,f,f,CORPORATE NOT TAX EXEMPT,t,f,f,f,f,f,f,f,f,f,f,f,f,f,f,f,f,t,f,f,f,f,f,f,f,f,t,f,t,f,f,f,f,f,f,f,f,f,f,f,f,f,f,f,f,f,f,f,f,f,GEORGE C KRIVO,2355810.00,GREGORY S NIXON,2242091.00,WILLIAM T KANSKY,2211527.00,JOSEPH M FORD,833180.00,RANDALL J BOCKENSTEDT,819886.00,https://www.usaspending.gov/award/CONT_AWD_SAQMMA16F1337_1900_SAQMMA12C1103_1900/,2021-08-13 15:14:05+00
CONT_AWD_SPE4A219F1293_9700_SPE4AX17D9006_9700,SPE4A219F1293,9700,DEPT OF DEFENSE,SPE4AX17D9006,Q: Not Designated Nonemergency/Emergency/Disaster/Wildfire Suppression,,,,,0.00,0.00,0.00,0.00,2019-04-25,2019,2025-11-21,2026,2019-04-25,2020-05-01,2020-05-01 00:00:00,,,097,Department of Defense,97AS,Defense Logistics Agency,SPE4A2,DLA AVIATION,097,Department of Defense,97AS,Defense Logistics Agency,SPE4A2,DLA AVIATION,097-X-4930-005,097-4930,25.2: Other services from non-Federal sources,0801: REIMBURSABLE,X,NOT APPLICABLE,,,MJENSFHZJP11,,LOCKHEED MARTIN CORPORATION,LOCKHEED MARTIN CORPORATION,,38597,MJENSFHZJP11,,LOCKHEED MARTIN CORPORATION,LOCKHEED MARTIN CORPORATION,USA,UNITED STATES,2323 EASTERN BLVD,,BALTIMORE,24005,BALTIMORE,24,MD,MARYLAND,212204207,MD-02,MD-02,2028633440,,USA,UNITED STATES,MIDDLE RIVER,24005,BALTIMORE,24,MD,MARYLAND,212204207,MD-02,MD-02,AWARD,C,DELIVERY ORDER,,,,,,,J,FIRM FIXED PRICE,8506484600!AF GEN III SUPPORT,,1,,,1550,UNMANNED AIRCRAFT,H,NOT BUNDLED,A1A,AIRFRAMES AND SPARES,336412,AIRCRAFT ENGINE AND ENGINE PARTS MANUFACTURING,C,NO CLAUSES INCLUDED AND NO SUSTAINABILITY INCLUDED,A,U.S. OWNED BUSINESS,000,NONE,Z,NOT IT PRODUCTS OR SERVICES,E,NOT REQUIRED,USA,UNITED STATES,D,MFG IN U.S.,H,DOD COMPREHENSIVE SUBCONTRACT PLAN,A,FULL AND OPEN COMPETITION,NP,NEGOTIATED PROPOSAL/QUOTE,,,NONE,NO PREFERENCE USED,,,,,,,,A,COMMERCIAL PRODUCTS/SERVICES,f,N,NO,N,NO,Y,YES,N,NO,,N,NO,N,NO,N,NO,N,NO,X,NOT APPLICABLE,,,B,IDC,S,SINGLE AWARD,,,,N,NO,,,N,TRANSACTION DOES NOT USE GFE/GFP,N,NO,D,NOT CONSOLIDATED,X,NOT APPLICABLE,Y,YES,Z,NOT APPLICABLE,N,NO,X,NOT APPLICABLE,f,f,f,f,f,f,f,f,f,f,f,f,f,f,f,f,f,f,f,OTHER THAN SMALL BUSINESS,O,f,f,f,f,f,f,f,f,f,f,f,f,f,f,f,f,f,CORPORATE NOT TAX EXEMPT,t,f,f,f,f,f,f,f,f,f,f,f,t,f,f,f,f,t,f,f,f,f,f,f,f,f,f,f,t,f,f,f,f,f,f,f,f,f,f,f,f,f,f,f,f,f,f,f,f,f,,,,,,,,,,,https://www.usaspending.gov/award/CONT_AWD_SPE4A219F1293_9700_SPE4AX17D9006_9700/,2025-11-21 10:48:17+00
CONT_AWD_SPE4A519F7395_9700_SPE4AX17D9403_9700,SPE4A519F7395,9700,DEPT OF DEFENSE,SPE4AX17D9403,,,,,,170351.99,0.00,170351.99,170351.99,2018-11-21,2019,2024-12-10,2025,2018-11-21,2020-01-31,2020-01-31 00:00:00,,,097,Department of Defense,97AS,Defense Logistics Agency,SPE4A5,DLA AVIATION,097,Department of Defense,97AS,Defense Logistics Agency,SPE4A5,DLA AVIATION,017-2019/2019-1804-000,017-1804,25.1: Advisory and assistance services,,X,NOT APPLICABLE,,,Q6HPK83NVT26,,CFM INTERNATIONAL INC,"CFM INTERNATIONAL, INC.",,58828,E8THACLQU5M5,,"CFM INTERNATIONAL, INC.",CFM INTERNATIONAL  INC.,USA,UNITED STATES,6440 AVIATION WY,,WEST CHESTER,39017,BUTLER,39,OH,OHIO,450694546,OH-08,OH-08,5132432157,5136729793,USA,UNITED STATES,WEST CHESTER,39017,BUTLER,39,OH,OHIO,450694546,OH-08,OH-08,AWARD,C,DELIVERY ORDER,,,,,,,K,FIXED PRICE WITH ECONOMIC PRICE ADJUSTMENT,8506076474!MISCELLANEOUS,,1,,,1550,UNMANNED AIRCRAFT,H,NOT BUNDLED,A1B,AIRCRAFT ENGINES AND SPARES,336412,AIRCRAFT ENGINE AND ENGINE PARTS MANUFACTURING,C,NO CLAUSES INCLUDED AND NO SUSTAINABILITY INCLUDED,A,U.S. OWNED BUSINESS,000,NONE,Z,NOT IT PRODUCTS OR SERVICES,E,NOT REQUIRED,USA,UNITED STATES,D,MFG IN U.S.,F,INDIVIDUAL SUBCONTRACT PLAN,C,NOT COMPETED,SSS,ONLY ONE SOURCE,,,NONE,NO PREFERENCE USED,,,,,ONE,ONLY ONE SOURCE-OTHER (FAR 6.302-1 OTHER),,A,COMMERCIAL PRODUCTS/SERVICES,f,N,NO,N,NO,Y,YES,N,NO,,N,NO,N,NO,N,NO,X,NOT APPLICABLE,X,NOT APPLICABLE,,,B,IDC,S,SINGLE AWARD,,,,N,NO,,,N,TRANSACTION DOES NOT USE GFE/GFP,N,NO,D,NOT CONSOLIDATED,X,NOT APPLICABLE,Y,YES,Z,NOT APPLICABLE,N,NO,X,NOT APPLICABLE,f,f,f,f,f,f,f,f,f,f,f,f,f,f,f,f,f,f,f,OTHER THAN SMALL BUSINESS,O,f,f,f,f,f,f,f,f,f,f,f,f,f,f,f,f,f,CORPORATE NOT TAX EXEMPT,t,f,f,f,f,f,f,f,f,f,f,f,t,f,f,f,f,t,f,f,f,f,f,f,f,f,f,f,t,f,f,f,f,f,f,f,f,f,f,f,f,f,f,f,f,f,f,f,f,f,,,,,,,,,,,https://www.usaspending.gov/award/CONT_AWD_SPE4A519F7395_9700_SPE4AX17D9403_9700/,2024-12-10 11:45:50+00
CONT_AWD_SPE4A520F9235_9700_SPE4AX14D9401_9700,SPE4A520F9235,9700,DEPT OF DEFENSE,SPE4AX14D9401,,,,,,69070.50,0.00,69070.50,69070.50,2020-02-03,2020,2020-02-03,2020,2020-02-03,2020-04-30,2020-04-30 00:00:00,,,097,Department of Defense,97AS,Defense Logistics Agency,SPE4A5,DLA AVIATION,097,Department of Defense,97AS,Defense Logistics Agency,SPE4A5,DLA AVIATION,097-X-4930-005,097-4930,25.2: Other services from non-Federal sources,,X,NOT APPLICABLE,,,ZLHMCNLMEYK1,176019107,HONEYWELL INTERNATIONAL INC.,HONEYWELL INTERNATIONAL INC.,,02LU7,YBVGQEYENNM6,139691877,HONEYWELL INTERNATIONAL INC,HONEYWELL INTERNATIONAL INC.,USA,UNITED STATES,1300 WEST WARNER ROAD,,TEMPE,04013,MARICOPA,04,AZ,ARIZONA,852842822,AZ-09,AZ-04,8006013099,,USA,UNITED STATES,TEMPE,04013,MARICOPA,04,AZ,ARIZONA,852842822,AZ-09,AZ-04,AWARD,C,DELIVERY ORDER,,,,,,,J,FIRM FIXED PRICE,8507138714!MISCELLANEOUS,,1,,,1550,UNMANNED AIRCRAFT,H,NOT BUNDLED,A1A,AIRFRAMES AND SPARES,336413,OTHER AIRCRAFT PARTS AND AUXILIARY EQUIPMENT MANUFACTURING,C,NO CLAUSES INCLUDED AND NO SUSTAINABILITY INCLUDED,A,U.S. OWNED BUSINESS,000,NONE,Z,NOT IT PRODUCTS OR SERVICES,E,NOT REQUIRED,USA,UNITED STATES,D,MFG IN U.S.,C,PLAN REQUIRED - INCENTIVE NOT INCLUDED,C,NOT COMPETED,SSS,ONLY ONE SOURCE,,,NONE,NO PREFERENCE USED,,,,,ONE,ONLY ONE SOURCE-OTHER (FAR 6.302-1 OTHER),,A,COMMERCIAL ITEM,f,N,NO,N,NO,Y,YES,N,NO,,N,NO,X,NOT APPLICABLE,X,NOT APPLICABLE,X,NOT APPLICABLE,X,NOT APPLICABLE,,,B,IDC,S,SINGLE AWARD,,NONE,NONE,Y,YES,,,N,TRANSACTION DOES NOT USE GFE/GFP,U,UNKNOWN,D,NOT CONSOLIDATED,X,NOT APPLICABLE,N,NO,Z,NOT APPLICABLE,N,NO,X,NOT APPLICABLE,f,f,f,f,f,f,f,f,f,f,f,f,f,f,f,f,f,f,f,OTHER THAN SMALL BUSINESS,O,f,f,f,f,f,f,f,f,f,f,f,f,f,f,f,f,f,CORPORATE NOT TAX EXEMPT,t,f,f,f,f,f,f,f,f,f,f,f,t,f,f,f,f,t,f,f,f,f,f,f,f,f,f,f,t,f,f,f,f,f,f,f,f,f,f,f,f,f,f,f,f,f,f,f,f,f,,,,,,,,,,,https://www.usaspending.gov/award/CONT_AWD_SPE4A520F9235_9700_SPE4AX14D9401_9700/,2020-07-12 15:47:33+00
CONT_AWD_SPE4A520F9436_9700_SPE4AX20D9403_9700,SPE4A520F9436,9700,DEPT OF DEFENSE,SPE4AX20D9403,,,,,,49734.05,0.00,49734.05,49734.05,2020-02-05,2020,2020-02-05,2020,2020-02-05,2020-02-05,2020-02-05 00:00:00,,,097,Department of Defense,97AS,Defense Logistics Agency,SPE4A5,DLA AVIATION,097,Department of Defense,97AS,Defense Logistics Agency,SPE4A5,DLA AVIATION,097-X-4930-005,097-4930,25.2: Other services from non-Federal sources,,X,NOT APPLICABLE,,,NE3YWSUB81N5,012386405,"DERCO AEROSPACE, INC.","DERCO AEROSPACE, INC.",,8X044,ZFN2JJXBLZT3,834951691,LOCKHEED MARTIN CORP,LOCKHEED MARTIN CORPORATION,USA,UNITED STATES,8000 W TOWER AVE,,MILWAUKEE,55079,MILWAUKEE,55,WI,WISCONSIN,532233216,WI-04,WI-04,4143713526,8605578273,USA,UNITED STATES,MILWAUKEE,55079,MILWAUKEE,55,WI,WISCONSIN,532233216,WI-04,WI-04,AWARD,C,DELIVERY ORDER,,,,,,,J,FIRM FIXED PRICE,8507145887!MISCELLANEOUS,,1,,,1550,UNMANNED AIRCRAFT,H,NOT BUNDLED,A1A,AIRFRAMES AND SPARES,336413,OTHER AIRCRAFT PARTS AND AUXILIARY EQUIPMENT MANUFACTURING,C,NO CLAUSES INCLUDED AND NO SUSTAINABILITY INCLUDED,A,U.S. OWNED BUSINESS,000,NONE,Z,NOT IT PRODUCTS OR SERVICES,E,NOT REQUIRED,USA,UNITED STATES,D,MFG IN U.S.,H,DOD COMPREHENSIVE SUBCONTRACT PLAN,C,NOT COMPETED,SSS,ONLY ONE SOURCE,,,NONE,NO PREFERENCE USED,,,,,ONE,ONLY ONE SOURCE-OTHER (FAR 6.302-1 OTHER),,D,COMMERCIAL ITEM PROCEDURES NOT USED,f,N,NO,N,NO,Y,YES,N,NO,,N,NO,Y,YES,N,NO,N,NO,X,NOT APPLICABLE,,,B,IDC,S,SINGLE AWARD,,NONE,NONE,Y,YES,,,N,TRANSACTION DOES NOT USE GFE/GFP,U,UNKNOWN,D,NOT CONSOLIDATED,X,NOT APPLICABLE,N,NO,Z,NOT APPLICABLE,N,NO,X,NOT APPLICABLE,f,f,f,f,f,f,f,f,f,f,f,f,f,f,f,f,f,f,f,OTHER THAN SMALL BUSINESS,O,f,f,f,f,f,f,f,f,f,f,f,f,f,f,f,f,f,CORPORATE NOT TAX EXEMPT,t,f,f,f,f,f,f,f,f,f,f,f,f,f,f,f,f,t,f,f,f,f,f,f,f,f,f,f,t,f,f,f,f,f,f,f,f,f,f,f,f,f,f,f,f,f,f,f,f,f,,,,,,,,,,,https://www.usaspending.gov/award/CONT_AWD_SPE4A520F9436_9700_SPE4AX20D9403_9700/,2020-04-05 07:38:44+00
CONT_AWD_SPE4AX19F3644_9700_SPE4AX19D9409_9700,SPE4AX19F3644,9700,DEPT OF DEFENSE,SPE4AX19D9409,,,,,,107784.00,0.00,107784.00,107784.00,2019-05-22,2019,2019-10-21,2020,2019-05-22,2019-07-31,2019-07-31 00:00:00,,,097,Department of Defense,97AS,Defense Logistics Agency,SPE4AX,DLA AVIATION,097,Department of Defense,97AS,Defense Logistics Agency,SPE4AX,DLA AVIATION,017-2019/2019-1804-000,017-1804,25.1: Advisory and assistance services,,X,NOT APPLICABLE,,,MF2LE5RK6L84,832963495,THE BOEING COMPANY,"BOEING COMPANY, THE",,0PXV4,NU2UC8MX6NK1,009256819,THE BOEING COMPANY,THE BOEING COMPANY,USA,UNITED STATES,6200 JS MCDONNELL BLVD,,SAINT LOUIS,29189,ST. LOUIS,29,MO,MISSOURI,631341939,MO-01,MO-01,4808911045,4258654452,USA,UNITED STATES,SAINT LOUIS,29189,SAINT LOUIS,29,MO,MISSOURI,631341939,MO-01,MO-01,AWARD,C,DELIVERY ORDER,,,,,,,J,FIRM FIXED PRICE,8506551394!ENGINEERING,,1,,,1550,UNMANNED AIRCRAFT,H,NOT BUNDLED,A1A,AIRFRAMES AND SPARES,336413,OTHER AIRCRAFT PARTS AND AUXILIARY EQUIPMENT MANUFACTURING,C,NO CLAUSES INCLUDED AND NO SUSTAINABILITY INCLUDED,A,U.S. OWNED BUSINESS,000,NONE,Z,NOT IT PRODUCTS OR SERVICES,E,NOT REQUIRED,USA,UNITED STATES,D,MFG IN U.S.,F,INDIVIDUAL SUBCONTRACT PLAN,C,NOT COMPETED,SSS,ONLY ONE SOURCE,,,NONE,NO PREFERENCE USED,,,,,ONE,ONLY ONE SOURCE-OTHER (FAR 6.302-1 OTHER),,D,COMMERCIAL ITEM PROCEDURES NOT USED,f,N,NO,N,NO,Y,YES,N,NO,,N,NO,Y,YES,N,NO,N,NO,X,NOT APPLICABLE,,,B,IDC,S,SINGLE AWARD,,NONE,NONE,Y,YES,,,N,TRANSACTION DOES NOT USE GFE/GFP,N,NO,D,NOT CONSOLIDATED,X,NOT APPLICABLE,Y,YES,Z,NOT APPLICABLE,N,NO,X,NOT APPLICABLE,f,f,f,f,f,f,f,f,f,f,f,f,f,f,f,f,f,f,f,OTHER THAN SMALL BUSINESS,O,f,f,f,f,f,f,f,f,f,f,f,f,f,f,f,f,f,CORPORATE NOT TAX EXEMPT,t,f,f,f,f,f,f,f,f,f,f,f,t,f,f,f,f,t,f,f,f,f,f,f,f,f,f,f,t,f,f,f,f,f,f,f,f,f,f,f,f,f,f,f,f,f,f,f,f,f,,,,,,,,,,,https://www.usaspending.gov/award/CONT_AWD_SPE4AX19F3644_9700_SPE4AX19D9409_9700/,2021-03-09 16:14:27+00
CONT_AWD_SPEFA119F0262_9700_SPRPA115G001Z_9700,SPEFA119F0262,9700,DEPT OF DEFENSE,SPRPA115G001Z,Q: Not Designated Nonemergency/Emergency/Disaster/Wildfire Suppression,,,,,46827.54,0.00,46827.54,46827.54,2019-05-06,2019,2020-10-19,2021,2019-05-06,2021-01-30,2021-01-30 00:00:00,,,097,Department of Defense,97AS,Defense Logistics Agency,SPEFA1,DLA AVIATION AT SAN DIEGO,097,Department of Defense,97AS,Defense Logistics Agency,SPEFA1,DLA AVIATION AT SAN DIEGO,097-X-4930-005,097-4930,26.0: Supplies and materials,0801: REIMBURSABLE,X,NOT APPLICABLE,,,T9XKQSKMW4J1,938535028,NORTHROP GRUMMAN SYSTEMS CORPORATION,NORTHROP GRUMMAN SYSTEMS CORPORATION,,76823,NKVZLJL93QT6,967356127,NORTHROP GRUMMAN CORPORATION,NORTHROP GRUMMAN SYSTEMS CORPORATION,USA,UNITED STATES,ONE HORNET WAY,,EL SEGUNDO,06037,LOS ANGELES,06,CA,CALIFORNIA,902452804,CA-33,CA-36,3103325465,3103317955,USA,UNITED STATES,EL SEGUNDO,06037,LOS ANGELES,06,CA,CALIFORNIA,902452804,CA-33,CA-36,AWARD,C,DELIVERY ORDER,,,,,,,J,FIRM FIXED PRICE,8506481191!BRACKET ASSEMBLY,SPEFA319T0245,1,,,1550,UNMANNED AIRCRAFT,H,NOT BUNDLED,A1A,AIRFRAMES AND SPARES,336413,OTHER AIRCRAFT PARTS AND AUXILIARY EQUIPMENT MANUFACTURING,C,NO CLAUSES INCLUDED AND NO SUSTAINABILITY INCLUDED,A,U.S. OWNED BUSINESS,000,NONE,Z,NOT IT PRODUCTS OR SERVICES,E,NOT REQUIRED,USA,UNITED STATES,D,MFG IN U.S.,B,PLAN NOT REQUIRED,F,COMPETED UNDER SAP,SP1,SIMPLIFIED ACQUISITION,NONE,NO SET ASIDE USED.,NONE,NO PREFERENCE USED,,,,,,,2,D,COMMERCIAL ITEM PROCEDURES NOT USED,f,,,N,NO,N,NO,N,NO,,N,NO,Y,YES,X,NOT APPLICABLE,N,NO,X,NOT APPLICABLE,,,D,BOA,S,SINGLE AWARD,,NONE,NONE,N,NO,,,N,TRANSACTION DOES NOT USE GFE/GFP,U,UNKNOWN,D,NOT CONSOLIDATED,X,NOT APPLICABLE,,,Z,NOT APPLICABLE,N,NO,X,NOT APPLICABLE,f,f,f,f,f,f,f,f,f,f,f,f,f,f,f,f,f,f,f,OTHER THAN SMALL BUSINESS,O,f,f,f,f,f,f,f,f,f,f,f,f,f,f,f,f,f,CORPORATE NOT TAX EXEMPT,t,f,f,f,f,f,f,f,f,f,f,f,f,f,f,f,f,t,f,f,f,f,f,f,f,f,f,f,t,f,f,f,f,f,f,f,f,f,f,f,f,f,f,f,f,f,f,f,f,f,,,,,,,,,,,https://www.usaspending.gov/award/CONT_AWD_SPEFA119F0262_9700_SPRPA115G001Z_9700/,2020-10-19 17:23:44+00
CONT_AWD_SPEFA518F0019_9700_SPRPA114G002X_9700,SPEFA518F0019,9700,DEPT OF DEFENSE,SPRPA114G002X,,,,,,9078.70,,9078.70,9078.70,2017-10-17,2018,2022-02-28,2022,2017-10-17,2022-07-31,2022-07-31 00:00:00,,,097,Department of Defense,97AS,Defense Logistics Agency,SPEFA5,"DLA AVIATION AT CHERRY POINT, NC",097,Department of Defense,97AS,Defense Logistics Agency,SPEFA5,"DLA AVIATION AT CHERRY POINT, NC",,,,,X,NOT APPLICABLE,,,E5K9VR2A1MW9,,BAE SYSTEMS PLC,BAE SYSTEMS PLC,,U9143,E5K9VR2A1MW9,,BAE SYSTEMS PLC,BAE SYSTEMS PLC,GBR,UNITED KINGDOM,6 CARLTON GARDENS,,LONDON,,,,,,SW1Y5AD,,,,,GBR,UNITED KINGDOM,,,,,,,BB2 7LF,,,AWARD,C,DELIVERY ORDER,,,,,,,J,FIRM FIXED PRICE,"8504847069!RH SPAR,AIRCRAFT / 75A367219-",SPEFA517Q3773,1,,,1550,UNMANNED AIRCRAFT,H,NOT BUNDLED,A1C,OTHER AIRCRAFT EQUIPMENT,336413,OTHER AIRCRAFT PARTS AND AUXILIARY EQUIPMENT MANUFACTURING,C,NO CLAUSES INCLUDED AND NO SUSTAINABILITY INCLUDED,D,FOREIGN-OWNED BUSINESS NOT INCORPORATED IN THE U.S.,000,NONE,Z,NOT IT PRODUCTS OR SERVICES,E,NOT REQUIRED,GBR,UNITED KINGDOM,L,MFG OUTSIDE U.S. - QUALIFYING COUNTRY (DOD ONLY),B,PLAN NOT REQUIRED,F,COMPETED UNDER SAP,SP1,SIMPLIFIED ACQUISITION,NONE,NO SET ASIDE USED.,NONE,NO PREFERENCE USED,,,,,,,1,D,COMMERCIAL ITEM PROCEDURES NOT USED,f,,,N,NO,N,NO,N,NO,,N,NO,X,NOT APPLICABLE,X,NOT APPLICABLE,X,NOT APPLICABLE,X,NOT APPLICABLE,,,D,BOA,S,SINGLE AWARD,,NONE,NONE,N,NO,,,N,TRANSACTION DOES NOT USE GFE/GFP,U,UNKNOWN,D,NOT CONSOLIDATED,X,NOT APPLICABLE,,,Z,NOT APPLICABLE,N,NO,X,NOT APPLICABLE,f,f,f,f,f,f,f,f,f,f,f,f,f,f,f,f,f,f,f,OTHER THAN SMALL BUSINESS,O,f,f,f,f,f,f,f,f,f,f,f,f,f,f,f,f,f,INTERNATIONAL ORG,f,f,f,f,f,t,f,f,f,f,f,f,t,f,f,f,f,t,f,f,f,f,f,f,f,f,f,t,t,f,f,f,f,f,f,f,f,f,f,f,f,f,f,f,f,f,f,f,f,f,,,,,,,,,,,https://www.usaspending.gov/award/CONT_AWD_SPEFA518F0019_9700_SPRPA114G002X_9700/,2022-02-28 14:16:00+00
CONT_AWD_SPRPA118F0003_9700_SPRPA114D002U_9700,SPRPA118F0003,9700,DEPT OF DEFENSE,SPRPA114D002U,,,,,,115393602.00,0.00,115393602.00,115393602.00,2018-04-10,2018,2020-02-12,2020,2018-04-10,2019-06-09,2019-06-09 00:00:00,,2018-04-10,097,Department of Defense,97AS,Defense Logistics Agency,SPRPA1,"DLA AVIATION AT PHILADELPHIA, PA",097,Department of Defense,97AS,Defense Logistics Agency,SPRPA1,"DLA AVIATION AT PHILADELPHIA, PA",097-X-4930-005,097-4930,25.2: Other services from non-Federal sources,,X,NOT APPLICABLE,,,MF2LE5RK6L84,832963495,THE BOEING COMPANY,"BOEING COMPANY, THE",,0PXV4,NU2UC8MX6NK1,009256819,THE BOEING COMPANY,THE BOEING COMPANY,USA,UNITED STATES,6200 JS MCDONNELL BLVD,,SAINT LOUIS,29189,ST. LOUIS,29,MO,MISSOURI,631341939,MO-01,MO-01,4808911045,5627951525,USA,UNITED STATES,SAINT LOUIS,29189,SAINT LOUIS,29,MO,MISSOURI,631341939,MO-01,MO-01,AWARD,C,DELIVERY ORDER,,,,,,,J,FIRM FIXED PRICE,8505323388!PERFORMANCE BASED SUPPORT,,1,,,1550,UNMANNED AIRCRAFT,H,NOT BUNDLED,A1A,AIRFRAMES AND SPARES,336413,OTHER AIRCRAFT PARTS AND AUXILIARY EQUIPMENT MANUFACTURING,C,NO CLAUSES INCLUDED AND NO SUSTAINABILITY INCLUDED,A,U.S. OWNED BUSINESS,000,NONE,Z,NOT IT PRODUCTS OR SERVICES,E,NOT REQUIRED,USA,UNITED STATES,D,MFG IN U.S.,C,PLAN REQUIRED - INCENTIVE NOT INCLUDED,C,NOT COMPETED,SSS,ONLY ONE SOURCE,,,NONE,NO PREFERENCE USED,,,,,ONE,ONLY ONE SOURCE-OTHER (FAR 6.302-1 OTHER),,D,COMMERCIAL ITEM PROCEDURES NOT USED,f,N,NO,N,NO,Y,YES,N,NO,,N,NO,Y,YES,X,NOT APPLICABLE,X,NOT APPLICABLE,X,NOT APPLICABLE,,,B,IDC,S,SINGLE AWARD,,NONE,NONE,Y,YES,,,N,TRANSACTION DOES NOT USE GFE/GFP,U,UNKNOWN,D,NOT CONSOLIDATED,X,NOT APPLICABLE,N,NO,Z,NOT APPLICABLE,N,NO,X,NOT APPLICABLE,f,f,f,f,f,f,f,f,f,f,f,f,f,f,f,f,f,f,f,OTHER THAN SMALL BUSINESS,O,f,f,f,f,f,f,f,f,f,f,f,f,f,f,f,f,f,CORPORATE NOT TAX EXEMPT,t,f,f,f,f,f,f,f,f,f,f,f,t,f,f,f,f,t,f,f,f,f,f,f,f,f,f,f,t,f,f,f,f,f,f,f,f,f,f,f,f,f,f,f,f,f,f,f,f,f,,,,,,,,,,,https://www.usaspending.gov/award/CONT_AWD_SPRPA118F0003_9700_SPRPA114D002U_9700/,2020-02-12 14:37:15+00
CONT_AWD_SPRPA118F0004_9700_SPRPA114D002U_9700,SPRPA118F0004,9700,DEPT OF DEFENSE,SPRPA114D002U,Q: Not Designated Nonemergency/Emergency/Disaster/Wildfire Suppression,,,,,9435026.00,535066.92,9435026.00,9435026.00,2018-04-10,2018,2023-09-11,2023,2018-04-10,2025-12-31,2025-12-31 00:00:00,,,097,Department of Defense,97AS,Defense Logistics Agency,SPRPA1,"DLA AVIATION AT PHILADELPHIA, PA",097,Department of Defense,97AS,Defense Logistics Agency,SPRPA1,"DLA AVIATION AT PHILADELPHIA, PA",097-X-4930-005,097-4930,25.2: Other services from non-Federal sources,0801: REIMBURSABLE,X,NOT APPLICABLE,,,MF2LE5RK6L84,,THE BOEING COMPANY,"BOEING COMPANY, THE",,0PXV4,NU2UC8MX6NK1,,THE BOEING COMPANY,THE BOEING COMPANY,USA,UNITED STATES,6200 JS MCDONNELL BLVD,,SAINT LOUIS,29189,ST. LOUIS,29,MO,MISSOURI,631341939,MO-01,MO-01,4808911045,5627951525,USA,UNITED STATES,SAINT LOUIS,29189,SAINT LOUIS,29,MO,MISSOURI,631341939,MO-01,MO-01,AWARD,C,DELIVERY ORDER,,,,,,,J,FIRM FIXED PRICE,8505330936!PERFORMANCE BASED SUPPORT,,1,,,1550,UNMANNED AIRCRAFT,H,NOT BUNDLED,A1A,AIRFRAMES AND SPARES,336413,OTHER AIRCRAFT PARTS AND AUXILIARY EQUIPMENT MANUFACTURING,C,NO CLAUSES INCLUDED AND NO SUSTAINABILITY INCLUDED,A,U.S. OWNED BUSINESS,000,NONE,Z,NOT IT PRODUCTS OR SERVICES,E,NOT REQUIRED,USA,UNITED STATES,D,MFG IN U.S.,C,PLAN REQUIRED - INCENTIVE NOT INCLUDED,C,NOT COMPETED,SSS,ONLY ONE SOURCE,,,NONE,NO PREFERENCE USED,,,,,ONE,ONLY ONE SOURCE-OTHER (FAR 6.302-1 OTHER),,D,COMMERCIAL PRODUCTS/SERVICES PROCEDURES NOT USED,f,N,NO,N,NO,Y,YES,N,NO,,N,NO,Y,YES,X,NOT APPLICABLE,X,NOT APPLICABLE,X,NOT APPLICABLE,,,B,IDC,S,SINGLE AWARD,,NONE,NONE,Y,YES,,,N,TRANSACTION DOES NOT USE GFE/GFP,U,UNKNOWN,D,NOT CONSOLIDATED,X,NOT APPLICABLE,N,NO,Z,NOT APPLICABLE,N,NO,X,NOT APPLICABLE,f,f,f,f,f,f,f,f,f,f,f,f,f,f,f,f,f,f,f,OTHER THAN SMALL BUSINESS,O,f,f,f,f,f,f,f,f,f,f,f,f,f,f,f,f,f,CORPORATE NOT TAX EXEMPT,t,f,f,f,f,f,f,f,f,f,f,f,t,f,f,f,f,t,f,f,f,f,f,f,f,f,f,f,t,f,f,f,f,f,f,f,f,f,f,f,f,f,f,f,f,f,f,f,f,f,,,,,,,,,,,https://www.usaspending.gov/award/CONT_AWD_SPRPA118F0004_9700_SPRPA114D002U_9700/,2023-09-11 15:16:37+00
CONT_AWD_SPRPA119F0007_9700_SPRPA114D002U_9700,SPRPA119F0007,9700,DEPT OF DEFENSE,SPRPA114D002U,Q: Not Designated Nonemergency/Emergency/Disaster/Wildfire Suppression,,,,,73856708.00,0.00,73856708.00,73856708.00,2019-05-15,2019,2024-11-06,2025,2019-05-15,2020-07-18,2020-07-18 00:00:00,,2019-05-15,097,Department of Defense,97AS,Defense Logistics Agency,SPRPA1,"DLA AVIATION AT PHILADELPHIA, PA",097,Department of Defense,97AS,Defense Logistics Agency,SPRPA1,"DLA AVIATION AT PHILADELPHIA, PA",097-X-4930-005,097-4930,25.2: Other services from non-Federal sources,0801: REIMBURSABLE,X,NOT APPLICABLE,,,MF2LE5RK6L84,,THE BOEING COMPANY,"BOEING COMPANY, THE",,0PXV4,NU2UC8MX6NK1,,THE BOEING COMPANY,THE BOEING COMPANY,USA,UNITED STATES,6200 JS MCDONNELL BLVD,,SAINT LOUIS,29189,ST. LOUIS,29,MO,MISSOURI,631341939,MO-01,MO-01,4808911045,5627951525,USA,UNITED STATES,SAINT LOUIS,29189,SAINT LOUIS,29,MO,MISSOURI,631341939,MO-01,MO-01,AWARD,C,DELIVERY ORDER,,,,,,,J,FIRM FIXED PRICE,8506524388!PERFORMANCE BASED SUPPORT,,1,,,1550,UNMANNED AIRCRAFT,H,NOT BUNDLED,A1A,AIRFRAMES AND SPARES,336413,OTHER AIRCRAFT PARTS AND AUXILIARY EQUIPMENT MANUFACTURING,C,NO CLAUSES INCLUDED AND NO SUSTAINABILITY INCLUDED,A,U.S. OWNED BUSINESS,000,NONE,Z,NOT IT PRODUCTS OR SERVICES,E,NOT REQUIRED,USA,UNITED STATES,D,MFG IN U.S.,C,PLAN REQUIRED - INCENTIVE NOT INCLUDED,C,NOT COMPETED,SSS,ONLY ONE SOURCE,,,NONE,NO PREFERENCE USED,,,,,ONE,ONLY ONE SOURCE-OTHER (FAR 6.302-1 OTHER),,D,COMMERCIAL PRODUCTS/SERVICES PROCEDURES NOT USED,f,N,NO,N,NO,Y,YES,N,NO,,N,NO,Y,YES,X,NOT APPLICABLE,X,NOT APPLICABLE,X,NOT APPLICABLE,,,B,IDC,S,SINGLE AWARD,,,,Y,YES,,,N,TRANSACTION DOES NOT USE GFE/GFP,U,UNKNOWN,D,NOT CONSOLIDATED,X,NOT APPLICABLE,N,NO,Z,NOT APPLICABLE,N,NO,X,NOT APPLICABLE,f,f,f,f,f,f,f,f,f,f,f,f,f,f,f,f,f,f,f,OTHER THAN SMALL BUSINESS,O,f,f,f,f,f,f,f,f,f,f,f,f,f,f,f,f,f,CORPORATE NOT TAX EXEMPT,t,f,f,f,f,f,f,f,f,f,f,f,t,f,f,f,f,t,f,f,f,f,f,f,f,f,f,f,t,f,f,f,f,f,f,f,f,f,f,f,f,f,f,f,f,f,f,f,f,f,,,,,,,,,,,https://www.usaspending.gov/award/CONT_AWD_SPRPA119F0007_9700_SPRPA114D002U_9700/,2024-11-06 08:47:54+00
CONT_AWD_SPRPA119F0010_9700_SPRPA117D003U_9700,SPRPA119F0010,9700,DEPT OF DEFENSE,SPRPA117D003U,Q: Not Designated Nonemergency/Emergency/Disaster/Wildfire Suppression,,,,,4293395.63,848523.00,4293395.63,4293395.63,2019-06-24,2019,2025-02-26,2025,2019-06-24,2020-10-08,2020-10-08 00:00:00,,2019-06-24,097,Department of Defense,97AS,Defense Logistics Agency,SPRPA1,"DLA AVIATION AT PHILADELPHIA, PA",097,Department of Defense,97AS,Defense Logistics Agency,SPRPA1,"DLA AVIATION AT PHILADELPHIA, PA",097-X-4930-005,097-4930,25.2: Other services from non-Federal sources,0801: REIMBURSABLE;OPTN: FIELD IS OPTIONAL PRIOR TO FY21,X,NOT APPLICABLE,,,MF2LE5RK6L84,,THE BOEING COMPANY,"BOEING COMPANY, THE",,0PXV4,NU2UC8MX6NK1,,THE BOEING COMPANY,THE BOEING COMPANY,USA,UNITED STATES,6200 JS MCDONNELL BLVD,,SAINT LOUIS,29189,ST. LOUIS,29,MO,MISSOURI,631341939,MO-01,MO-01,4808911045,4258654452,USA,UNITED STATES,SAINT LOUIS,29189,SAINT LOUIS,29,MO,MISSOURI,631341939,MO-01,MO-01,AWARD,C,DELIVERY ORDER,,,,,,,J,FIRM FIXED PRICE,8506624409!PERFORMANCE BASED SUPPORT,,1,,,1550,UNMANNED AIRCRAFT,H,NOT BUNDLED,A1A,AIRFRAMES AND SPARES,336413,OTHER AIRCRAFT PARTS AND AUXILIARY EQUIPMENT MANUFACTURING,C,NO CLAUSES INCLUDED AND NO SUSTAINABILITY INCLUDED,A,U.S. OWNED BUSINESS,000,NONE,Z,NOT IT PRODUCTS OR SERVICES,E,NOT REQUIRED,USA,UNITED STATES,D,MFG IN U.S.,B,PLAN NOT REQUIRED,C,NOT COMPETED,SSS,ONLY ONE SOURCE,,,NONE,NO PREFERENCE USED,,,,,ONE,ONLY ONE SOURCE-OTHER (FAR 6.302-1 OTHER),,A,COMMERCIAL PRODUCTS/SERVICES,f,N,NO,N,NO,N,NO,N,NO,,N,NO,X,NOT APPLICABLE,X,NOT APPLICABLE,X,NOT APPLICABLE,X,NOT APPLICABLE,,,B,IDC,S,SINGLE AWARD,,,,N,NO,,,N,TRANSACTION DOES NOT USE GFE/GFP,U,UNKNOWN,D,NOT CONSOLIDATED,X,NOT APPLICABLE,N,NO,Z,NOT APPLICABLE,N,NO,X,NOT APPLICABLE,f,f,f,f,f,f,f,f,f,f,f,f,f,f,f,f,f,f,f,OTHER THAN SMALL BUSINESS,O,f,f,f,f,f,f,f,f,f,f,f,f,f,f,f,f,f,CORPORATE NOT TAX EXEMPT,t,f,f,f,f,f,f,f,f,f,f,f,t,f,f,f,f,t,f,f,f,f,f,f,f,f,f,f,t,f,f,f,f,f,f,f,f,f,f,f,f,f,f,f,f,f,f,f,f,f,,,,,,,,,,,https://www.usaspending.gov/award/CONT_AWD_SPRPA119F0010_9700_SPRPA117D003U_9700/,2025-02-26 09:15:53+00
CONT_AWD_SPRPA119F0013_9700_SPRPA114D002U_9700,SPRPA119F0013,9700,DEPT OF DEFENSE,SPRPA114D002U,,,,,,21740861.58,0.00,21740861.58,21740861.58,2019-09-12,2019,2020-01-09,2020,2019-09-12,2020-09-16,2020-09-16 00:00:00,,2019-09-12,097,Department of Defense,97AS,Defense Logistics Agency,SPRPA1,"DLA AVIATION AT PHILADELPHIA, PA",097,Department of Defense,97AS,Defense Logistics Agency,SPRPA1,"DLA AVIATION AT PHILADELPHIA, PA",097-X-4930-005,097-4930,25.2: Other services from non-Federal sources,,X,NOT APPLICABLE,,,MF2LE5RK6L84,,THE BOEING COMPANY,"BOEING COMPANY, THE",,0PXV4,NU2UC8MX6NK1,,THE BOEING COMPANY,THE BOEING COMPANY,USA,UNITED STATES,6200 JS MCDONNELL BLVD,,SAINT LOUIS,29189,ST. LOUIS,29,MO,MISSOURI,631341939,MO-01,MO-01,4808911045,5627951525,USA,UNITED STATES,SAINT LOUIS,29189,SAINT LOUIS,29,MO,MISSOURI,631341939,MO-01,MO-01,AWARD,C,DELIVERY ORDER,,,,,,,J,FIRM FIXED PRICE,8506814456!PERFORMANCE BASED SUPPORT,,1,,,1550,UNMANNED AIRCRAFT,H,NOT BUNDLED,A1A,AIRFRAMES AND SPARES,336413,OTHER AIRCRAFT PARTS AND AUXILIARY EQUIPMENT MANUFACTURING,C,NO CLAUSES INCLUDED AND NO SUSTAINABILITY INCLUDED,A,U.S. OWNED BUSINESS,000,NONE,Z,NOT IT PRODUCTS OR SERVICES,E,NOT REQUIRED,USA,UNITED STATES,D,MFG IN U.S.,C,PLAN REQUIRED - INCENTIVE NOT INCLUDED,C,NOT COMPETED,SSS,ONLY ONE SOURCE,,,NONE,NO PREFERENCE USED,,,,,ONE,ONLY ONE SOURCE-OTHER (FAR 6.302-1 OTHER),,D,COMMERCIAL ITEM PROCEDURES NOT USED,f,N,NO,N,NO,Y,YES,N,NO,,N,NO,Y,YES,X,NOT APPLICABLE,X,NOT APPLICABLE,X,NOT APPLICABLE,,,B,IDC,S,SINGLE AWARD,,NONE,NONE,Y,YES,,,N,TRANSACTION DOES NOT USE GFE/GFP,U,UNKNOWN,D,NOT CONSOLIDATED,X,NOT APPLICABLE,N,NO,Z,NOT APPLICABLE,N,NO,X,NOT APPLICABLE,f,f,f,f,f,f,f,f,f,f,f,f,f,f,f,f,f,f,f,OTHER THAN SMALL BUSINESS,O,f,f,f,f,f,f,f,f,f,f,f,f,f,f,f,f,f,CORPORATE NOT TAX EXEMPT,t,f,f,f,f,f,f,f,f,f,f,f,t,f,f,f,f,t,f,f,f,f,f,f,f,f,f,f,t,f,f,f,f,f,f,f,f,f,f,f,f,f,f,f,f,f,f,f,f,f,,,,,,,,,,,https://www.usaspending.gov/award/CONT_AWD_SPRPA119F0013_9700_SPRPA114D002U_9700/,2025-04-23 13:46:33+00
CONT_AWD_SPRPA120F0001_9700_SPE4A115G0001_9700,SPRPA120F0001,9700,DEPT OF DEFENSE,SPE4A115G0001,,,,,,12758.00,0.00,12758.00,12758.00,2019-11-05,2020,2020-02-13,2020,2019-11-05,2019-12-31,2019-12-31 00:00:00,,,097,Department of Defense,9763,Defense Contract Management Agency,S2606A,DCMA FIXED WING ST LOUIS,097,Department of Defense,97AS,Defense Logistics Agency,SPRPA1,"DLA AVIATION AT PHILADELPHIA, PA",097-X-4930-005,097-4930,25.2: Other services from non-Federal sources,,X,NOT APPLICABLE,,,MF2LE5RK6L84,,THE BOEING COMPANY,"BOEING COMPANY, THE",,0PXV4,NU2UC8MX6NK1,,THE BOEING COMPANY,THE BOEING COMPANY,USA,UNITED STATES,6200 JS MCDONNELL BLVD,,SAINT LOUIS,29189,ST. LOUIS,29,MO,MISSOURI,631341939,MO-01,MO-01,4808911045,4258654452,USA,UNITED STATES,SAINT LOUIS,29189,SAINT LOUIS,29,MO,MISSOURI,631341939,MO-01,MO-01,AWARD,C,DELIVERY ORDER,,,,,,,J,FIRM FIXED PRICE,8506878955!TOOLING,,1,,,1550,UNMANNED AIRCRAFT,H,NOT BUNDLED,A1A,AIRFRAMES AND SPARES,336413,OTHER AIRCRAFT PARTS AND AUXILIARY EQUIPMENT MANUFACTURING,C,NO CLAUSES INCLUDED AND NO SUSTAINABILITY INCLUDED,A,U.S. OWNED BUSINESS,000,NONE,Z,NOT IT PRODUCTS OR SERVICES,E,NOT REQUIRED,USA,UNITED STATES,D,MFG IN U.S.,B,PLAN NOT REQUIRED,F,COMPETED UNDER SAP,SP1,SIMPLIFIED ACQUISITION,NONE,NO SET ASIDE USED.,NONE,NO PREFERENCE USED,,,,,,,1,D,COMMERCIAL ITEM PROCEDURES NOT USED,f,,,N,NO,N,NO,N,NO,,N,NO,Y,YES,X,NOT APPLICABLE,X,NOT APPLICABLE,X,NOT APPLICABLE,,,D,BOA,S,SINGLE AWARD,,NONE,NONE,N,NO,Y,YES - CAS CLAUSE INCLUDED,N,TRANSACTION DOES NOT USE GFE/GFP,U,UNKNOWN,D,NOT CONSOLIDATED,X,NOT APPLICABLE,,,Z,NOT APPLICABLE,N,NO,X,NOT APPLICABLE,f,f,f,f,f,f,f,f,f,f,f,f,f,f,f,f,f,f,f,OTHER THAN SMALL BUSINESS,O,f,f,f,f,f,f,f,f,f,f,f,f,f,f,f,f,f,CORPORATE NOT TAX EXEMPT,t,f,f,f,f,f,f,f,f,f,f,f,t,f,f,f,f,t,f,f,f,f,f,f,f,f,f,f,t,f,f,f,f,f,f,f,f,f,f,f,f,f,f,f,f,f,f,f,f,f,,,,,,,,,,,https://www.usaspending.gov/award/CONT_AWD_SPRPA120F0001_9700_SPE4A115G0001_9700/,2025-03-04 11:19:50+00
CONT_AWD_SPRPA120F0002_9700_SPE4A115G0001_9700,SPRPA120F0002,9700,DEPT OF DEFENSE,SPE4A115G0001,,,,,,35866.00,0.00,35866.00,35866.00,2019-11-05,2020,2023-09-18,2023,2019-11-05,2020-02-07,2020-02-07 00:00:00,,,097,Department of Defense,97AS,Defense Logistics Agency,SPRPA1,"DLA AVIATION AT PHILADELPHIA, PA",097,Department of Defense,97AS,Defense Logistics Agency,SPRPA1,"DLA AVIATION AT PHILADELPHIA, PA",097-X-4930-005,097-4930,25.2: Other services from non-Federal sources,,X,NOT APPLICABLE,,,MF2LE5RK6L84,,THE BOEING COMPANY,"BOEING COMPANY, THE",,0PXV4,NU2UC8MX6NK1,,THE BOEING COMPANY,THE BOEING COMPANY,USA,UNITED STATES,6200 JS MCDONNELL BLVD,,SAINT LOUIS,29189,ST. LOUIS,29,MO,MISSOURI,631341939,MO-01,MO-01,4808911045,4258654452,USA,UNITED STATES,SAINT LOUIS,29189,SAINT LOUIS,29,MO,MISSOURI,631341939,MO-01,MO-01,AWARD,C,DELIVERY ORDER,,,,,,,J,FIRM FIXED PRICE,8506884247!TOOLING,,1,,,1550,UNMANNED AIRCRAFT,H,NOT BUNDLED,A1A,AIRFRAMES AND SPARES,336413,OTHER AIRCRAFT PARTS AND AUXILIARY EQUIPMENT MANUFACTURING,C,NO CLAUSES INCLUDED AND NO SUSTAINABILITY INCLUDED,A,U.S. OWNED BUSINESS,000,NONE,Z,NOT IT PRODUCTS OR SERVICES,E,NOT REQUIRED,USA,UNITED STATES,D,MFG IN U.S.,B,PLAN NOT REQUIRED,F,COMPETED UNDER SAP,SP1,SIMPLIFIED ACQUISITION,NONE,NO SET ASIDE USED.,NONE,NO PREFERENCE USED,,,,,,,1,D,COMMERCIAL PRODUCTS/SERVICES PROCEDURES NOT USED,f,,,N,NO,N,NO,N,NO,,N,NO,Y,YES,X,NOT APPLICABLE,X,NOT APPLICABLE,X,NOT APPLICABLE,,,D,BOA,S,SINGLE AWARD,,NONE,NONE,N,NO,Y,YES - CAS CLAUSE INCLUDED,N,TRANSACTION DOES NOT USE GFE/GFP,U,UNKNOWN,D,NOT CONSOLIDATED,X,NOT APPLICABLE,,,Z,NOT APPLICABLE,N,NO,X,NOT APPLICABLE,f,f,f,f,f,f,f,f,f,f,f,f,f,f,f,f,f,f,f,OTHER THAN SMALL BUSINESS,O,f,f,f,f,f,f,f,f,f,f,f,f,f,f,f,f,f,CORPORATE NOT TAX EXEMPT,t,f,f,f,f,f,f,f,f,f,f,f,t,f,f,f,f,t,f,f,f,f,f,f,f,f,f,f,t,f,f,f,f,f,f,f,f,f,f,f,f,f,f,f,f,f,f,f,f,f,,,,,,,,,,,https://www.usaspending.gov/award/CONT_AWD_SPRPA120F0002_9700_SPE4A115G0001_9700/,2025-03-04 11:19:50+00
CONT_AWD_W31P4Q04C0082_9700_-NONE-_-NONE-,W31P4Q04C0082,,,,,,,,,253875214.72,,0.00,0.00,2004-03-19,2004,2023-10-18,2024,2004-03-19,2010-04-30,2010-04-30 00:00:00,,,097,Department of Defense,9763,Defense Contract Management Agency,S0302A,DCMA MOUNTAIN PACIFIC,097,Department of Defense,2100,Department of the Army,W31P4Q,W6QK ACC-RSA,,,,,X,NOT APPLICABLE,,,KD8LDKMJQF68,,NORTHROP GRUMMAN SYSTEMS CORPORATION,NORTHROP GRUMMAN SPACE & MISSI,,0J198,NKVZLJL93QT6,,NORTHROP GRUMMAN CORPORATION,NORTHROP GRUMMAN SYSTEMS CORPORATION,USA,UNITED STATES,1800 GLENN CURTISS DRIVE,,CARSON,06037,LOS ANGELES,06,CA,CALIFORNIA,90746,CA-33,CA-44,,,USA,UNITED STATES,SIERRA VISTA,04003,COCHISE,04,AZ,ARIZONA,856352273,AZ-06,AZ-06,AWARD,D,DEFINITIVE CONTRACT,,,,,,,U,COST PLUS FIXED FEE,200408!002416!2100!W31P4Q!USA AVIATION AND MISSILE COMMAND!W31P4Q04C0082  !A!N! !N!             !      !20040319!20071030!614227643!004179453!016435559!N!NORTHROP GRUMMAN SPACE & MISSI!1800 GLENN CURTISS DRIVE  !CARSON              !CA!90746!11530!037!06!CARSON              !LOS ANGELES           !CALIFORNIA!+000015078394!N!N!000000000000!1550!DRONES                                            !A1A!AIRFRAMES AND SPARES                !000 !*                             !336413!E! !3! ! ! ! ! !99990909!B! ! !A! !D!N!U!1!001!N!1G!A!Y!Z! !  !N!C!N! ! ! !A!A!A!A!000!A!C!N! ! ! ! !    !      !0001! !,,1,,,1550,UNMANNED AIRCRAFT,D,NOT A BUNDLED REQUIREMENT,A1A,AIRFRAMES AND SPARES,336413,OTHER AIRCRAFT PARTS AND AUXILIARY EQUIPMENT MANUFACTURING,C,NO CLAUSES INCLUDED AND NO SUSTAINABILITY INCLUDED,,,000,NONE,Z,NOT IT PRODUCTS OR SERVICES,E,NOT REQUIRED,USA,UNITED STATES,D,MFG IN U.S.,C,PLAN REQUIRED - INCENTIVE NOT INCLUDED,C,NOT COMPETED,SSS,ONLY ONE SOURCE,NONE,NO SET ASIDE USED.,NONE,NO PREFERENCE USED,,,,,ONE,ONLY ONE SOURCE-OTHER (FAR 6.302-1 OTHER),1,D,COMMERCIAL PRODUCTS/SERVICES PROCEDURES NOT USED,f,N,NO,N,NO,Y,YES,,,0.00,N,NO,Y,YES,X,NOT APPLICABLE,X,NOT APPLICABLE,X,NOT APPLICABLE,,,,,,,,NONE,NONE,Y,YES,X,NOT APPLICABLE EXEMPT FROM CAS,N,TRANSACTION DOES NOT USE GFE/GFP,N,NO,N,NO,X,NOT APPLICABLE,N,NO,Z,NOT APPLICABLE,N,NO,X,NOT APPLICABLE,f,f,f,f,f,f,f,f,f,f,f,f,f,f,f,f,f,f,f,OTHER THAN SMALL BUSINESS,O,f,f,f,f,f,f,f,f,f,f,f,f,f,f,f,f,f,,f,f,f,f,f,f,f,f,f,f,f,f,f,f,f,f,f,f,f,f,f,f,f,f,f,f,f,f,f,f,f,f,f,f,f,f,f,f,f,f,f,f,f,f,f,f,f,f,f,f,,,,,,,,,,,https://www.usaspending.gov/award/CONT_AWD_W31P4Q04C0082_9700_-NONE-_-NONE-/,2023-10-18 13:48:25+00
CONT_AWD_W31P4Q06C0292_9700_-NONE-_-NONE-,W31P4Q06C0292,,,,,,,,,238363385.68,,225230179.88,225230179.88,2006-05-04,2006,2025-05-14,2025,2006-05-04,2011-04-30,2011-04-30 12:04:00,,,097,Department of Defense,2100,Department of the Army,W31P4Q,W6QK ACC-RSA,097,Department of Defense,2100,Department of the Army,W81UHH,W6DQ 01 PEO AVN,,,,,X,NOT APPLICABLE,,,SNJ8YY61GB95,,TEXTRON SYSTEMS CORPORATION,AAI CORPORATION,,97384,HKUMGJBEMKN3,,TEXTRON INC,TEXTRON INC.,USA,UNITED STATES,124 INDUSTRY LN,,HUNT VALLEY,24005,BALTIMORE,24,MD,MARYLAND,21031,MD-02,MD-02,,,USA,UNITED STATES,HUNT VALLEY,24005,BALTIMORE,24,MD,MARYLAND,210311422,MD-02,MD-02,AWARD,D,DEFINITIVE CONTRACT,,,,,,,J,FIRM FIXED PRICE,200608!003319!2100!W31P4Q!USA AVIATION AND MISSILE COMMAND!W31P4Q06C0292  !A!N! !N!             !      !20060504!20090430!003090198!003090198!001527852!N!AAI CORPORATION               !124 INDUSTRY LN           !HUNT VALLEY         !MD!21031!41100!005!24!HUNT VALLEY         !BALTIMORE             !MARYLAND  !+000087154526!N!N!000000000000!1550!DRONES                                            !A1A!AIRFRAMES AND SPARES                !272 !TACTICAL UAV                  !336411!E! !3! ! ! ! ! !99990909!B! ! !A! !D!N!J!1!001!N!1G!A!Y!F! !  !N!C!N! ! ! !A!A!A!A!000!A!C!N! ! ! ! !    !      !0001! !,,1,,,1550,UNMANNED AIRCRAFT,D,NOT A BUNDLED REQUIREMENT,A1A,AIRFRAMES AND SPARES,336411,AIRCRAFT MANUFACTURING,C,NO CLAUSES INCLUDED AND NO SUSTAINABILITY INCLUDED,,,272,TACTICAL UAV,,,E,NOT REQUIRED,,,,,C,PLAN REQUIRED - INCENTIVE NOT INCLUDED,C,NOT COMPETED,SSS,ONLY ONE SOURCE,NONE,NO SET ASIDE USED.,NONE,NO PREFERENCE USED,,,,,ONE,ONLY ONE SOURCE-OTHER (FAR 6.302-1 OTHER),1,D,COMMERCIAL PRODUCTS/SERVICES PROCEDURES NOT USED,f,N,NO,N,NO,Y,YES,,,0.00,N,NO,Y,YES,X,NOT APPLICABLE,X,NOT APPLICABLE,X,NOT APPLICABLE,,,,,,,,,,Y,YES,X,NOT APPLICABLE EXEMPT FROM CAS,Y,TRANSACTION USES GFE/GFP,N,NO,N,NO,X,NOT APPLICABLE,N,NO,F,PERFORMANCE-BASED FINANCING,N,NO,X,NOT APPLICABLE,f,f,f,f,f,f,f,f,f,f,f,f,f,f,f,f,f,f,f,OTHER THAN SMALL BUSINESS,O,f,f,f,f,f,f,f,f,f,f,f,f,f,f,f,f,f,,f,f,f,f,f,f,f,f,f,f,f,f,f,f,f,f,f,f,f,f,f,f,f,f,f,f,f,f,f,f,f,f,f,f,f,f,f,f,f,f,f,f,f,f,f,f,f,f,f,f,,,,,,,,,,,https://www.usaspending.gov/award/CONT_AWD_W31P4Q06C0292_9700_-NONE-_-NONE-/,2025-05-14 17:01:43+00
CONT_AWD_W31P4Q14C0158_9700_-NONE-_-NONE-,W31P4Q14C0158,,,,,,,,,4024879.40,0.00,4024879.40,35518918.03,2014-08-19,2014,2026-05-29,2026,2014-08-18,2017-12-31,2020-02-17 00:00:00,,,097,Department of Defense,2100,Department of the Army,W900KK,W6QK ACC-APG-ORLANDO,097,Department of Defense,2100,Department of the Army,W906ZL,W6EC CPE ST3 ORLANDO,017-2018/2019-1319-000;021-2018/2019-2040-000;021-2019/2020-2040-000;097-2017/2017-0100-000,017-1319;021-2040;097-0100,25.3: Other goods and services from Federal sources;25.7: Operation and maintenance of equipment;26.0: Supplies and materials,,X,NOT APPLICABLE,,,GVAZBHN26HL8,,"GRIFFON AEROSPACE, INC.","GRIFFON AEROSPACE, INC.",,1MZ42,GVAZBHN26HL8,,"GRIFFON AEROSPACE, INC.",GRIFFON AEROSPACE  INC.,USA,UNITED STATES,106 COMMERCE CIRCLE,,MADISON,01089,MADISON,01,AL,ALABAMA,357581864,AL-05,AL-05,2562580035,2562580039,USA,UNITED STATES,MADISON,01089,MADISON,01,AL,ALABAMA,357581864,AL-05,AL-05,AWARD,D,DEFINITIVE CONTRACT,,,,,,,J,FIRM FIXED PRICE,BASIC CONTRACT AWARD FOR ENGINEERING SERVICES WITH VARIOUS OPTION SLINS FOR HARDWARE AND SERVICES OVER A 5-YEAR PERIOD.,W31P4Q14R0016,1,,,1550,UNMANNED AIRCRAFT,D,NOT A BUNDLED REQUIREMENT,A1C,OTHER AIRCRAFT EQUIPMENT,336413,OTHER AIRCRAFT PARTS AND AUXILIARY EQUIPMENT MANUFACTURING,C,NO CLAUSES INCLUDED AND NO SUSTAINABILITY INCLUDED,A,U.S. OWNED BUSINESS,000,NONE,Z,NOT IT PRODUCTS OR SERVICES,E,NOT REQUIRED,USA,UNITED STATES,D,MFG IN U.S.,B,PLAN NOT REQUIRED,C,NOT COMPETED,SSS,ONLY ONE SOURCE,NONE,NO SET ASIDE USED.,NONE,NO PREFERENCE USED,,,,,ONE,ONLY ONE SOURCE-OTHER (FAR 6.302-1 OTHER),1,D,COMMERCIAL PRODUCTS/SERVICES PROCEDURES NOT USED,f,N,NO,N,NO,Y,YES,N,NO,0.00,N,NO,Y,YES,X,NOT APPLICABLE,N,NO,X,NOT APPLICABLE,,,,,,,,,,Y,YES,X,NOT APPLICABLE EXEMPT FROM CAS,N,TRANSACTION DOES NOT USE GFE/GFP,N,NO,N,NO,X,NOT APPLICABLE,N,NO,A,FAR 52.232-16 PROGRESS PAYMENTS,N,NO,X,NOT APPLICABLE,f,f,f,f,f,f,f,f,f,f,f,f,f,f,f,f,f,f,f,SMALL BUSINESS,S,f,f,f,f,f,f,f,f,f,f,f,f,f,f,f,f,f,OTHER,f,f,f,f,f,f,f,f,f,f,f,f,t,f,f,f,f,t,f,f,f,f,f,f,f,t,f,f,t,f,f,f,f,f,f,f,f,f,f,f,f,f,f,f,f,f,f,f,f,f,LARRY A FRENCH,811753.00,JOHN  COWLEY,276746.00,DAWSON  VINCENT,274624.00,JORDAN  FRENCH,329194.00,BRANDON  BANKS,247088.00,https://www.usaspending.gov/award/CONT_AWD_W31P4Q14C0158_9700_-NONE-_-NONE-/,2026-06-09 07:05:21+00
CONT_AWD_W50S7T20P0021_9700_-NONE-_-NONE-,W50S7T20P0021,,,,,,,,,37130.00,,37130.00,37130.00,2020-09-30,2020,2020-09-30,2020,2020-09-30,2021-01-28,2021-01-28 00:00:00,,,097,Department of Defense,2100,Department of the Army,W50S7T,W7M6 USPFO ACTIVITY ILANG 182,097,Department of Defense,5700,Department of the Air Force,F8P3SF,SECURITY,,,,,X,NOT APPLICABLE,,,RMG1AZ1ZH8Q7,073800062,PHYSICAL SCIENCES INC.,PHYSICAL SCIENCES INC.,,8K901,RMG1AZ1ZH8Q7,073800062,PHYSICAL SCIENCES INC.,PHYSICAL SCIENCES  INC.,USA,UNITED STATES,20 NEW ENGLAND BUSINESS CTR DR,,ANDOVER,25009,ESSEX,25,MA,MASSACHUSETTS,018101022,MA-03,MA-06,9786890003,9786893232,USA,UNITED STATES,ANDOVER,25009,ESSEX,25,MA,MASSACHUSETTS,018101022,MA-03,MA-06,AWARD,B,PURCHASE ORDER,,,,,,,J,FIRM FIXED PRICE,MULTI-ROTOR SMALL UNMANNED AERIAL SYSTEM,,1,OT,OTHER FUNCTIONS,1550,UNMANNED AIRCRAFT,H,NOT BUNDLED,C9E,ALL OTHERS NOT IDENTIFIABLE TO ANY OTHER PROCUREMENT PROGRAM,336411,AIRCRAFT MANUFACTURING,C,NO CLAUSES INCLUDED AND NO SUSTAINABILITY INCLUDED,A,U.S. OWNED BUSINESS,000,NONE,Z,NOT IT PRODUCTS OR SERVICES,A,MEETS REQUIREMENTS,USA,UNITED STATES,D,MFG IN U.S.,B,PLAN NOT REQUIRED,C,NOT COMPETED,SSS,ONLY ONE SOURCE,NONE,NO SET ASIDE USED.,NONE,NO PREFERENCE USED,,,,,BND,BRAND NAME DESCRIPTION (FAR 6.302-1(C)),1,A,COMMERCIAL ITEM,f,N,NO,N,NO,N,NO,N,NO,,N,NO,X,NOT APPLICABLE,X,NOT APPLICABLE,X,NOT APPLICABLE,X,NOT APPLICABLE,,,,,,,,NONE,NONE,,,,,N,TRANSACTION DOES NOT USE GFE/GFP,N,NO,D,NOT CONSOLIDATED,X,NOT APPLICABLE,,,Z,NOT APPLICABLE,N,NO,X,NOT APPLICABLE,f,f,f,f,f,f,f,f,f,f,f,f,f,f,f,f,f,f,f,SMALL BUSINESS,S,f,f,f,f,f,f,f,f,f,f,f,f,f,f,f,f,f,CORPORATE NOT TAX EXEMPT,t,f,f,f,f,f,f,f,f,f,f,f,f,f,f,f,f,t,f,f,f,f,f,f,f,f,f,f,t,f,f,f,f,f,f,f,f,f,f,f,f,f,f,f,f,f,f,f,f,f,B. DAVID  GREEN,482181.00,WILLIAM J MARINELLI,427562.00,STEVEN R GENESTRETI,399007.00,BOGDAN R COSOFRET,333460.00,MARK G ALLEN,398641.00,https://www.usaspending.gov/award/CONT_AWD_W50S7T20P0021_9700_-NONE-_-NONE-/,2021-10-07 09:37:21+00
CONT_AWD_W50S8920P0002_9700_-NONE-_-NONE-,W50S8920P0002,,,,,,,,,23050.00,,23050.00,23050.00,2020-07-29,2020,2020-07-29,2020,2020-07-31,2020-08-30,2020-08-30 00:00:00,,,097,Department of Defense,2100,Department of the Army,W50S89,W7NL USPFO ACTIVITY NEANG 155,097,Department of Defense,5700,Department of the Air Force,F8E3CE,CIVIL ENGINEER SQ,,,,,X,NOT APPLICABLE,,,RMG1AZ1ZH8Q7,073800062,PHYSICAL SCIENCES INC.,PHYSICAL SCIENCES INC.,,8K901,RMG1AZ1ZH8Q7,073800062,PHYSICAL SCIENCES INC.,PHYSICAL SCIENCES  INC.,USA,UNITED STATES,20 NEW ENGLAND BUSINESS CTR DR,,ANDOVER,25009,ESSEX,25,MA,MASSACHUSETTS,018101022,MA-03,MA-06,9786890003,9786893232,USA,UNITED STATES,ANDOVER,25009,ESSEX,25,MA,MASSACHUSETTS,018101022,MA-03,MA-06,AWARD,B,PURCHASE ORDER,,,,,,,J,FIRM FIXED PRICE,INSTANTEYE MK-3 GEN5-D1 KIT (MIL),,1,,,1550,UNMANNED AIRCRAFT,H,NOT BUNDLED,A7,ELECTRONICS AND COMMUNICATION EQUIPMENT,336411,AIRCRAFT MANUFACTURING,C,NO CLAUSES INCLUDED AND NO SUSTAINABILITY INCLUDED,A,U.S. OWNED BUSINESS,000,NONE,Z,NOT IT PRODUCTS OR SERVICES,A,MEETS REQUIREMENTS,USA,UNITED STATES,D,MFG IN U.S.,B,PLAN NOT REQUIRED,F,COMPETED UNDER SAP,SP1,SIMPLIFIED ACQUISITION,SBA,SMALL BUSINESS SET ASIDE - TOTAL,NONE,NO PREFERENCE USED,,,,,,,2,D,COMMERCIAL ITEM PROCEDURES NOT USED,f,N,NO,N,NO,X,NOT APPLICABLE,N,NO,,N,NO,X,NOT APPLICABLE,X,NOT APPLICABLE,X,NOT APPLICABLE,X,NOT APPLICABLE,,,,,,,,NONE,NONE,,,,,N,TRANSACTION DOES NOT USE GFE/GFP,U,UNKNOWN,D,NOT CONSOLIDATED,X,NOT APPLICABLE,,,Z,NOT APPLICABLE,N,NO,X,NOT APPLICABLE,f,f,f,f,f,f,f,f,f,f,f,f,f,f,f,f,f,f,f,SMALL BUSINESS,S,f,f,f,f,f,f,f,f,f,f,f,f,f,f,f,f,f,CORPORATE NOT TAX EXEMPT,t,f,f,f,f,f,f,f,f,f,f,f,f,f,f,f,f,t,f,f,f,f,f,f,f,f,f,f,t,f,f,f,f,f,f,f,f,f,f,f,f,f,f,f,f,f,f,f,f,f,B. DAVID  GREEN,455443.00,WILLIAM J MARINELLI,373901.00,STEVEN R GENESTRETI,344090.00,BOGDAN R COSOFRET,325740.00,PETER A WARREN,305545.00,https://www.usaspending.gov/award/CONT_AWD_W50S8920P0002_9700_-NONE-_-NONE-/,2020-10-21 22:27:22+00
CONT_AWD_W58RGZ06C0230_9700_-NONE-_-NONE-,W58RGZ06C0230,,,,,,,,,9871451.67,,9871451.67,9871451.67,2006-09-30,2006,2020-11-24,2021,2006-11-09,2008-05-30,2008-05-30 00:00:00,,,097,Department of Defense,2100,Department of the Army,W58RGZ,W6QK ACC-RSA,097,Department of Defense,2100,Department of the Army,W31G3H,W0H9 US ARMY AVN & MISSLES CMD,,,,,X,NOT APPLICABLE,,,J9EFQ484GTJ1,933691552,"ICE MANAGEMENT SYSTEMS, INC.",ICE MANAGEMENT SYSTEMS INCORPORATED,,1P0N3,J9EFQ484GTJ1,933691552,"ICE MANAGEMENT SYSTEMS, INC.",ICE MANAGEMENT SYSTEMS  INC.,USA,UNITED STATES,27464 COMMERCE CENTER DR STE C,,TEMECULA,06065,RIVERSIDE,06,CA,CALIFORNIA,925902523,CA-50,CA-48,,,USA,UNITED STATES,TEMECULA,06065,RIVERSIDE,06,CA,CALIFORNIA,925902523,CA-50,CA-48,AWARD,D,DEFINITIVE CONTRACT,,,,,,,U,COST PLUS FIXED FEE,R&D AIR,,1,,,1550,UNMANNED AIRCRAFT,D,NOT A BUNDLED REQUIREMENT,A1A,AIRFRAMES AND SPARES,541710,"RESEARCH AND DEVELOPMENT IN THE PHYSICAL, ENGINEERING, AND LIFE SCIENCES",C,NO CLAUSES INCLUDED AND NO SUSTAINABILITY INCLUDED,,,000,NONE,Z,NOT IT PRODUCTS OR SERVICES,E,NOT REQUIRED,USA,UNITED STATES,D,MFG IN U.S.,B,PLAN NOT REQUIRED,A,FULL AND OPEN COMPETITION,TS,TWO STEP,NONE,NO SET ASIDE USED.,NONE,NO PREFERENCE USED,,,,,,,1,D,COMMERCIAL ITEM PROCEDURES NOT USED,f,N,NO,N,NO,X,NOT APPLICABLE,,,0.00,N,NO,N,NO,X,NOT APPLICABLE,X,NOT APPLICABLE,X,NOT APPLICABLE,,,,,,,,NONE,NONE,N,NO,X,NOT APPLICABLE EXEMPT FROM CAS,N,TRANSACTION DOES NOT USE GFE/GFP,N,NO,N,NO,X,NOT APPLICABLE,N,NO,A,FAR 52.232-16 PROGRESS PAYMENTS,N,NO,X,NOT APPLICABLE,f,f,f,f,f,t,f,f,f,f,f,f,f,f,f,f,f,f,f,SMALL BUSINESS,S,f,f,f,f,f,f,f,f,f,f,f,f,f,f,f,f,f,,f,f,f,f,f,f,f,f,f,f,f,f,f,f,f,f,f,f,f,f,f,f,f,f,f,f,f,f,f,f,f,f,f,f,f,f,f,f,f,f,f,f,f,f,f,f,f,f,f,f,,,,,,,,,,,https://www.usaspending.gov/award/CONT_AWD_W58RGZ06C0230_9700_-NONE-_-NONE-/,2021-01-26 13:24:49+00
CONT_AWD_W58RGZ08C0023_9700_-NONE-_-NONE-,W58RGZ08C0023,,,,,,,,,1551565403.77,,1592633441.00,1598100107.66,2007-10-31,2008,2025-05-14,2025,2007-10-31,2021-04-30,2021-04-30 12:04:00,,,097,Department of Defense,2100,Department of the Army,W58RGZ,W6QK ACC-RSA,097,Department of Defense,2100,Department of the Army,W81UHH,W6DQ 01 PEO AVN,,,,,X,NOT APPLICABLE,,,SNJ8YY61GB95,,TEXTRON SYSTEMS CORPORATION,AAI CORPORATION,,97384,HKUMGJBEMKN3,,TEXTRON INC,TEXTRON INC.,USA,UNITED STATES,124 INDUSTRY LN,,HUNT VALLEY,24005,BALTIMORE,24,MD,MARYLAND,210303342,MD-02,MD-02,,,USA,UNITED STATES,COCKEYSVILLE,24005,BALTIMORE,24,MD,MARYLAND,210303342,MD-02,MD-02,AWARD,D,DEFINITIVE CONTRACT,,,,,,,J,FIRM FIXED PRICE,PROCURE 14 SHADOW UNMANNED AIRCRAFT SYSTEMS,W58RGZ07R0618,1,,,1550,UNMANNED AIRCRAFT,D,NOT A BUNDLED REQUIREMENT,A1A,AIRFRAMES AND SPARES,336411,AIRCRAFT MANUFACTURING,C,NO CLAUSES INCLUDED AND NO SUSTAINABILITY INCLUDED,,,272,TACTICAL UAV,Z,NOT IT PRODUCTS OR SERVICES,E,NOT REQUIRED,USA,UNITED STATES,D,MFG IN U.S.,C,PLAN REQUIRED - INCENTIVE NOT INCLUDED,C,NOT COMPETED,SSS,ONLY ONE SOURCE,NONE,NO SET ASIDE USED.,NONE,NO PREFERENCE USED,,,,,ONE,ONLY ONE SOURCE-OTHER (FAR 6.302-1 OTHER),1,D,COMMERCIAL PRODUCTS/SERVICES PROCEDURES NOT USED,f,N,NO,N,NO,X,NOT APPLICABLE,N,NO,0.00,N,NO,N,NO,X,NOT APPLICABLE,X,NOT APPLICABLE,X,NOT APPLICABLE,,,,,,,,,,Y,YES,X,NOT APPLICABLE EXEMPT FROM CAS,Y,TRANSACTION USES GFE/GFP,N,NO,N,NO,X,NOT APPLICABLE,N,NO,D,UNUSUAL PROGRESS PAYMENTS OR ADVANCE PAYMENTS,N,NO,X,NOT APPLICABLE,f,f,f,f,f,f,f,f,f,f,f,f,f,f,f,f,f,f,f,OTHER THAN SMALL BUSINESS,O,f,f,f,f,f,f,f,f,f,f,f,f,f,f,f,f,f,,f,f,f,f,f,f,f,f,f,f,f,f,f,f,f,f,f,f,f,f,f,f,f,f,f,f,f,f,f,f,f,f,f,f,f,f,f,f,f,f,f,f,f,f,f,f,f,f,f,f,STEPHEN  GREENE,637001.00,JAMES F TARALLO,556767.00,WILLIAM G IRBY,512364.00,TAREK  MEKHAIL,488783.00,MICHAEL P KIERAN,482658.00,https://www.usaspending.gov/award/CONT_AWD_W58RGZ08C0023_9700_-NONE-_-NONE-/,2025-05-14 16:26:12+00
CONT_AWD_W58RGZ08C0033_9700_-NONE-_-NONE-,W58RGZ08C0033,,,,,,,,,243171397.86,,242926482.76,242926482.76,2007-11-26,2008,2023-04-25,2023,2007-11-26,2017-08-31,2017-08-31 00:00:00,,,097,Department of Defense,9763,Defense Contract Management Agency,S2101A,DCMA MID-ATLANTIC (BALTIMORE),097,Department of Defense,2100,Department of the Army,W58RGZ,W6QK ACC-RSA,,,,,X,NOT APPLICABLE,,,SNJ8YY61GB95,,TEXTRON SYSTEMS CORPORATION,AAI CORPORATION,,97384,HKUMGJBEMKN3,,TEXTRON INC,TEXTRON INC.,USA,UNITED STATES,124 INDUSTRY LN,,HUNT VALLEY,24005,BALTIMORE,24,MD,MARYLAND,210303342,MD-02,MD-02,,,USA,UNITED STATES,COCKEYSVILLE,24005,BALTIMORE,24,MD,MARYLAND,210303342,MD-02,MD-02,AWARD,D,DEFINITIVE CONTRACT,,,,,,,U,COST PLUS FIXED FEE,A NEW ENGINEERING SERVICES CONTRACT FOR FY 08 - FY 10.,W58RGZ07R0564,1,,,1550,UNMANNED AIRCRAFT,D,NOT A BUNDLED REQUIREMENT,A1A,AIRFRAMES AND SPARES,541330,ENGINEERING SERVICES,C,NO CLAUSES INCLUDED AND NO SUSTAINABILITY INCLUDED,,,272,TACTICAL UAV,Z,NOT IT PRODUCTS OR SERVICES,E,NOT REQUIRED,USA,UNITED STATES,D,MFG IN U.S.,B,PLAN NOT REQUIRED,C,NOT COMPETED,SSS,ONLY ONE SOURCE,NONE,NO SET ASIDE USED.,NONE,NO PREFERENCE USED,,,,,ONE,ONLY ONE SOURCE-OTHER (FAR 6.302-1 OTHER),1,D,COMMERCIAL PRODUCTS/SERVICES PROCEDURES NOT USED,f,N,NO,N,NO,X,NOT APPLICABLE,N,NO,0.00,N,NO,N,NO,X,NOT APPLICABLE,X,NOT APPLICABLE,X,NOT APPLICABLE,,,,,,,,NONE,NONE,Y,YES,X,NOT APPLICABLE EXEMPT FROM CAS,N,TRANSACTION DOES NOT USE GFE/GFP,N,NO,N,NO,X,NOT APPLICABLE,N,NO,Z,NOT APPLICABLE,N,NO,X,NOT APPLICABLE,f,f,f,f,f,f,f,f,f,f,f,f,f,f,f,f,f,f,f,OTHER THAN SMALL BUSINESS,O,f,f,f,f,f,f,f,f,f,f,f,f,f,f,f,f,f,,f,f,f,f,f,f,f,f,f,f,f,f,f,f,f,f,f,f,f,f,f,f,f,f,f,f,f,f,f,f,f,f,f,f,f,f,f,f,f,f,f,f,f,f,f,f,f,f,f,f,,,,,,,,,,,https://www.usaspending.gov/award/CONT_AWD_W58RGZ08C0033_9700_-NONE-_-NONE-/,2026-08-28 11:33:15+00
CONT_AWD_W58RGZ08C0094_9700_-NONE-_-NONE-,W58RGZ08C0094,,,,,,,,,37240798.17,,37240798.17,37240798.17,2008-03-05,2008,2020-11-06,2021,2008-03-05,2014-08-31,2014-08-31 00:00:00,,,097,Department of Defense,9763,Defense Contract Management Agency,S0302A,DCMA MOUNTAIN PACIFIC,097,Department of Defense,2100,Department of the Army,W58RGZ,W6QK ACC-RSA,,,,,X,NOT APPLICABLE,,,F9KYRN7FM2B7,188459929,HONEYWELL INTERNATIONAL INC.,HONEYWELL INTERNATIONAL INC,,07187,YBVGQEYENNM6,139691877,HONEYWELL INTERNATIONAL INC,HONEYWELL INTERNATIONAL INC.,USA,UNITED STATES,9201 SAN MATEO BLVD. NE,,ALBUQUERQUE,35001,BERNALILLO,35,NM,NEW MEXICO,871132227,NM-01,NM-01,8006013099,,USA,UNITED STATES,PHOENIX,04013,MARICOPA,04,AZ,ARIZONA,850272726,AZ-06,AZ-01,AWARD,D,DEFINITIVE CONTRACT,,,,,,,U,COST PLUS FIXED FEE,UCA LETTER CONTRACT FOR CLS ON THE UAS GMAVS.,,1,,,1550,UNMANNED AIRCRAFT,D,NOT A BUNDLED REQUIREMENT,A1A,AIRFRAMES AND SPARES,336411,AIRCRAFT MANUFACTURING,C,NO CLAUSES INCLUDED AND NO SUSTAINABILITY INCLUDED,,,000,NONE,Z,NOT IT PRODUCTS OR SERVICES,E,NOT REQUIRED,USA,UNITED STATES,D,MFG IN U.S.,C,PLAN REQUIRED - INCENTIVE NOT INCLUDED,C,NOT COMPETED,SSS,ONLY ONE SOURCE,NONE,NO SET ASIDE USED.,NONE,NO PREFERENCE USED,,,,,ONE,ONLY ONE SOURCE-OTHER (FAR 6.302-1 OTHER),1,D,COMMERCIAL ITEM PROCEDURES NOT USED,f,N,NO,N,NO,X,NOT APPLICABLE,,,0.00,N,NO,N,NO,X,NOT APPLICABLE,X,NOT APPLICABLE,X,NOT APPLICABLE,,,,,,,,NONE,NONE,Y,YES,X,NOT APPLICABLE EXEMPT FROM CAS,N,TRANSACTION DOES NOT USE GFE/GFP,N,NO,N,NO,X,NOT APPLICABLE,N,NO,Z,NOT APPLICABLE,N,NO,X,NOT APPLICABLE,f,f,f,f,f,f,f,f,f,f,f,f,f,f,f,f,f,f,f,OTHER THAN SMALL BUSINESS,O,f,f,f,f,f,f,f,f,f,f,f,f,f,f,f,f,f,CORPORATE NOT TAX EXEMPT,t,f,f,f,f,f,f,f,f,f,f,f,f,f,f,t,f,f,f,f,f,f,f,f,f,f,f,f,t,f,f,f,f,f,f,f,f,f,f,f,f,f,f,f,f,f,f,f,f,f,,,,,,,,,,,https://www.usaspending.gov/award/CONT_AWD_W58RGZ08C0094_9700_-NONE-_-NONE-/,2021-02-22 11:46:57+00
CONT_AWD_W58RGZ10C0006_9700_-NONE-_-NONE-,W58RGZ10C0006,,,,,,,,,470748151.16,,467914762.30,467914762.30,2009-10-30,2010,2024-03-28,2024,2009-11-01,2016-12-31,2016-12-31 12:12:00,,,097,Department of Defense,2100,Department of the Army,W58RGZ,W6QK ACC-RSA,097,Department of Defense,2100,Department of the Army,W81UHH,W6DQ 01 PEO AVN,,,,,X,NOT APPLICABLE,,,SNJ8YY61GB95,,TEXTRON SYSTEMS CORPORATION,AAI CORPORATION,,97384,HKUMGJBEMKN3,,TEXTRON INC,TEXTRON INC.,USA,UNITED STATES,124 INDUSTRY LN,,HUNT VALLEY,24005,BALTIMORE,24,MD,MARYLAND,210303342,MD-02,MD-02,4106283940,4106836398,USA,UNITED STATES,COCKEYSVILLE,24005,BALTIMORE,24,MD,MARYLAND,210303342,MD-02,MD-02,AWARD,D,DEFINITIVE CONTRACT,,,,,,,V,COST PLUS INCENTIVE FEE,FY 2010 SHADOW 200 TUAS PERFORMANCE BASED LOGISTICS CONTRACT,W58RGZ10R0003,1,,,1550,UNMANNED AIRCRAFT,D,NOT A BUNDLED REQUIREMENT,A1A,AIRFRAMES AND SPARES,336411,AIRCRAFT MANUFACTURING,C,NO CLAUSES INCLUDED AND NO SUSTAINABILITY INCLUDED,A,U.S. OWNED BUSINESS,272,TACTICAL UAV,Z,NOT IT PRODUCTS OR SERVICES,A,MEETS REQUIREMENTS,USA,UNITED STATES,D,MFG IN U.S.,C,PLAN REQUIRED - INCENTIVE NOT INCLUDED,C,NOT COMPETED,SSS,ONLY ONE SOURCE,NONE,NO SET ASIDE USED.,NONE,NO PREFERENCE USED,,,,,UNQ,UNIQUE SOURCE (FAR 6.302-1(B)(1)),1,D,COMMERCIAL PRODUCTS/SERVICES PROCEDURES NOT USED,f,N,NO,N,NO,Y,YES,N,NO,0.00,N,NO,N,NO,N,NO,N,NO,X,NOT APPLICABLE,,,,,,,,,,Y,YES,Y,YES - CAS CLAUSE INCLUDED,Y,TRANSACTION USES GFE/GFP,N,NO,N,NO,X,NOT APPLICABLE,N,NO,Z,NOT APPLICABLE,N,NO,X,NOT APPLICABLE,f,f,f,f,f,f,f,f,f,f,f,f,f,f,f,f,f,f,f,OTHER THAN SMALL BUSINESS,O,f,f,f,f,f,f,f,f,f,f,f,f,f,f,f,f,f,CORPORATE NOT TAX EXEMPT,t,f,f,f,f,f,f,f,f,f,f,f,f,f,f,t,f,f,f,f,f,f,f,f,f,f,f,f,t,f,f,f,f,f,f,f,f,f,f,f,f,f,f,f,f,f,f,f,f,f,STEPHEN  GREENE,637001.00,JAMES F TARALLO,556767.00,WILLIAM G IRBY,512364.00,TAREK  MEKHAIL,488783.00,MICHAEL P KIERAN,482658.00,https://www.usaspending.gov/award/CONT_AWD_W58RGZ10C0006_9700_-NONE-_-NONE-/,2024-03-28 18:32:00+00
CONT_AWD_W58RGZ10C0068_9700_-NONE-_-NONE-,W58RGZ10C0068,,,,,,,,,391003015.00,,391003015.00,391003015.00,2010-05-14,2010,2023-06-26,2023,2010-05-14,2015-03-31,2015-03-31 12:03:00,,,097,Department of Defense,2100,Department of the Army,W58RGZ,W6QK ACC-RSA,097,Department of Defense,2100,Department of the Army,W81UHH,W6DQ 01 PEO AVN,,,,,X,NOT APPLICABLE,,,ZH4NVFG3Z526,,"GENERAL ATOMICS AERONAUTICAL SYSTEMS, INC.","GENERAL ATOMICS AERONAUTICAL SYSTEMS, INC.",,0YJB5,YX6EL4J1WLP9,,GENERAL ATOMICS,GENERAL ATOMIC TECHNOLOGIES CORPORATION,USA,UNITED STATES,14200 KIRKHAM WAY,,POWAY,06073,SAN DIEGO,06,CA,CALIFORNIA,920647103,CA-48,CA-48,8583124309,8583122920,USA,UNITED STATES,POWAY,06073,SAN DIEGO,06,CA,CALIFORNIA,920647103,CA-48,CA-48,AWARD,D,DEFINITIVE CONTRACT,,,,,,,L,FIXED PRICE INCENTIVE,"FY 09 SUPPLEMENTAL (PRTA) HARDWARE, LRIP I AND CERDEC REQUIREMENTS.",,1,,,1550,UNMANNED AIRCRAFT,D,NOT A BUNDLED REQUIREMENT,A1A,AIRFRAMES AND SPARES,336411,AIRCRAFT MANUFACTURING,C,NO CLAUSES INCLUDED AND NO SUSTAINABILITY INCLUDED,A,U.S. OWNED BUSINESS,272,TACTICAL UAV,Z,NOT IT PRODUCTS OR SERVICES,E,NOT REQUIRED,USA,UNITED STATES,D,MFG IN U.S.,C,PLAN REQUIRED - INCENTIVE NOT INCLUDED,C,NOT COMPETED,SSS,ONLY ONE SOURCE,NONE,NO SET ASIDE USED.,NONE,NO PREFERENCE USED,,,,,ONE,ONLY ONE SOURCE-OTHER (FAR 6.302-1 OTHER),1,D,COMMERCIAL PRODUCTS/SERVICES PROCEDURES NOT USED,f,N,NO,N,NO,Y,YES,N,NO,0.00,N,NO,Y,YES,Y,YES,N,NO,X,NOT APPLICABLE,,,,,,,,NONE,NONE,Y,YES,Y,YES - CAS CLAUSE INCLUDED,Y,TRANSACTION USES GFE/GFP,N,NO,N,NO,X,NOT APPLICABLE,N,NO,Z,NOT APPLICABLE,N,NO,X,NOT APPLICABLE,f,f,f,f,f,f,f,f,f,f,f,f,f,f,f,f,f,f,f,OTHER THAN SMALL BUSINESS,O,f,f,f,f,f,f,f,f,f,f,f,f,f,f,f,f,f,CORPORATE NOT TAX EXEMPT,t,f,f,f,f,f,f,f,f,f,f,f,t,f,f,t,f,f,f,f,f,f,f,f,f,f,f,f,t,f,f,f,f,f,f,f,f,f,f,f,f,f,f,f,f,f,f,f,f,f,JAMES N BLUE,3049492.00,LINDEN P BLUE,2698674.00,DAVID R ALEXANDER,2367023.00,BARTON B ROPER,1115148.00,TUAN H NGUYEN,713815.00,https://www.usaspending.gov/award/CONT_AWD_W58RGZ10C0068_9700_-NONE-_-NONE-/,2023-06-26 17:32:20+00
CONT_AWD_W58RGZ11C0083_9700_-NONE-_-NONE-,W58RGZ11C0083,,,,,,,,,15014130.07,,14723529.04,14723529.04,2011-05-31,2011,2023-09-17,2023,2011-05-31,2013-09-30,2013-09-30 00:00:00,,,097,Department of Defense,9763,Defense Contract Management Agency,S4803A,DCMA CONTRACT LIFECYCLE MGMT,097,Department of Defense,2100,Department of the Army,W81UHH,W6DQ 01 PEO AVN,,,,,X,NOT APPLICABLE,,,K9B8Q8V9KPN3,,"RALLY POINT MANAGEMENT, LLC","RALLY POINT MANAGEMENT, LLC",,4FUX7,ENYHZEF5V5A8,,RALLY POINT MANAGEMENT LLC,RALLY POINT MANAGEMENT  LLC,USA,UNITED STATES,100 PAMELA ANN DR,,FORT WALTON BEACH,12091,OKALOOSA,12,FL,FLORIDA,325471434,FL-01,FL-01,8502267589,8502266744,USA,UNITED STATES,FORT WALTON BEACH,12091,OKALOOSA,12,FL,FLORIDA,325471434,FL-01,FL-01,AWARD,D,DEFINITIVE CONTRACT,,,,,,,U,COST PLUS FIXED FEE,AWARD FY 11 SUAS TRAINING REQUIREMENT WITH OPTIONS FOR 12 - 15.,W58RGZ10R0002,1,,,1550,UNMANNED AIRCRAFT,D,NOT A BUNDLED REQUIREMENT,A1A,AIRFRAMES AND SPARES,611512,FLIGHT TRAINING,A,FAR 52.223-4 INCLUDED,A,U.S. OWNED BUSINESS,000,NONE,Z,NOT IT PRODUCTS OR SERVICES,A,MEETS REQUIREMENTS,USA,UNITED STATES,D,MFG IN U.S.,B,PLAN NOT REQUIRED,A,FULL AND OPEN COMPETITION,NP,NEGOTIATED PROPOSAL/QUOTE,NONE,NO SET ASIDE USED.,NONE,NO PREFERENCE USED,,,,,,,5,D,COMMERCIAL PRODUCTS/SERVICES PROCEDURES NOT USED,f,N,NO,N,NO,Y,YES,N,NO,0.00,N,NO,N,NO,Y,YES,N,NO,X,NOT APPLICABLE,,,,,,,,NONE,NONE,N,NO,X,NOT APPLICABLE EXEMPT FROM CAS,Y,TRANSACTION USES GFE/GFP,N,NO,N,NO,X,NOT APPLICABLE,N,NO,Z,NOT APPLICABLE,N,NO,X,NOT APPLICABLE,f,f,f,f,f,t,t,f,f,f,f,f,f,f,f,f,f,f,f,SMALL BUSINESS,S,f,f,f,f,f,f,f,f,f,f,f,f,f,f,f,f,f,PARTNERSHIP,f,f,t,f,f,f,f,f,f,f,f,f,f,f,f,t,f,f,f,f,f,f,f,f,f,f,f,f,t,f,f,f,f,f,f,f,f,f,f,f,f,f,f,f,f,f,f,f,f,f,,,,,,,,,,,https://www.usaspending.gov/award/CONT_AWD_W58RGZ11C0083_9700_-NONE-_-NONE-/,2026-08-28 11:33:15+00
CONT_AWD_W58RGZ11C0099_9700_-NONE-_-NONE-,W58RGZ11C0099,,,,,,,,,325711659.00,,325711659.00,325711659.00,2011-04-08,2011,2024-10-16,2025,2011-04-08,2023-08-22,2023-08-22 12:08:00,,,097,Department of Defense,2100,Department of the Army,W58RGZ,W6QK ACC-RSA,097,Department of Defense,2100,Department of the Army,W81UHH,W6DQ 01 PEO AVN,,,,,X,NOT APPLICABLE,,,ZH4NVFG3Z526,,"GENERAL ATOMICS AERONAUTICAL SYSTEMS, INC.","GENERAL ATOMICS AERONAUTICAL SYSTEMS, INC.",,0YJB5,ZH4NVFG3Z526,,"GENERAL ATOMICS AERONAUTICAL SYSTEMS, INC.",GENERAL ATOMIC TECHNOLOGIES CORPORATION,USA,UNITED STATES,14200 KIRKHAM WAY,,POWAY,06073,SAN DIEGO,06,CA,CALIFORNIA,920647103,CA-48,CA-48,8583124309,8583122920,USA,UNITED STATES,POWAY,06073,SAN DIEGO,06,CA,CALIFORNIA,920647103,CA-48,CA-48,AWARD,D,DEFINITIVE CONTRACT,,,,,,,L,FIXED PRICE INCENTIVE,GRAY EAGLE LOW RATE INITIAL PRODUCTION II,W58RGZ11R0058,1,,,1550,UNMANNED AIRCRAFT,D,NOT A BUNDLED REQUIREMENT,B9,PRODUCTION EQUIPMENT,336413,OTHER AIRCRAFT PARTS AND AUXILIARY EQUIPMENT MANUFACTURING,C,NO CLAUSES INCLUDED AND NO SUSTAINABILITY INCLUDED,A,U.S. OWNED BUSINESS,272,TACTICAL UAV,Z,NOT IT PRODUCTS OR SERVICES,E,NOT REQUIRED,USA,UNITED STATES,D,MFG IN U.S.,C,PLAN REQUIRED - INCENTIVE NOT INCLUDED,C,NOT COMPETED,SSS,ONLY ONE SOURCE,NONE,NO SET ASIDE USED.,NONE,NO PREFERENCE USED,,,,,ONE,ONLY ONE SOURCE-OTHER (FAR 6.302-1 OTHER),1,D,COMMERCIAL PRODUCTS/SERVICES PROCEDURES NOT USED,f,N,NO,N,NO,Y,YES,N,NO,0.00,N,NO,Y,YES,N,NO,N,NO,X,NOT APPLICABLE,,,,,,,,,,Y,YES,Y,YES - CAS CLAUSE INCLUDED,N,TRANSACTION DOES NOT USE GFE/GFP,U,UNKNOWN,N,NO,X,NOT APPLICABLE,N,NO,A,FAR 52.232-16 PROGRESS PAYMENTS,N,NO,X,NOT APPLICABLE,f,f,f,f,f,f,f,f,f,f,f,f,f,f,f,f,f,f,f,OTHER THAN SMALL BUSINESS,O,f,f,f,f,f,f,f,f,f,f,f,f,f,f,f,f,f,CORPORATE NOT TAX EXEMPT,t,f,f,f,f,f,f,f,f,f,f,f,t,f,f,t,f,f,f,f,f,f,f,f,f,f,f,f,t,f,f,f,f,f,f,f,f,f,f,f,f,f,f,f,f,f,f,f,f,f,JAMES N BLUE,3276593.00,LINDEN P BLUE,2771930.00,DAVID R ALEXANDER,2537917.00,BARTON B ROPER,1220781.00,FRED  DARLINGTON,1169891.00,https://www.usaspending.gov/award/CONT_AWD_W58RGZ11C0099_9700_-NONE-_-NONE-/,2024-10-16 16:02:37+00
CONT_AWD_W58RGZ12C0001_9700_-NONE-_-NONE-,W58RGZ12C0001,,,,,,,,,184909603.37,,184909603.37,184909603.37,2011-12-16,2012,2021-11-18,2022,2011-12-17,2016-06-30,2016-06-30 12:06:00,,,097,Department of Defense,2100,Department of the Army,W58RGZ,W6QK ACC-RSA,097,Department of Defense,2100,Department of the Army,W81UHH,W6DQ 01 PEO AVN,,,,,X,NOT APPLICABLE,,,ZH4NVFG3Z526,824684229,"GENERAL ATOMICS AERONAUTICAL SYSTEMS, INC.","GENERAL ATOMICS AERONAUTICAL SYSTEMS, INC.",,0YJB5,YX6EL4J1WLP9,859181984,GENERAL ATOMICS,GENERAL ATOMICS AERONAUTICAL SYSTEMS  INC.,USA,UNITED STATES,14200 KIRKHAM WAY,,POWAY,06073,SAN DIEGO,06,CA,CALIFORNIA,920647103,CA-52,CA-48,8583124309,8583122920,USA,UNITED STATES,POWAY,06073,SAN DIEGO,06,CA,CALIFORNIA,920647103,CA-52,CA-48,AWARD,D,DEFINITIVE CONTRACT,,,,,,,U,COST PLUS FIXED FEE,"NEW CONTRACTOR LOGISTICS SUPPORT (CLS) SUPPORTING WARRIOR A/BLOCK 0 UNMANNED AIRCRAFT SYSTEMS (UAS) CURRENTLY AT FOUR DEPLOYED SITES IN AFGHANISTAIN AND TWO TRAINING SITES IN UNITED STATES. THIS IS A UCA. CEILING PRICE IS $101,491,312. OBLIGATED 12% ($12,000,000).",,1,,,1550,UNMANNED AIRCRAFT,D,NOT A BUNDLED REQUIREMENT,S1,SERVICES,336411,AIRCRAFT MANUFACTURING,B,FAR 52.223-4 AND FAR 52.223-9 INCLUDED,A,U.S. OWNED BUSINESS,000,NONE,Z,NOT IT PRODUCTS OR SERVICES,A,MEETS REQUIREMENTS,USA,UNITED STATES,D,MFG IN U.S.,C,PLAN REQUIRED - INCENTIVE NOT INCLUDED,C,NOT COMPETED,SSS,ONLY ONE SOURCE,NONE,NO SET ASIDE USED.,NONE,NO PREFERENCE USED,,,,,FOC,FOLLOW-ON CONTRACT (FAR 6.302-1(A)(2)(II/III)),1,D,COMMERCIAL ITEM PROCEDURES NOT USED,f,N,NO,N,NO,Y,YES,N,NO,0.00,Y,YES,Y,YES,Y,YES,Y,YES,X,NOT APPLICABLE,,,,,,,,NONE,NONE,Y,YES,Y,YES - CAS CLAUSE INCLUDED,Y,TRANSACTION USES GFE/GFP,N,NO,N,NO,X,NOT APPLICABLE,N,NO,Z,NOT APPLICABLE,N,NO,X,NOT APPLICABLE,f,f,f,f,f,f,f,f,f,f,f,f,f,f,f,f,f,f,f,OTHER THAN SMALL BUSINESS,O,f,f,f,f,f,f,f,f,f,f,f,f,f,f,f,f,f,CORPORATE NOT TAX EXEMPT,t,f,f,f,f,f,f,f,f,f,f,f,t,f,f,t,f,f,f,f,f,f,f,f,f,f,f,f,t,f,f,f,f,f,f,f,f,f,f,f,f,f,f,f,f,f,f,f,f,f,LINDEN P BLUE,2433022.00,JAMES N BLUE,2276657.00,DAVID R ALEXANDER,1955403.00,BARTON B ROPER,956408.00,ELIAHU  YEHEZKEL,928770.00,https://www.usaspending.gov/award/CONT_AWD_W58RGZ12C0001_9700_-NONE-_-NONE-/,2021-11-18 11:50:50+00
CONT_AWD_W58RGZ12C0011_9700_-NONE-_-NONE-,W58RGZ12C0011,,,,,,,,,337663991.33,,328411087.10,328411087.10,2012-02-29,2012,2024-03-28,2024,2012-03-01,2017-07-12,2017-07-12 12:07:00,,,097,Department of Defense,2100,Department of the Army,W58RGZ,W6QK ACC-RSA,097,Department of Defense,2100,Department of the Army,W81UHH,W6DQ 01 PEO AVN,,,,,X,NOT APPLICABLE,,,SNJ8YY61GB95,,TEXTRON SYSTEMS CORPORATION,AAI CORPORATION,,97384,HKUMGJBEMKN3,,TEXTRON INC,TEXTRON INC.,USA,UNITED STATES,124 INDUSTRY LN,,HUNT VALLEY,24005,BALTIMORE,24,MD,MARYLAND,210303342,MD-02,MD-02,4106283518,4106677180,USA,UNITED STATES,COCKEYSVILLE,24005,BALTIMORE,24,MD,MARYLAND,210303342,MD-02,MD-02,AWARD,D,DEFINITIVE CONTRACT,,,,,,,V,COST PLUS INCENTIVE FEE,THIS LETTER CONTRACT IS TO PROVIDED FISCAL YEAR 2012 SHADOW PERFORMANCE BASED LOGISTICS AND OPERATIONAL SUPPORT FOR ARMY AND USMC SHADOW SYSTEMS.,,1,,,1550,UNMANNED AIRCRAFT,D,NOT A BUNDLED REQUIREMENT,A1A,AIRFRAMES AND SPARES,336411,AIRCRAFT MANUFACTURING,B,FAR 52.223-4 AND FAR 52.223-9 INCLUDED,A,U.S. OWNED BUSINESS,272,TACTICAL UAV,Z,NOT IT PRODUCTS OR SERVICES,A,MEETS REQUIREMENTS,USA,UNITED STATES,D,MFG IN U.S.,C,PLAN REQUIRED - INCENTIVE NOT INCLUDED,C,NOT COMPETED,SSS,ONLY ONE SOURCE,NONE,NO SET ASIDE USED.,NONE,NO PREFERENCE USED,,,,,FOC,FOLLOW-ON CONTRACT (FAR 6.302-1(A)(2)(II/III)),1,D,COMMERCIAL PRODUCTS/SERVICES PROCEDURES NOT USED,f,N,NO,N,NO,Y,YES,N,NO,0.00,N,NO,Y,YES,Y,YES,N,NO,X,NOT APPLICABLE,,,,,,,,,,Y,YES,Y,YES - CAS CLAUSE INCLUDED,Y,TRANSACTION USES GFE/GFP,U,UNKNOWN,N,NO,X,NOT APPLICABLE,N,NO,Z,NOT APPLICABLE,N,NO,X,NOT APPLICABLE,f,f,f,f,f,f,f,f,f,f,f,f,f,f,f,f,f,f,f,OTHER THAN SMALL BUSINESS,O,f,f,f,f,f,f,f,f,f,f,f,f,f,f,f,f,f,CORPORATE NOT TAX EXEMPT,t,f,f,f,f,f,f,f,f,f,f,f,t,f,f,t,f,f,f,f,f,f,f,f,f,f,f,f,t,f,f,f,f,f,f,f,f,f,f,f,f,f,f,f,f,f,f,f,f,f,STEPHEN  GREENE,637001.00,JAMES F TARALLO,556767.00,WILLIAM G IRBY,512364.00,TAREK  MEKHAIL,488783.00,MICHAEL P KIERAN,482658.00,https://www.usaspending.gov/award/CONT_AWD_W58RGZ12C0011_9700_-NONE-_-NONE-/,2024-03-28 18:44:56+00
CONT_AWD_W58RGZ12C0057_9700_-NONE-_-NONE-,W58RGZ12C0057,,,,,,,,,539429940.13,,539429940.13,539429940.13,2012-07-06,2012,2023-08-08,2023,2012-07-06,2023-08-14,2023-08-14 12:08:00,,,097,Department of Defense,2100,Department of the Army,W58RGZ,W6QK ACC-RSA,097,Department of Defense,2100,Department of the Army,W81UHH,W6DQ 01 PEO AVN,,,,,X,NOT APPLICABLE,,,ZH4NVFG3Z526,,"GENERAL ATOMICS AERONAUTICAL SYSTEMS, INC.","GENERAL ATOMICS AERONAUTICAL SYSTEMS, INC.",,0YJB5,YX6EL4J1WLP9,,GENERAL ATOMICS,GENERAL ATOMIC TECHNOLOGIES CORPORATION,USA,UNITED STATES,14200 KIRKHAM WAY,,POWAY,06073,SAN DIEGO,06,CA,CALIFORNIA,920647103,CA-48,CA-48,8583124309,8583122920,USA,UNITED STATES,POWAY,06073,SAN DIEGO,06,CA,CALIFORNIA,920647103,CA-48,CA-48,AWARD,D,DEFINITIVE CONTRACT,,,,,,,L,FIXED PRICE INCENTIVE,"FY 12 PROCUREMENT OF TWO (2) MQ-1C GRAY EAGLE SYSTEMS FOR FIELDING UNITS SIXTH AND SEVENTH UNIT EQUIPPED (UE) AND FIVE (5) ADDITIONAL ATTRITION AIRCRAFT, INCLUDING INITIAL SPARES, PLUS ADDITIONAL HARDWARE NECESSARY TO BACK-FILL FIELDED UNITS FIRST THRU THE FIFTH UE, UNMANNED AIRCRAFT SYSTEMS TRAINING BASE IN FT. HUACHUCA (FHU), AZ AND RAPID INTEGRATION AND ACCEPTANCE CENTER (RIAC) IN DUGWAY, UT WITH THE LATEST CONFIGURATION OF GROUND EQUIPMENT FOR LRIP (LOW RATE INITIAL PRODUCTION) III",W58RGZ11R0320,1,,,1550,UNMANNED AIRCRAFT,D,NOT A BUNDLED REQUIREMENT,A1A,AIRFRAMES AND SPARES,336413,OTHER AIRCRAFT PARTS AND AUXILIARY EQUIPMENT MANUFACTURING,C,NO CLAUSES INCLUDED AND NO SUSTAINABILITY INCLUDED,A,U.S. OWNED BUSINESS,272,TACTICAL UAV,Z,NOT IT PRODUCTS OR SERVICES,E,NOT REQUIRED,USA,UNITED STATES,D,MFG IN U.S.,C,PLAN REQUIRED - INCENTIVE NOT INCLUDED,C,NOT COMPETED,SSS,ONLY ONE SOURCE,NONE,NO SET ASIDE USED.,NONE,NO PREFERENCE USED,,,,,ONE,ONLY ONE SOURCE-OTHER (FAR 6.302-1 OTHER),1,D,COMMERCIAL PRODUCTS/SERVICES PROCEDURES NOT USED,f,N,NO,N,NO,Y,YES,N,NO,0.00,N,NO,X,NOT APPLICABLE,X,NOT APPLICABLE,X,NOT APPLICABLE,X,NOT APPLICABLE,,,,,,,,NONE,NONE,N,NO,X,NOT APPLICABLE EXEMPT FROM CAS,Y,TRANSACTION USES GFE/GFP,N,NO,N,NO,X,NOT APPLICABLE,N,NO,A,FAR 52.232-16 PROGRESS PAYMENTS,N,NO,X,NOT APPLICABLE,f,f,f,f,f,f,f,f,f,f,f,f,f,f,f,f,f,f,f,OTHER THAN SMALL BUSINESS,O,f,f,f,f,f,f,f,f,f,f,f,f,f,f,f,f,f,CORPORATE NOT TAX EXEMPT,t,f,f,f,f,f,f,f,f,f,f,f,t,f,f,t,f,f,f,f,f,f,f,f,f,f,f,f,t,f,f,f,f,f,f,f,f,f,f,f,f,f,f,f,f,f,f,f,f,f,JAMES N BLUE,3049492.00,LINDEN P BLUE,2698674.00,DAVID R ALEXANDER,2367023.00,BARTON B ROPER,1115148.00,TUAN H NGUYEN,713815.00,https://www.usaspending.gov/award/CONT_AWD_W58RGZ12C0057_9700_-NONE-_-NONE-/,2023-08-08 15:31:53+00
CONT_AWD_W58RGZ12C0075_9700_-NONE-_-NONE-,W58RGZ12C0075,,,,,,,,,1100819923.75,0.00,2066352002.68,2351377237.68,2012-05-07,2012,2022-09-15,2022,2012-05-08,2019-07-31,2019-07-31 12:07:00,,,097,Department of Defense,2100,Department of the Army,W58RGZ,W6QK ACC-RSA,097,Department of Defense,2100,Department of the Army,W81UHH,W6DQ 01 PEO AVN,021-2014/2014-2020-000,021-2020,25.7: Operation and maintenance of equipment;31.0: Equipment,,X,NOT APPLICABLE,,,ZH4NVFG3Z526,,"GENERAL ATOMICS AERONAUTICAL SYSTEMS, INC.","GENERAL ATOMICS AERONAUTICAL SYSTEMS, INC.",,0YJB5,YX6EL4J1WLP9,,GENERAL ATOMICS,GENERAL ATOMIC TECHNOLOGIES CORPORATION,USA,UNITED STATES,14200 KIRKHAM WAY,,POWAY,06073,SAN DIEGO,06,CA,CALIFORNIA,920647103,CA-52,CA-48,8583124309,8583122920,USA,UNITED STATES,POWAY,06073,SAN DIEGO,06,CA,CALIFORNIA,920647103,CA-52,CA-48,AWARD,D,DEFINITIVE CONTRACT,,,,,,,V,COST PLUS INCENTIVE FEE,AWARD OF UNDEFINITIZED CONTRACT ACTION (UCA) FOR FY 12 MQ-1C GRAY EAGLE PROGRAM OF RECORD AND QUICK REACTION CAPABILITY PERFORMANCE-BASED LOGISTICS PRODUCT SUPPORT.,W58RGZ11R0276,1,,,1550,UNMANNED AIRCRAFT,D,NOT A BUNDLED REQUIREMENT,A1A,AIRFRAMES AND SPARES,488190,OTHER SUPPORT ACTIVITIES FOR AIR TRANSPORTATION,C,NO CLAUSES INCLUDED AND NO SUSTAINABILITY INCLUDED,A,U.S. OWNED BUSINESS,272,TACTICAL UAV,Z,NOT IT PRODUCTS OR SERVICES,E,NOT REQUIRED,USA,UNITED STATES,D,MFG IN U.S.,C,PLAN REQUIRED - INCENTIVE NOT INCLUDED,C,NOT COMPETED,SSS,ONLY ONE SOURCE,NONE,NO SET ASIDE USED.,NONE,NO PREFERENCE USED,,,,,FOC,FOLLOW-ON CONTRACT (FAR 6.302-1(A)(2)(II/III)),1,D,COMMERCIAL PRODUCTS/SERVICES PROCEDURES NOT USED,f,N,NO,N,NO,Y,YES,N,NO,0.00,N,NO,N,NO,N,NO,N,NO,X,NOT APPLICABLE,,,,,,,,NONE,NONE,Y,YES,Y,YES - CAS CLAUSE INCLUDED,Y,TRANSACTION USES GFE/GFP,N,NO,N,NO,X,NOT APPLICABLE,N,NO,Z,NOT APPLICABLE,N,NO,X,NOT APPLICABLE,f,f,f,f,f,f,f,f,f,f,f,f,f,f,f,f,f,f,f,OTHER THAN SMALL BUSINESS,O,f,f,f,f,f,f,f,f,f,f,f,f,f,f,f,f,f,CORPORATE NOT TAX EXEMPT,t,f,f,f,f,f,f,f,f,f,f,f,t,f,f,t,f,f,f,f,f,f,f,f,f,f,f,f,t,f,f,f,f,f,f,f,f,f,f,f,f,f,f,f,f,f,f,f,f,f,LINDEN P BLUE,2895083.00,JAMES N BLUE,2711455.00,DAVID R ALEXANDER,2193634.00,BARTON B ROPER,1018876.00,ELIAHU  YEHEZKEL,937199.00,https://www.usaspending.gov/award/CONT_AWD_W58RGZ12C0075_9700_-NONE-_-NONE-/,2022-09-15 11:40:17+00
CONT_AWD_W58RGZ13C0010_9700_-NONE-_-NONE-,W58RGZ13C0010,,,,,,,,,495185497.82,,495185497.82,495185497.82,2012-10-30,2013,2022-05-17,2022,2012-10-30,2019-09-30,2019-09-30 00:00:00,,,097,Department of Defense,9763,Defense Contract Management Agency,S0302A,DCMA MOUNTAIN PACIFIC,097,Department of Defense,2100,Department of the Army,W81UHH,W6DQ 01 PEO AVN,,,,,X,NOT APPLICABLE,,,WNFAAJU8F1X1,,NORTHROP GRUMMAN SYSTEMS CORPORATION,NORTHROP GRUMMAN SYSTEMS CORPORATION,,0W6H8,NKVZLJL93QT6,,NORTHROP GRUMMAN CORPORATION,NORTHROP GRUMMAN SYSTEMS CORPORATION,USA,UNITED STATES,4067 ENTERPRISE WAY,,SIERRA VISTA,04003,COCHISE,04,AZ,ARIZONA,856352273,AZ-02,AZ-06,7037134096,,USA,UNITED STATES,SIERRA VISTA,04003,COCHISE,04,AZ,ARIZONA,856352273,AZ-02,AZ-06,AWARD,D,DEFINITIVE CONTRACT,,,,,,,U,COST PLUS FIXED FEE,CONTRACTOR LOGISTIC SUPPORT FOR HUNTER FY13,W58RGZ12R0265,1,,,1550,UNMANNED AIRCRAFT,D,NOT A BUNDLED REQUIREMENT,A1A,AIRFRAMES AND SPARES,336411,AIRCRAFT MANUFACTURING,C,NO CLAUSES INCLUDED AND NO SUSTAINABILITY INCLUDED,A,U.S. OWNED BUSINESS,000,NONE,Z,NOT IT PRODUCTS OR SERVICES,E,NOT REQUIRED,USA,UNITED STATES,D,MFG IN U.S.,C,PLAN REQUIRED - INCENTIVE NOT INCLUDED,C,NOT COMPETED,SSS,ONLY ONE SOURCE,NONE,NO SET ASIDE USED.,NONE,NO PREFERENCE USED,,,,,ONE,ONLY ONE SOURCE-OTHER (FAR 6.302-1 OTHER),1,D,COMMERCIAL ITEM PROCEDURES NOT USED,f,N,NO,N,NO,Y,YES,N,NO,0.00,N,NO,Y,YES,N,NO,X,NOT APPLICABLE,X,NOT APPLICABLE,,,,,,,,NONE,NONE,Y,YES,Y,YES - CAS CLAUSE INCLUDED,Y,TRANSACTION USES GFE/GFP,N,NO,N,NO,X,NOT APPLICABLE,N,NO,Z,NOT APPLICABLE,N,NO,X,NOT APPLICABLE,f,f,f,f,f,f,f,f,f,f,f,f,f,f,f,f,f,f,f,OTHER THAN SMALL BUSINESS,O,f,f,f,f,f,f,f,f,f,f,f,f,f,f,f,f,f,CORPORATE NOT TAX EXEMPT,t,f,f,f,f,f,f,f,f,f,f,f,f,f,f,f,f,t,f,f,f,f,f,f,f,f,f,f,t,f,f,f,f,f,f,f,f,f,f,f,f,f,f,f,f,f,f,f,f,f,,,,,,,,,,,https://www.usaspending.gov/award/CONT_AWD_W58RGZ13C0010_9700_-NONE-_-NONE-/,2025-04-22 16:50:17+00
CONT_AWD_W58RGZ13C0016_9700_-NONE-_-NONE-,W58RGZ13C0016,,,,Q: Not Designated Nonemergency/Emergency/Disaster/Wildfire Suppression,,,,,130477025.97,0.00,130866951.90,130866951.90,2012-12-18,2013,2023-07-18,2023,2012-12-18,2020-05-31,2020-05-31 00:00:00,,,097,Department of Defense,2100,Department of the Army,W58RGZ,W6QK ACC-RSA,097,Department of Defense,2100,Department of the Army,W81UHH,W6DQ 01 PEO AVN,021-2014/2014-2020-000;021-2015/2015-2020-000;021-2016/2016-2020-000;021-2017/2017-2020-000,021-2020,25.7: Operation and maintenance of equipment,,X,NOT APPLICABLE,,,SNJ8YY61GB95,,TEXTRON SYSTEMS CORPORATION,AAI CORPORATION,,97384,HKUMGJBEMKN3,,TEXTRON INC,TEXTRON INC.,USA,UNITED STATES,124 INDUSTRY LANE,,HUNT VALLEY,24005,BALTIMORE,24,MD,MARYLAND,210303342,MD-02,MD-02,4106283518,4106677180,USA,UNITED STATES,COCKEYSVILLE,24005,BALTIMORE,24,MD,MARYLAND,210303342,MD-02,MD-02,AWARD,D,DEFINITIVE CONTRACT,,,,,,,U,COST PLUS FIXED FEE,CONTRACTOR LOGISTICS SUPPORT FY13,W58RGZ12R0104,1,,,1550,UNMANNED AIRCRAFT,D,NOT A BUNDLED REQUIREMENT,A1A,AIRFRAMES AND SPARES,336411,AIRCRAFT MANUFACTURING,C,NO CLAUSES INCLUDED AND NO SUSTAINABILITY INCLUDED,A,U.S. OWNED BUSINESS,272,TACTICAL UAV,Z,NOT IT PRODUCTS OR SERVICES,E,NOT REQUIRED,USA,UNITED STATES,D,MFG IN U.S.,C,PLAN REQUIRED - INCENTIVE NOT INCLUDED,C,NOT COMPETED,SSS,ONLY ONE SOURCE,NONE,NO SET ASIDE USED.,NONE,NO PREFERENCE USED,,,,,FOC,FOLLOW-ON CONTRACT (FAR 6.302-1(A)(2)(II/III)),1,D,COMMERCIAL PRODUCTS/SERVICES PROCEDURES NOT USED,f,N,NO,N,NO,Y,YES,N,NO,0.00,N,NO,Y,YES,X,NOT APPLICABLE,X,NOT APPLICABLE,X,NOT APPLICABLE,,,,,,,,NONE,NONE,Y,YES,X,NOT APPLICABLE EXEMPT FROM CAS,Y,TRANSACTION USES GFE/GFP,N,NO,N,NO,X,NOT APPLICABLE,N,NO,Z,NOT APPLICABLE,N,NO,X,NOT APPLICABLE,f,f,f,f,f,f,f,f,f,f,f,f,f,f,f,f,f,f,f,OTHER THAN SMALL BUSINESS,O,f,f,f,f,f,f,f,f,f,f,f,f,f,f,f,f,f,CORPORATE NOT TAX EXEMPT,t,f,f,f,f,f,f,f,f,f,f,f,t,f,f,f,f,t,f,f,f,f,f,f,f,f,f,f,t,f,f,f,f,f,f,f,f,f,f,f,f,f,f,f,f,f,f,f,f,f,STEPHEN  GREENE,637001.00,JAMES F TARALLO,556767.00,WILLIAM G IRBY,512364.00,TAREK  MEKHAIL,488783.00,MICHAEL P KIERAN,482658.00,https://www.usaspending.gov/award/CONT_AWD_W58RGZ13C0016_9700_-NONE-_-NONE-/,2025-04-22 16:50:17+00
CONT_AWD_W58RGZ13C0109_9700_-NONE-_-NONE-,W58RGZ13C0109,,,,,,,,,1053755509.03,,1053777938.03,1093581854.27,2013-09-13,2013,2021-11-22,2022,2013-09-13,2023-03-31,2023-03-31 12:03:00,,,097,Department of Defense,2100,Department of the Army,W58RGZ,W6QK ACC-RSA,097,Department of Defense,2100,Department of the Army,W81UHH,W6DQ 01 PEO AVN,,,,,X,NOT APPLICABLE,,,ZH4NVFG3Z526,824684229,"GENERAL ATOMICS AERONAUTICAL SYSTEMS, INC.","GENERAL ATOMICS AERONAUTICAL SYSTEMS, INC.",,0YJB5,YX6EL4J1WLP9,859181984,GENERAL ATOMICS,GENERAL ATOMICS AERONAUTICAL SYSTEMS  INC.,USA,UNITED STATES,14200 KIRKHAM WAY,,POWAY,06073,SAN DIEGO,06,CA,CALIFORNIA,920647103,CA-52,CA-48,8583124309,8583122920,USA,UNITED STATES,POWAY,06073,SAN DIEGO,06,CA,CALIFORNIA,920647103,CA-52,CA-48,AWARD,D,DEFINITIVE CONTRACT,,,,,,,J,FIRM FIXED PRICE,FY 13 FULL RATE PRODUCTION OF THE GRAY EAGLE UNMANNED AIRCRAFT SYSTEM AND FY 12 BACKFILL REQUIREMENTS.,W58RGZ12R0316,1,OT,OTHER FUNCTIONS,1550,UNMANNED AIRCRAFT,D,NOT A BUNDLED REQUIREMENT,A1A,AIRFRAMES AND SPARES,336411,AIRCRAFT MANUFACTURING,C,NO CLAUSES INCLUDED AND NO SUSTAINABILITY INCLUDED,A,U.S. OWNED BUSINESS,000,NONE,Z,NOT IT PRODUCTS OR SERVICES,E,NOT REQUIRED,USA,UNITED STATES,D,MFG IN U.S.,C,PLAN REQUIRED - INCENTIVE NOT INCLUDED,C,NOT COMPETED,SSS,ONLY ONE SOURCE,NONE,NO SET ASIDE USED.,NONE,NO PREFERENCE USED,,,,,ONE,ONLY ONE SOURCE-OTHER (FAR 6.302-1 OTHER),1,D,COMMERCIAL ITEM PROCEDURES NOT USED,f,N,NO,N,NO,Y,YES,N,NO,0.00,N,NO,Y,YES,N,NO,X,NOT APPLICABLE,X,NOT APPLICABLE,,,,,,,,NONE,NONE,Y,YES,Y,YES - CAS CLAUSE INCLUDED,Y,TRANSACTION USES GFE/GFP,N,NO,N,NO,X,NOT APPLICABLE,N,NO,A,FAR 52.232-16 PROGRESS PAYMENTS,N,NO,X,NOT APPLICABLE,f,f,f,f,f,f,f,f,f,f,f,f,f,f,f,f,f,f,f,OTHER THAN SMALL BUSINESS,O,f,f,f,f,f,f,f,f,f,f,f,f,f,f,f,f,f,CORPORATE NOT TAX EXEMPT,t,f,f,f,f,f,f,f,f,f,f,f,t,f,f,f,f,t,f,f,f,f,f,f,f,f,f,f,t,f,f,f,f,f,f,f,f,f,f,f,f,f,f,f,f,f,f,f,f,f,LINDEN P BLUE,2433022.00,JAMES N BLUE,2276657.00,DAVID R ALEXANDER,1955403.00,BARTON B ROPER,956408.00,ELIAHU  YEHEZKEL,928770.00,https://www.usaspending.gov/award/CONT_AWD_W58RGZ13C0109_9700_-NONE-_-NONE-/,2021-11-22 17:53:01+00
CONT_AWD_W58RGZ13C0110_9700_-NONE-_-NONE-,W58RGZ13C0110,,,,Q: Not Designated Nonemergency/Emergency/Disaster/Wildfire Suppression,,,,,284866174.77,0.19,453795876.11,508768372.11,2013-09-30,2013,2022-09-19,2022,2013-09-30,2020-09-30,2020-09-30 00:00:00,,,097,Department of Defense,2100,Department of the Army,W58RGZ,W6QK ACC-RSA,097,Department of Defense,2100,Department of the Army,W81UHH,W6DQ 01 PEO AVN,021-2015/2017-2031-000;021-2016/2016-2020-000;021-2016/2017-2040-000;021-2017/2017-2020-000;021-2018/2019-2040-000;021-2019/2019-2020-000;097-2016/2017-0400-000;097-2018/2019-0400-000;097-2019/2020-0400-000,021-2020;021-2031;021-2040;097-0400,25.1: Advisory and assistance services;25.2: Other services from non-Federal sources;25.5: Research and development contracts;25.7: Operation and maintenance of equipment;31.0: Equipment,0001: BASIC RESEARCH;0004: ADMINISTRATION & SERVICEWIDE ACTIVITIES;0020: UNDISTRIBUTED;00CA: N/A,X,NOT APPLICABLE,,,ZH4NVFG3Z526,,"GENERAL ATOMICS AERONAUTICAL SYSTEMS, INC.","GENERAL ATOMICS AERONAUTICAL SYSTEMS, INC.",,0YJB5,YX6EL4J1WLP9,,GENERAL ATOMICS,GENERAL ATOMIC TECHNOLOGIES CORPORATION,USA,UNITED STATES,14200 KIRKHAM WAY,,POWAY,06073,SAN DIEGO,06,CA,CALIFORNIA,920647103,CA-52,CA-48,8583124309,8583122920,USA,UNITED STATES,POWAY,06073,SAN DIEGO,06,CA,CALIFORNIA,920647103,CA-52,CA-48,AWARD,D,DEFINITIVE CONTRACT,,,,,,,U,COST PLUS FIXED FEE,FY13-17 GRAY EAGLE ENGINEERING SERVICES,W58RGZ12R0148,1,CL,CLOSELY ASSOCIATED,1550,UNMANNED AIRCRAFT,D,NOT A BUNDLED REQUIREMENT,A1C,OTHER AIRCRAFT EQUIPMENT,541330,ENGINEERING SERVICES,C,NO CLAUSES INCLUDED AND NO SUSTAINABILITY INCLUDED,A,U.S. OWNED BUSINESS,000,NONE,Z,NOT IT PRODUCTS OR SERVICES,E,NOT REQUIRED,USA,UNITED STATES,D,MFG IN U.S.,C,PLAN REQUIRED - INCENTIVE NOT INCLUDED,C,NOT COMPETED,SSS,ONLY ONE SOURCE,NONE,NO SET ASIDE USED.,NONE,NO PREFERENCE USED,,,,,UNQ,UNIQUE SOURCE (FAR 6.302-1(B)(1)),1,D,COMMERCIAL PRODUCTS/SERVICES PROCEDURES NOT USED,f,N,NO,N,NO,Y,YES,N,NO,0.00,N,NO,Y,YES,N,NO,N,NO,X,NOT APPLICABLE,,,,,,,,NONE,NONE,Y,YES,Y,YES - CAS CLAUSE INCLUDED,Y,TRANSACTION USES GFE/GFP,N,NO,N,NO,X,NOT APPLICABLE,N,NO,Z,NOT APPLICABLE,N,NO,X,NOT APPLICABLE,f,f,f,f,f,f,f,f,f,f,f,f,f,f,f,f,f,f,f,OTHER THAN SMALL BUSINESS,O,f,f,f,f,f,f,f,f,f,f,f,f,f,f,f,f,f,CORPORATE NOT TAX EXEMPT,t,f,f,f,f,f,f,f,f,f,f,f,t,f,f,f,f,t,f,f,f,f,f,f,f,f,f,f,t,f,f,f,f,f,f,f,f,f,f,f,f,f,f,f,f,f,f,f,f,f,LINDEN P BLUE,2895083.00,JAMES N BLUE,2711455.00,DAVID R ALEXANDER,2193634.00,BARTON B ROPER,1018876.00,ELIAHU  YEHEZKEL,937199.00,https://www.usaspending.gov/award/CONT_AWD_W58RGZ13C0110_9700_-NONE-_-NONE-/,2022-09-20 09:58:42+00
CONT_AWD_W58RGZ13C0142_9700_-NONE-_-NONE-,W58RGZ13C0142,,,,,,,,,3273525.30,,3273525.30,3273525.30,2013-09-27,2013,2026-04-28,2026,2013-09-27,2026-07-31,2026-07-31 12:07:00,,,097,Department of Defense,2100,Department of the Army,W58RGZ,W6QK ACC-RSA,097,Department of Defense,2100,Department of the Army,W81UHH,W6DQ 01 PEO AVN,,,,,X,NOT APPLICABLE,,,ZH4NVFG3Z526,,"GENERAL ATOMICS AERONAUTICAL SYSTEMS, INC.","GENERAL ATOMICS AERONAUTICAL SYSTEMS, INC.",,0YJB5,ZH4NVFG3Z526,,"GENERAL ATOMICS AERONAUTICAL SYSTEMS, INC.",GENERAL ATOMIC TECHNOLOGIES CORPORATION,USA,UNITED STATES,14200 KIRKHAM WAY,,POWAY,06073,SAN DIEGO,06,CA,CALIFORNIA,920647103,CA-48,CA-48,8583124309,8583122920,USA,UNITED STATES,POWAY,06073,SAN DIEGO,06,CA,CALIFORNIA,920647103,CA-48,CA-48,AWARD,D,DEFINITIVE CONTRACT,,,,,,,U,COST PLUS FIXED FEE,WARRIOR ALPHA/BLOCK 0 UNMANNED AIRCRAFT SYSTEM (UAS) ENGINEERING SERVICES SUPPORT FOR FY13 (BASE) / FY14 (OPTION).,W58RGZ12R0364,1,,,1550,UNMANNED AIRCRAFT,D,NOT A BUNDLED REQUIREMENT,A1A,AIRFRAMES AND SPARES,541330,ENGINEERING SERVICES,C,NO CLAUSES INCLUDED AND NO SUSTAINABILITY INCLUDED,A,U.S. OWNED BUSINESS,000,NONE,Z,NOT IT PRODUCTS OR SERVICES,E,NOT REQUIRED,USA,UNITED STATES,D,MFG IN U.S.,C,PLAN REQUIRED - INCENTIVE NOT INCLUDED,C,NOT COMPETED,SSS,ONLY ONE SOURCE,NONE,NO SET ASIDE USED.,NONE,NO PREFERENCE USED,,,,,ONE,ONLY ONE SOURCE-OTHER (FAR 6.302-1 OTHER),1,D,COMMERCIAL PRODUCTS/SERVICES PROCEDURES NOT USED,f,N,NO,N,NO,Y,YES,N,NO,0.00,N,NO,X,NOT APPLICABLE,X,NOT APPLICABLE,X,NOT APPLICABLE,X,NOT APPLICABLE,,,,,,,,,,Y,YES,Y,YES - CAS CLAUSE INCLUDED,Y,TRANSACTION USES GFE/GFP,N,NO,N,NO,X,NOT APPLICABLE,N,NO,Z,NOT APPLICABLE,N,NO,X,NOT APPLICABLE,f,f,f,f,f,f,f,f,f,f,f,f,f,f,f,f,f,f,f,OTHER THAN SMALL BUSINESS,O,f,f,f,f,f,f,f,f,f,f,f,f,f,f,f,f,f,CORPORATE NOT TAX EXEMPT,t,f,f,f,f,f,f,f,f,f,f,f,t,f,f,f,f,t,f,f,f,f,f,f,f,f,f,f,t,f,f,f,f,f,f,f,f,f,f,f,f,f,f,f,f,f,f,f,f,f,JAMES N BLUE,4379465.00,LINDEN P BLUE,4174909.00,DAVID R ALEXANDER,3812516.00,BART B ROPER,1975922.00,W D WILSON IV,1600128.00,https://www.usaspending.gov/award/CONT_AWD_W58RGZ13C0142_9700_-NONE-_-NONE-/,2026-04-28 15:34:46+00
CONT_AWD_W58RGZ14C0001_9700_-NONE-_-NONE-,W58RGZ14C0001,,,,,,,,,230209876.16,0.00,232719025.28,371448980.81,2013-10-28,2014,2022-05-04,2022,2013-11-01,2018-05-01,2018-05-01 00:00:00,,,097,Department of Defense,9763,Defense Contract Management Agency,S2101A,DCMA MID-ATLANTIC (BALTIMORE),097,Department of Defense,2100,Department of the Army,W58RGZ,W6QK ACC-RSA,017-2014/2014-1804-000,017-1804,25.7: Operation and maintenance of equipment,,X,NOT APPLICABLE,,,SNJ8YY61GB95,,TEXTRON SYSTEMS CORPORATION,AAI CORPORATION,,97384,HKUMGJBEMKN3,,TEXTRON INC,TEXTRON INC.,USA,UNITED STATES,124 INDUSTRY LANE,,HUNT VALLEY,24005,BALTIMORE,24,MD,MARYLAND,210303342,MD-02,MD-02,4106283518,4106677180,USA,UNITED STATES,COCKEYSVILLE,24005,BALTIMORE,24,MD,MARYLAND,210303342,MD-02,MD-02,AWARD,D,DEFINITIVE CONTRACT,,,,,,,V,COST PLUS INCENTIVE FEE,FOLLOW-ON CONTRACT FOR SHADOW UNMANNED AIRCRAFT SYSTEM PERFORMANCE BASED LOGISTICS SUPPORT AND OPERATIONAL/SUSTAINMENT SUPPORT FOR FISCAL YEARS 2014 AND 2015.,W58RGZ13R0009,1,,,1550,UNMANNED AIRCRAFT,D,NOT A BUNDLED REQUIREMENT,A1A,AIRFRAMES AND SPARES,336411,AIRCRAFT MANUFACTURING,A,FAR 52.223-4 INCLUDED,A,U.S. OWNED BUSINESS,272,TACTICAL UAV,Z,NOT IT PRODUCTS OR SERVICES,A,MEETS REQUIREMENTS,USA,UNITED STATES,D,MFG IN U.S.,C,PLAN REQUIRED - INCENTIVE NOT INCLUDED,C,NOT COMPETED,SSS,ONLY ONE SOURCE,NONE,NO SET ASIDE USED.,NONE,NO PREFERENCE USED,,,,,FOC,FOLLOW-ON CONTRACT (FAR 6.302-1(A)(2)(II/III)),1,D,COMMERCIAL ITEM PROCEDURES NOT USED,f,N,NO,N,NO,Y,YES,N,NO,0.00,N,NO,Y,YES,N,NO,N,NO,A,ECONOMY ACT,,,,,,,,NONE,NONE,Y,YES,Y,YES - CAS CLAUSE INCLUDED,Y,TRANSACTION USES GFE/GFP,U,UNKNOWN,N,NO,X,NOT APPLICABLE,N,NO,Z,NOT APPLICABLE,N,NO,X,NOT APPLICABLE,f,f,f,f,f,f,f,f,f,f,f,f,f,f,f,f,f,f,f,OTHER THAN SMALL BUSINESS,O,f,f,f,f,f,f,f,f,f,f,f,f,f,f,f,f,f,CORPORATE NOT TAX EXEMPT,t,f,f,f,f,f,f,f,f,f,f,f,t,f,f,f,f,t,f,f,f,f,f,f,f,f,f,f,t,f,f,f,f,f,f,f,f,f,f,f,f,f,f,f,f,f,f,f,f,f,STEPHEN  GREENE,637001.00,JAMES F TARALLO,556767.00,WILLIAM G IRBY,512364.00,TAREK  MEKHAIL,488783.00,MICHAEL P KIERAN,482658.00,https://www.usaspending.gov/award/CONT_AWD_W58RGZ14C0001_9700_-NONE-_-NONE-/,2022-07-13 13:34:25+00
CONT_AWD_W58RGZ14C0008_9700_-NONE-_-NONE-,W58RGZ14C0008,,,,,,,,,259624782.60,,259624782.60,259624782.60,2013-12-13,2014,2021-11-15,2022,2013-12-13,2016-12-15,2016-12-15 12:12:00,,,097,Department of Defense,2100,Department of the Army,W58RGZ,W6QK ACC-RSA,097,Department of Defense,2100,Department of the Army,W81UHH,W6DQ 01 PEO AVN,,,,,X,NOT APPLICABLE,,,ZH4NVFG3Z526,824684229,"GENERAL ATOMICS AERONAUTICAL SYSTEMS, INC.","GENERAL ATOMICS AERONAUTICAL SYSTEMS, INC.",,0YJB5,YX6EL4J1WLP9,859181984,GENERAL ATOMICS,GENERAL ATOMICS AERONAUTICAL SYSTEMS  INC.,USA,UNITED STATES,14200 KIRKHAM WAY,,POWAY,06073,SAN DIEGO,06,CA,CALIFORNIA,920647103,CA-52,CA-48,8583124309,8583122920,USA,UNITED STATES,ESCONDIDO,06073,SAN DIEGO,06,CA,CALIFORNIA,920467103,CA-50,CA-48,AWARD,D,DEFINITIVE CONTRACT,,,,,,,U,COST PLUS FIXED FEE,CONTRACTOR LOGISTIC SERVICES FOR UNMANNED AIRCRAFT SYSTEM WARRIOR FOR FY14 AND FY 15,W58RGZ12R0434,1,,,1550,UNMANNED AIRCRAFT,D,NOT A BUNDLED REQUIREMENT,A1A,AIRFRAMES AND SPARES,336411,AIRCRAFT MANUFACTURING,C,NO CLAUSES INCLUDED AND NO SUSTAINABILITY INCLUDED,A,U.S. OWNED BUSINESS,000,NONE,Z,NOT IT PRODUCTS OR SERVICES,E,NOT REQUIRED,USA,UNITED STATES,D,MFG IN U.S.,C,PLAN REQUIRED - INCENTIVE NOT INCLUDED,C,NOT COMPETED,SSS,ONLY ONE SOURCE,NONE,NO SET ASIDE USED.,NONE,NO PREFERENCE USED,,,,,ONE,ONLY ONE SOURCE-OTHER (FAR 6.302-1 OTHER),1,D,COMMERCIAL ITEM PROCEDURES NOT USED,f,N,NO,N,NO,Y,YES,N,NO,0.00,N,NO,Y,YES,N,NO,N,NO,X,NOT APPLICABLE,,,,,,,,NONE,NONE,Y,YES,Y,YES - CAS CLAUSE INCLUDED,Y,TRANSACTION USES GFE/GFP,N,NO,N,NO,X,NOT APPLICABLE,N,NO,Z,NOT APPLICABLE,N,NO,X,NOT APPLICABLE,f,f,f,f,f,f,f,f,f,f,f,f,f,f,f,f,f,f,f,OTHER THAN SMALL BUSINESS,O,f,f,f,f,f,f,f,f,f,f,f,f,f,f,f,f,f,CORPORATE NOT TAX EXEMPT,t,f,f,f,f,f,f,f,f,f,f,f,t,f,f,f,f,t,f,f,f,f,f,f,f,f,f,f,t,f,f,f,f,f,f,f,f,f,f,f,f,f,f,f,f,f,f,f,f,f,LINDEN P BLUE,2433022.00,JAMES N BLUE,2276657.00,DAVID R ALEXANDER,1955403.00,BARTON B ROPER,956408.00,ELIAHU  YEHEZKEL,928770.00,https://www.usaspending.gov/award/CONT_AWD_W58RGZ14C0008_9700_-NONE-_-NONE-/,2021-11-15 17:01:12+00
CONT_AWD_W58RGZ15C0047_9700_-NONE-_-NONE-,W58RGZ15C0047,,,,Q: Not Designated Nonemergency/Emergency/Disaster/Wildfire Suppression,,,,,282149430.56,6324.29,294033093.48,294033093.48,2015-04-03,2015,2024-05-15,2024,2015-04-03,2022-07-30,2022-07-30 12:07:00,,,097,Department of Defense,2100,Department of the Army,W58RGZ,W6QK ACC-RSA,097,Department of Defense,2100,Department of the Army,W81UHH,W6DQ 01 PEO AVN,097-2016/2018-0350-000,097-0350,31.0: Equipment,0002: NATIONAL GUARD EQUIPMENT,X,NOT APPLICABLE,,,SNJ8YY61GB95,,TEXTRON SYSTEMS CORPORATION,AAI CORPORATION,,97384,HKUMGJBEMKN3,,TEXTRON INC,TEXTRON INC.,USA,UNITED STATES,124 INDUSTRY LANE,,HUNT VALLEY,24005,BALTIMORE,24,MD,MARYLAND,210303342,MD-02,MD-02,4106283518,4106677180,USA,UNITED STATES,COCKEYSVILLE,24005,BALTIMORE,24,MD,MARYLAND,210303342,MD-02,MD-02,AWARD,D,DEFINITIVE CONTRACT,,,,,,,L,FIXED PRICE INCENTIVE,PROCUREMENT OF FISCAL YEAR 14 TACTICAL COMMON DATA LINK FULL RATE PRODUCTION VII IN SUPPORT OF UNMANNED AIRCRAFT SYSTEMS ARMY AND MARINES.,,1,,,1550,UNMANNED AIRCRAFT,D,NOT A BUNDLED REQUIREMENT,A1A,AIRFRAMES AND SPARES,336411,AIRCRAFT MANUFACTURING,C,NO CLAUSES INCLUDED AND NO SUSTAINABILITY INCLUDED,A,U.S. OWNED BUSINESS,000,NONE,Z,NOT IT PRODUCTS OR SERVICES,E,NOT REQUIRED,USA,UNITED STATES,D,MFG IN U.S.,C,PLAN REQUIRED - INCENTIVE NOT INCLUDED,C,NOT COMPETED,SSS,ONLY ONE SOURCE,NONE,NO SET ASIDE USED.,NONE,NO PREFERENCE USED,,,,,ONE,ONLY ONE SOURCE-OTHER (FAR 6.302-1 OTHER),1,D,COMMERCIAL PRODUCTS/SERVICES PROCEDURES NOT USED,f,N,NO,N,NO,Y,YES,N,NO,0.00,N,NO,N,NO,N,NO,N,NO,X,NOT APPLICABLE,,,,,,,,,,Y,YES,Y,YES - CAS CLAUSE INCLUDED,Y,TRANSACTION USES GFE/GFP,N,NO,N,NO,X,NOT APPLICABLE,N,NO,A,FAR 52.232-16 PROGRESS PAYMENTS,N,NO,X,NOT APPLICABLE,f,f,f,f,f,f,f,f,f,f,f,f,f,f,f,f,f,f,f,OTHER THAN SMALL BUSINESS,O,f,f,f,f,f,f,f,f,f,f,f,f,f,f,f,f,f,CORPORATE NOT TAX EXEMPT,t,f,f,f,f,f,f,f,f,f,f,f,t,f,f,f,f,t,f,f,f,f,f,f,f,f,f,f,t,f,f,f,f,f,f,f,f,f,f,f,f,f,f,f,f,f,f,f,f,f,,,,,,,,,,,https://www.usaspending.gov/award/CONT_AWD_W58RGZ15C0047_9700_-NONE-_-NONE-/,2024-05-15 17:31:21+00
CONT_AWD_W58RGZ17C0019_9700_-NONE-_-NONE-,W58RGZ17C0019,,,,,,,,,422215072.89,0.00,578160155.89,754741167.89,2016-10-28,2017,2024-08-27,2024,2016-10-28,2020-09-27,2020-09-27 12:09:00,,,097,Department of Defense,2100,Department of the Army,W58RGZ,W6QK ACC-RSA,097,Department of Defense,2100,Department of the Army,W81UHH,W6DQ 01 PEO AVN,021-2019/2019-2020-000,021-2020,25.7: Operation and maintenance of equipment,,X,NOT APPLICABLE,,,WNFAAJU8F1X1,,NORTHROP GRUMMAN SYSTEMS CORPORATION,NORTHROP GRUMMAN SYSTEMS CORPORATION,,0W6H8,NKVZLJL93QT6,,NORTHROP GRUMMAN CORPORATION,NORTHROP GRUMMAN SYSTEMS CORP,USA,UNITED STATES,4067 ENTERPRISE WAY,,SIERRA VISTA,04003,COCHISE,04,AZ,ARIZONA,85635,AZ-06,AZ-06,7037134096,,USA,UNITED STATES,SIERRA VISTA,04003,COCHISE,04,AZ,ARIZONA,856352273,AZ-06,AZ-06,AWARD,D,DEFINITIVE CONTRACT,,,,,,,U,COST PLUS FIXED FEE,HUNTER FY2017-2018 CONTRACTOR LOGISTICS SUPPORT,W58RGZ15R0059,1,,,1550,UNMANNED AIRCRAFT,D,NOT A BUNDLED REQUIREMENT,A1A,AIRFRAMES AND SPARES,336411,AIRCRAFT MANUFACTURING,C,NO CLAUSES INCLUDED AND NO SUSTAINABILITY INCLUDED,A,U.S. OWNED BUSINESS,000,NONE,Z,NOT IT PRODUCTS OR SERVICES,E,NOT REQUIRED,USA,UNITED STATES,D,MFG IN U.S.,F,INDIVIDUAL SUBCONTRACT PLAN,C,NOT COMPETED,SSS,ONLY ONE SOURCE,NONE,NO SET ASIDE USED.,NONE,NO PREFERENCE USED,,,,,ONE,ONLY ONE SOURCE-OTHER (FAR 6.302-1 OTHER),1,D,COMMERCIAL PRODUCTS/SERVICES PROCEDURES NOT USED,f,N,NO,N,NO,Y,YES,N,NO,0.00,N,NO,Y,YES,N,NO,N,NO,X,NOT APPLICABLE,,,,,,,,,,Y,YES,Y,YES - CAS CLAUSE INCLUDED,Y,TRANSACTION USES GFE/GFP,N,NO,N,NO,X,NOT APPLICABLE,N,NO,Z,NOT APPLICABLE,N,NO,X,NOT APPLICABLE,f,f,f,f,f,f,f,f,f,f,f,f,f,f,f,f,f,f,f,OTHER THAN SMALL BUSINESS,O,f,f,f,f,f,f,f,f,f,f,f,f,f,f,f,f,f,CORPORATE NOT TAX EXEMPT,t,f,f,f,f,f,f,f,f,f,f,f,f,f,f,f,f,t,f,f,f,f,f,f,f,f,f,f,t,f,f,f,f,f,f,f,f,f,f,f,f,f,f,f,f,f,f,f,f,f,,,,,,,,,,,https://www.usaspending.gov/award/CONT_AWD_W58RGZ17C0019_9700_-NONE-_-NONE-/,2024-08-27 15:39:37+00
CONT_AWD_W58RGZ17C0035_9700_-NONE-_-NONE-,W58RGZ17C0035,,,,,,,,,195103402.37,,195103402.37,226039832.41,2016-12-15,2017,2025-09-11,2025,2016-12-15,2022-02-28,2022-02-28 12:02:00,,,097,Department of Defense,2100,Department of the Army,W58RGZ,W6QK ACC-RSA,097,Department of Defense,2100,Department of the Army,W81UHH,W6DQ 01 PEO AVN,,,,,X,NOT APPLICABLE,,,ZH4NVFG3Z526,,"GENERAL ATOMICS AERONAUTICAL SYSTEMS, INC.","GENERAL ATOMICS AERONAUTICAL SYSTEMS, INC.",,0YJB5,ZH4NVFG3Z526,,"GENERAL ATOMICS AERONAUTICAL SYSTEMS, INC.",GENERAL ATOMIC TECHNOLOGIES CORPORATION,USA,UNITED STATES,14200 KIRKHAM WAY,,POWAY,06073,SAN DIEGO,06,CA,CALIFORNIA,920647103,CA-48,CA-48,8585256018,,USA,UNITED STATES,POWAY,06073,SAN DIEGO,06,CA,CALIFORNIA,920647001,CA-48,CA-48,AWARD,D,DEFINITIVE CONTRACT,,,,,,,U,COST PLUS FIXED FEE,"BASIC CONTRACT W58RGZ-17-C-0035 IS TO PROVIDE CONTRACT LOGISTICAL SERVICES (CLS) FOR THE WARRIOR A AND BLOCK 0 SYSTEMS REQUIREMENT WITHIN THE UNMANNED AIRCRAFT SYSTEM AND PROVIDE SUSTAINMENT SUPPORT AND MAINTENANCE SUPPORT OF SUPPLIES AND EQUIPMENT AT TWO SITES IN CONTIGUOUS UNITED STATES AND SUPPORT OF MULTIPLE OUTSIDE CONTIGUOUS UNITED STATES SITES INCLUDE SUSTAINING SUPPORT FOR DEPOT OPERATIONS, SUPPORT EQUIPMENT TO ASSIST ON SITE FIELD SERVICE REPRESENTATIVES AND ORIGINAL EQUIPMENT MANUFACTURER MAINTENANCE TO THE WARRIOR CONTRACT FOR THE SHADOW TACTICAL UNMANNED AIRCRAFT SYSTEM.",W58RGZ15R0208,1,,,1550,UNMANNED AIRCRAFT,D,NOT A BUNDLED REQUIREMENT,A1A,AIRFRAMES AND SPARES,336411,AIRCRAFT MANUFACTURING,C,NO CLAUSES INCLUDED AND NO SUSTAINABILITY INCLUDED,A,U.S. OWNED BUSINESS,420,MQ-1C GRAY EAGLE,Z,NOT IT PRODUCTS OR SERVICES,E,NOT REQUIRED,USA,UNITED STATES,D,MFG IN U.S.,F,INDIVIDUAL SUBCONTRACT PLAN,C,NOT COMPETED,SSS,ONLY ONE SOURCE,NONE,NO SET ASIDE USED.,NONE,NO PREFERENCE USED,,,,,FOC,FOLLOW-ON CONTRACT (FAR 6.302-1(A)(2)(II/III)),1,D,COMMERCIAL PRODUCTS/SERVICES PROCEDURES NOT USED,f,N,NO,N,NO,Y,YES,N,NO,0.00,N,NO,N,NO,X,NOT APPLICABLE,N,NO,X,NOT APPLICABLE,,,,,,,,,,Y,YES,Y,YES - CAS CLAUSE INCLUDED,Y,TRANSACTION USES GFE/GFP,N,NO,N,NO,X,NOT APPLICABLE,N,NO,Z,NOT APPLICABLE,N,NO,X,NOT APPLICABLE,f,f,f,f,f,f,f,f,f,f,f,f,f,f,f,f,f,f,f,OTHER THAN SMALL BUSINESS,O,f,f,f,f,f,f,f,f,f,f,f,f,f,f,f,f,f,CORPORATE NOT TAX EXEMPT,t,f,f,f,f,f,f,f,f,f,f,f,f,f,f,f,f,t,f,f,f,f,f,f,f,f,f,f,t,f,f,f,f,f,f,f,f,f,f,f,f,f,f,f,f,f,f,f,f,f,JAMES N BLUE,3276593.00,LINDEN P BLUE,2771930.00,DAVID R ALEXANDER,2537917.00,BARTON B ROPER,1220781.00,FRED  DARLINGTON,1169891.00,https://www.usaspending.gov/award/CONT_AWD_W58RGZ17C0035_9700_-NONE-_-NONE-/,2025-09-11 17:51:14+00
CONT_AWD_W58RGZ18C0037_9700_-NONE-_-NONE-,W58RGZ18C0037,,,,,,,,,52149547.38,,52149547.38,52149547.38,2018-09-13,2018,2025-04-04,2025,2018-09-13,2025-09-30,2025-09-30 00:00:00,,,097,Department of Defense,2100,Department of the Army,W58RGZ,W6QK ACC-RSA,097,Department of Defense,2100,Department of the Army,W81UHH,W6DQ 01 PEO AVN,,,,,X,NOT APPLICABLE,,,ZH4NVFG3Z526,,"GENERAL ATOMICS AERONAUTICAL SYSTEMS, INC.","GENERAL ATOMICS AERONAUTICAL SYSTEMS, INC.",,0YJB5,ZH4NVFG3Z526,,"GENERAL ATOMICS AERONAUTICAL SYSTEMS, INC.",GENERAL ATOMIC TECHNOLOGIES CORPORATION,USA,UNITED STATES,14200 KIRKHAM WAY,,POWAY,06073,SAN DIEGO,06,CA,CALIFORNIA,920647103,CA-48,CA-48,8585256018,,USA,UNITED STATES,POWAY,06073,SAN DIEGO,06,CA,CALIFORNIA,920647103,CA-48,CA-48,AWARD,D,DEFINITIVE CONTRACT,,,,,,,J,FIRM FIXED PRICE,3 LOTS OF MQ-1C GRAY EAGLE EXTENDED RANGE AIRCRAFT UNIQUE INITIAL SPARES AND 3 LOTS OF GROUND SUPPORT EQUIPMENT (GSE),W58RGZ18R0199,1,,,1550,UNMANNED AIRCRAFT,H,NOT BUNDLED,A1C,OTHER AIRCRAFT EQUIPMENT,336411,AIRCRAFT MANUFACTURING,C,NO CLAUSES INCLUDED AND NO SUSTAINABILITY INCLUDED,A,U.S. OWNED BUSINESS,420,MQ-1C GRAY EAGLE,Z,NOT IT PRODUCTS OR SERVICES,E,NOT REQUIRED,USA,UNITED STATES,D,MFG IN U.S.,F,INDIVIDUAL SUBCONTRACT PLAN,C,NOT COMPETED,SSS,ONLY ONE SOURCE,NONE,NO SET ASIDE USED.,NONE,NO PREFERENCE USED,,,,,ONE,ONLY ONE SOURCE-OTHER (FAR 6.302-1 OTHER),1,D,COMMERCIAL PRODUCTS/SERVICES PROCEDURES NOT USED,f,N,NO,N,NO,Y,YES,N,NO,0.00,N,NO,Y,YES,Y,YES,N,NO,X,NOT APPLICABLE,,,,,,,,,,Y,YES,Y,YES - CAS CLAUSE INCLUDED,Y,TRANSACTION USES GFE/GFP,N,NO,D,NOT CONSOLIDATED,X,NOT APPLICABLE,N,NO,A,FAR 52.232-16 PROGRESS PAYMENTS,N,NO,X,NOT APPLICABLE,f,f,f,f,f,f,f,f,f,f,f,f,f,f,f,f,f,f,f,OTHER THAN SMALL BUSINESS,O,f,f,f,f,f,f,f,f,f,f,f,f,f,f,f,f,f,CORPORATE NOT TAX EXEMPT,t,f,f,f,f,f,f,f,f,f,f,f,f,f,f,f,f,t,f,f,f,f,f,f,f,f,f,f,t,f,f,f,f,f,f,f,f,f,f,f,f,f,f,f,f,f,f,f,f,f,JAMES N BLUE,3276593.00,LINDEN P BLUE,2771930.00,DAVID R ALEXANDER,2537917.00,BARTON B ROPER,1220781.00,FRED  DARLINGTON,1169891.00,https://www.usaspending.gov/award/CONT_AWD_W58RGZ18C0037_9700_-NONE-_-NONE-/,2025-04-04 12:36:00+00
CONT_AWD_W58RGZ19C0033_9700_-NONE-_-NONE-,W58RGZ19C0033,,,,Q: Not Designated Nonemergency/Emergency/Disaster/Wildfire Suppression,,,,,147547219.87,4360357.06,147547219.87,590094094.87,2019-05-10,2019,2025-06-11,2025,2019-05-11,2022-09-30,2022-09-30 00:00:00,,2018-09-21,097,Department of Defense,2100,Department of the Army,W58RGZ,W6QK ACC-RSA,097,Department of Defense,2100,Department of the Army,W81UHH,W6DQ 01 PEO AVN,021-2020/2020-2020-000,021-2020,25.7: Operation and maintenance of equipment,OPTN: FIELD IS OPTIONAL PRIOR TO FY21,X,NOT APPLICABLE,,,WNFAAJU8F1X1,,NORTHROP GRUMMAN SYSTEMS CORPORATION,NORTHROP GRUMMAN SYSTEMS CORPORATION,,0W6H8,NKVZLJL93QT6,,NORTHROP GRUMMAN CORPORATION,NORTHROP GRUMMAN SYSTEMS CORPORATION,USA,UNITED STATES,4067 ENTERPRISE WAY,,SIERRA VISTA,04003,COCHISE,04,AZ,ARIZONA,856352273,AZ-06,AZ-06,7037134096,,USA,UNITED STATES,SIERRA VISTA,04003,COCHISE,04,AZ,ARIZONA,856352273,AZ-06,AZ-06,AWARD,D,DEFINITIVE CONTRACT,,,,,,,U,COST PLUS FIXED FEE,"THIS CONTRACT IS TO AWARD THE HUNTER UNMANNED AIRCRAFT SYSTEM FLEET SYSTEM SUPPORT FOR OPERATIONS, MAINTENANCE, ENGINEERING, RE-ENGINEERING AND RE-MANUFACTURING OF THE HUNTER.",W58RGZ18R0144,1,,,1550,UNMANNED AIRCRAFT,H,NOT BUNDLED,A1A,AIRFRAMES AND SPARES,336411,AIRCRAFT MANUFACTURING,C,NO CLAUSES INCLUDED AND NO SUSTAINABILITY INCLUDED,A,U.S. OWNED BUSINESS,000,NONE,Z,NOT IT PRODUCTS OR SERVICES,E,NOT REQUIRED,USA,UNITED STATES,D,MFG IN U.S.,F,INDIVIDUAL SUBCONTRACT PLAN,C,NOT COMPETED,SSS,ONLY ONE SOURCE,NONE,NO SET ASIDE USED.,NONE,NO PREFERENCE USED,,,,,ONE,ONLY ONE SOURCE-OTHER (FAR 6.302-1 OTHER),1,D,COMMERCIAL PRODUCTS/SERVICES PROCEDURES NOT USED,f,N,NO,N,NO,Y,YES,N,NO,0.00,N,NO,X,NOT APPLICABLE,X,NOT APPLICABLE,X,NOT APPLICABLE,X,NOT APPLICABLE,,,,,,,,,,Y,YES,Y,YES - CAS CLAUSE INCLUDED,Y,TRANSACTION USES GFE/GFP,N,NO,D,NOT CONSOLIDATED,X,NOT APPLICABLE,N,NO,Z,NOT APPLICABLE,N,NO,X,NOT APPLICABLE,f,f,f,f,f,f,f,f,f,f,f,f,f,f,f,f,f,f,f,OTHER THAN SMALL BUSINESS,O,f,f,f,f,f,f,f,f,f,f,f,f,f,f,f,f,f,CORPORATE NOT TAX EXEMPT,t,f,f,f,f,f,f,f,f,f,f,f,f,f,f,f,f,t,f,f,f,f,f,f,f,f,f,f,t,f,f,f,f,f,f,f,f,f,f,f,f,f,f,f,f,f,f,f,f,f,,,,,,,,,,,https://www.usaspending.gov/award/CONT_AWD_W58RGZ19C0033_9700_-NONE-_-NONE-/,2025-06-11 13:49:38+00
CONT_AWD_W58RGZ19F0256_9700_W58RGZ18D0138_9700,W58RGZ19F0256,9700,DEPT OF DEFENSE,W58RGZ18D0138,,,,,,5521971.32,0.00,5521971.32,5521971.32,2019-03-08,2019,2026-05-13,2026,2019-03-08,2020-09-30,2020-09-30 00:00:00,,2019-02-07,097,Department of Defense,2100,Department of the Army,W58RGZ,W6QK ACC-RSA,097,Department of Defense,2100,Department of the Army,W81UHH,W6DQ 01 PEO AVN,097-2019/2020-0400-000,097-0400,25.2: Other services from non-Federal sources,,X,NOT APPLICABLE,,,ZH4NVFG3Z526,,"GENERAL ATOMICS AERONAUTICAL SYSTEMS, INC.","GENERAL ATOMICS AERONAUTICAL SYSTEMS, INC.",,0YJB5,ZH4NVFG3Z526,,"GENERAL ATOMICS AERONAUTICAL SYSTEMS, INC.",GENERAL ATOMIC TECHNOLOGIES CORPORATION,USA,UNITED STATES,14200 KIRKHAM WAY,,POWAY,06073,SAN DIEGO,06,CA,CALIFORNIA,920647103,CA-48,CA-48,8585256018,,USA,UNITED STATES,POWAY,06073,SAN DIEGO,06,CA,CALIFORNIA,920647103,CA-48,CA-48,AWARD,C,DELIVERY ORDER,,,,,,,U,COST PLUS FIXED FEE,ENGINEERING SERVICES FY19 - 23 FOR GRAY EAGLE AIRCRAFT SYSTEM,,1,,,1550,UNMANNED AIRCRAFT,H,NOT BUNDLED,A5,WEAPONS,336411,AIRCRAFT MANUFACTURING,C,NO CLAUSES INCLUDED AND NO SUSTAINABILITY INCLUDED,A,U.S. OWNED BUSINESS,420,MQ-1C GRAY EAGLE,Z,NOT IT PRODUCTS OR SERVICES,E,NOT REQUIRED,USA,UNITED STATES,D,MFG IN U.S.,F,INDIVIDUAL SUBCONTRACT PLAN,C,NOT COMPETED,SSS,ONLY ONE SOURCE,,,NONE,NO PREFERENCE USED,,,,,ONE,ONLY ONE SOURCE-OTHER (FAR 6.302-1 OTHER),,D,COMMERCIAL PRODUCTS/SERVICES PROCEDURES NOT USED,f,N,NO,N,NO,Y,YES,N,NO,,N,NO,Y,YES,N,NO,N,NO,X,NOT APPLICABLE,,,B,IDC,S,SINGLE AWARD,,,,Y,YES,Y,YES - CAS CLAUSE INCLUDED,N,TRANSACTION DOES NOT USE GFE/GFP,N,NO,D,NOT CONSOLIDATED,X,NOT APPLICABLE,N,NO,Z,NOT APPLICABLE,N,NO,X,NOT APPLICABLE,f,f,f,f,f,f,f,f,f,f,f,f,f,f,f,f,f,f,f,OTHER THAN SMALL BUSINESS,O,f,f,f,f,f,f,f,f,f,f,f,f,f,f,f,f,f,CORPORATE NOT TAX EXEMPT,t,f,f,f,f,f,f,f,f,f,f,f,f,f,f,f,f,t,f,f,f,f,f,f,f,f,f,f,t,f,f,f,f,f,f,f,f,f,f,f,f,f,f,f,f,f,f,f,f,f,JAMES N BLUE,4379465.00,LINDEN P BLUE,4174909.00,DAVID R ALEXANDER,3812516.00,BART B ROPER,1975922.00,W D WILSON IV,1600128.00,https://www.usaspending.gov/award/CONT_AWD_W58RGZ19F0256_9700_W58RGZ18D0138_9700/,2026-05-13 16:41:21+00
CONT_AWD_W58RGZ19F0260_9700_W58RGZ19D0030_9700,W58RGZ19F0260,9700,DEPT OF DEFENSE,W58RGZ19D0030,,,,,,302021.19,,302021.19,302021.19,2019-09-27,2019,2022-05-18,2022,2019-10-01,2020-08-28,2020-08-28 12:08:00,,2019-07-31,097,Department of Defense,2100,Department of the Army,W58RGZ,W6QK ACC-RSA,097,Department of Defense,2100,Department of the Army,W81UHH,W6DQ 01 PEO AVN,,,,,X,NOT APPLICABLE,,,WNFAAJU8F1X1,,NORTHROP GRUMMAN SYSTEMS CORPORATION,NORTHROP GRUMMAN SYSTEMS CORPORATION,,0W6H8,NKVZLJL93QT6,,NORTHROP GRUMMAN CORPORATION,NORTHROP GRUMMAN SYSTEMS CORPORATION,USA,UNITED STATES,4067 ENTERPRISE WAY,,SIERRA VISTA,04003,COCHISE,04,AZ,ARIZONA,856352273,AZ-02,AZ-06,7037134096,,USA,UNITED STATES,SIERRA VISTA,04003,COCHISE,04,AZ,ARIZONA,856352273,AZ-02,AZ-06,AWARD,C,DELIVERY ORDER,,,,,,,U,COST PLUS FIXED FEE,HUNTER UNMANNED AIRCRAFT SYSTEM (UAS) ENGINEERING TECHNICAL SERVICES (ETS) SUPPORT FOR FY 2019-2021.,,1,,,1550,UNMANNED AIRCRAFT,H,NOT BUNDLED,S1,SERVICES,541330,ENGINEERING SERVICES,C,NO CLAUSES INCLUDED AND NO SUSTAINABILITY INCLUDED,A,U.S. OWNED BUSINESS,000,NONE,Z,NOT IT PRODUCTS OR SERVICES,E,NOT REQUIRED,USA,UNITED STATES,D,MFG IN U.S.,F,INDIVIDUAL SUBCONTRACT PLAN,C,NOT COMPETED,SSS,ONLY ONE SOURCE,,,NONE,NO PREFERENCE USED,,,,,ONE,ONLY ONE SOURCE-OTHER (FAR 6.302-1 OTHER),,D,COMMERCIAL ITEM PROCEDURES NOT USED,f,N,NO,N,NO,X,NOT APPLICABLE,N,NO,,N,NO,N,NO,N,NO,N,NO,X,NOT APPLICABLE,,,B,IDC,S,SINGLE AWARD,,NONE,NONE,Y,YES,,,Y,TRANSACTION USES GFE/GFP,N,NO,D,NOT CONSOLIDATED,X,NOT APPLICABLE,N,NO,Z,NOT APPLICABLE,N,NO,X,NOT APPLICABLE,f,f,f,f,f,f,f,f,f,f,f,f,f,f,f,f,f,f,f,OTHER THAN SMALL BUSINESS,O,f,f,f,f,f,f,f,f,f,f,f,f,f,f,f,f,f,CORPORATE NOT TAX EXEMPT,t,f,f,f,f,f,f,f,f,f,f,f,f,f,f,f,f,t,f,f,f,f,f,f,f,f,f,f,t,f,f,f,f,f,f,f,f,f,f,f,f,f,f,f,f,f,f,f,f,f,,,,,,,,,,,https://www.usaspending.gov/award/CONT_AWD_W58RGZ19F0260_9700_W58RGZ19D0030_9700/,2022-05-18 21:21:25+00
CONT_AWD_W58RGZ19F0274_9700_W58RGZ18D0138_9700,W58RGZ19F0274,9700,DEPT OF DEFENSE,W58RGZ18D0138,,,,,,1371821.26,,1371821.26,1371821.26,2019-02-27,2019,2025-03-26,2025,2019-02-27,2019-12-31,2019-12-31 00:00:00,,2019-02-21,097,Department of Defense,2100,Department of the Army,W58RGZ,W6QK ACC-RSA,097,Department of Defense,2100,Department of the Army,W81UHH,W6DQ 01 PEO AVN,,,,,X,NOT APPLICABLE,,,ZH4NVFG3Z526,,"GENERAL ATOMICS AERONAUTICAL SYSTEMS, INC.","GENERAL ATOMICS AERONAUTICAL SYSTEMS, INC.",,0YJB5,ZH4NVFG3Z526,,"GENERAL ATOMICS AERONAUTICAL SYSTEMS, INC.",GENERAL ATOMIC TECHNOLOGIES CORPORATION,USA,UNITED STATES,14200 KIRKHAM WAY,,POWAY,06073,SAN DIEGO,06,CA,CALIFORNIA,920647103,CA-48,CA-48,8585256018,,USA,UNITED STATES,POWAY,06073,SAN DIEGO,06,CA,CALIFORNIA,920647103,CA-48,CA-48,AWARD,C,DELIVERY ORDER,,,,,,,U,COST PLUS FIXED FEE,ENGINEERING SERVICES FY19 -23 FOR GRAY EAGLE AIRCRAFT SYSTEM,,1,,,1550,UNMANNED AIRCRAFT,H,NOT BUNDLED,A5,WEAPONS,336411,AIRCRAFT MANUFACTURING,C,NO CLAUSES INCLUDED AND NO SUSTAINABILITY INCLUDED,A,U.S. OWNED BUSINESS,420,MQ-1C GRAY EAGLE,Z,NOT IT PRODUCTS OR SERVICES,E,NOT REQUIRED,USA,UNITED STATES,D,MFG IN U.S.,F,INDIVIDUAL SUBCONTRACT PLAN,C,NOT COMPETED,SSS,ONLY ONE SOURCE,,,NONE,NO PREFERENCE USED,,,,,ONE,ONLY ONE SOURCE-OTHER (FAR 6.302-1 OTHER),,D,COMMERCIAL PRODUCTS/SERVICES PROCEDURES NOT USED,f,N,NO,N,NO,Y,YES,N,NO,,N,NO,Y,YES,N,NO,N,NO,X,NOT APPLICABLE,,,B,IDC,S,SINGLE AWARD,,,,Y,YES,Y,YES - CAS CLAUSE INCLUDED,N,TRANSACTION DOES NOT USE GFE/GFP,N,NO,D,NOT CONSOLIDATED,X,NOT APPLICABLE,N,NO,Z,NOT APPLICABLE,N,NO,X,NOT APPLICABLE,f,f,f,f,f,f,f,f,f,f,f,f,f,f,f,f,f,f,f,OTHER THAN SMALL BUSINESS,O,f,f,f,f,f,f,f,f,f,f,f,f,f,f,f,f,f,CORPORATE NOT TAX EXEMPT,t,f,f,f,f,f,f,f,f,f,f,f,f,f,f,f,f,t,f,f,f,f,f,f,f,f,f,f,t,f,f,f,f,f,f,f,f,f,f,f,f,f,f,f,f,f,f,f,f,f,JAMES N BLUE,3276593.00,LINDEN P BLUE,2771930.00,DAVID R ALEXANDER,2537917.00,BARTON B ROPER,1220781.00,FRED  DARLINGTON,1169891.00,https://www.usaspending.gov/award/CONT_AWD_W58RGZ19F0274_9700_W58RGZ18D0138_9700/,2025-03-26 14:49:43+00
CONT_AWD_W58RGZ19F0281_9700_W58RGZ17D0081_9700,W58RGZ19F0281,9700,DEPT OF DEFENSE,W58RGZ17D0081,,,,,,6105450.00,,6105450.00,6105450.00,2019-03-15,2019,2020-07-30,2020,2019-03-15,2021-02-28,2021-02-28 12:02:00,,2016-06-27,097,Department of Defense,2100,Department of the Army,W58RGZ,W6QK ACC-RSA,097,Department of Defense,2100,Department of the Army,W81UHH,W6DQ 01 PEO AVN,,,,,X,NOT APPLICABLE,,,FRJQGQHDX4J3,008983355,"L3 TECHNOLOGIES, INC.","L3 TECHNOLOGIES, INC.",,06401,SJULQDJ8NZU7,004203337,"L3HARRIS TECHNOLOGIES, INC",L3 TECHNOLOGIES  INC.,USA,UNITED STATES,640 N 2200 W,,SALT LAKE CITY,49035,SALT LAKE,49,UT,UTAH,841162925,UT-02,UT-02,8016060372,8015942004,USA,UNITED STATES,SALT LAKE CITY,49035,SALT LAKE,49,UT,UTAH,841162925,UT-02,UT-02,AWARD,C,DELIVERY ORDER,,,,,,,J,FIRM FIXED PRICE,THIS IS AN INDEFINITE DELIVERY INDEFINITE QUANTITY FIRM FIXED PRICED CONTRACT PURSUANT TO FAR 520216-22 AWARDED TO L3 COMMUNICATION CORPORATION.  THIS INDEFINITE DELIVERY INDEFINITE QUANTITY IS FOR THE REMOTE OPERATED VIDEO ENHANCED RECEIVER (ROVER) PRODUCTION WITH A FOUR YEAR ORDERING PERIOD.,,1,,,1550,UNMANNED AIRCRAFT,H,NOT BUNDLED,A1A,AIRFRAMES AND SPARES,336411,AIRCRAFT MANUFACTURING,C,NO CLAUSES INCLUDED AND NO SUSTAINABILITY INCLUDED,A,U.S. OWNED BUSINESS,000,NONE,Z,NOT IT PRODUCTS OR SERVICES,E,NOT REQUIRED,USA,UNITED STATES,D,MFG IN U.S.,F,INDIVIDUAL SUBCONTRACT PLAN,B,NOT AVAILABLE FOR COMPETITION,SSS,ONLY ONE SOURCE,,,NONE,NO PREFERENCE USED,,,,,OTH,AUTHORIZED BY STATUTE (FAR 6.302-5(A)(2)(I)),,D,COMMERCIAL ITEM PROCEDURES NOT USED,f,N,NO,N,NO,X,NOT APPLICABLE,N,NO,,N,NO,Y,YES,X,NOT APPLICABLE,X,NOT APPLICABLE,X,NOT APPLICABLE,,,B,IDC,S,SINGLE AWARD,,NONE,NONE,Y,YES,,,N,TRANSACTION DOES NOT USE GFE/GFP,N,NO,D,NOT CONSOLIDATED,X,NOT APPLICABLE,Y,YES,Z,NOT APPLICABLE,N,NO,X,NOT APPLICABLE,f,f,f,f,f,f,f,f,f,f,f,f,f,f,f,f,f,f,f,OTHER THAN SMALL BUSINESS,O,f,f,f,f,f,f,f,f,f,f,f,f,f,f,f,f,f,CORPORATE NOT TAX EXEMPT,t,f,f,f,f,f,f,f,f,f,f,f,t,f,f,f,f,t,f,f,f,f,f,f,f,f,f,f,t,f,f,f,f,f,f,f,f,f,f,f,f,f,f,f,f,f,f,f,f,f,,,,,,,,,,,https://www.usaspending.gov/award/CONT_AWD_W58RGZ19F0281_9700_W58RGZ17D0081_9700/,2020-07-30 10:39:06+00
CONT_AWD_W58RGZ19F0351_9700_W58RGZ18D0138_9700,W58RGZ19F0351,9700,DEPT OF DEFENSE,W58RGZ18D0138,,,,,,15194126.00,,15194126.00,15194126.00,2019-04-19,2019,2023-11-15,2024,2019-04-24,2023-01-31,2023-01-31 00:00:00,,2019-03-19,097,Department of Defense,2100,Department of the Army,W58RGZ,W6QK ACC-RSA,097,Department of Defense,2100,Department of the Army,W81UHH,W6DQ 01 PEO AVN,,,,,X,NOT APPLICABLE,,,ZH4NVFG3Z526,,"GENERAL ATOMICS AERONAUTICAL SYSTEMS, INC.","GENERAL ATOMICS AERONAUTICAL SYSTEMS, INC.",,0YJB5,YX6EL4J1WLP9,,GENERAL ATOMICS,GENERAL ATOMIC TECHNOLOGIES CORPORATION,USA,UNITED STATES,14200 KIRKHAM WAY,,POWAY,06073,SAN DIEGO,06,CA,CALIFORNIA,920647103,CA-48,CA-48,8585256018,,USA,UNITED STATES,POWAY,06073,SAN DIEGO,06,CA,CALIFORNIA,920647103,CA-48,CA-48,AWARD,C,DELIVERY ORDER,,,,,,,U,COST PLUS FIXED FEE,ENGINEERING SERVICES FY19-23 FOR GRAY EAGLE AIRCRAFT SYSTEM,,1,,,1550,UNMANNED AIRCRAFT,H,NOT BUNDLED,A5,WEAPONS,336411,AIRCRAFT MANUFACTURING,C,NO CLAUSES INCLUDED AND NO SUSTAINABILITY INCLUDED,A,U.S. OWNED BUSINESS,420,MQ-1C GRAY EAGLE,Z,NOT IT PRODUCTS OR SERVICES,E,NOT REQUIRED,USA,UNITED STATES,D,MFG IN U.S.,F,INDIVIDUAL SUBCONTRACT PLAN,C,NOT COMPETED,SSS,ONLY ONE SOURCE,,,NONE,NO PREFERENCE USED,,,,,ONE,ONLY ONE SOURCE-OTHER (FAR 6.302-1 OTHER),,D,COMMERCIAL PRODUCTS/SERVICES PROCEDURES NOT USED,f,N,NO,N,NO,Y,YES,N,NO,,N,NO,Y,YES,N,NO,N,NO,X,NOT APPLICABLE,,,B,IDC,S,SINGLE AWARD,,NONE,NONE,Y,YES,Y,YES - CAS CLAUSE INCLUDED,N,TRANSACTION DOES NOT USE GFE/GFP,N,NO,D,NOT CONSOLIDATED,X,NOT APPLICABLE,N,NO,Z,NOT APPLICABLE,N,NO,X,NOT APPLICABLE,f,f,f,f,f,f,f,f,f,f,f,f,f,f,f,f,f,f,f,OTHER THAN SMALL BUSINESS,O,f,f,f,f,f,f,f,f,f,f,f,f,f,f,f,f,f,CORPORATE NOT TAX EXEMPT,t,f,f,f,f,f,f,f,f,f,f,f,f,f,f,f,f,t,f,f,f,f,f,f,f,f,f,f,t,f,f,f,f,f,f,f,f,f,f,f,f,f,f,f,f,f,f,f,f,f,JAMES N BLUE,3049492.00,LINDEN P BLUE,2698674.00,DAVID R ALEXANDER,2367023.00,BARTON B ROPER,1115148.00,TUAN H NGUYEN,713815.00,https://www.usaspending.gov/award/CONT_AWD_W58RGZ19F0351_9700_W58RGZ18D0138_9700/,2023-11-15 16:44:14+00
CONT_AWD_W58RGZ19F0375_9700_W58RGZ17D0081_9700,W58RGZ19F0375,9700,DEPT OF DEFENSE,W58RGZ17D0081,,,,,,2630940.00,,2630940.00,2630940.00,2019-04-16,2019,2020-07-30,2020,2019-04-16,2020-09-30,2020-09-30 12:09:00,,2016-06-27,097,Department of Defense,2100,Department of the Army,W58RGZ,W6QK ACC-RSA,097,Department of Defense,2100,Department of the Army,W81UHH,W6DQ 01 PEO AVN,,,,,X,NOT APPLICABLE,,,FRJQGQHDX4J3,008983355,"L3 TECHNOLOGIES, INC.","L3 TECHNOLOGIES, INC.",,06401,SJULQDJ8NZU7,004203337,"L3HARRIS TECHNOLOGIES, INC",L3 TECHNOLOGIES  INC.,USA,UNITED STATES,640 N 2200 W,,SALT LAKE CITY,49035,SALT LAKE,49,UT,UTAH,841162925,UT-02,UT-02,8016060372,8015942004,USA,UNITED STATES,SALT LAKE CITY,49035,SALT LAKE,49,UT,UTAH,841162925,UT-02,UT-02,AWARD,C,DELIVERY ORDER,,,,,,,J,FIRM FIXED PRICE,"DELIVERY ORDER W58RGZ-19-F-0375 IS AWARDED IN ACCORDANCE WITH PARAGRAPH H-2, METHOD OF ORDERING, UNDER THE BASE CONTRACT W58RGZ-17-D-0081. THIS DELIVERY ORDER EXECUTES A FIRM FIXED PRICE QUANTITY PROCUREMENT OF 26 ROVER 6 SYSTEMS AS SET FORTH IN ATTACHMENT 0008 TO THE BASIC CONTRACT.",,1,,,1550,UNMANNED AIRCRAFT,H,NOT BUNDLED,A1A,AIRFRAMES AND SPARES,336411,AIRCRAFT MANUFACTURING,C,NO CLAUSES INCLUDED AND NO SUSTAINABILITY INCLUDED,A,U.S. OWNED BUSINESS,000,NONE,Z,NOT IT PRODUCTS OR SERVICES,E,NOT REQUIRED,USA,UNITED STATES,D,MFG IN U.S.,F,INDIVIDUAL SUBCONTRACT PLAN,B,NOT AVAILABLE FOR COMPETITION,SSS,ONLY ONE SOURCE,,,NONE,NO PREFERENCE USED,,,,,OTH,AUTHORIZED BY STATUTE (FAR 6.302-5(A)(2)(I)),,D,COMMERCIAL ITEM PROCEDURES NOT USED,f,N,NO,N,NO,X,NOT APPLICABLE,N,NO,,N,NO,Y,YES,X,NOT APPLICABLE,X,NOT APPLICABLE,X,NOT APPLICABLE,,,B,IDC,S,SINGLE AWARD,,NONE,NONE,Y,YES,,,N,TRANSACTION DOES NOT USE GFE/GFP,N,NO,D,NOT CONSOLIDATED,X,NOT APPLICABLE,Y,YES,Z,NOT APPLICABLE,N,NO,X,NOT APPLICABLE,f,f,f,f,f,f,f,f,f,f,f,f,f,f,f,f,f,f,f,OTHER THAN SMALL BUSINESS,O,f,f,f,f,f,f,f,f,f,f,f,f,f,f,f,f,f,CORPORATE NOT TAX EXEMPT,t,f,f,f,f,f,f,f,f,f,f,f,t,f,f,f,f,t,f,f,f,f,f,f,f,f,f,f,t,f,f,f,f,f,f,f,f,f,f,f,f,f,f,f,f,f,f,f,f,f,,,,,,,,,,,https://www.usaspending.gov/award/CONT_AWD_W58RGZ19F0375_9700_W58RGZ17D0081_9700/,2020-07-30 10:29:40+00
CONT_AWD_W58RGZ19F0421_9700_W58RGZ17D0006_9700,W58RGZ19F0421,9700,DEPT OF DEFENSE,W58RGZ17D0006,,,,,,820175.00,,820175.00,820175.00,2019-05-16,2019,2020-09-28,2020,2019-05-16,2020-12-31,2020-12-31 12:12:00,,2016-05-27,097,Department of Defense,2100,Department of the Army,W58RGZ,W6QK ACC-RSA,097,Department of Defense,2100,Department of the Army,W81UHH,W6DQ 01 PEO AVN,,,,,X,NOT APPLICABLE,,,SNJ8YY61GB95,003090198,TEXTRON SYSTEMS CORPORATION,AAI CORPORATION,,97384,HKUMGJBEMKN3,001338979,TEXTRON INC,TEXTRON INC.,USA,UNITED STATES,124 INDUSTRY LANE,,HUNT VALLEY,24005,BALTIMORE,24,MD,MARYLAND,210303342,MD-02,MD-02,4106283518,4106677180,USA,UNITED STATES,COCKEYSVILLE,24005,BALTIMORE,24,MD,MARYLAND,210303342,MD-02,MD-02,AWARD,C,DELIVERY ORDER,,,,,,,J,FIRM FIXED PRICE,THIS DELIVERY ORDER EXECUTES A FIRM FIXED PRICE (FFP) PROCUREMENT OF 25 OSRVTS AS SET FORTH IN ATTACHMENT 0009 TO THE BASIC CONTRACT.,,1,,,1550,UNMANNED AIRCRAFT,H,NOT BUNDLED,A1A,AIRFRAMES AND SPARES,336411,AIRCRAFT MANUFACTURING,C,NO CLAUSES INCLUDED AND NO SUSTAINABILITY INCLUDED,A,U.S. OWNED BUSINESS,000,NONE,Z,NOT IT PRODUCTS OR SERVICES,E,NOT REQUIRED,USA,UNITED STATES,D,MFG IN U.S.,F,INDIVIDUAL SUBCONTRACT PLAN,B,NOT AVAILABLE FOR COMPETITION,SSS,ONLY ONE SOURCE,,,NONE,NO PREFERENCE USED,,,,,OTH,AUTHORIZED BY STATUTE (FAR 6.302-5(A)(2)(I)),,D,COMMERCIAL ITEM PROCEDURES NOT USED,f,N,NO,N,NO,Y,YES,N,NO,,N,NO,Y,YES,Y,YES,X,NOT APPLICABLE,X,NOT APPLICABLE,,,B,IDC,S,SINGLE AWARD,,NONE,NONE,Y,YES,,,N,TRANSACTION DOES NOT USE GFE/GFP,N,NO,D,NOT CONSOLIDATED,X,NOT APPLICABLE,N,NO,Z,NOT APPLICABLE,N,NO,X,NOT APPLICABLE,f,f,f,f,f,f,f,f,f,f,f,f,f,f,f,f,f,f,f,OTHER THAN SMALL BUSINESS,O,f,f,f,f,f,f,f,f,f,f,f,f,f,f,f,f,f,CORPORATE NOT TAX EXEMPT,t,f,f,f,f,f,f,f,f,f,f,f,t,f,f,f,f,t,f,f,f,f,f,f,f,f,f,f,t,f,f,f,f,f,f,f,f,f,f,f,f,f,f,f,f,f,f,f,f,f,STEPHEN  GREENE,637001.00,JAMES F TARALLO,556767.00,WILLIAM G IRBY,512364.00,TAREK  MEKHAIL,488783.00,MICHAEL P KIERAN,482658.00,https://www.usaspending.gov/award/CONT_AWD_W58RGZ19F0421_9700_W58RGZ17D0006_9700/,2020-09-28 11:47:54+00
CONT_AWD_W58RGZ19F0474_9700_W58RGZ18D0138_9700,W58RGZ19F0474,9700,DEPT OF DEFENSE,W58RGZ18D0138,,,,,,5042803.20,,5042803.20,5042803.20,2019-05-17,2019,2022-01-18,2022,2019-05-16,2022-05-15,2022-05-15 12:05:00,,2019-05-13,097,Department of Defense,2100,Department of the Army,W58RGZ,W6QK ACC-RSA,097,Department of Defense,2100,Department of the Army,W81UHH,W6DQ 01 PEO AVN,,,,,X,NOT APPLICABLE,,,ZH4NVFG3Z526,,"GENERAL ATOMICS AERONAUTICAL SYSTEMS, INC.","GENERAL ATOMICS AERONAUTICAL SYSTEMS, INC.",,0YJB5,YX6EL4J1WLP9,,GENERAL ATOMICS,GENERAL ATOMICS AERONAUTICAL SYSTEMS  INC.,USA,UNITED STATES,14200 KIRKHAM WAY,,POWAY,06073,SAN DIEGO,06,CA,CALIFORNIA,920647103,CA-52,CA-48,8585256018,,USA,UNITED STATES,POWAY,06073,SAN DIEGO,06,CA,CALIFORNIA,920647103,CA-52,CA-48,AWARD,C,DELIVERY ORDER,,,,,,,U,COST PLUS FIXED FEE,GRAY EAGLE ENGINEERING SERVICES,,1,CL,CLOSELY ASSOCIATED,1550,UNMANNED AIRCRAFT,H,NOT BUNDLED,A5,WEAPONS,336411,AIRCRAFT MANUFACTURING,C,NO CLAUSES INCLUDED AND NO SUSTAINABILITY INCLUDED,A,U.S. OWNED BUSINESS,420,MQ-1C GRAY EAGLE,Z,NOT IT PRODUCTS OR SERVICES,E,NOT REQUIRED,USA,UNITED STATES,D,MFG IN U.S.,F,INDIVIDUAL SUBCONTRACT PLAN,C,NOT COMPETED,SSS,ONLY ONE SOURCE,,,NONE,NO PREFERENCE USED,,,,,ONE,ONLY ONE SOURCE-OTHER (FAR 6.302-1 OTHER),,D,COMMERCIAL ITEM PROCEDURES NOT USED,f,N,NO,N,NO,Y,YES,N,NO,,N,NO,Y,YES,N,NO,N,NO,X,NOT APPLICABLE,,,B,IDC,S,SINGLE AWARD,,NONE,NONE,Y,YES,Y,YES - CAS CLAUSE INCLUDED,N,TRANSACTION DOES NOT USE GFE/GFP,N,NO,D,NOT CONSOLIDATED,X,NOT APPLICABLE,N,NO,Z,NOT APPLICABLE,N,NO,X,NOT APPLICABLE,f,f,f,f,f,f,f,f,f,f,f,f,f,f,f,f,f,f,f,OTHER THAN SMALL BUSINESS,O,f,f,f,f,f,f,f,f,f,f,f,f,f,f,f,f,f,CORPORATE NOT TAX EXEMPT,t,f,f,f,f,f,f,f,f,f,f,f,f,f,f,f,f,t,f,f,f,f,f,f,f,f,f,f,t,f,f,f,f,f,f,f,f,f,f,f,f,f,f,f,f,f,f,f,f,f,JAMES N BLUE,3049492.00,LINDEN P BLUE,2698674.00,DAVID R ALEXANDER,2367023.00,BARTON B ROPER,1115148.00,TUAN H NGUYEN,713815.00,https://www.usaspending.gov/award/CONT_AWD_W58RGZ19F0474_9700_W58RGZ18D0138_9700/,2023-11-07 21:24:00+00
CONT_AWD_W58RGZ19F0636_9700_W58RGZ17D0081_9700,W58RGZ19F0636,9700,DEPT OF DEFENSE,W58RGZ17D0081,,,,,,7868630.00,,7868630.00,7868630.00,2019-08-19,2019,2021-06-07,2021,2019-08-19,2022-05-31,2022-05-31 12:05:00,,2016-06-27,097,Department of Defense,2100,Department of the Army,W58RGZ,W6QK ACC-RSA,097,Department of Defense,2100,Department of the Army,W81UHH,W6DQ 01 PEO AVN,,,,,X,NOT APPLICABLE,,,FRJQGQHDX4J3,008983355,"L3 TECHNOLOGIES, INC.","L3 TECHNOLOGIES, INC.",,06401,SJULQDJ8NZU7,004203337,"L3HARRIS TECHNOLOGIES, INC",L3HARRIS TECHNOLOGIES  INC.,USA,UNITED STATES,640 N 2200 W,,SALT LAKE CITY,49035,SALT LAKE,49,UT,UTAH,841162925,UT-02,UT-02,8016060372,8015942004,USA,UNITED STATES,SALT LAKE CITY,49035,SALT LAKE,49,UT,UTAH,841152925,UT-04,UT-02,AWARD,C,DELIVERY ORDER,,,,,,,J,FIRM FIXED PRICE,DELIVERY ORDER W58RGZ-19-F-0636 EXECUTES A FIRM FIXED PRICE (FFP) QUANTITY PROCUREMENT OF 770 DOBE RETROFITS AND 770 KUDA OTM RETROFITS AS SET FORTH IN ATTACHMENT 0008 TO THE BASIC CONTRACT W58RGZ-17-D-0081.,,1,,,1550,UNMANNED AIRCRAFT,H,NOT BUNDLED,A1A,AIRFRAMES AND SPARES,336411,AIRCRAFT MANUFACTURING,C,NO CLAUSES INCLUDED AND NO SUSTAINABILITY INCLUDED,A,U.S. OWNED BUSINESS,000,NONE,Z,NOT IT PRODUCTS OR SERVICES,E,NOT REQUIRED,USA,UNITED STATES,D,MFG IN U.S.,F,INDIVIDUAL SUBCONTRACT PLAN,B,NOT AVAILABLE FOR COMPETITION,SSS,ONLY ONE SOURCE,,,NONE,NO PREFERENCE USED,,,,,OTH,AUTHORIZED BY STATUTE (FAR 6.302-5(A)(2)(I)),,D,COMMERCIAL ITEM PROCEDURES NOT USED,f,N,NO,N,NO,X,NOT APPLICABLE,N,NO,,N,NO,Y,YES,X,NOT APPLICABLE,X,NOT APPLICABLE,X,NOT APPLICABLE,,,B,IDC,S,SINGLE AWARD,,NONE,NONE,Y,YES,,,N,TRANSACTION DOES NOT USE GFE/GFP,N,NO,D,NOT CONSOLIDATED,X,NOT APPLICABLE,Y,YES,Z,NOT APPLICABLE,N,NO,X,NOT APPLICABLE,f,f,f,f,f,f,f,f,f,f,f,f,f,f,f,f,f,f,f,OTHER THAN SMALL BUSINESS,O,f,f,f,f,f,f,f,f,f,f,f,f,f,f,f,f,f,CORPORATE NOT TAX EXEMPT,t,f,f,f,f,f,f,f,f,f,f,f,t,f,f,f,f,t,f,f,f,f,f,f,f,f,f,f,t,f,f,f,f,f,f,f,f,f,f,f,f,f,f,f,f,f,f,f,f,f,,,,,,,,,,,https://www.usaspending.gov/award/CONT_AWD_W58RGZ19F0636_9700_W58RGZ17D0081_9700/,2021-06-07 12:05:09+00
CONT_AWD_W58RGZ19F0677_9700_W58RGZ17D0081_9700,W58RGZ19F0677,9700,DEPT OF DEFENSE,W58RGZ17D0081,,,,,,71533.00,,71533.00,71533.00,2019-08-28,2019,2019-10-11,2020,2019-08-28,2021-08-31,2021-08-31 12:08:00,,,097,Department of Defense,2100,Department of the Army,W58RGZ,W6QK ACC-RSA,097,Department of Defense,2100,Department of the Army,W501CJ,W6DX CPE GCP WARREN,,,,,X,NOT APPLICABLE,,,FRJQGQHDX4J3,008983355,"L3 TECHNOLOGIES, INC.","L3 TECHNOLOGIES, INC.",,06401,SJULQDJ8NZU7,004203337,"L3HARRIS TECHNOLOGIES, INC",L3 TECHNOLOGIES  INC.,USA,UNITED STATES,640 N 2200 W,,SALT LAKE CITY,49035,SALT LAKE,49,UT,UTAH,841162925,UT-02,UT-02,8016060372,8015942004,USA,UNITED STATES,SALT LAKE CITY,49035,SALT LAKE,49,UT,UTAH,841162925,UT-02,UT-02,AWARD,C,DELIVERY ORDER,,,,,,,J,FIRM FIXED PRICE,DELIVERY ORDER W58RGZ-19-F-0677 EXECUTES A FIRM FIXED PRICE (FFP) QUANTITY PROCUREMENT OF 7 DOBE AND 7 KUDA OTM UPGRADES AS SET FORTH IN ATTACHMENT 0008 TO THE BASIC CONTRACT W58RGZ-17-D-0081.,,1,,,1550,UNMANNED AIRCRAFT,H,NOT BUNDLED,A1A,AIRFRAMES AND SPARES,336411,AIRCRAFT MANUFACTURING,C,NO CLAUSES INCLUDED AND NO SUSTAINABILITY INCLUDED,A,U.S. OWNED BUSINESS,000,NONE,Z,NOT IT PRODUCTS OR SERVICES,E,NOT REQUIRED,USA,UNITED STATES,D,MFG IN U.S.,F,INDIVIDUAL SUBCONTRACT PLAN,B,NOT AVAILABLE FOR COMPETITION,SSS,ONLY ONE SOURCE,,,NONE,NO PREFERENCE USED,,,,,OTH,AUTHORIZED BY STATUTE (FAR 6.302-5(A)(2)(I)),,D,COMMERCIAL ITEM PROCEDURES NOT USED,f,N,NO,N,NO,X,NOT APPLICABLE,N,NO,,N,NO,Y,YES,X,NOT APPLICABLE,X,NOT APPLICABLE,X,NOT APPLICABLE,,,B,IDC,S,SINGLE AWARD,,NONE,NONE,Y,YES,,,N,TRANSACTION DOES NOT USE GFE/GFP,N,NO,D,NOT CONSOLIDATED,X,NOT APPLICABLE,Y,YES,Z,NOT APPLICABLE,N,NO,X,NOT APPLICABLE,f,f,f,f,f,f,f,f,f,f,f,f,f,f,f,f,f,f,f,OTHER THAN SMALL BUSINESS,O,f,f,f,f,f,f,f,f,f,f,f,f,f,f,f,f,f,CORPORATE NOT TAX EXEMPT,t,f,f,f,f,f,f,f,f,f,f,f,t,f,f,f,f,t,f,f,f,f,f,f,f,f,f,f,t,f,f,f,f,f,f,f,f,f,f,f,f,f,f,f,f,f,f,f,f,f,,,,,,,,,,,https://www.usaspending.gov/award/CONT_AWD_W58RGZ19F0677_9700_W58RGZ17D0081_9700/,2019-10-11 10:53:28+00
CONT_AWD_W58RGZ19F0682_9700_W58RGZ17D0006_9700,W58RGZ19F0682,9700,DEPT OF DEFENSE,W58RGZ17D0006,,,,,,1114788.00,0.00,1114788.00,1114788.00,2019-08-28,2019,2019-10-21,2020,2019-08-28,2020-09-30,2020-09-30 12:09:00,,2016-05-27,097,Department of Defense,2100,Department of the Army,W58RGZ,W6QK ACC-RSA,097,Department of Defense,2100,Department of the Army,W81UHH,W6DQ 01 PEO AVN,057-2019/2021-3080-000,057-3080,31.0: Equipment,,X,NOT APPLICABLE,,,SNJ8YY61GB95,003090198,TEXTRON SYSTEMS CORPORATION,AAI CORPORATION,,97384,HKUMGJBEMKN3,001338979,TEXTRON INC,TEXTRON INC.,USA,UNITED STATES,124 INDUSTRY LANE,,HUNT VALLEY,24005,BALTIMORE,24,MD,MARYLAND,210303342,MD-02,MD-02,4106283518,4106677180,USA,UNITED STATES,COCKEYSVILLE,24005,BALTIMORE,24,MD,MARYLAND,210303342,MD-02,MD-02,AWARD,C,DELIVERY ORDER,,,,,,,J,FIRM FIXED PRICE,THIS DELIVERY ORDER EXECUTES A FIRM FIXED PRICE (FFP) QUANTITY PROCUREMENT OF 6 MDAS AS SET FORTH IN ATTACHMENT 0009 TO THE BASIC CONTRACT W58RGZ-17-D-0006.,,1,,,1550,UNMANNED AIRCRAFT,H,NOT BUNDLED,A1A,AIRFRAMES AND SPARES,336411,AIRCRAFT MANUFACTURING,C,NO CLAUSES INCLUDED AND NO SUSTAINABILITY INCLUDED,A,U.S. OWNED BUSINESS,000,NONE,Z,NOT IT PRODUCTS OR SERVICES,E,NOT REQUIRED,USA,UNITED STATES,D,MFG IN U.S.,F,INDIVIDUAL SUBCONTRACT PLAN,B,NOT AVAILABLE FOR COMPETITION,SSS,ONLY ONE SOURCE,,,NONE,NO PREFERENCE USED,,,,,OTH,AUTHORIZED BY STATUTE (FAR 6.302-5(A)(2)(I)),,D,COMMERCIAL ITEM PROCEDURES NOT USED,f,N,NO,N,NO,Y,YES,N,NO,,N,NO,Y,YES,Y,YES,X,NOT APPLICABLE,X,NOT APPLICABLE,,,B,IDC,S,SINGLE AWARD,,NONE,NONE,Y,YES,,,N,TRANSACTION DOES NOT USE GFE/GFP,N,NO,D,NOT CONSOLIDATED,X,NOT APPLICABLE,N,NO,Z,NOT APPLICABLE,N,NO,X,NOT APPLICABLE,f,f,f,f,f,f,f,f,f,f,f,f,f,f,f,f,f,f,f,OTHER THAN SMALL BUSINESS,O,f,f,f,f,f,f,f,f,f,f,f,f,f,f,f,f,f,CORPORATE NOT TAX EXEMPT,t,f,f,f,f,f,f,f,f,f,f,f,t,f,f,f,f,t,f,f,f,f,f,f,f,f,f,f,t,f,f,f,f,f,f,f,f,f,f,f,f,f,f,f,f,f,f,f,f,f,STEPHEN  GREENE,637001.00,JAMES F TARALLO,556767.00,WILLIAM G IRBY,512364.00,TAREK  MEKHAIL,488783.00,MICHAEL P KIERAN,482658.00,https://www.usaspending.gov/award/CONT_AWD_W58RGZ19F0682_9700_W58RGZ17D0006_9700/,2019-10-21 10:59:53+00
CONT_AWD_W58RGZ20C0043_9700_-NONE-_-NONE-,W58RGZ20C0043,,,,,,,,,8683383.20,,0.01,0.01,2020-09-25,2020,2025-02-06,2025,2020-09-25,2025-10-17,2025-10-17 12:10:00,,2020-06-17,097,Department of Defense,2100,Department of the Army,W58RGZ,W6QK ACC-RSA,097,Department of Defense,2100,Department of the Army,W81UHH,W6DQ 01 PEO AVN,,,,,X,NOT APPLICABLE,,,MWKWXVSSC518,,"AEROVIRONMENT, INC","AEROVIRONMENT, INC.",,60107,MWKWXVSSC518,,"AEROVIRONMENT, INC",AEROVIRONMENT  INC.,USA,UNITED STATES,"900, INNOVATORS WAY",,SIMI VALLEY,06111,VENTURA,06,CA,CALIFORNIA,93065,CA-26,CA-26,8055208350,,USA,UNITED STATES,SIMI VALLEY,06111,VENTURA,06,CA,CALIFORNIA,930652072,CA-26,CA-26,AWARD,D,DEFINITIVE CONTRACT,,,,,,,J,FIRM FIXED PRICE,FOREIGN MILITARY SALE OF PUMA UNMANNED AIRCRAFT SYSTEM TO IRAQ,,1,,,1550,UNMANNED AIRCRAFT,H,NOT BUNDLED,A1A,AIRFRAMES AND SPARES,336411,AIRCRAFT MANUFACTURING,C,NO CLAUSES INCLUDED AND NO SUSTAINABILITY INCLUDED,A,U.S. OWNED BUSINESS,000,NONE,Z,NOT IT PRODUCTS OR SERVICES,E,NOT REQUIRED,USA,UNITED STATES,D,MFG IN U.S.,B,PLAN NOT REQUIRED,C,NOT COMPETED,SSS,ONLY ONE SOURCE,NONE,NO SET ASIDE USED.,NONE,NO PREFERENCE USED,,,,,ONE,ONLY ONE SOURCE-OTHER (FAR 6.302-1 OTHER),1,A,COMMERCIAL PRODUCTS/SERVICES,f,N,NO,N,NO,X,NOT APPLICABLE,N,NO,0.00,N,NO,N,NO,N,NO,N,NO,X,NOT APPLICABLE,,,,,,,,,,N,NO,X,NOT APPLICABLE EXEMPT FROM CAS,N,TRANSACTION DOES NOT USE GFE/GFP,N,NO,D,NOT CONSOLIDATED,X,NOT APPLICABLE,N,NO,Z,NOT APPLICABLE,N,NO,X,NOT APPLICABLE,f,f,f,f,f,f,f,f,f,f,f,f,f,f,f,f,f,f,f,OTHER THAN SMALL BUSINESS,O,f,f,f,f,f,f,f,f,f,f,f,f,f,f,f,f,f,CORPORATE NOT TAX EXEMPT,t,f,f,f,f,f,f,f,f,f,f,f,t,f,f,f,f,t,f,f,f,f,f,f,f,f,f,f,t,f,f,f,f,f,f,f,f,f,f,f,f,f,f,f,f,f,f,f,f,f,,,,,,,,,,,https://www.usaspending.gov/award/CONT_AWD_W58RGZ20C0043_9700_-NONE-_-NONE-/,2025-02-06 14:07:06+00
CONT_AWD_W58RGZ20F0062_9700_W58RGZ18D0138_9700,W58RGZ20F0062,9700,DEPT OF DEFENSE,W58RGZ18D0138,Q: Not Designated Nonemergency/Emergency/Disaster/Wildfire Suppression,,,,,8623584.64,0.00,8623584.64,8623584.64,2019-10-22,2020,2025-03-25,2025,2019-10-22,2021-02-26,2021-02-26 00:00:00,,,097,Department of Defense,2100,Department of the Army,W58RGZ,W6QK ACC-RSA,097,Department of Defense,2100,Department of the Army,W81UHH,W6DQ 01 PEO AVN,021-2019/2020-2040-000;021-2020/2020-2020-000;021-2020/2021-2040-000,021-2020;021-2040,25.2: Other services from non-Federal sources;31.0: Equipment,OPTN: FIELD IS OPTIONAL PRIOR TO FY21,X,NOT APPLICABLE,,,ZH4NVFG3Z526,,"GENERAL ATOMICS AERONAUTICAL SYSTEMS, INC.","GENERAL ATOMICS AERONAUTICAL SYSTEMS, INC.",,0YJB5,ZH4NVFG3Z526,,"GENERAL ATOMICS AERONAUTICAL SYSTEMS, INC.",GENERAL ATOMIC TECHNOLOGIES CORPORATION,USA,UNITED STATES,14200 KIRKHAM WAY,,POWAY,06073,SAN DIEGO,06,CA,CALIFORNIA,920647103,CA-48,CA-48,8585256018,,USA,UNITED STATES,POWAY,06073,SAN DIEGO,06,CA,CALIFORNIA,920647103,CA-48,CA-48,AWARD,C,DELIVERY ORDER,,,,,,,U,COST PLUS FIXED FEE,GRAY EAGLE ENGINEERING SERVICES,,1,,,1550,UNMANNED AIRCRAFT,H,NOT BUNDLED,A5,WEAPONS,336411,AIRCRAFT MANUFACTURING,C,NO CLAUSES INCLUDED AND NO SUSTAINABILITY INCLUDED,A,U.S. OWNED BUSINESS,420,MQ-1C GRAY EAGLE,Z,NOT IT PRODUCTS OR SERVICES,E,NOT REQUIRED,USA,UNITED STATES,D,MFG IN U.S.,F,INDIVIDUAL SUBCONTRACT PLAN,C,NOT COMPETED,SSS,ONLY ONE SOURCE,,,NONE,NO PREFERENCE USED,,,,,ONE,ONLY ONE SOURCE-OTHER (FAR 6.302-1 OTHER),,D,COMMERCIAL PRODUCTS/SERVICES PROCEDURES NOT USED,f,N,NO,N,NO,Y,YES,N,NO,,N,NO,Y,YES,N,NO,N,NO,X,NOT APPLICABLE,,,B,IDC,S,SINGLE AWARD,,,,Y,YES,Y,YES - CAS CLAUSE INCLUDED,N,TRANSACTION DOES NOT USE GFE/GFP,N,NO,D,NOT CONSOLIDATED,X,NOT APPLICABLE,N,NO,Z,NOT APPLICABLE,N,NO,X,NOT APPLICABLE,f,f,f,f,f,f,f,f,f,f,f,f,f,f,f,f,f,f,f,OTHER THAN SMALL BUSINESS,O,f,f,f,f,f,f,f,f,f,f,f,f,f,f,f,f,f,CORPORATE NOT TAX EXEMPT,t,f,f,f,f,f,f,f,f,f,f,f,f,f,f,f,f,t,f,f,f,f,f,f,f,f,f,f,t,f,f,f,f,f,f,f,f,f,f,f,f,f,f,f,f,f,f,f,f,f,JAMES N BLUE,3276593.00,LINDEN P BLUE,2771930.00,DAVID R ALEXANDER,2537917.00,BARTON B ROPER,1220781.00,FRED  DARLINGTON,1169891.00,https://www.usaspending.gov/award/CONT_AWD_W58RGZ20F0062_9700_W58RGZ18D0138_9700/,2025-03-25 15:48:50+00
CONT_AWD_W58RGZ20F0074_9700_W58RGZ18D0138_9700,W58RGZ20F0074,9700,DEPT OF DEFENSE,W58RGZ18D0138,N: Emergency P.L. 116-136;Q: Not Designated Nonemergency/Emergency/Disaster/Wildfire Suppression,0,5563494.00,,,7356723.05,0.00,7356723.05,7356723.05,2019-10-30,2020,2025-11-13,2026,2019-10-30,2023-12-20,2023-12-20 00:00:00,,2017-06-09,097,Department of Defense,2100,Department of the Army,W58RGZ,W6QK ACC-RSA,097,Department of Defense,2100,Department of the Army,W81UHH,W6DQ 01 PEO AVN,021-2019/2020-2040-000;097-2020/2021-0400-000,021-2040;097-0400,25.5: Research and development contracts,0001: BASIC RESEARCH;00CA: N/A;OPTN: FIELD IS OPTIONAL PRIOR TO FY21,X,NOT APPLICABLE,,,ZH4NVFG3Z526,,"GENERAL ATOMICS AERONAUTICAL SYSTEMS, INC.","GENERAL ATOMICS AERONAUTICAL SYSTEMS, INC.",,0YJB5,ZH4NVFG3Z526,,"GENERAL ATOMICS AERONAUTICAL SYSTEMS, INC.",GENERAL ATOMIC TECHNOLOGIES CORPORATION,USA,UNITED STATES,14200 KIRKHAM WAY,,POWAY,06073,SAN DIEGO,06,CA,CALIFORNIA,920647103,CA-48,CA-48,8585256018,,USA,UNITED STATES,POWAY,06073,SAN DIEGO,06,CA,CALIFORNIA,920647103,CA-48,CA-48,AWARD,C,DELIVERY ORDER,,,,,,,U,COST PLUS FIXED FEE,ENGINEERING SERVICES FY19- FY23 FOR GRAY EAGLE AIRCRAFT SYSTEM,,1,,,1550,UNMANNED AIRCRAFT,H,NOT BUNDLED,A5,WEAPONS,336411,AIRCRAFT MANUFACTURING,C,NO CLAUSES INCLUDED AND NO SUSTAINABILITY INCLUDED,A,U.S. OWNED BUSINESS,420,MQ-1C GRAY EAGLE,Z,NOT IT PRODUCTS OR SERVICES,E,NOT REQUIRED,USA,UNITED STATES,D,MFG IN U.S.,F,INDIVIDUAL SUBCONTRACT PLAN,C,NOT COMPETED,SSS,ONLY ONE SOURCE,,,NONE,NO PREFERENCE USED,,,,,ONE,ONLY ONE SOURCE-OTHER (FAR 6.302-1 OTHER),,D,COMMERCIAL PRODUCTS/SERVICES PROCEDURES NOT USED,f,N,NO,N,NO,Y,YES,N,NO,,N,NO,Y,YES,N,NO,N,NO,X,NOT APPLICABLE,,,B,IDC,S,SINGLE AWARD,,,,Y,YES,Y,YES - CAS CLAUSE INCLUDED,Y,TRANSACTION USES GFE/GFP,N,NO,D,NOT CONSOLIDATED,X,NOT APPLICABLE,N,NO,Z,NOT APPLICABLE,N,NO,X,NOT APPLICABLE,f,f,f,f,f,f,f,f,f,f,f,f,f,f,f,f,f,f,f,OTHER THAN SMALL BUSINESS,O,f,f,f,f,f,f,f,f,f,f,f,f,f,f,f,f,f,CORPORATE NOT TAX EXEMPT,t,f,f,f,f,f,f,f,f,f,f,f,f,f,f,f,f,t,f,f,f,f,f,f,f,f,f,f,t,f,f,f,f,f,f,f,f,f,f,f,f,f,f,f,f,f,f,f,f,f,JAMES N BLUE,3276593.00,LINDEN P BLUE,2771930.00,DAVID R ALEXANDER,2537917.00,BARTON B ROPER,1220781.00,FRED  DARLINGTON,1169891.00,https://www.usaspending.gov/award/CONT_AWD_W58RGZ20F0074_9700_W58RGZ18D0138_9700/,2025-11-13 17:32:39+00
CONT_AWD_W900KK20F0056_9700_W900KK20D0006_9700,W900KK20F0056,9700,DEPT OF DEFENSE,W900KK20D0006,Q: Not Designated Nonemergency/Emergency/Disaster/Wildfire Suppression,,,,,6143658.60,0.00,6143658.60,6143658.60,2020-02-25,2020,2020-08-05,2020,2020-02-25,2021-03-25,2021-03-25 00:00:00,,2020-02-05,097,Department of Defense,2100,Department of the Army,W900KK,W6QK ACC-APG-ORLANDO,097,Department of Defense,2100,Department of the Army,W8009B,W6EC CPE ST3 REDSTONE,021-2020/2020-2020-000;021-2020/2021-2040-000,021-2020;021-2040,25.7: Operation and maintenance of equipment,OPTN: FIELD IS OPTIONAL PRIOR TO FY21,X,NOT APPLICABLE,,,GVAZBHN26HL8,,"GRIFFON AEROSPACE, INC.","GRIFFON AEROSPACE, INC.",,1MZ42,GVAZBHN26HL8,,"GRIFFON AEROSPACE, INC.",GRIFFON AEROSPACE,USA,UNITED STATES,106 COMMERCE CIRCLE,,MADISON,01089,MADISON,01,AL,ALABAMA,357581864,AL-05,AL-05,2562580035,2562580039,USA,UNITED STATES,MADISON,01089,MADISON,01,AL,ALABAMA,357580016,AL-05,AL-05,AWARD,C,DELIVERY ORDER,,,,,,,J,FIRM FIXED PRICE,"AIR DEFENSE ARTILLERY TARGETS (ADA-T)PROGRAM PROCURING BASE OPERATIONS, MANUAL FIELD SERVICES, AND OTHER DIRECT COSTS (ODCS)",W900KK20R0010,1,,,1550,UNMANNED AIRCRAFT,H,NOT BUNDLED,C9E,ALL OTHERS NOT IDENTIFIABLE TO ANY OTHER PROCUREMENT PROGRAM,336413,OTHER AIRCRAFT PARTS AND AUXILIARY EQUIPMENT MANUFACTURING,C,NO CLAUSES INCLUDED AND NO SUSTAINABILITY INCLUDED,A,U.S. OWNED BUSINESS,000,NONE,Z,NOT IT PRODUCTS OR SERVICES,A,MEETS REQUIREMENTS,USA,UNITED STATES,D,MFG IN U.S.,B,PLAN NOT REQUIRED,B,NOT AVAILABLE FOR COMPETITION,SSS,ONLY ONE SOURCE,,,NONE,NO PREFERENCE USED,,,,,ONE,ONLY ONE SOURCE-OTHER (FAR 6.302-1 OTHER),,D,COMMERCIAL ITEM PROCEDURES NOT USED,f,N,NO,N,NO,X,NOT APPLICABLE,N,NO,,N,NO,Y,YES,X,NOT APPLICABLE,X,NOT APPLICABLE,X,NOT APPLICABLE,,,B,IDC,S,SINGLE AWARD,,NONE,NONE,N,NO,Y,YES - CAS CLAUSE INCLUDED,N,TRANSACTION DOES NOT USE GFE/GFP,U,UNKNOWN,D,NOT CONSOLIDATED,X,NOT APPLICABLE,N,NO,Z,NOT APPLICABLE,N,NO,X,NOT APPLICABLE,f,f,f,f,f,f,f,f,f,f,f,f,f,f,f,f,f,f,f,SMALL BUSINESS,S,f,f,f,f,f,f,f,f,f,f,f,f,f,f,f,f,f,OTHER,f,f,f,f,f,f,f,f,f,f,f,f,t,f,f,f,f,t,f,f,f,f,f,f,f,t,f,f,t,f,f,f,f,f,f,f,f,f,f,f,f,f,f,f,f,f,f,f,f,f,,,,,,,,,,,https://www.usaspending.gov/award/CONT_AWD_W900KK20F0056_9700_W900KK20D0006_9700/,2024-01-23 13:45:54+00
CONT_AWD_W900KK20F0057_9700_W900KK20D0006_9700,W900KK20F0057,9700,DEPT OF DEFENSE,W900KK20D0006,,,,,,202564.44,,202564.44,202564.44,2020-02-24,2020,2026-03-24,2026,2020-02-24,2023-05-22,2026-05-31 00:00:00,,2020-02-05,097,Department of Defense,9763,Defense Contract Management Agency,S0107A,DCMA SOUTH,097,Department of Defense,2100,Department of the Army,W8009B,W6EC CPE ST3 REDSTONE,,,,,X,NOT APPLICABLE,,,GVAZBHN26HL8,,"GRIFFON AEROSPACE, INC.","GRIFFON AEROSPACE, INC.",,1MZ42,GVAZBHN26HL8,,"GRIFFON AEROSPACE, INC.",GRIFFON AEROSPACE  INC.,USA,UNITED STATES,106 COMMERCE CIRCLE,,MADISON,01089,MADISON,01,AL,ALABAMA,357581864,AL-05,AL-05,2562580035,2562580039,USA,UNITED STATES,MADISON,01089,MADISON,01,AL,ALABAMA,357581864,AL-05,AL-05,AWARD,C,DELIVERY ORDER,,,,,,,S,COST NO FEE,AIR DEFENSE ARTILLERY TARGETS,W900KK20R0010,1,,,1550,UNMANNED AIRCRAFT,H,NOT BUNDLED,C9E,ALL OTHERS NOT IDENTIFIABLE TO ANY OTHER PROCUREMENT PROGRAM,336413,OTHER AIRCRAFT PARTS AND AUXILIARY EQUIPMENT MANUFACTURING,C,NO CLAUSES INCLUDED AND NO SUSTAINABILITY INCLUDED,A,U.S. OWNED BUSINESS,000,NONE,Z,NOT IT PRODUCTS OR SERVICES,A,MEETS REQUIREMENTS,USA,UNITED STATES,D,MFG IN U.S.,B,PLAN NOT REQUIRED,B,NOT AVAILABLE FOR COMPETITION,SSS,ONLY ONE SOURCE,,,NONE,NO PREFERENCE USED,,,,,ONE,ONLY ONE SOURCE-OTHER (FAR 6.302-1 OTHER),,D,COMMERCIAL PRODUCTS/SERVICES PROCEDURES NOT USED,f,N,NO,N,NO,X,NOT APPLICABLE,N,NO,0.00,N,NO,Y,YES,X,NOT APPLICABLE,X,NOT APPLICABLE,X,NOT APPLICABLE,,,B,IDC,S,SINGLE AWARD,,,,N,NO,Y,YES - CAS CLAUSE INCLUDED,N,TRANSACTION DOES NOT USE GFE/GFP,U,UNKNOWN,D,NOT CONSOLIDATED,X,NOT APPLICABLE,N,NO,Z,NOT APPLICABLE,N,NO,X,NOT APPLICABLE,f,f,f,f,f,f,f,f,f,f,f,f,f,f,f,f,f,f,f,SMALL BUSINESS,S,f,f,f,f,f,f,f,f,f,f,f,f,f,f,f,f,f,OTHER,f,f,f,f,f,f,f,f,f,f,f,f,t,f,f,f,f,t,f,f,f,f,f,f,f,t,f,f,t,f,f,f,f,f,f,f,f,f,f,f,f,f,f,f,f,f,f,f,f,f,LARRY A FRENCH,811753.00,JOHN  COWLEY,276746.00,DAWSON  VINCENT,274624.00,JORDAN  FRENCH,329194.00,BRANDON  BANKS,247088.00,https://www.usaspending.gov/award/CONT_AWD_W900KK20F0057_9700_W900KK20D0006_9700/,2026-03-24 08:04:53+00
CONT_AWD_W900KK20F0058_9700_W900KK20D0006_9700,W900KK20F0058,9700,DEPT OF DEFENSE,W900KK20D0006,,,,,,8099660.35,0.00,8099660.35,8099660.35,2020-03-13,2020,2020-03-13,2020,2020-03-10,2022-02-24,2022-02-24 00:00:00,,2020-02-24,097,Department of Defense,2100,Department of the Army,W900KK,W6QK ACC-APG-ORLANDO,097,Department of Defense,2100,Department of the Army,W8009B,W6EC CPE ST3 REDSTONE,017-2020/2020-1106-000;021-2018/2020-2032-000;021-2019/2020-2040-000;021-2020/2020-2020-000;021-2020/2022-2032-000,017-1106;021-2020;021-2032;021-2040,25.7: Operation and maintenance of equipment;26.0: Supplies and materials,,X,NOT APPLICABLE,,,GVAZBHN26HL8,,"GRIFFON AEROSPACE, INC.","GRIFFON AEROSPACE, INC.",,1MZ42,GVAZBHN26HL8,,"GRIFFON AEROSPACE, INC.",GRIFFON AEROSPACE,USA,UNITED STATES,106 COMMERCE CIRCLE,,MADISON,01089,MADISON,01,AL,ALABAMA,357581864,AL-05,AL-05,2562580035,2562580039,USA,UNITED STATES,MADISON,01089,MADISON,01,AL,ALABAMA,357581864,AL-05,AL-05,AWARD,C,DELIVERY ORDER,,,,,,,S,COST NO FEE,PROCUREMENT OF AIR DEFENSE ARTILLERY TARGETS (ADA-T)AND ASSOCIATED SERVICES TO EXECUTE MULTIPLE TEST AND TRAINING EVENTS.,W900KK20R0010,1,,,1550,UNMANNED AIRCRAFT,H,NOT BUNDLED,C9E,ALL OTHERS NOT IDENTIFIABLE TO ANY OTHER PROCUREMENT PROGRAM,336413,OTHER AIRCRAFT PARTS AND AUXILIARY EQUIPMENT MANUFACTURING,C,NO CLAUSES INCLUDED AND NO SUSTAINABILITY INCLUDED,A,U.S. OWNED BUSINESS,000,NONE,Z,NOT IT PRODUCTS OR SERVICES,A,MEETS REQUIREMENTS,USA,UNITED STATES,D,MFG IN U.S.,B,PLAN NOT REQUIRED,B,NOT AVAILABLE FOR COMPETITION,SSS,ONLY ONE SOURCE,,,NONE,NO PREFERENCE USED,,,,,ONE,ONLY ONE SOURCE-OTHER (FAR 6.302-1 OTHER),,D,COMMERCIAL ITEM PROCEDURES NOT USED,f,N,NO,N,NO,X,NOT APPLICABLE,N,NO,,N,NO,Y,YES,X,NOT APPLICABLE,X,NOT APPLICABLE,X,NOT APPLICABLE,,,B,IDC,S,SINGLE AWARD,,NONE,NONE,N,NO,Y,YES - CAS CLAUSE INCLUDED,N,TRANSACTION DOES NOT USE GFE/GFP,U,UNKNOWN,D,NOT CONSOLIDATED,X,NOT APPLICABLE,N,NO,Z,NOT APPLICABLE,N,NO,X,NOT APPLICABLE,f,f,f,f,f,f,f,f,f,f,f,f,f,f,f,f,f,f,f,SMALL BUSINESS,S,f,f,f,f,f,f,f,f,f,f,f,f,f,f,f,f,f,OTHER,f,f,f,f,f,f,f,f,f,f,f,f,t,f,f,f,f,t,f,f,f,f,f,f,f,t,f,f,t,f,f,f,f,f,f,f,f,f,f,f,f,f,f,f,f,f,f,f,f,f,LARRY A FRENCH,1441302.00,JOHN  COWLEY,258828.00,DAWSON  VINCENT,256723.00,JORDAN  FRENCH,216063.00,MARK  DYESS,191793.00,https://www.usaspending.gov/award/CONT_AWD_W900KK20F0058_9700_W900KK20D0006_9700/,2024-07-10 07:34:06+00
CONT_AWD_W900KK20F0064_9700_W900KK20D0006_9700,W900KK20F0064,9700,DEPT OF DEFENSE,W900KK20D0006,N: Emergency P.L. 116-136;Q: Not Designated Nonemergency/Emergency/Disaster/Wildfire Suppression,,206970.24,,,485831.52,0.00,485831.52,485831.52,2020-04-17,2020,2023-05-08,2023,2020-04-20,2021-05-12,2021-05-12 00:00:00,,2020-04-13,097,Department of Defense,2100,Department of the Army,W900KK,W6QK ACC-APG-ORLANDO,097,Department of Defense,2100,Department of the Army,W8109F,W6EC CPE ST3 REDSTONE,017-2020/2020-1804-000;057-2020/2021-3600-000,017-1804;057-3600,25.2: Other services from non-Federal sources;25.5: Research and development contracts,0001: BASIC RESEARCH;0001: OPERATING FORCES,X,NOT APPLICABLE,,,GVAZBHN26HL8,,"GRIFFON AEROSPACE, INC.","GRIFFON AEROSPACE, INC.",,1MZ42,GVAZBHN26HL8,,"GRIFFON AEROSPACE, INC.",GRIFFON AEROSPACE,USA,UNITED STATES,106 COMMERCE CIRCLE,,MADISON,01089,MADISON,01,AL,ALABAMA,357581864,AL-05,AL-05,2562580035,2562580039,USA,UNITED STATES,MADISON,01089,MADISON,01,AL,ALABAMA,357581864,AL-05,AL-05,AWARD,C,DELIVERY ORDER,,,,,,,J,FIRM FIXED PRICE,PROCUREMENT OF AIR DEFENSE ARTILLERY TARGETS (ADA-T)AND ASSOCIATED SERVICES TO EXECUTE MULTIPLE TEST AND TRAINING EVENTS.,W900KK20R0010,1,,,1550,UNMANNED AIRCRAFT,H,NOT BUNDLED,C9E,ALL OTHERS NOT IDENTIFIABLE TO ANY OTHER PROCUREMENT PROGRAM,336413,OTHER AIRCRAFT PARTS AND AUXILIARY EQUIPMENT MANUFACTURING,C,NO CLAUSES INCLUDED AND NO SUSTAINABILITY INCLUDED,A,U.S. OWNED BUSINESS,000,NONE,Z,NOT IT PRODUCTS OR SERVICES,A,MEETS REQUIREMENTS,USA,UNITED STATES,D,MFG IN U.S.,B,PLAN NOT REQUIRED,B,NOT AVAILABLE FOR COMPETITION,SSS,ONLY ONE SOURCE,,,NONE,NO PREFERENCE USED,,,,,ONE,ONLY ONE SOURCE-OTHER (FAR 6.302-1 OTHER),,D,COMMERCIAL PRODUCTS/SERVICES PROCEDURES NOT USED,f,N,NO,N,NO,X,NOT APPLICABLE,N,NO,,N,NO,Y,YES,X,NOT APPLICABLE,X,NOT APPLICABLE,X,NOT APPLICABLE,,,B,IDC,S,SINGLE AWARD,,NONE,NONE,N,NO,Y,YES - CAS CLAUSE INCLUDED,N,TRANSACTION DOES NOT USE GFE/GFP,U,UNKNOWN,D,NOT CONSOLIDATED,X,NOT APPLICABLE,N,NO,Z,NOT APPLICABLE,N,NO,X,NOT APPLICABLE,f,f,f,f,f,f,f,f,f,f,f,f,f,f,f,f,f,f,f,SMALL BUSINESS,S,f,f,f,f,f,f,f,f,f,f,f,f,f,f,f,f,f,OTHER,f,f,f,f,f,f,f,f,f,f,f,f,t,f,f,f,f,t,f,f,f,f,f,f,f,t,f,f,t,f,f,f,f,f,f,f,f,f,f,f,f,f,f,f,f,f,f,f,f,f,,,,,,,,,,,https://www.usaspending.gov/award/CONT_AWD_W900KK20F0064_9700_W900KK20D0006_9700/,2024-01-23 13:45:54+00
CONT_AWD_W900KK20F0072_9700_W900KK20D0006_9700,W900KK20F0072,9700,DEPT OF DEFENSE,W900KK20D0006,,,,,,157796.75,,157796.75,157796.75,2020-04-01,2020,2020-04-01,2020,2020-04-01,2021-03-31,2021-03-31 00:00:00,,,097,Department of Defense,2100,Department of the Army,W900KK,W6QK ACC-APG-ORLANDO,097,Department of Defense,2100,Department of the Army,W8009B,W6EC CPE ST3 REDSTONE,,,,,X,NOT APPLICABLE,,,GVAZBHN26HL8,,"GRIFFON AEROSPACE, INC.","GRIFFON AEROSPACE, INC.",,1MZ42,GVAZBHN26HL8,,"GRIFFON AEROSPACE, INC.",GRIFFON AEROSPACE,USA,UNITED STATES,106 COMMERCE CIRCLE,,MADISON,01089,MADISON,01,AL,ALABAMA,357581864,AL-05,AL-05,2562580035,2562580039,USA,UNITED STATES,MADISON,01089,MADISON,01,AL,ALABAMA,357581864,AL-05,AL-05,AWARD,C,DELIVERY ORDER,,,,,,,J,FIRM FIXED PRICE,AIR DEFENSE ARTILLERY (ADA)TARGETS PROCUREMENT OF AERIAL TARGET SYSTEMS AND SPARES,W900KK20R0010,1,,,1550,UNMANNED AIRCRAFT,H,NOT BUNDLED,C9E,ALL OTHERS NOT IDENTIFIABLE TO ANY OTHER PROCUREMENT PROGRAM,336413,OTHER AIRCRAFT PARTS AND AUXILIARY EQUIPMENT MANUFACTURING,C,NO CLAUSES INCLUDED AND NO SUSTAINABILITY INCLUDED,A,U.S. OWNED BUSINESS,000,NONE,Z,NOT IT PRODUCTS OR SERVICES,A,MEETS REQUIREMENTS,USA,UNITED STATES,D,MFG IN U.S.,B,PLAN NOT REQUIRED,B,NOT AVAILABLE FOR COMPETITION,SSS,ONLY ONE SOURCE,,,NONE,NO PREFERENCE USED,,,,,ONE,ONLY ONE SOURCE-OTHER (FAR 6.302-1 OTHER),,D,COMMERCIAL ITEM PROCEDURES NOT USED,f,N,NO,N,NO,X,NOT APPLICABLE,N,NO,,N,NO,Y,YES,X,NOT APPLICABLE,X,NOT APPLICABLE,X,NOT APPLICABLE,,,B,IDC,S,SINGLE AWARD,,NONE,NONE,N,NO,Y,YES - CAS CLAUSE INCLUDED,N,TRANSACTION DOES NOT USE GFE/GFP,U,UNKNOWN,D,NOT CONSOLIDATED,X,NOT APPLICABLE,N,NO,Z,NOT APPLICABLE,N,NO,X,NOT APPLICABLE,f,f,f,f,f,f,f,f,f,f,f,f,f,f,f,f,f,f,f,SMALL BUSINESS,S,f,f,f,f,f,f,f,f,f,f,f,f,f,f,f,f,f,OTHER,f,f,f,f,f,f,f,f,f,f,f,f,t,f,f,f,f,t,f,f,f,f,f,f,f,t,f,f,t,f,f,f,f,f,f,f,f,f,f,f,f,f,f,f,f,f,f,f,f,f,,,,,,,,,,,https://www.usaspending.gov/award/CONT_AWD_W900KK20F0072_9700_W900KK20D0006_9700/,2024-01-23 13:45:54+00
CONT_AWD_W900KK20F0084_9700_W900KK20D0006_9700,W900KK20F0084,9700,DEPT OF DEFENSE,W900KK20D0006,,,,,,1575621.00,,1575621.00,1575621.00,2020-05-04,2020,2020-05-04,2020,2020-05-06,2021-05-06,2021-05-06 00:00:00,,2020-04-30,097,Department of Defense,2100,Department of the Army,W900KK,W6QK ACC-APG-ORLANDO,097,Department of Defense,2100,Department of the Army,W8009B,W6EC CPE ST3 REDSTONE,,,,,X,NOT APPLICABLE,,,GVAZBHN26HL8,,"GRIFFON AEROSPACE, INC.","GRIFFON AEROSPACE, INC.",,1MZ42,GVAZBHN26HL8,,"GRIFFON AEROSPACE, INC.",GRIFFON AEROSPACE,USA,UNITED STATES,106 COMMERCE CIRCLE,,MADISON,01089,MADISON,01,AL,ALABAMA,357581864,AL-05,AL-05,2562580035,2562580039,USA,UNITED STATES,MADISON,01089,MADISON,01,AL,ALABAMA,357581864,AL-05,AL-05,AWARD,C,DELIVERY ORDER,,,,,,,J,FIRM FIXED PRICE,AIR DEFENSE ARTILLERY (ADA)TARGETS DELIVERY ORDER 06 PROCUREMENT OF AERIAL TARGET SYSTEMS AND SPARES,W900KK20R0010,1,,,1550,UNMANNED AIRCRAFT,H,NOT BUNDLED,C9E,ALL OTHERS NOT IDENTIFIABLE TO ANY OTHER PROCUREMENT PROGRAM,336413,OTHER AIRCRAFT PARTS AND AUXILIARY EQUIPMENT MANUFACTURING,C,NO CLAUSES INCLUDED AND NO SUSTAINABILITY INCLUDED,A,U.S. OWNED BUSINESS,000,NONE,Z,NOT IT PRODUCTS OR SERVICES,A,MEETS REQUIREMENTS,USA,UNITED STATES,D,MFG IN U.S.,B,PLAN NOT REQUIRED,B,NOT AVAILABLE FOR COMPETITION,SSS,ONLY ONE SOURCE,,,NONE,NO PREFERENCE USED,,,,,ONE,ONLY ONE SOURCE-OTHER (FAR 6.302-1 OTHER),,D,COMMERCIAL ITEM PROCEDURES NOT USED,f,N,NO,N,NO,X,NOT APPLICABLE,N,NO,,N,NO,Y,YES,X,NOT APPLICABLE,X,NOT APPLICABLE,X,NOT APPLICABLE,,,B,IDC,S,SINGLE AWARD,,NONE,NONE,N,NO,Y,YES - CAS CLAUSE INCLUDED,N,TRANSACTION DOES NOT USE GFE/GFP,U,UNKNOWN,D,NOT CONSOLIDATED,X,NOT APPLICABLE,N,NO,Z,NOT APPLICABLE,N,NO,X,NOT APPLICABLE,f,f,f,f,f,f,f,f,f,f,f,f,f,f,f,f,f,f,f,SMALL BUSINESS,S,f,f,f,f,f,f,f,f,f,f,f,f,f,f,f,f,f,OTHER,f,f,f,f,f,f,f,f,f,f,f,f,t,f,f,f,f,t,f,f,f,f,f,f,f,t,f,f,t,f,f,f,f,f,f,f,f,f,f,f,f,f,f,f,f,f,f,f,f,f,,,,,,,,,,,https://www.usaspending.gov/award/CONT_AWD_W900KK20F0084_9700_W900KK20D0006_9700/,2024-01-23 13:45:54+00
CONT_AWD_W900KK20F0097_9700_W900KK20D0006_9700,W900KK20F0097,9700,DEPT OF DEFENSE,W900KK20D0006,,,,,,501904.70,,501904.70,501904.70,2020-05-27,2020,2020-05-27,2020,2020-05-27,2022-02-24,2022-02-24 00:00:00,,2020-05-26,097,Department of Defense,2100,Department of the Army,W900KK,W6QK ACC-APG-ORLANDO,097,Department of Defense,2100,Department of the Army,W8009B,W6EC CPE ST3 REDSTONE,,,,,X,NOT APPLICABLE,,,GVAZBHN26HL8,,"GRIFFON AEROSPACE, INC.","GRIFFON AEROSPACE, INC.",,1MZ42,GVAZBHN26HL8,,"GRIFFON AEROSPACE, INC.",GRIFFON AEROSPACE,USA,UNITED STATES,106 COMMERCE CIRCLE,,MADISON,01089,MADISON,01,AL,ALABAMA,357581864,AL-05,AL-05,2562580035,2562580039,USA,UNITED STATES,MADISON,01089,MADISON,01,AL,ALABAMA,357581864,AL-05,AL-05,AWARD,C,DELIVERY ORDER,,,,,,,J,FIRM FIXED PRICE,"ADA-T (AIR DEFENSE ARTILLERY TARGETS)PROCURE SUPPORT SERVICES, AND TRAINING TO BE PROVIDED BY THE CONTRACTOR IN SUPPORT OF DEMONSTRATIONS, SIMULATION AND LIVE FIRE TRAINING AND TESTING AT DESIGNATED LOCATIONS, INSTALLATIONS, AND RANGES WORLDWIDE",W900KK20R0010,1,,,1550,UNMANNED AIRCRAFT,H,NOT BUNDLED,C9E,ALL OTHERS NOT IDENTIFIABLE TO ANY OTHER PROCUREMENT PROGRAM,336413,OTHER AIRCRAFT PARTS AND AUXILIARY EQUIPMENT MANUFACTURING,C,NO CLAUSES INCLUDED AND NO SUSTAINABILITY INCLUDED,A,U.S. OWNED BUSINESS,000,NONE,Z,NOT IT PRODUCTS OR SERVICES,A,MEETS REQUIREMENTS,USA,UNITED STATES,D,MFG IN U.S.,B,PLAN NOT REQUIRED,B,NOT AVAILABLE FOR COMPETITION,SSS,ONLY ONE SOURCE,,,NONE,NO PREFERENCE USED,,,,,ONE,ONLY ONE SOURCE-OTHER (FAR 6.302-1 OTHER),,D,COMMERCIAL ITEM PROCEDURES NOT USED,f,N,NO,N,NO,X,NOT APPLICABLE,N,NO,,N,NO,Y,YES,X,NOT APPLICABLE,X,NOT APPLICABLE,X,NOT APPLICABLE,,,B,IDC,S,SINGLE AWARD,,NONE,NONE,N,NO,Y,YES - CAS CLAUSE INCLUDED,N,TRANSACTION DOES NOT USE GFE/GFP,U,UNKNOWN,D,NOT CONSOLIDATED,X,NOT APPLICABLE,N,NO,Z,NOT APPLICABLE,N,NO,X,NOT APPLICABLE,f,f,f,f,f,f,f,f,f,f,f,f,f,f,f,f,f,f,f,SMALL BUSINESS,S,f,f,f,f,f,f,f,f,f,f,f,f,f,f,f,f,f,OTHER,f,f,f,f,f,f,f,f,f,f,f,f,t,f,f,f,f,t,f,f,f,f,f,f,f,t,f,f,t,f,f,f,f,f,f,f,f,f,f,f,f,f,f,f,f,f,f,f,f,f,,,,,,,,,,,https://www.usaspending.gov/award/CONT_AWD_W900KK20F0097_9700_W900KK20D0006_9700/,2024-01-23 13:45:54+00
CONT_AWD_W900KK20F0117_9700_W900KK20D0006_9700,W900KK20F0117,9700,DEPT OF DEFENSE,W900KK20D0006,N: Emergency P.L. 116-136;Q: Not Designated Nonemergency/Emergency/Disaster/Wildfire Suppression,,982771.74,,,2331836.44,0.00,2331836.44,2331836.44,2020-06-24,2020,2020-06-24,2020,2020-06-24,2021-12-25,2021-12-25 00:00:00,,2020-06-19,097,Department of Defense,2100,Department of the Army,W900KK,W6QK ACC-APG-ORLANDO,097,Department of Defense,2100,Department of the Army,W8009B,W6EC CPE ST3 REDSTONE,021-2020/2020-2020-000;021-2020/2021-2040-000;097-2020/2021-0400-000,021-2020;021-2040;097-0400,25.5: Research and development contracts;25.7: Operation and maintenance of equipment,,X,NOT APPLICABLE,,,GVAZBHN26HL8,,"GRIFFON AEROSPACE, INC.","GRIFFON AEROSPACE, INC.",,1MZ42,GVAZBHN26HL8,,"GRIFFON AEROSPACE, INC.",GRIFFON AEROSPACE,USA,UNITED STATES,106 COMMERCE CIRCLE,,MADISON,01089,MADISON,01,AL,ALABAMA,357581864,AL-05,AL-05,2562580035,2562580039,USA,UNITED STATES,MADISON,01089,MADISON,01,AL,ALABAMA,357581864,AL-05,AL-05,AWARD,C,DELIVERY ORDER,,,,,,,J,FIRM FIXED PRICE,ADA-T (AIR DEFENSE ARTILLERY TARGETS)PROCUREMENT OF AERIAL TARGETS AND MISSION SUPPORT,W900KK20R0010,1,,,1550,UNMANNED AIRCRAFT,H,NOT BUNDLED,C9E,ALL OTHERS NOT IDENTIFIABLE TO ANY OTHER PROCUREMENT PROGRAM,336413,OTHER AIRCRAFT PARTS AND AUXILIARY EQUIPMENT MANUFACTURING,C,NO CLAUSES INCLUDED AND NO SUSTAINABILITY INCLUDED,A,U.S. OWNED BUSINESS,000,NONE,Z,NOT IT PRODUCTS OR SERVICES,A,MEETS REQUIREMENTS,USA,UNITED STATES,D,MFG IN U.S.,B,PLAN NOT REQUIRED,B,NOT AVAILABLE FOR COMPETITION,SSS,ONLY ONE SOURCE,,,NONE,NO PREFERENCE USED,,,,,ONE,ONLY ONE SOURCE-OTHER (FAR 6.302-1 OTHER),,D,COMMERCIAL ITEM PROCEDURES NOT USED,f,N,NO,N,NO,X,NOT APPLICABLE,N,NO,,N,NO,Y,YES,X,NOT APPLICABLE,X,NOT APPLICABLE,X,NOT APPLICABLE,,,B,IDC,S,SINGLE AWARD,,NONE,NONE,N,NO,Y,YES - CAS CLAUSE INCLUDED,N,TRANSACTION DOES NOT USE GFE/GFP,U,UNKNOWN,D,NOT CONSOLIDATED,X,NOT APPLICABLE,N,NO,Z,NOT APPLICABLE,N,NO,X,NOT APPLICABLE,f,f,f,f,f,f,f,f,f,f,f,f,f,f,f,f,f,f,f,SMALL BUSINESS,S,f,f,f,f,f,f,f,f,f,f,f,f,f,f,f,f,f,OTHER,f,f,f,f,f,f,f,f,f,f,f,f,t,f,f,f,f,t,f,f,f,f,f,f,f,t,f,f,t,f,f,f,f,f,f,f,f,f,f,f,f,f,f,f,f,f,f,f,f,f,,,,,,,,,,,https://www.usaspending.gov/award/CONT_AWD_W900KK20F0117_9700_W900KK20D0006_9700/,2024-01-23 13:45:54+00
CONT_AWD_W900KK20F0137_9700_W900KK20D0006_9700,W900KK20F0137,9700,DEPT OF DEFENSE,W900KK20D0006,Q: Not Designated Nonemergency/Emergency/Disaster/Wildfire Suppression,,,,,964571.20,0.00,964571.20,964571.20,2020-07-30,2020,2024-01-23,2024,2020-07-31,2021-07-30,2021-07-30 00:00:00,,2020-07-28,097,Department of Defense,2100,Department of the Army,W900KK,W6QK ACC-APG-ORLANDO,097,Department of Defense,2100,Department of the Army,W8009B,W6EC CPE ST3 REDSTONE,017-2020/2020-1804-000;021-2020/2020-2020-000;021-2020/2021-2040-000;097-2018/2020-0300-000,017-1804;021-2020;021-2040;097-0300,25.2: Other services from non-Federal sources;25.7: Operation and maintenance of equipment;31.0: Equipment,0020: UNDISTRIBUTED;OPTN: FIELD IS OPTIONAL PRIOR TO FY21,X,NOT APPLICABLE,,,GVAZBHN26HL8,,"GRIFFON AEROSPACE, INC.","GRIFFON AEROSPACE, INC.",,1MZ42,GVAZBHN26HL8,,"GRIFFON AEROSPACE, INC.",GRIFFON AEROSPACE  INC.,USA,UNITED STATES,106 COMMERCE CIRCLE,,MADISON,01089,MADISON,01,AL,ALABAMA,357581864,AL-05,AL-05,2562580035,2562580039,USA,UNITED STATES,MADISON,01089,MADISON,01,AL,ALABAMA,357581864,AL-05,AL-05,AWARD,C,DELIVERY ORDER,,,,,,,S,COST NO FEE,ADA-T (AIR DEFENSE ARTILLERY TARGETS)PROCUREMENT OF AERIAL TARGETS AND MISSION SUPPORT,W900KK20R0010,1,,,1550,UNMANNED AIRCRAFT,H,NOT BUNDLED,C9E,ALL OTHERS NOT IDENTIFIABLE TO ANY OTHER PROCUREMENT PROGRAM,336413,OTHER AIRCRAFT PARTS AND AUXILIARY EQUIPMENT MANUFACTURING,C,NO CLAUSES INCLUDED AND NO SUSTAINABILITY INCLUDED,A,U.S. OWNED BUSINESS,000,NONE,Z,NOT IT PRODUCTS OR SERVICES,A,MEETS REQUIREMENTS,USA,UNITED STATES,D,MFG IN U.S.,B,PLAN NOT REQUIRED,B,NOT AVAILABLE FOR COMPETITION,SSS,ONLY ONE SOURCE,,,NONE,NO PREFERENCE USED,,,,,ONE,ONLY ONE SOURCE-OTHER (FAR 6.302-1 OTHER),,D,COMMERCIAL PRODUCTS/SERVICES PROCEDURES NOT USED,f,N,NO,N,NO,X,NOT APPLICABLE,N,NO,,N,NO,Y,YES,X,NOT APPLICABLE,X,NOT APPLICABLE,X,NOT APPLICABLE,,,B,IDC,S,SINGLE AWARD,,NONE,NONE,N,NO,Y,YES - CAS CLAUSE INCLUDED,N,TRANSACTION DOES NOT USE GFE/GFP,U,UNKNOWN,D,NOT CONSOLIDATED,X,NOT APPLICABLE,N,NO,Z,NOT APPLICABLE,N,NO,X,NOT APPLICABLE,f,f,f,f,f,f,f,f,f,f,f,f,f,f,f,f,f,f,f,SMALL BUSINESS,S,f,f,f,f,f,f,f,f,f,f,f,f,f,f,f,f,f,OTHER,f,f,f,f,f,f,f,f,f,f,f,f,t,f,f,f,f,t,f,f,f,f,f,f,f,t,f,f,t,f,f,f,f,f,f,f,f,f,f,f,f,f,f,f,f,f,f,f,f,f,LARRY A FRENCH,1441302.00,JOHN  COWLEY,258828.00,DAWSON  VINCENT,256723.00,JORDAN  FRENCH,216063.00,MARK  DYESS,191793.00,https://www.usaspending.gov/award/CONT_AWD_W900KK20F0137_9700_W900KK20D0006_9700/,2024-01-23 14:49:37+00
CONT_AWD_W900KK20F0153_9700_W900KK20D0006_9700,W900KK20F0153,9700,DEPT OF DEFENSE,W900KK20D0006,,,,,,698506.17,,698506.17,698506.17,2020-09-14,2020,2021-09-15,2021,2020-09-14,2021-09-30,2021-09-30 00:00:00,,2020-09-10,097,Department of Defense,2100,Department of the Army,W900KK,W6QK ACC-APG-ORLANDO,097,Department of Defense,2100,Department of the Army,W8009B,W6EC CPE ST3 REDSTONE,,,,,X,NOT APPLICABLE,,,GVAZBHN26HL8,,"GRIFFON AEROSPACE, INC.","GRIFFON AEROSPACE, INC.",,1MZ42,GVAZBHN26HL8,,"GRIFFON AEROSPACE, INC.",GRIFFON AEROSPACE,USA,UNITED STATES,106 COMMERCE CIRCLE,,MADISON,01089,MADISON,01,AL,ALABAMA,357581864,AL-05,AL-05,2562580035,2562580039,USA,UNITED STATES,MADISON,01089,MADISON,01,AL,ALABAMA,357581864,AL-05,AL-05,AWARD,C,DELIVERY ORDER,,,,,,,J,FIRM FIXED PRICE,"ADA-T (AIR DEFENSE ARTILLERY TARGETS)DELIVERY ORDER 11 PROCUREMENT OF MQM-170 AERIAL TARGETS, PARTS, AND RELATED MISSION SUPPORT.",W900KK20R0010,1,OT,OTHER FUNCTIONS,1550,UNMANNED AIRCRAFT,H,NOT BUNDLED,C9E,ALL OTHERS NOT IDENTIFIABLE TO ANY OTHER PROCUREMENT PROGRAM,336413,OTHER AIRCRAFT PARTS AND AUXILIARY EQUIPMENT MANUFACTURING,C,NO CLAUSES INCLUDED AND NO SUSTAINABILITY INCLUDED,A,U.S. OWNED BUSINESS,000,NONE,Z,NOT IT PRODUCTS OR SERVICES,A,MEETS REQUIREMENTS,USA,UNITED STATES,D,MFG IN U.S.,B,PLAN NOT REQUIRED,B,NOT AVAILABLE FOR COMPETITION,SSS,ONLY ONE SOURCE,,,NONE,NO PREFERENCE USED,,,,,ONE,ONLY ONE SOURCE-OTHER (FAR 6.302-1 OTHER),,D,COMMERCIAL ITEM PROCEDURES NOT USED,f,N,NO,N,NO,X,NOT APPLICABLE,N,NO,,N,NO,Y,YES,X,NOT APPLICABLE,X,NOT APPLICABLE,X,NOT APPLICABLE,,,B,IDC,S,SINGLE AWARD,,NONE,NONE,N,NO,Y,YES - CAS CLAUSE INCLUDED,Y,TRANSACTION USES GFE/GFP,U,UNKNOWN,D,NOT CONSOLIDATED,X,NOT APPLICABLE,N,NO,Z,NOT APPLICABLE,N,NO,X,NOT APPLICABLE,f,f,f,f,f,f,f,f,f,f,f,f,f,f,f,f,f,f,f,SMALL BUSINESS,S,f,f,f,f,f,f,f,f,f,f,f,f,f,f,f,f,f,OTHER,f,f,f,f,f,f,f,f,f,f,f,f,t,f,f,f,f,t,f,f,f,f,f,f,f,t,f,f,t,f,f,f,f,f,f,f,f,f,f,f,f,f,f,f,f,f,f,f,f,f,,,,,,,,,,,https://www.usaspending.gov/award/CONT_AWD_W900KK20F0153_9700_W900KK20D0006_9700/,2024-01-23 13:45:54+00
CONT_AWD_W900KK20F0169_9700_W900KK20D0006_9700,W900KK20F0169,9700,DEPT OF DEFENSE,W900KK20D0006,,,,,,87410.40,,87410.40,87410.40,2020-09-24,2020,2020-09-24,2020,2020-09-24,2021-09-23,2021-09-23 00:00:00,,2020-09-23,097,Department of Defense,2100,Department of the Army,W900KK,W6QK ACC-APG-ORLANDO,097,Department of Defense,2100,Department of the Army,W8009B,W6EC CPE ST3 REDSTONE,,,,,X,NOT APPLICABLE,,,GVAZBHN26HL8,,"GRIFFON AEROSPACE, INC.","GRIFFON AEROSPACE, INC.",,1MZ42,GVAZBHN26HL8,,"GRIFFON AEROSPACE, INC.",GRIFFON AEROSPACE,USA,UNITED STATES,106 COMMERCE CIRCLE,,MADISON,01089,MADISON,01,AL,ALABAMA,357581864,AL-05,AL-05,2562580035,2562580039,USA,UNITED STATES,MADISON,01089,MADISON,01,AL,ALABAMA,357581864,AL-05,AL-05,AWARD,C,DELIVERY ORDER,,,,,,,J,FIRM FIXED PRICE,AIR DEFENSE ARTILLERY TARGETS (ADA-T) DELIVERY ORDER 12,W900KK20R0010,1,,,1550,UNMANNED AIRCRAFT,H,NOT BUNDLED,C9E,ALL OTHERS NOT IDENTIFIABLE TO ANY OTHER PROCUREMENT PROGRAM,336413,OTHER AIRCRAFT PARTS AND AUXILIARY EQUIPMENT MANUFACTURING,C,NO CLAUSES INCLUDED AND NO SUSTAINABILITY INCLUDED,A,U.S. OWNED BUSINESS,000,NONE,Z,NOT IT PRODUCTS OR SERVICES,A,MEETS REQUIREMENTS,USA,UNITED STATES,D,MFG IN U.S.,B,PLAN NOT REQUIRED,B,NOT AVAILABLE FOR COMPETITION,SSS,ONLY ONE SOURCE,,,NONE,NO PREFERENCE USED,,,,,ONE,ONLY ONE SOURCE-OTHER (FAR 6.302-1 OTHER),,D,COMMERCIAL ITEM PROCEDURES NOT USED,f,N,NO,N,NO,X,NOT APPLICABLE,N,NO,,N,NO,Y,YES,X,NOT APPLICABLE,X,NOT APPLICABLE,X,NOT APPLICABLE,,,B,IDC,S,SINGLE AWARD,,NONE,NONE,N,NO,Y,YES - CAS CLAUSE INCLUDED,N,TRANSACTION DOES NOT USE GFE/GFP,U,UNKNOWN,D,NOT CONSOLIDATED,X,NOT APPLICABLE,N,NO,Z,NOT APPLICABLE,N,NO,X,NOT APPLICABLE,f,f,f,f,f,f,f,f,f,f,f,f,f,f,f,f,f,f,f,SMALL BUSINESS,S,f,f,f,f,f,f,f,f,f,f,f,f,f,f,f,f,f,OTHER,f,f,f,f,f,f,f,f,f,f,f,f,t,f,f,f,f,t,f,f,f,f,f,f,f,t,f,f,t,f,f,f,f,f,f,f,f,f,f,f,f,f,f,f,f,f,f,f,f,f,,,,,,,,,,,https://www.usaspending.gov/award/CONT_AWD_W900KK20F0169_9700_W900KK20D0006_9700/,2024-01-23 13:45:54+00
CONT_AWD_W911NF18F0054_9700_W911NF16D0038_9700,W911NF18F0054,9700,DEPT OF DEFENSE,W911NF16D0038,Q: Not Designated Nonemergency/Emergency/Disaster/Wildfire Suppression,,,,,9440988.32,156515.69,9990985.00,9990985.00,2018-08-29,2018,2021-12-22,2022,2018-08-29,2022-02-28,2022-02-28 00:00:00,,2018-01-06,097,Department of Defense,2100,Department of the Army,W911NF,W6QK ACC-APG DURHAM,097,Department of Defense,2100,Department of the Army,W71B7J,W262 CCDC ARL,021-2019/2020-2040-000;097-2017/2018-0400-000;097-2018/2019-0400-000;097-2019/2020-0400-000,021-2040;097-0400,25.5: Research and development contracts,0001: BASIC RESEARCH;OPTN: FIELD IS OPTIONAL PRIOR TO FY21,X,NOT APPLICABLE,,,FN6ABUNCP1S8,179328117,"NEANY, INC.","NEANY, INC",,1KJN4,FN6ABUNCP1S8,179328117,"NEANY, INC.",NEANY  INC,USA,UNITED STATES,44010 COMMERCE AVE STE A,,HOLLYWOOD,24037,ST. MARY'S,24,MD,MARYLAND,206363117,MD-05,MD-05,3013733017,3013733927,USA,UNITED STATES,ADELPHI,24033,PRINCE GEORGES,24,MD,MARYLAND,207831145,MD-04,MD-04,AWARD,C,DELIVERY ORDER,,,,,,,U,COST PLUS FIXED FEE,APSSE3 IGF::OT::IGF,W911NF16R0025,1,OT,OTHER FUNCTIONS,1550,UNMANNED AIRCRAFT,H,NOT BUNDLED,S1,SERVICES,336411,AIRCRAFT MANUFACTURING,C,NO CLAUSES INCLUDED AND NO SUSTAINABILITY INCLUDED,A,U.S. OWNED BUSINESS,000,NONE,Z,NOT IT PRODUCTS OR SERVICES,A,MEETS REQUIREMENTS,USA,UNITED STATES,D,MFG IN U.S.,B,PLAN NOT REQUIRED,C,NOT COMPETED,SSS,ONLY ONE SOURCE,,,NONE,NO PREFERENCE USED,,,,,ONE,ONLY ONE SOURCE-OTHER (FAR 6.302-1 OTHER),,D,COMMERCIAL ITEM PROCEDURES NOT USED,f,N,NO,N,NO,X,NOT APPLICABLE,N,NO,,N,NO,Y,YES,Y,YES,X,NOT APPLICABLE,X,NOT APPLICABLE,,,B,IDC,S,SINGLE AWARD,,NONE,NONE,N,NO,,,N,TRANSACTION DOES NOT USE GFE/GFP,U,UNKNOWN,D,NOT CONSOLIDATED,X,NOT APPLICABLE,N,NO,Z,NOT APPLICABLE,N,NO,X,NOT APPLICABLE,f,f,f,f,f,f,f,f,f,f,f,f,t,f,f,t,f,f,f,SMALL BUSINESS,S,f,f,f,f,f,f,f,f,f,f,f,f,f,f,f,f,f,CORPORATE NOT TAX EXEMPT,t,f,f,f,f,f,f,f,f,f,f,f,f,f,f,f,f,t,f,f,f,f,f,f,f,f,f,f,t,f,f,f,f,f,f,f,f,f,f,f,f,f,f,f,f,t,f,f,f,f,STEVEN  STEPTOE,20937020.00,JOHNNIE D TAYLOR,170515.00,BRIAN  KENNEDY,161262.00,DARCELLA  LOWE,93636.00,LYNDA  LUTZ,93636.00,https://www.usaspending.gov/award/CONT_AWD_W911NF18F0054_9700_W911NF16D0038_9700/,2021-12-22 10:13:44+00
CONT_AWD_W911QY13C0051_9700_-NONE-_-NONE-,W911QY13C0051,,,,,,,,,1491273.32,,1491273.32,1491273.32,2013-08-01,2013,2020-06-25,2020,2013-08-01,2018-09-30,2018-09-30 00:00:00,,,097,Department of Defense,2100,Department of the Army,W911QY,W6QK ACC-APG NATICK,097,Department of Defense,2100,Department of the Army,W80M26,W4HP ACTV SPECIAL PROJECTS SPT,,,,,X,NOT APPLICABLE,,,YJG1MDHLBC88,058024456,"AEROVIRONMENT, INC.","AEROVIRONMENT, INC.",,60107,YJG1MDHLBC88,058024456,"AEROVIRONMENT, INC.",AEROVIRONMENT  INC.,USA,UNITED STATES,181 W HUNTINGTON DR STE 202,,MONROVIA,06037,LOS ANGELES,06,CA,CALIFORNIA,910163456,CA-32,CA-31,8055812187,6263591894,USA,UNITED STATES,MONROVIA,06037,LOS ANGELES,06,CA,CALIFORNIA,910163456,CA-32,CA-31,AWARD,D,DEFINITIVE CONTRACT,,,,,,,J,FIRM FIXED PRICE,RQ-11B RAVEN UNMANNED AIRCRAFT SYSTEMS,,1,OT,OTHER FUNCTIONS,1550,UNMANNED AIRCRAFT,D,NOT A BUNDLED REQUIREMENT,A1C,OTHER AIRCRAFT EQUIPMENT,336411,AIRCRAFT MANUFACTURING,C,NO CLAUSES INCLUDED AND NO SUSTAINABILITY INCLUDED,A,U.S. OWNED BUSINESS,000,NONE,Z,NOT IT PRODUCTS OR SERVICES,E,NOT REQUIRED,USA,UNITED STATES,D,MFG IN U.S.,B,PLAN NOT REQUIRED,B,NOT AVAILABLE FOR COMPETITION,SSS,ONLY ONE SOURCE,NONE,NO SET ASIDE USED.,NONE,NO PREFERENCE USED,,,,,IA,INTERNATIONAL AGREEMENT (FAR 6.302-4),1,A,COMMERCIAL ITEM,f,N,NO,N,NO,X,NOT APPLICABLE,N,NO,0.00,N,NO,X,NOT APPLICABLE,N,NO,X,NOT APPLICABLE,X,NOT APPLICABLE,,,,,,,,NONE,NONE,N,NO,X,NOT APPLICABLE EXEMPT FROM CAS,N,TRANSACTION DOES NOT USE GFE/GFP,N,NO,N,NO,X,NOT APPLICABLE,N,NO,Z,NOT APPLICABLE,N,NO,X,NOT APPLICABLE,f,f,f,f,f,f,f,f,f,f,f,f,f,f,f,f,f,f,f,SMALL BUSINESS,S,f,f,f,f,f,f,f,f,f,f,f,f,f,f,f,f,f,CORPORATE NOT TAX EXEMPT,t,f,f,f,f,f,f,f,f,f,f,f,t,f,f,f,f,t,f,f,f,f,f,f,f,f,f,f,t,f,f,f,f,f,f,f,f,f,f,f,f,f,f,f,f,f,f,f,f,f,,,,,,,,,,,https://www.usaspending.gov/award/CONT_AWD_W911QY13C0051_9700_-NONE-_-NONE-/,2020-06-25 11:30:50+00
CONT_AWD_W911QY18C0117_9700_-NONE-_-NONE-,W911QY18C0117,,,,,,,,,1470332.00,,1470332.00,1470332.00,2018-02-07,2018,2020-06-08,2020,2018-02-07,2020-11-30,2020-11-30 00:00:00,,,097,Department of Defense,2100,Department of the Army,W911QY,W6QK ACC-APG NATICK,097,Department of Defense,2100,Department of the Army,W81UHH,W6DQ 01 PEO AVN,,,,,A,FOREIGN FUNDS FMS,,,YJG1MDHLBC88,058024456,"AEROVIRONMENT, INC.","AEROVIRONMENT, INC.",,60107,YJG1MDHLBC88,058024456,"AEROVIRONMENT, INC.",AEROVIRONMENT  INC.,USA,UNITED STATES,800 ROYAL OAKS DR STE 210,,MONROVIA,06037,LOS ANGELES,06,CA,CALIFORNIA,910166347,CA-32,CA-31,8055812187,8055262565,USA,UNITED STATES,SIMI VALLEY,06111,VENTURA,06,CA,CALIFORNIA,930650906,CA-26,CA-26,AWARD,D,DEFINITIVE CONTRACT,,,,,,,J,FIRM FIXED PRICE,"FMS LATVIA - PUMA AE II SYSTEMS AND SUPPORT WITH CLS, CASE #EG-B-UCW",,1,OT,OTHER FUNCTIONS,1550,UNMANNED AIRCRAFT,H,NOT BUNDLED,A1B,AIRCRAFT ENGINES AND SPARES,336411,AIRCRAFT MANUFACTURING,C,NO CLAUSES INCLUDED AND NO SUSTAINABILITY INCLUDED,A,U.S. OWNED BUSINESS,000,NONE,Z,NOT IT PRODUCTS OR SERVICES,A,MEETS REQUIREMENTS,USA,UNITED STATES,D,MFG IN U.S.,B,PLAN NOT REQUIRED,B,NOT AVAILABLE FOR COMPETITION,SSS,ONLY ONE SOURCE,NONE,NO SET ASIDE USED.,NONE,NO PREFERENCE USED,,,,,IA,INTERNATIONAL AGREEMENT (FAR 6.302-4),1,A,COMMERCIAL ITEM,f,N,NO,N,NO,X,NOT APPLICABLE,N,NO,0.00,N,NO,N,NO,N,NO,N,NO,X,NOT APPLICABLE,,,,,,,,NONE,NONE,N,NO,X,NOT APPLICABLE EXEMPT FROM CAS,N,TRANSACTION DOES NOT USE GFE/GFP,U,UNKNOWN,D,NOT CONSOLIDATED,X,NOT APPLICABLE,N,NO,Z,NOT APPLICABLE,N,NO,X,NOT APPLICABLE,f,f,f,f,f,f,f,f,f,f,f,f,f,f,f,f,f,f,f,SMALL BUSINESS,S,f,f,f,f,f,f,f,f,f,f,f,f,f,f,f,f,f,CORPORATE NOT TAX EXEMPT,t,f,f,f,f,f,f,f,f,f,f,f,t,f,f,f,f,t,f,f,f,f,f,f,f,f,f,f,t,f,f,f,f,f,f,f,f,f,f,f,f,f,f,f,f,f,f,f,f,f,,,,,,,,,,,https://www.usaspending.gov/award/CONT_AWD_W911QY18C0117_9700_-NONE-_-NONE-/,2020-06-08 13:14:48+00
CONT_AWD_W911QY18C0196_9700_-NONE-_-NONE-,W911QY18C0196,,,,,,,,,245345.56,,245345.56,245345.56,2018-08-17,2018,2021-08-31,2021,2018-07-30,2018-10-28,2018-10-28 00:00:00,,2018-05-30,097,Department of Defense,2100,Department of the Army,W911QY,W6QK ACC-APG NATICK,097,Department of Defense,2100,Department of the Army,W80M26,W4HP ACTV SPECIAL PROJECTS SPT,,,,,X,NOT APPLICABLE,,,Q7ZKKLTKRGM3,046265960,AEROVIRONMENT INC,PULSE AEROSPACE LLC,,6XY14,YJG1MDHLBC88,058024456,"AEROVIRONMENT, INC.",PULSE AEROSPACE LLC,USA,UNITED STATES,450 N IOWA ST STE A1,,LAWRENCE,20045,DOUGLAS,20,KS,KANSAS,660449606,KS-02,KS-01,9139631339,,USA,UNITED STATES,LAWRENCE,20045,DOUGLAS,20,KS,KANSAS,660449606,KS-02,KS-01,AWARD,D,DEFINITIVE CONTRACT,,,,,,,J,FIRM FIXED PRICE,V-35 AIRCRAFT,,1,,,1550,UNMANNED AIRCRAFT,H,NOT BUNDLED,C9E,ALL OTHERS NOT IDENTIFIABLE TO ANY OTHER PROCUREMENT PROGRAM,334511,"SEARCH, DETECTION, NAVIGATION, GUIDANCE, AERONAUTICAL, AND NAUTICAL SYSTEM AND INSTRUMENT MANUFACTURING",C,NO CLAUSES INCLUDED AND NO SUSTAINABILITY INCLUDED,A,U.S. OWNED BUSINESS,000,NONE,Z,NOT IT PRODUCTS OR SERVICES,A,MEETS REQUIREMENTS,USA,UNITED STATES,D,MFG IN U.S.,B,PLAN NOT REQUIRED,C,NOT COMPETED,SSS,ONLY ONE SOURCE,NONE,NO SET ASIDE USED.,NONE,NO PREFERENCE USED,,,,,NS,NATIONAL SECURITY (FAR 6.302-6),1,A,COMMERCIAL ITEM,f,N,NO,N,NO,X,NOT APPLICABLE,N,NO,0.00,N,NO,X,NOT APPLICABLE,X,NOT APPLICABLE,X,NOT APPLICABLE,X,NOT APPLICABLE,,,,,,,,NONE,NONE,N,NO,X,NOT APPLICABLE EXEMPT FROM CAS,N,TRANSACTION DOES NOT USE GFE/GFP,U,UNKNOWN,D,NOT CONSOLIDATED,X,NOT APPLICABLE,N,NO,Z,NOT APPLICABLE,N,NO,X,NOT APPLICABLE,f,f,f,f,f,f,f,f,f,f,f,f,f,f,f,f,f,f,f,SMALL BUSINESS,S,f,f,f,f,f,f,f,f,f,f,f,f,f,f,f,f,f,PARTNERSHIP,f,f,t,f,f,f,f,f,f,f,f,f,f,f,f,f,f,t,f,f,f,f,f,f,f,f,t,f,t,f,f,f,f,f,f,f,f,f,f,f,f,f,f,f,f,f,f,f,f,f,,,,,,,,,,,https://www.usaspending.gov/award/CONT_AWD_W911QY18C0196_9700_-NONE-_-NONE-/,2021-08-31 10:46:46+00
CONT_AWD_W911QY18C0219_9700_-NONE-_-NONE-,W911QY18C0219,,,,,,,,,8868341.00,,8868341.00,8868341.00,2018-09-21,2018,2021-03-25,2021,2018-09-24,2021-03-23,2021-03-23 00:00:00,,2018-08-13,097,Department of Defense,2100,Department of the Army,W9113M,W6QK ACC-RSA,097,Department of Defense,2100,Department of the Army,W81UHH,W6DQ 01 PEO AVN,,,,,X,NOT APPLICABLE,,,YJG1MDHLBC88,058024456,"AEROVIRONMENT, INC.","AEROVIRONMENT, INC.",,60107,YJG1MDHLBC88,058024456,"AEROVIRONMENT, INC.",AEROVIRONMENT  INC.,USA,UNITED STATES,800 ROYAL OAKS DR STE 210,,MONROVIA,06037,LOS ANGELES,06,CA,CALIFORNIA,910166347,CA-25,CA-31,8055812187,8055262565,USA,UNITED STATES,MONROVIA,06037,LOS ANGELES,06,CA,CALIFORNIA,910166347,CA-32,CA-31,AWARD,D,DEFINITIVE CONTRACT,,,,,,,J,FIRM FIXED PRICE,FMS ESTONIA. PUMA AE II USG DDL SYSTEMS.,,1,OT,OTHER FUNCTIONS,1550,UNMANNED AIRCRAFT,H,NOT BUNDLED,S1,SERVICES,336411,AIRCRAFT MANUFACTURING,C,NO CLAUSES INCLUDED AND NO SUSTAINABILITY INCLUDED,A,U.S. OWNED BUSINESS,000,NONE,Z,NOT IT PRODUCTS OR SERVICES,A,MEETS REQUIREMENTS,USA,UNITED STATES,D,MFG IN U.S.,B,PLAN NOT REQUIRED,C,NOT COMPETED,SSS,ONLY ONE SOURCE,NONE,NO SET ASIDE USED.,NONE,NO PREFERENCE USED,,,,,ONE,ONLY ONE SOURCE-OTHER (FAR 6.302-1 OTHER),1,A,COMMERCIAL ITEM,f,N,NO,N,NO,X,NOT APPLICABLE,N,NO,0.00,N,NO,X,NOT APPLICABLE,N,NO,X,NOT APPLICABLE,X,NOT APPLICABLE,,,,,,,,NONE,NONE,N,NO,X,NOT APPLICABLE EXEMPT FROM CAS,N,TRANSACTION DOES NOT USE GFE/GFP,U,UNKNOWN,D,NOT CONSOLIDATED,X,NOT APPLICABLE,N,NO,Z,NOT APPLICABLE,N,NO,X,NOT APPLICABLE,f,f,f,f,f,f,f,f,f,f,f,f,f,f,f,f,f,f,f,SMALL BUSINESS,S,f,f,f,f,f,f,f,f,f,f,f,f,f,f,f,f,f,CORPORATE NOT TAX EXEMPT,t,f,f,f,f,f,f,f,f,f,f,f,t,f,f,f,f,t,f,f,f,f,f,f,f,f,f,f,t,f,f,f,f,f,f,f,f,f,f,f,f,f,f,f,f,f,f,f,f,f,,,,,,,,,,,https://www.usaspending.gov/award/CONT_AWD_W911QY18C0219_9700_-NONE-_-NONE-/,2021-03-25 17:13:35+00
CONT_AWD_W911QY18F0516_9700_W911QY18D0192_9700,W911QY18F0516,9700,DEPT OF DEFENSE,W911QY18D0192,,,,,,2928926.95,,2928926.95,2928926.95,2018-08-16,2018,2020-07-01,2020,2018-08-16,2019-01-23,2019-01-23 00:00:00,,2018-07-13,097,Department of Defense,2100,Department of the Army,W911QY,W6QK ACC-APG NATICK,097,Department of Defense,2100,Department of the Army,W81UHH,W6DQ 01 PEO AVN,,,,,X,NOT APPLICABLE,,,YJG1MDHLBC88,058024456,"AEROVIRONMENT, INC.","AEROVIRONMENT, INC.",,60107,YJG1MDHLBC88,058024456,"AEROVIRONMENT, INC.",AEROVIRONMENT  INC.,USA,UNITED STATES,800 ROYAL OAKS DR STE 210,,MONROVIA,06037,LOS ANGELES,06,CA,CALIFORNIA,910166347,CA-32,CA-31,8055812187,8055262565,USA,UNITED STATES,MONROVIA,06037,LOS ANGELES,06,CA,CALIFORNIA,910166347,CA-32,CA-31,AWARD,C,DELIVERY ORDER,,,,,,,J,FIRM FIXED PRICE,RQ-11B SPARE&REPAIR  PARTS,W911QY17R0017,1,OT,OTHER FUNCTIONS,1550,UNMANNED AIRCRAFT,H,NOT BUNDLED,A1C,OTHER AIRCRAFT EQUIPMENT,336411,AIRCRAFT MANUFACTURING,C,NO CLAUSES INCLUDED AND NO SUSTAINABILITY INCLUDED,A,U.S. OWNED BUSINESS,000,NONE,Z,NOT IT PRODUCTS OR SERVICES,A,MEETS REQUIREMENTS,USA,UNITED STATES,D,MFG IN U.S.,B,PLAN NOT REQUIRED,D,FULL AND OPEN COMPETITION AFTER EXCLUSION OF SOURCES,MAFO,SUBJECT TO MULTIPLE AWARD FAIR OPPORTUNITY,,,NONE,NO PREFERENCE USED,,,FAIR,FAIR OPPORTUNITY GIVEN,,,1,A,COMMERCIAL ITEM,f,N,NO,N,NO,X,NOT APPLICABLE,N,NO,,N,NO,X,NOT APPLICABLE,N,NO,N,NO,X,NOT APPLICABLE,,,B,IDC,M,MULTIPLE AWARD,,NONE,NONE,N,NO,,,N,TRANSACTION DOES NOT USE GFE/GFP,U,UNKNOWN,D,NOT CONSOLIDATED,X,NOT APPLICABLE,N,NO,Z,NOT APPLICABLE,N,NO,X,NOT APPLICABLE,f,f,f,f,f,f,f,f,f,f,f,f,f,f,f,f,f,f,f,SMALL BUSINESS,S,f,f,f,f,f,f,f,f,f,f,f,f,f,f,f,f,f,CORPORATE NOT TAX EXEMPT,t,f,f,f,f,f,f,f,f,f,f,f,t,f,f,f,f,t,f,f,f,f,f,f,f,f,f,f,t,f,f,f,f,f,f,f,f,f,f,f,f,f,f,f,f,f,f,f,f,f,,,,,,,,,,,https://www.usaspending.gov/award/CONT_AWD_W911QY18F0516_9700_W911QY18D0192_9700/,2020-07-01 09:14:54+00
CONT_AWD_W911QY18F0732_9700_W911QY18D0246_9700,W911QY18F0732,9700,DEPT OF DEFENSE,W911QY18D0246,,,,,,3196114.00,,3196114.00,3196114.00,2018-09-29,2018,2023-08-02,2023,2018-09-29,2022-03-07,2022-03-07 00:00:00,,2018-08-20,097,Department of Defense,9763,Defense Contract Management Agency,S2401A,DCMA GREAT PLAINS,097,Department of Defense,2100,Department of the Army,W911QY,W6QK ACC-APG NATICK,,,,,X,NOT APPLICABLE,,,J4Q3HP6NHK47,,"ROCKWELL COLLINS, INC.","ROCKWELL COLLINS, INC.",,13499,PPLZG8J3N9D4,,RTX CORP,ROCKWELL COLLINS  INC.,USA,UNITED STATES,400 COLLINS RD NE,,CEDAR RAPIDS,19113,LINN,19,IA,IOWA,524980505,IA-01,IA-02,3192655467,,USA,UNITED STATES,CEDAR RAPIDS,19113,LINN,19,IA,IOWA,524980505,IA-02,IA-02,AWARD,C,DELIVERY ORDER,,,,,,,J,FIRM FIXED PRICE,YEAR ONE ACE V(0) MODIFICATION NRE AND TEST UNITS,W911QY18R0027,1,,,1550,UNMANNED AIRCRAFT,H,NOT BUNDLED,A1A,AIRFRAMES AND SPARES,334511,"SEARCH, DETECTION, NAVIGATION, GUIDANCE, AERONAUTICAL, AND NAUTICAL SYSTEM AND INSTRUMENT MANUFACTURING",C,NO CLAUSES INCLUDED AND NO SUSTAINABILITY INCLUDED,A,U.S. OWNED BUSINESS,000,NONE,Z,NOT IT PRODUCTS OR SERVICES,E,NOT REQUIRED,USA,UNITED STATES,D,MFG IN U.S.,B,PLAN NOT REQUIRED,B,NOT AVAILABLE FOR COMPETITION,SSS,ONLY ONE SOURCE,,,NONE,NO PREFERENCE USED,,,,,ONE,ONLY ONE SOURCE-OTHER (FAR 6.302-1 OTHER),,A,COMMERCIAL PRODUCTS/SERVICES,f,N,NO,N,NO,X,NOT APPLICABLE,N,NO,,Y,YES,X,NOT APPLICABLE,X,NOT APPLICABLE,X,NOT APPLICABLE,X,NOT APPLICABLE,,,B,IDC,S,SINGLE AWARD,,NONE,NONE,N,NO,,,N,TRANSACTION DOES NOT USE GFE/GFP,N,NO,D,NOT CONSOLIDATED,X,NOT APPLICABLE,N,NO,F,PERFORMANCE-BASED FINANCING,N,NO,X,NOT APPLICABLE,f,f,f,f,f,f,f,f,f,f,f,f,f,f,f,f,f,f,f,OTHER THAN SMALL BUSINESS,O,f,f,f,f,f,f,f,f,f,f,f,f,f,f,f,f,f,CORPORATE NOT TAX EXEMPT,t,f,f,f,f,f,f,f,f,f,f,f,t,f,f,f,f,t,f,f,f,f,f,f,f,f,f,f,t,f,f,f,f,f,f,f,f,f,f,f,f,f,f,f,f,f,f,f,f,f,,,,,,,,,,,https://www.usaspending.gov/award/CONT_AWD_W911QY18F0732_9700_W911QY18D0246_9700/,2023-08-02 07:30:04+00
CONT_AWD_W911QY19C0014_9700_-NONE-_-NONE-,W911QY19C0014,,,,,,,,,15123120.00,,15123120.00,15123120.00,2018-12-11,2019,2020-05-12,2020,2018-12-11,2021-07-11,2021-07-11 00:00:00,,2018-08-03,097,Department of Defense,2100,Department of the Army,W911QY,W6QK ACC-APG NATICK,097,Department of Defense,2100,Department of the Army,W81UHH,W6DQ 01 PEO AVN,,,,,X,NOT APPLICABLE,,,J4Q3HP6NHK47,060605883,"ROCKWELL COLLINS, INC.","ROCKWELL COLLINS, INC.",,13499,PPLZG8J3N9D4,001344142,RTX CORP,ROCKWELL COLLINS  INC.,USA,UNITED STATES,400 COLLINS RD NE,,CEDAR RAPIDS,19113,LINN,19,IA,IOWA,524980505,IA-01,IA-02,3192638129,,USA,UNITED STATES,CEDAR RAPIDS,19113,LINN,19,IA,IOWA,524980505,IA-01,IA-02,AWARD,D,DEFINITIVE CONTRACT,,,,,,,J,FIRM FIXED PRICE,SBIR PHASE III: PRODUCTION OF SMALL MISSION COMPUTER FOR RQ-7B SHADOW TACTICAL UNMANNED AIRCRAFT SYSTEM,W911QY18R0020,1,OT,OTHER FUNCTIONS,1550,UNMANNED AIRCRAFT,H,NOT BUNDLED,A1C,OTHER AIRCRAFT EQUIPMENT,336411,AIRCRAFT MANUFACTURING,C,NO CLAUSES INCLUDED AND NO SUSTAINABILITY INCLUDED,A,U.S. OWNED BUSINESS,000,NONE,Z,NOT IT PRODUCTS OR SERVICES,E,NOT REQUIRED,USA,UNITED STATES,D,MFG IN U.S.,B,PLAN NOT REQUIRED,B,NOT AVAILABLE FOR COMPETITION,SSS,ONLY ONE SOURCE,NONE,NO SET ASIDE USED.,NONE,NO PREFERENCE USED,SR3,SMALL BUSINESS INNOVATION RESEARCH PROGRAM PHASE III ACTION,,,OTH,AUTHORIZED BY STATUTE (FAR 6.302-5(A)(2)(I)),1,D,COMMERCIAL ITEM PROCEDURES NOT USED,f,N,NO,N,NO,X,NOT APPLICABLE,N,NO,0.00,N,NO,Y,YES,X,NOT APPLICABLE,X,NOT APPLICABLE,X,NOT APPLICABLE,,,,,,,,NONE,NONE,Y,YES,Y,YES - CAS CLAUSE INCLUDED,N,TRANSACTION DOES NOT USE GFE/GFP,N,NO,D,NOT CONSOLIDATED,X,NOT APPLICABLE,N,NO,Z,NOT APPLICABLE,N,NO,X,NOT APPLICABLE,f,f,f,f,f,f,f,f,f,f,f,f,f,f,f,f,f,f,f,OTHER THAN SMALL BUSINESS,O,f,f,f,f,f,f,f,f,f,f,f,f,f,f,f,f,f,CORPORATE NOT TAX EXEMPT,t,f,f,f,f,f,f,f,f,f,f,f,t,f,f,f,f,t,f,f,f,f,f,f,f,f,f,f,t,f,f,f,f,f,f,f,f,f,f,f,f,f,f,f,f,f,f,f,f,f,,,,,,,,,,,https://www.usaspending.gov/award/CONT_AWD_W911QY19C0014_9700_-NONE-_-NONE-/,2020-05-12 16:09:09+00
CONT_AWD_W911QY19F0166_9700_W911QY18D0192_9700,W911QY19F0166,9700,DEPT OF DEFENSE,W911QY18D0192,,,,,,1403745.99,,1403745.99,1403745.99,2019-02-28,2019,2020-06-29,2020,2019-02-28,2019-08-27,2019-08-27 00:00:00,,2019-01-09,097,Department of Defense,2100,Department of the Army,W911QY,W6QK ACC-APG NATICK,097,Department of Defense,2100,Department of the Army,W81UHH,W6DQ 01 PEO AVN,,,,,X,NOT APPLICABLE,,,YJG1MDHLBC88,058024456,"AEROVIRONMENT, INC.","AEROVIRONMENT, INC.",,60107,YJG1MDHLBC88,058024456,"AEROVIRONMENT, INC.",AEROVIRONMENT  INC.,USA,UNITED STATES,800 ROYAL OAKS DR STE 210,,MONROVIA,06037,LOS ANGELES,06,CA,CALIFORNIA,910166347,CA-32,CA-31,8055812187,8055262565,USA,UNITED STATES,HUNTSVILLE,01089,MADISON,01,AL,ALABAMA,358980001,AL-05,AL-05,AWARD,C,DELIVERY ORDER,,,,,,,J,FIRM FIXED PRICE,SPARE&REPAIR  PARTS,W911QY17R0017,1,,,1550,UNMANNED AIRCRAFT,H,NOT BUNDLED,A1C,OTHER AIRCRAFT EQUIPMENT,336411,AIRCRAFT MANUFACTURING,C,NO CLAUSES INCLUDED AND NO SUSTAINABILITY INCLUDED,A,U.S. OWNED BUSINESS,000,NONE,Z,NOT IT PRODUCTS OR SERVICES,E,NOT REQUIRED,USA,UNITED STATES,D,MFG IN U.S.,B,PLAN NOT REQUIRED,D,FULL AND OPEN COMPETITION AFTER EXCLUSION OF SOURCES,MAFO,SUBJECT TO MULTIPLE AWARD FAIR OPPORTUNITY,,,NONE,NO PREFERENCE USED,,,FAIR,FAIR OPPORTUNITY GIVEN,,,1,A,COMMERCIAL ITEM,f,N,NO,N,NO,X,NOT APPLICABLE,N,NO,,N,NO,X,NOT APPLICABLE,N,NO,N,NO,X,NOT APPLICABLE,,,B,IDC,M,MULTIPLE AWARD,,NONE,NONE,N,NO,,,N,TRANSACTION DOES NOT USE GFE/GFP,U,UNKNOWN,D,NOT CONSOLIDATED,X,NOT APPLICABLE,N,NO,Z,NOT APPLICABLE,N,NO,X,NOT APPLICABLE,f,f,f,f,f,f,f,f,f,f,f,f,f,f,f,f,f,f,f,SMALL BUSINESS,S,f,f,f,f,f,f,f,f,f,f,f,f,f,f,f,f,f,CORPORATE NOT TAX EXEMPT,t,f,f,f,f,f,f,f,f,f,f,f,t,f,f,f,f,t,f,f,f,f,f,f,f,f,f,f,t,f,f,f,f,f,f,f,f,f,f,f,f,f,f,f,f,f,f,f,f,f,,,,,,,,,,,https://www.usaspending.gov/award/CONT_AWD_W911QY19F0166_9700_W911QY18D0192_9700/,2020-06-29 11:27:18+00
CONT_AWD_W911QY19F0305_9700_W911QY19D0028_9700,W911QY19F0305,9700,DEPT OF DEFENSE,W911QY19D0028,,,,,,4115058.00,,4115058.00,4115058.00,2019-06-05,2019,2021-04-26,2021,2019-05-13,2020-01-24,2020-01-24 00:00:00,,2019-04-13,097,Department of Defense,2100,Department of the Army,W911QY,W6QK ACC-APG NATICK,097,Department of Defense,2100,Department of the Army,W80M26,W4HP ACTV SPECIAL PROJECTS SPT,,,,,X,NOT APPLICABLE,,,MWKWXVSSC518,,"AEROVIRONMENT, INC","AEROVIRONMENT, INC.",,60107,MWKWXVSSC518,,"AEROVIRONMENT, INC",AEROVIRONMENT INC.,USA,UNITED STATES,"900, INNOVATORS WAY",,SIMI VALLEY,06111,VENTURA,06,CA,CALIFORNIA,93065,CA-08,CA-26,8055208350,,USA,UNITED STATES,LAWRENCE,20045,DOUGLAS,20,KS,KANSAS,660449606,KS-02,KS-01,AWARD,C,DELIVERY ORDER,,,,,,,J,FIRM FIXED PRICE,V-35M VAPOR AIRCRAFT KIT (ARMY),,1,OT,OTHER FUNCTIONS,1550,UNMANNED AIRCRAFT,H,NOT BUNDLED,C9E,ALL OTHERS NOT IDENTIFIABLE TO ANY OTHER PROCUREMENT PROGRAM,336411,AIRCRAFT MANUFACTURING,C,NO CLAUSES INCLUDED AND NO SUSTAINABILITY INCLUDED,A,U.S. OWNED BUSINESS,000,NONE,Z,NOT IT PRODUCTS OR SERVICES,A,MEETS REQUIREMENTS,USA,UNITED STATES,D,MFG IN U.S.,B,PLAN NOT REQUIRED,C,NOT COMPETED,SSS,ONLY ONE SOURCE,,,NONE,NO PREFERENCE USED,,,,,NS,NATIONAL SECURITY (FAR 6.302-6),,A,COMMERCIAL ITEM,f,N,NO,N,NO,X,NOT APPLICABLE,N,NO,,N,NO,X,NOT APPLICABLE,X,NOT APPLICABLE,X,NOT APPLICABLE,X,NOT APPLICABLE,,,B,IDC,S,SINGLE AWARD,,NONE,NONE,N,NO,,,N,TRANSACTION DOES NOT USE GFE/GFP,U,UNKNOWN,D,NOT CONSOLIDATED,X,NOT APPLICABLE,N,NO,Z,NOT APPLICABLE,N,NO,X,NOT APPLICABLE,f,f,f,f,f,f,f,f,f,f,f,f,f,f,f,f,f,f,f,SMALL BUSINESS,S,f,f,f,f,f,f,f,f,f,f,f,f,f,f,f,f,f,CORPORATE NOT TAX EXEMPT,t,f,f,f,f,f,f,f,f,f,f,f,t,f,f,f,f,t,f,f,f,f,f,f,f,f,f,f,t,f,f,f,f,f,f,f,f,f,f,f,f,f,f,f,f,f,f,f,f,f,,,,,,,,,,,https://www.usaspending.gov/award/CONT_AWD_W911QY19F0305_9700_W911QY19D0028_9700/,2023-05-09 12:06:36+00
CONT_AWD_W911QY19F0310_9700_W911QY18D0192_9700,W911QY19F0310,9700,DEPT OF DEFENSE,W911QY18D0192,Q: Not Designated Nonemergency/Emergency/Disaster/Wildfire Suppression,,,,,54562514.08,0.00,54562514.08,54867305.27,2019-05-17,2019,2022-05-31,2022,2019-05-17,2022-09-29,2022-09-29 00:00:00,,2018-09-14,097,Department of Defense,2100,Department of the Army,W9113M,W6QK ACC-RSA,097,Department of Defense,2100,Department of the Army,W81UHH,W6DQ 01 PEO AVN,021-X-2031-000,021-2031,25.7: Operation and maintenance of equipment;31.0: Equipment,0001: AIRCRAFT,X,NOT APPLICABLE,,,YJG1MDHLBC88,,"AEROVIRONMENT, INC.","AEROVIRONMENT, INC.",,914V0,YJG1MDHLBC88,,"AEROVIRONMENT, INC.",AEROVIRONMENT  INC.,USA,UNITED STATES,800 ROYAL OAKS DR STE 210,,MONROVIA,06037,LOS ANGELES,06,CA,CALIFORNIA,910166347,CA-08,CA-31,8055812187,8055262565,USA,UNITED STATES,MONROVIA,06037,LOS ANGELES,06,CA,CALIFORNIA,910166347,CA-32,CA-31,AWARD,C,DELIVERY ORDER,,,,,,,J,FIRM FIXED PRICE,FCS DELIVERY ORDER  IGF::OT::IGF,W911QY17R0017,1,CL,CLOSELY ASSOCIATED,1550,UNMANNED AIRCRAFT,H,NOT BUNDLED,A1C,OTHER AIRCRAFT EQUIPMENT,336411,AIRCRAFT MANUFACTURING,C,NO CLAUSES INCLUDED AND NO SUSTAINABILITY INCLUDED,A,U.S. OWNED BUSINESS,000,NONE,Z,NOT IT PRODUCTS OR SERVICES,A,MEETS REQUIREMENTS,USA,UNITED STATES,D,MFG IN U.S.,B,PLAN NOT REQUIRED,D,FULL AND OPEN COMPETITION AFTER EXCLUSION OF SOURCES,MAFO,SUBJECT TO MULTIPLE AWARD FAIR OPPORTUNITY,,,NONE,NO PREFERENCE USED,,,FAIR,FAIR OPPORTUNITY GIVEN,,,3,A,COMMERCIAL PRODUCTS/SERVICES,f,N,NO,N,NO,X,NOT APPLICABLE,N,NO,,N,NO,X,NOT APPLICABLE,N,NO,N,NO,X,NOT APPLICABLE,,,B,IDC,M,MULTIPLE AWARD,,NONE,NONE,N,NO,,,N,TRANSACTION DOES NOT USE GFE/GFP,N,NO,D,NOT CONSOLIDATED,X,NOT APPLICABLE,N,NO,Z,NOT APPLICABLE,N,NO,X,NOT APPLICABLE,f,f,f,f,f,f,f,f,f,f,f,f,f,f,f,f,f,f,f,SMALL BUSINESS,S,f,f,f,f,f,f,f,f,f,f,f,f,f,f,f,f,f,CORPORATE NOT TAX EXEMPT,t,f,f,f,f,f,f,f,f,f,f,f,t,f,f,f,f,t,f,f,f,f,f,f,f,f,f,f,t,f,f,f,f,f,f,f,f,f,f,f,f,f,f,f,f,f,f,f,f,f,,,,,,,,,,,https://www.usaspending.gov/award/CONT_AWD_W911QY19F0310_9700_W911QY18D0192_9700/,2022-07-27 16:03:42+00
CONT_AWD_W911QY19F0325_9700_W911QY18D0192_9700,W911QY19F0325,9700,DEPT OF DEFENSE,W911QY18D0192,,,,,,130745.44,0.00,130745.44,130745.44,2019-05-29,2019,2019-10-10,2020,2019-05-28,2020-02-04,2020-02-04 00:00:00,,,097,Department of Defense,2100,Department of the Army,W911QY,W6QK ACC-APG NATICK,097,Department of Defense,2100,Department of the Army,W81UHH,W6DQ 01 PEO AVN,057-2019/2019-3400-000,057-3400,26.0: Supplies and materials,,X,NOT APPLICABLE,,,YJG1MDHLBC88,058024456,"AEROVIRONMENT, INC.","AEROVIRONMENT, INC.",,60107,YJG1MDHLBC88,058024456,"AEROVIRONMENT, INC.",AEROVIRONMENT  INC.,USA,UNITED STATES,800 ROYAL OAKS DR STE 210,,MONROVIA,06037,LOS ANGELES,06,CA,CALIFORNIA,910166347,CA-32,CA-31,8055812187,8055262565,USA,UNITED STATES,MONROVIA,06037,LOS ANGELES,06,CA,CALIFORNIA,910161584,CA-32,CA-31,AWARD,C,DELIVERY ORDER,,,,,,,J,FIRM FIXED PRICE,SUAS - LRU 04,W911QY17R0017,1,,,1550,UNMANNED AIRCRAFT,H,NOT BUNDLED,A1C,OTHER AIRCRAFT EQUIPMENT,336411,AIRCRAFT MANUFACTURING,C,NO CLAUSES INCLUDED AND NO SUSTAINABILITY INCLUDED,A,U.S. OWNED BUSINESS,000,NONE,Z,NOT IT PRODUCTS OR SERVICES,A,MEETS REQUIREMENTS,USA,UNITED STATES,D,MFG IN U.S.,B,PLAN NOT REQUIRED,D,FULL AND OPEN COMPETITION AFTER EXCLUSION OF SOURCES,MAFO,SUBJECT TO MULTIPLE AWARD FAIR OPPORTUNITY,,,NONE,NO PREFERENCE USED,,,FAIR,FAIR OPPORTUNITY GIVEN,,,2,A,COMMERCIAL ITEM,f,N,NO,N,NO,X,NOT APPLICABLE,N,NO,,N,NO,X,NOT APPLICABLE,N,NO,N,NO,X,NOT APPLICABLE,,,B,IDC,M,MULTIPLE AWARD,,NONE,NONE,N,NO,,,N,TRANSACTION DOES NOT USE GFE/GFP,U,UNKNOWN,D,NOT CONSOLIDATED,X,NOT APPLICABLE,N,NO,Z,NOT APPLICABLE,N,NO,X,NOT APPLICABLE,f,f,f,f,f,f,f,f,f,f,f,f,f,f,f,f,f,f,f,SMALL BUSINESS,S,f,f,f,f,f,f,f,f,f,f,f,f,f,f,f,f,f,CORPORATE NOT TAX EXEMPT,t,f,f,f,f,f,f,f,f,f,f,f,t,f,f,f,f,t,f,f,f,f,f,f,f,f,f,f,t,f,f,f,f,f,f,f,f,f,f,f,f,f,f,f,f,f,f,f,f,f,,,,,,,,,,,https://www.usaspending.gov/award/CONT_AWD_W911QY19F0325_9700_W911QY18D0192_9700/,2019-10-10 16:19:28+00
CONT_AWD_W911QY19F0341_9700_W911QY19D0028_9700,W911QY19F0341,9700,DEPT OF DEFENSE,W911QY19D0028,,,,,,1389677.00,,1389677.00,1389677.00,2019-07-08,2019,2021-04-26,2021,2019-05-29,2020-02-24,2020-02-24 00:00:00,,2019-04-29,097,Department of Defense,2100,Department of the Army,W911QY,W6QK ACC-APG NATICK,097,Department of Defense,2100,Department of the Army,W80M26,W4HP ACTV SPECIAL PROJECTS SPT,,,,,X,NOT APPLICABLE,,,MWKWXVSSC518,,"AEROVIRONMENT, INC","AEROVIRONMENT, INC.",,60107,MWKWXVSSC518,,"AEROVIRONMENT, INC",AEROVIRONMENT INC.,USA,UNITED STATES,"900, INNOVATORS WAY",,SIMI VALLEY,06111,VENTURA,06,CA,CALIFORNIA,93065,CA-08,CA-26,8055208350,,USA,UNITED STATES,LAWRENCE,20045,DOUGLAS,20,KS,KANSAS,660449606,KS-02,KS-01,AWARD,C,DELIVERY ORDER,,,,,,,J,FIRM FIXED PRICE,V-55M AIRCRAFT PACKAGE,,1,OT,OTHER FUNCTIONS,1550,UNMANNED AIRCRAFT,H,NOT BUNDLED,C9E,ALL OTHERS NOT IDENTIFIABLE TO ANY OTHER PROCUREMENT PROGRAM,336411,AIRCRAFT MANUFACTURING,C,NO CLAUSES INCLUDED AND NO SUSTAINABILITY INCLUDED,A,U.S. OWNED BUSINESS,000,NONE,Z,NOT IT PRODUCTS OR SERVICES,A,MEETS REQUIREMENTS,USA,UNITED STATES,D,MFG IN U.S.,B,PLAN NOT REQUIRED,C,NOT COMPETED,SSS,ONLY ONE SOURCE,,,NONE,NO PREFERENCE USED,,,,,NS,NATIONAL SECURITY (FAR 6.302-6),,A,COMMERCIAL ITEM,f,N,NO,N,NO,X,NOT APPLICABLE,N,NO,,N,NO,X,NOT APPLICABLE,X,NOT APPLICABLE,X,NOT APPLICABLE,X,NOT APPLICABLE,,,B,IDC,S,SINGLE AWARD,,NONE,NONE,N,NO,,,N,TRANSACTION DOES NOT USE GFE/GFP,U,UNKNOWN,D,NOT CONSOLIDATED,X,NOT APPLICABLE,N,NO,Z,NOT APPLICABLE,N,NO,X,NOT APPLICABLE,f,f,f,f,f,f,f,f,f,f,f,f,f,f,f,f,f,f,f,SMALL BUSINESS,S,f,f,f,f,f,f,f,f,f,f,f,f,f,f,f,f,f,CORPORATE NOT TAX EXEMPT,t,f,f,f,f,f,f,f,f,f,f,f,t,f,f,f,f,t,f,f,f,f,f,f,f,f,f,f,t,f,f,f,f,f,f,f,f,f,f,f,f,f,f,f,f,f,f,f,f,f,,,,,,,,,,,https://www.usaspending.gov/award/CONT_AWD_W911QY19F0341_9700_W911QY19D0028_9700/,2023-05-09 12:06:36+00
CONT_AWD_W911QY19F0343_9700_W911QY18D0192_9700,W911QY19F0343,9700,DEPT OF DEFENSE,W911QY18D0192,,,,,,291144.08,0.00,291144.08,291144.08,2019-06-14,2019,2020-06-23,2020,2019-06-04,2019-11-29,2019-11-29 00:00:00,,2019-01-09,097,Department of Defense,2100,Department of the Army,W911QY,W6QK ACC-APG NATICK,097,Department of Defense,2100,Department of the Army,W81UHH,W6DQ 01 PEO AVN,057-2019/2019-3400-000,057-3400,26.0: Supplies and materials,,X,NOT APPLICABLE,,,YJG1MDHLBC88,058024456,"AEROVIRONMENT, INC.","AEROVIRONMENT, INC.",,60107,YJG1MDHLBC88,058024456,"AEROVIRONMENT, INC.",AEROVIRONMENT  INC.,USA,UNITED STATES,800 ROYAL OAKS DR STE 210,,MONROVIA,06037,LOS ANGELES,06,CA,CALIFORNIA,910166347,CA-32,CA-31,8055812187,8055262565,USA,UNITED STATES,HUNTSVILLE,01089,MADISON,01,AL,ALABAMA,358980001,AL-05,AL-05,AWARD,C,DELIVERY ORDER,,,,,,,J,FIRM FIXED PRICE,SUAS DELIVERY ORDER - SPARES 07,W911QY17R0017,1,,,1550,UNMANNED AIRCRAFT,H,NOT BUNDLED,A1C,OTHER AIRCRAFT EQUIPMENT,336411,AIRCRAFT MANUFACTURING,C,NO CLAUSES INCLUDED AND NO SUSTAINABILITY INCLUDED,A,U.S. OWNED BUSINESS,000,NONE,Z,NOT IT PRODUCTS OR SERVICES,A,MEETS REQUIREMENTS,USA,UNITED STATES,D,MFG IN U.S.,B,PLAN NOT REQUIRED,D,FULL AND OPEN COMPETITION AFTER EXCLUSION OF SOURCES,MAFO,SUBJECT TO MULTIPLE AWARD FAIR OPPORTUNITY,,,NONE,NO PREFERENCE USED,,,FAIR,FAIR OPPORTUNITY GIVEN,,,1,A,COMMERCIAL ITEM,f,N,NO,N,NO,X,NOT APPLICABLE,N,NO,,N,NO,X,NOT APPLICABLE,N,NO,N,NO,X,NOT APPLICABLE,,,B,IDC,M,MULTIPLE AWARD,,NONE,NONE,N,NO,,,Y,TRANSACTION USES GFE/GFP,U,UNKNOWN,D,NOT CONSOLIDATED,X,NOT APPLICABLE,N,NO,Z,NOT APPLICABLE,N,NO,X,NOT APPLICABLE,f,f,f,f,f,f,f,f,f,f,f,f,f,f,f,f,f,f,f,SMALL BUSINESS,S,f,f,f,f,f,f,f,f,f,f,f,f,f,f,f,f,f,CORPORATE NOT TAX EXEMPT,t,f,f,f,f,f,f,f,f,f,f,f,t,f,f,f,f,t,f,f,f,f,f,f,f,f,f,f,t,f,f,f,f,f,f,f,f,f,f,f,f,f,f,f,f,f,f,f,f,f,,,,,,,,,,,https://www.usaspending.gov/award/CONT_AWD_W911QY19F0343_9700_W911QY18D0192_9700/,2020-06-23 10:31:07+00
CONT_AWD_W911QY19F0355_9700_W911QY19D0029_9700,W911QY19F0355,9700,DEPT OF DEFENSE,W911QY19D0029,,,,,,4233500.00,,4233500.00,4233500.00,2019-06-27,2019,2020-05-06,2020,2019-06-10,2020-09-03,2020-09-03 00:00:00,,2019-05-09,097,Department of Defense,2100,Department of the Army,W911QY,W6QK ACC-APG NATICK,097,Department of Defense,2100,Department of the Army,W80M26,W4HP ACTV SPECIAL PROJECTS SPT,,,,,X,NOT APPLICABLE,,,LHKDVHKNCES3,142406169,"LOCKHEED MARTIN PROCERUS TECHNOLOGIES, L.C.","LOCKHEED MARTIN PROCERUS TECHNOLOGIES, L.C.",,3PVS5,ZFN2JJXBLZT3,834951691,LOCKHEED MARTIN CORP,LOCKHEED MARTIN CORPORATION,USA,UNITED STATES,500 S GENEVA RD,,OREM,49049,UTAH,49,UT,UTAH,840585801,UT-03,UT-03,6077512570,6077512597,USA,UNITED STATES,VINEYARD,49049,UTAH,49,UT,UTAH,840595802,UT-03,UT-03,AWARD,C,DELIVERY ORDER,,,,,,,J,FIRM FIXED PRICE,PROCUREMENT AND PRODUCTION,,1,,,1550,UNMANNED AIRCRAFT,H,NOT BUNDLED,C9E,ALL OTHERS NOT IDENTIFIABLE TO ANY OTHER PROCUREMENT PROGRAM,334511,"SEARCH, DETECTION, NAVIGATION, GUIDANCE, AERONAUTICAL, AND NAUTICAL SYSTEM AND INSTRUMENT MANUFACTURING",C,NO CLAUSES INCLUDED AND NO SUSTAINABILITY INCLUDED,A,U.S. OWNED BUSINESS,000,NONE,Z,NOT IT PRODUCTS OR SERVICES,A,MEETS REQUIREMENTS,USA,UNITED STATES,D,MFG IN U.S.,F,INDIVIDUAL SUBCONTRACT PLAN,C,NOT COMPETED,SSS,ONLY ONE SOURCE,,,NONE,NO PREFERENCE USED,,,,,NS,NATIONAL SECURITY (FAR 6.302-6),,A,COMMERCIAL ITEM,f,N,NO,N,NO,X,NOT APPLICABLE,N,NO,,N,NO,X,NOT APPLICABLE,X,NOT APPLICABLE,X,NOT APPLICABLE,X,NOT APPLICABLE,,,B,IDC,S,SINGLE AWARD,,P20C,COVID-19 2020,N,NO,,,N,TRANSACTION DOES NOT USE GFE/GFP,U,UNKNOWN,D,NOT CONSOLIDATED,X,NOT APPLICABLE,N,NO,Z,NOT APPLICABLE,N,NO,C,"PRESIDENTIAL ISSUED EMERGENCY DECLARATION, OR A MAJOR DISASTER DECLARATION",f,f,f,f,f,f,f,f,f,f,f,f,f,f,f,f,f,f,f,OTHER THAN SMALL BUSINESS,O,f,f,f,f,f,f,f,f,f,f,f,f,f,f,f,f,f,CORPORATE NOT TAX EXEMPT,t,f,f,f,f,f,f,f,f,f,f,f,f,f,f,f,f,t,f,f,f,f,f,f,f,f,t,f,t,f,f,f,f,f,f,f,f,f,f,f,f,f,f,f,f,f,f,f,f,f,,,,,,,,,,,https://www.usaspending.gov/award/CONT_AWD_W911QY19F0355_9700_W911QY19D0029_9700/,2020-05-06 16:17:54+00
CONT_AWD_W911QY19F0405_9700_W911QY18D0192_9700,W911QY19F0405,9700,DEPT OF DEFENSE,W911QY18D0192,,,,,,37730031.87,,37730031.87,37730031.87,2019-07-25,2019,2021-03-03,2021,2019-07-25,2021-01-29,2021-01-29 00:00:00,,2019-06-14,097,Department of Defense,2100,Department of the Army,W911QY,W6QK ACC-APG NATICK,097,Department of Defense,2100,Department of the Army,W81UHH,W6DQ 01 PEO AVN,,,,,X,NOT APPLICABLE,,,YJG1MDHLBC88,058024456,"AEROVIRONMENT, INC.","AEROVIRONMENT, INC.",,60107,YJG1MDHLBC88,058024456,"AEROVIRONMENT, INC.",AEROVIRONMENT  INC.,USA,UNITED STATES,800 ROYAL OAKS DR STE 210,,MONROVIA,06037,LOS ANGELES,06,CA,CALIFORNIA,910166347,CA-25,CA-31,8055812187,8055262565,USA,UNITED STATES,MONROVIA,06037,LOS ANGELES,06,CA,CALIFORNIA,910161584,CA-32,CA-31,AWARD,C,DELIVERY ORDER,,,,,,,J,FIRM FIXED PRICE,200 RAVENS BUY,W911QY17R0017,1,CL,CLOSELY ASSOCIATED,1550,UNMANNED AIRCRAFT,H,NOT BUNDLED,A1C,OTHER AIRCRAFT EQUIPMENT,336411,AIRCRAFT MANUFACTURING,C,NO CLAUSES INCLUDED AND NO SUSTAINABILITY INCLUDED,A,U.S. OWNED BUSINESS,000,NONE,Z,NOT IT PRODUCTS OR SERVICES,A,MEETS REQUIREMENTS,USA,UNITED STATES,D,MFG IN U.S.,B,PLAN NOT REQUIRED,D,FULL AND OPEN COMPETITION AFTER EXCLUSION OF SOURCES,MAFO,SUBJECT TO MULTIPLE AWARD FAIR OPPORTUNITY,,,NONE,NO PREFERENCE USED,,,FAIR,FAIR OPPORTUNITY GIVEN,,,1,A,COMMERCIAL ITEM,f,N,NO,N,NO,X,NOT APPLICABLE,N,NO,,N,NO,X,NOT APPLICABLE,N,NO,N,NO,X,NOT APPLICABLE,,,B,IDC,M,MULTIPLE AWARD,,NONE,NONE,N,NO,,,Y,TRANSACTION USES GFE/GFP,U,UNKNOWN,D,NOT CONSOLIDATED,X,NOT APPLICABLE,N,NO,Z,NOT APPLICABLE,N,NO,X,NOT APPLICABLE,f,f,f,f,f,f,f,f,f,f,f,f,f,f,f,f,f,f,f,SMALL BUSINESS,S,f,f,f,f,f,f,f,f,f,f,f,f,f,f,f,f,f,CORPORATE NOT TAX EXEMPT,t,f,f,f,f,f,f,f,f,f,f,f,t,f,f,f,f,t,f,f,f,f,f,f,f,f,f,f,t,f,f,f,f,f,f,f,f,f,f,f,f,f,f,f,f,f,f,f,f,f,,,,,,,,,,,https://www.usaspending.gov/award/CONT_AWD_W911QY19F0405_9700_W911QY18D0192_9700/,2021-03-03 16:56:35+00
CONT_AWD_W911QY19F0423_9700_W911QY18D0192_9700,W911QY19F0423,9700,DEPT OF DEFENSE,W911QY18D0192,,,,,,3793312.90,0.00,3793312.90,3793312.90,2019-08-12,2019,2020-06-22,2020,2019-08-01,2020-01-28,2020-01-28 00:00:00,,2019-07-12,097,Department of Defense,2100,Department of the Army,W911QY,W6QK ACC-APG NATICK,097,Department of Defense,2100,Department of the Army,W81UHH,W6DQ 01 PEO AVN,021-2019/2019-2020-000,021-2020,25.7: Operation and maintenance of equipment,,X,NOT APPLICABLE,,,YJG1MDHLBC88,058024456,"AEROVIRONMENT, INC.","AEROVIRONMENT, INC.",,60107,YJG1MDHLBC88,058024456,"AEROVIRONMENT, INC.",AEROVIRONMENT  INC.,USA,UNITED STATES,800 ROYAL OAKS DR STE 210,,MONROVIA,06037,LOS ANGELES,06,CA,CALIFORNIA,910166347,CA-32,CA-31,8055812187,8055262565,USA,UNITED STATES,MONROVIA,06037,LOS ANGELES,06,CA,CALIFORNIA,910161584,CA-32,CA-31,AWARD,C,DELIVERY ORDER,,,,,,,J,FIRM FIXED PRICE,SUAS SPARES 11,W911QY17R0017,1,,,1550,UNMANNED AIRCRAFT,H,NOT BUNDLED,A1C,OTHER AIRCRAFT EQUIPMENT,336411,AIRCRAFT MANUFACTURING,C,NO CLAUSES INCLUDED AND NO SUSTAINABILITY INCLUDED,A,U.S. OWNED BUSINESS,000,NONE,Z,NOT IT PRODUCTS OR SERVICES,A,MEETS REQUIREMENTS,USA,UNITED STATES,D,MFG IN U.S.,B,PLAN NOT REQUIRED,D,FULL AND OPEN COMPETITION AFTER EXCLUSION OF SOURCES,MAFO,SUBJECT TO MULTIPLE AWARD FAIR OPPORTUNITY,,,NONE,NO PREFERENCE USED,,,FAIR,FAIR OPPORTUNITY GIVEN,,,1,A,COMMERCIAL ITEM,f,N,NO,N,NO,X,NOT APPLICABLE,N,NO,,N,NO,X,NOT APPLICABLE,N,NO,N,NO,X,NOT APPLICABLE,,,B,IDC,M,MULTIPLE AWARD,,NONE,NONE,N,NO,,,Y,TRANSACTION USES GFE/GFP,U,UNKNOWN,D,NOT CONSOLIDATED,X,NOT APPLICABLE,N,NO,Z,NOT APPLICABLE,N,NO,X,NOT APPLICABLE,f,f,f,f,f,f,f,f,f,f,f,f,f,f,f,f,f,f,f,SMALL BUSINESS,S,f,f,f,f,f,f,f,f,f,f,f,f,f,f,f,f,f,CORPORATE NOT TAX EXEMPT,t,f,f,f,f,f,f,f,f,f,f,f,t,f,f,f,f,t,f,f,f,f,f,f,f,f,f,f,t,f,f,f,f,f,f,f,f,f,f,f,f,f,f,f,f,f,f,f,f,f,,,,,,,,,,,https://www.usaspending.gov/award/CONT_AWD_W911QY19F0423_9700_W911QY18D0192_9700/,2020-06-22 11:56:07+00
CONT_AWD_W911QY19F0431_9700_W911QY18D0192_9700,W911QY19F0431,9700,DEPT OF DEFENSE,W911QY18D0192,,,,,,307089.39,0.00,307089.39,307089.39,2019-08-12,2019,2019-10-01,2020,2019-08-08,2020-02-04,2020-02-04 00:00:00,,2019-06-14,097,Department of Defense,2100,Department of the Army,W911QY,W6QK ACC-APG NATICK,097,Department of Defense,2100,Department of the Army,W81UHH,W6DQ 01 PEO AVN,021-2019/2021-2035-000,021-2035,31.0: Equipment,,X,NOT APPLICABLE,,,YJG1MDHLBC88,058024456,"AEROVIRONMENT, INC.","AEROVIRONMENT, INC.",,60107,YJG1MDHLBC88,058024456,"AEROVIRONMENT, INC.",AEROVIRONMENT  INC.,USA,UNITED STATES,800 ROYAL OAKS DR STE 210,,MONROVIA,06037,LOS ANGELES,06,CA,CALIFORNIA,910166347,CA-32,CA-31,8055812187,8055262565,USA,UNITED STATES,MONROVIA,06037,LOS ANGELES,06,CA,CALIFORNIA,910161584,CA-32,CA-31,AWARD,C,DELIVERY ORDER,,,,,,,J,FIRM FIXED PRICE,SUAS SPARES 10,W911QY17R0017,1,,,1550,UNMANNED AIRCRAFT,H,NOT BUNDLED,A1C,OTHER AIRCRAFT EQUIPMENT,336411,AIRCRAFT MANUFACTURING,C,NO CLAUSES INCLUDED AND NO SUSTAINABILITY INCLUDED,A,U.S. OWNED BUSINESS,000,NONE,Z,NOT IT PRODUCTS OR SERVICES,A,MEETS REQUIREMENTS,USA,UNITED STATES,D,MFG IN U.S.,B,PLAN NOT REQUIRED,D,FULL AND OPEN COMPETITION AFTER EXCLUSION OF SOURCES,MAFO,SUBJECT TO MULTIPLE AWARD FAIR OPPORTUNITY,,,NONE,NO PREFERENCE USED,,,FAIR,FAIR OPPORTUNITY GIVEN,,,1,A,COMMERCIAL ITEM,f,N,NO,N,NO,X,NOT APPLICABLE,N,NO,,N,NO,X,NOT APPLICABLE,N,NO,N,NO,X,NOT APPLICABLE,,,B,IDC,M,MULTIPLE AWARD,,NONE,NONE,N,NO,,,N,TRANSACTION DOES NOT USE GFE/GFP,U,UNKNOWN,D,NOT CONSOLIDATED,X,NOT APPLICABLE,N,NO,Z,NOT APPLICABLE,N,NO,X,NOT APPLICABLE,f,f,f,f,f,f,f,f,f,f,f,f,f,f,f,f,f,f,f,SMALL BUSINESS,S,f,f,f,f,f,f,f,f,f,f,f,f,f,f,f,f,f,CORPORATE NOT TAX EXEMPT,t,f,f,f,f,f,f,f,f,f,f,f,t,f,f,f,f,t,f,f,f,f,f,f,f,f,f,f,t,f,f,f,f,f,f,f,f,f,f,f,f,f,f,f,f,f,f,f,f,f,,,,,,,,,,,https://www.usaspending.gov/award/CONT_AWD_W911QY19F0431_9700_W911QY18D0192_9700/,2019-10-01 11:55:01+00
CONT_AWD_W911QY19F0516_9700_W911QY18D0192_9700,W911QY19F0516,9700,DEPT OF DEFENSE,W911QY18D0192,,,,,,52979.76,0.00,52979.76,52979.76,2019-09-20,2019,2019-10-15,2020,2019-09-20,2020-03-18,2020-03-18 00:00:00,,2019-08-23,097,Department of Defense,2100,Department of the Army,W911QY,W6QK ACC-APG NATICK,097,Department of Defense,2100,Department of the Army,W81UHH,W6DQ 01 PEO AVN,021-2019/2019-2020-000,021-2020,25.1: Advisory and assistance services,,X,NOT APPLICABLE,,,YJG1MDHLBC88,058024456,"AEROVIRONMENT, INC.","AEROVIRONMENT, INC.",,60107,YJG1MDHLBC88,058024456,"AEROVIRONMENT, INC.",AEROVIRONMENT  INC.,USA,UNITED STATES,800 ROYAL OAKS DR STE 210,,MONROVIA,06037,LOS ANGELES,06,CA,CALIFORNIA,910166347,CA-32,CA-31,8055812187,8055262565,USA,UNITED STATES,MONROVIA,06037,LOS ANGELES,06,CA,CALIFORNIA,910161584,CA-32,CA-31,AWARD,C,DELIVERY ORDER,,,,,,,J,FIRM FIXED PRICE,SUAS DELIVERY ORDER LRU 08,W911QY17R0017,1,,,1550,UNMANNED AIRCRAFT,H,NOT BUNDLED,A1C,OTHER AIRCRAFT EQUIPMENT,336411,AIRCRAFT MANUFACTURING,C,NO CLAUSES INCLUDED AND NO SUSTAINABILITY INCLUDED,A,U.S. OWNED BUSINESS,000,NONE,Z,NOT IT PRODUCTS OR SERVICES,A,MEETS REQUIREMENTS,USA,UNITED STATES,D,MFG IN U.S.,B,PLAN NOT REQUIRED,D,FULL AND OPEN COMPETITION AFTER EXCLUSION OF SOURCES,MAFO,SUBJECT TO MULTIPLE AWARD FAIR OPPORTUNITY,,,NONE,NO PREFERENCE USED,,,FAIR,FAIR OPPORTUNITY GIVEN,,,1,A,COMMERCIAL ITEM,f,N,NO,N,NO,X,NOT APPLICABLE,N,NO,,N,NO,X,NOT APPLICABLE,N,NO,N,NO,X,NOT APPLICABLE,,,B,IDC,M,MULTIPLE AWARD,,NONE,NONE,N,NO,,,N,TRANSACTION DOES NOT USE GFE/GFP,U,UNKNOWN,D,NOT CONSOLIDATED,X,NOT APPLICABLE,N,NO,Z,NOT APPLICABLE,N,NO,X,NOT APPLICABLE,f,f,f,f,f,f,f,f,f,f,f,f,f,f,f,f,f,f,f,SMALL BUSINESS,S,f,f,f,f,f,f,f,f,f,f,f,f,f,f,f,f,f,CORPORATE NOT TAX EXEMPT,t,f,f,f,f,f,f,f,f,f,f,f,t,f,f,f,f,t,f,f,f,f,f,f,f,f,f,f,t,f,f,f,f,f,f,f,f,f,f,f,f,f,f,f,f,f,f,f,f,f,,,,,,,,,,,https://www.usaspending.gov/award/CONT_AWD_W911QY19F0516_9700_W911QY18D0192_9700/,2019-10-15 13:47:26+00
CONT_AWD_W911QY19F0517_9700_W911QY19D0033_9700,W911QY19F0517,9700,DEPT OF DEFENSE,W911QY19D0033,,,,,,3270132.46,,3270132.46,4841901.46,2019-09-19,2019,2020-06-09,2020,2019-09-18,2021-10-31,2021-10-31 00:00:00,,2019-07-29,097,Department of Defense,2100,Department of the Army,W911QY,W6QK ACC-APG NATICK,097,Department of Defense,2100,Department of the Army,W81UHH,W6DQ 01 PEO AVN,,,,,X,NOT APPLICABLE,,,SNJ8YY61GB95,003090198,TEXTRON SYSTEMS CORPORATION,AAI CORPORATION,,97384,HKUMGJBEMKN3,001338979,TEXTRON INC,TEXTRON INC.,USA,UNITED STATES,124 INDUSTRY LN,,HUNT VALLEY,24005,BALTIMORE,24,MD,MARYLAND,210303342,MD-02,MD-02,4106285214,,USA,UNITED STATES,COCKEYSVILLE,24005,BALTIMORE,24,MD,MARYLAND,210303342,MD-02,MD-02,AWARD,C,DELIVERY ORDER,,,,,,,J,FIRM FIXED PRICE,SYSTEM PURCHASE: AEROSONDE HQ,,1,CL,CLOSELY ASSOCIATED,1550,UNMANNED AIRCRAFT,H,NOT BUNDLED,A1A,AIRFRAMES AND SPARES,336411,AIRCRAFT MANUFACTURING,C,NO CLAUSES INCLUDED AND NO SUSTAINABILITY INCLUDED,A,U.S. OWNED BUSINESS,000,NONE,Z,NOT IT PRODUCTS OR SERVICES,E,NOT REQUIRED,USA,UNITED STATES,D,MFG IN U.S.,B,PLAN NOT REQUIRED,A,FULL AND OPEN COMPETITION,NP,NEGOTIATED PROPOSAL/QUOTE,,,NONE,NO PREFERENCE USED,,,,,,,,A,COMMERCIAL ITEM,f,N,NO,N,NO,Y,YES,N,NO,,N,NO,N,NO,N,NO,N,NO,X,NOT APPLICABLE,,,B,IDC,S,SINGLE AWARD,,NONE,NONE,N,NO,,,N,TRANSACTION DOES NOT USE GFE/GFP,U,UNKNOWN,D,NOT CONSOLIDATED,X,NOT APPLICABLE,N,NO,Z,NOT APPLICABLE,N,NO,X,NOT APPLICABLE,f,f,f,f,f,f,f,f,f,f,f,f,f,f,f,f,f,f,f,OTHER THAN SMALL BUSINESS,O,f,f,f,f,f,f,f,f,f,f,f,f,f,f,f,f,f,CORPORATE NOT TAX EXEMPT,t,f,f,f,f,f,f,f,f,f,f,f,t,f,f,f,f,t,f,f,f,f,f,f,f,f,f,f,t,f,f,f,f,f,f,f,f,f,f,f,f,f,f,f,f,f,f,f,f,f,STEPHEN  GREENE,637001.00,JAMES F TARALLO,556767.00,WILLIAM G IRBY,512364.00,TAREK  MEKHAIL,488783.00,MICHAEL P KIERAN,482658.00,https://www.usaspending.gov/award/CONT_AWD_W911QY19F0517_9700_W911QY19D0033_9700/,2020-06-09 15:51:06+00
CONT_AWD_W911QY19F0530_9700_W911QY19D0051_9700,W911QY19F0530,9700,DEPT OF DEFENSE,W911QY19D0051,Q: Not Designated Nonemergency/Emergency/Disaster/Wildfire Suppression,,,,,9280954.82,0.00,9280954.82,10432779.82,2019-09-24,2019,2021-03-15,2021,2019-09-23,2021-03-29,2021-03-29 00:00:00,,2019-07-29,097,Department of Defense,2100,Department of the Army,W911QY,W6QK ACC-APG NATICK,097,Department of Defense,2100,Department of the Army,W81UHH,W6DQ 01 PEO AVN,021-2020/2022-2031-000,021-2031,25.2: Other services from non-Federal sources,0001: AIRCRAFT,X,NOT APPLICABLE,,,LXJWAZS3VV98,078534881,"L3HARRIS UNMANNED SYSTEMS, INC","L-3 UNMANNED SYSTEMS, INC.",,3F6M4,SJULQDJ8NZU7,004203337,"L3HARRIS TECHNOLOGIES, INC",L3HARRIS TECHNOLOGIES  INC.,USA,UNITED STATES,"44611 GUILFORD DR., STE 125",,ASHBURN,51107,LOUDOUN,51,VA,VIRGINIA,201476069,VA-10,VA-10,7034332017,7037266053,USA,UNITED STATES,ASHBURN,51107,LOUDOUN,51,VA,VIRGINIA,201476069,VA-10,VA-10,AWARD,C,DELIVERY ORDER,,,,,,,J,FIRM FIXED PRICE,SYSTEM PURCHASE L3,,1,OT,OTHER FUNCTIONS,1550,UNMANNED AIRCRAFT,H,NOT BUNDLED,A1A,AIRFRAMES AND SPARES,336411,AIRCRAFT MANUFACTURING,C,NO CLAUSES INCLUDED AND NO SUSTAINABILITY INCLUDED,A,U.S. OWNED BUSINESS,000,NONE,Z,NOT IT PRODUCTS OR SERVICES,A,MEETS REQUIREMENTS,USA,UNITED STATES,D,MFG IN U.S.,B,PLAN NOT REQUIRED,A,FULL AND OPEN COMPETITION,MAFO,SUBJECT TO MULTIPLE AWARD FAIR OPPORTUNITY,,,NONE,NO PREFERENCE USED,,,FAIR,FAIR OPPORTUNITY GIVEN,,,4,A,COMMERCIAL ITEM,f,N,NO,N,NO,Y,YES,N,NO,,N,NO,N,NO,N,NO,N,NO,X,NOT APPLICABLE,,,B,IDC,M,MULTIPLE AWARD,,NONE,NONE,N,NO,,,N,TRANSACTION DOES NOT USE GFE/GFP,U,UNKNOWN,D,NOT CONSOLIDATED,X,NOT APPLICABLE,N,NO,Z,NOT APPLICABLE,N,NO,X,NOT APPLICABLE,f,f,f,f,f,f,f,f,f,f,f,f,f,f,f,f,f,f,f,OTHER THAN SMALL BUSINESS,O,f,f,f,f,f,f,f,f,f,f,f,f,f,f,f,f,f,CORPORATE NOT TAX EXEMPT,t,f,f,f,f,f,f,f,f,f,f,f,t,f,f,f,f,t,f,f,f,f,f,f,f,f,f,f,t,f,f,f,f,f,f,f,f,f,f,f,f,f,f,f,f,f,f,f,f,f,,,,,,,,,,,https://www.usaspending.gov/award/CONT_AWD_W911QY19F0530_9700_W911QY19D0051_9700/,2021-03-15 14:10:51+00
CONT_AWD_W911QY19F0552_9700_W911QY19D0050_9700,W911QY19F0552,9700,DEPT OF DEFENSE,W911QY19D0050,Q: Not Designated Nonemergency/Emergency/Disaster/Wildfire Suppression,,,,,4344875.32,0.00,4344875.32,5499989.08,2019-09-30,2019,2021-08-13,2021,2019-09-30,2022-03-01,2022-03-01 00:00:00,,2019-07-29,097,Department of Defense,2100,Department of the Army,W911QY,W6QK ACC-APG NATICK,097,Department of Defense,2100,Department of the Army,W81UHH,W6DQ 01 PEO AVN,021-2020/2022-2031-000,021-2031,25.2: Other services from non-Federal sources,0001: AIRCRAFT,X,NOT APPLICABLE,,,ZVG6XCZMY1H6,,"ARCTURUS UAV, INC","ARCTURUS UAV, INC.",,4SFC4,YJG1MDHLBC88,,"AEROVIRONMENT, INC.",AEROVIRONMENT  INC.,USA,UNITED STATES,539 MARTIN AVE,,ROHNERT PARK,06097,SONOMA,06,CA,CALIFORNIA,949282048,CA-02,CA-04,7072069372,7072069393,USA,UNITED STATES,TOOELE,49045,TOOELE,49,UT,UTAH,840749283,UT-02,UT-02,AWARD,C,DELIVERY ORDER,,,,,,,J,FIRM FIXED PRICE,SYSTEM PURCHASE: ARCRURUS UAV,,1,OT,OTHER FUNCTIONS,1550,UNMANNED AIRCRAFT,H,NOT BUNDLED,A1A,AIRFRAMES AND SPARES,336411,AIRCRAFT MANUFACTURING,C,NO CLAUSES INCLUDED AND NO SUSTAINABILITY INCLUDED,A,U.S. OWNED BUSINESS,000,NONE,Z,NOT IT PRODUCTS OR SERVICES,A,MEETS REQUIREMENTS,USA,UNITED STATES,D,MFG IN U.S.,B,PLAN NOT REQUIRED,A,FULL AND OPEN COMPETITION,MAFO,SUBJECT TO MULTIPLE AWARD FAIR OPPORTUNITY,,,NONE,NO PREFERENCE USED,,,FAIR,FAIR OPPORTUNITY GIVEN,,,4,A,COMMERCIAL ITEM,f,N,NO,N,NO,Y,YES,N,NO,0.00,N,NO,N,NO,N,NO,N,NO,X,NOT APPLICABLE,,,B,IDC,M,MULTIPLE AWARD,,NONE,NONE,N,NO,,,N,TRANSACTION DOES NOT USE GFE/GFP,U,UNKNOWN,D,NOT CONSOLIDATED,X,NOT APPLICABLE,N,NO,A,FAR 52.232-16 PROGRESS PAYMENTS,N,NO,X,NOT APPLICABLE,f,f,f,f,f,f,f,f,f,f,f,f,f,f,f,f,f,f,f,SMALL BUSINESS,S,f,f,f,f,f,f,f,f,f,f,f,f,f,f,f,f,f,CORPORATE NOT TAX EXEMPT,t,f,f,f,f,f,f,f,f,f,f,f,t,f,f,f,f,t,f,f,f,f,f,f,f,f,f,f,t,f,f,f,f,f,f,f,f,f,f,f,f,f,f,f,f,f,f,f,f,f,,,,,,,,,,,https://www.usaspending.gov/award/CONT_AWD_W911QY19F0552_9700_W911QY19D0050_9700/,2025-12-31 09:44:17+00
CONT_AWD_W911QY20C0014_9700_-NONE-_-NONE-,W911QY20C0014,,,,,,,,,22665299.84,,22665299.84,22665299.84,2020-05-08,2020,2023-03-29,2023,2020-05-08,2023-03-31,2023-03-31 00:00:00,,2019-10-07,097,Department of Defense,2100,Department of the Army,W9113M,W6QK ACC-RSA,097,Department of Defense,2100,Department of the Army,W81UHH,W6DQ 01 PEO AVN,,,,,A,FOREIGN FUNDS FMS,,,SNJ8YY61GB95,,TEXTRON SYSTEMS CORPORATION,AAI CORPORATION,,97384,HKUMGJBEMKN3,,TEXTRON INC,TEXTRON INC.,USA,UNITED STATES,124 INDUSTRY LN,,HUNT VALLEY,24005,BALTIMORE,24,MD,MARYLAND,210303342,MD-02,MD-02,4106283320,,UGA,UGANDA,,,,,,,,,,AWARD,D,DEFINITIVE CONTRACT,,,,,,,J,FIRM FIXED PRICE,"TWO AEROSONDE MK4.7 SYSTEMS, ONE LOT OF INITIAL SPARE PARTS AND  (CONUS) NEW EQUIPMENT TRAINING (NET) AND FMS CASE P9-B-UFL, TWO (2) YEARS OF CONTRACTOR LOGISTICS SUPPORT TO INCLUDE ONE FIELD SERVICE REPRESENTATIVE (FSR) FOR TWENTY-FOUR MONTHS.",W911QY20R0014,1,,,1550,UNMANNED AIRCRAFT,H,NOT BUNDLED,A1C,OTHER AIRCRAFT EQUIPMENT,541330,ENGINEERING SERVICES,C,NO CLAUSES INCLUDED AND NO SUSTAINABILITY INCLUDED,A,U.S. OWNED BUSINESS,000,NONE,Z,NOT IT PRODUCTS OR SERVICES,A,MEETS REQUIREMENTS,USA,UNITED STATES,D,MFG IN U.S.,G,COMMERCIAL SUBCONTRACT PLAN,C,NOT COMPETED,SSS,ONLY ONE SOURCE,NONE,NO SET ASIDE USED.,NONE,NO PREFERENCE USED,,,,,ONE,ONLY ONE SOURCE-OTHER (FAR 6.302-1 OTHER),1,A,COMMERCIAL PRODUCTS/SERVICES,f,N,NO,N,NO,Y,YES,N,NO,0.00,N,NO,X,NOT APPLICABLE,X,NOT APPLICABLE,X,NOT APPLICABLE,X,NOT APPLICABLE,,,,,,,,NONE,NONE,N,NO,X,NOT APPLICABLE EXEMPT FROM CAS,N,TRANSACTION DOES NOT USE GFE/GFP,U,UNKNOWN,D,NOT CONSOLIDATED,X,NOT APPLICABLE,N,NO,Z,NOT APPLICABLE,N,NO,X,NOT APPLICABLE,f,f,f,f,f,f,f,f,f,f,f,f,f,f,f,f,f,f,f,OTHER THAN SMALL BUSINESS,O,f,f,f,f,f,f,f,f,f,f,f,f,f,f,f,f,f,CORPORATE NOT TAX EXEMPT,t,f,f,f,f,f,f,f,f,f,f,f,t,f,f,f,f,t,f,f,f,f,f,f,f,f,f,f,t,f,f,f,f,f,f,f,f,f,f,f,f,f,f,f,f,f,f,f,f,f,,,,,,,,,,,https://www.usaspending.gov/award/CONT_AWD_W911QY20C0014_9700_-NONE-_-NONE-/,2023-03-29 18:15:38+00
CONT_AWD_W911QY20C0049_9700_-NONE-_-NONE-,W911QY20C0049,,,,,,,,,390700.00,,390700.00,390700.00,2020-04-20,2020,2020-04-20,2020,2020-04-17,2020-07-13,2020-07-13 00:00:00,,2020-03-17,097,Department of Defense,2100,Department of the Army,W911QY,W6QK ACC-APG NATICK,097,Department of Defense,2100,Department of the Army,W80M26,W4HP ACTV SPECIAL PROJECTS SPT,,,,,X,NOT APPLICABLE,,,NATMPTFXJ3E6,,LUMENIER HOLDCO LLC,LUMENIER HOLDCO LLC,,84VM0,NATMPTFXJ3E6,,LUMENIER HOLDCO LLC,LUMENIER HOLDCO LLC,USA,UNITED STATES,1060 GOODRICH AVE,,SARASOTA,12115,SARASOTA,12,FL,FLORIDA,342364271,FL-16,FL-17,8134958178,,USA,UNITED STATES,SARASOTA,12115,SARASOTA,12,FL,FLORIDA,342364271,FL-16,FL-17,AWARD,D,DEFINITIVE CONTRACT,,,,,,,J,FIRM FIXED PRICE,UNMANNED GROUND VEHICLE (UGV),,1,OT,OTHER FUNCTIONS,1550,UNMANNED AIRCRAFT,H,NOT BUNDLED,C9E,ALL OTHERS NOT IDENTIFIABLE TO ANY OTHER PROCUREMENT PROGRAM,541715,"RESEARCH AND DEVELOPMENT IN THE PHYSICAL, ENGINEERING, AND LIFE SCIENCES (EXCEPT NANOTECHNOLOGY AND BIOTECHNOLOGY)",C,NO CLAUSES INCLUDED AND NO SUSTAINABILITY INCLUDED,A,U.S. OWNED BUSINESS,000,NONE,Z,NOT IT PRODUCTS OR SERVICES,E,NOT REQUIRED,USA,UNITED STATES,D,MFG IN U.S.,B,PLAN NOT REQUIRED,C,NOT COMPETED,SSS,ONLY ONE SOURCE,NONE,NO SET ASIDE USED.,NONE,NO PREFERENCE USED,,,,,NS,NATIONAL SECURITY (FAR 6.302-6),1,D,COMMERCIAL ITEM PROCEDURES NOT USED,f,N,NO,N,NO,N,NO,N,NO,0.00,N,NO,Y,YES,N,NO,N,NO,X,NOT APPLICABLE,,,,,,,,NONE,NONE,N,NO,X,NOT APPLICABLE EXEMPT FROM CAS,N,TRANSACTION DOES NOT USE GFE/GFP,N,NO,D,NOT CONSOLIDATED,X,NOT APPLICABLE,N,NO,Z,NOT APPLICABLE,N,NO,X,NOT APPLICABLE,f,f,f,f,f,f,f,f,f,f,f,f,f,f,f,f,f,f,f,OTHER THAN SMALL BUSINESS,O,f,f,f,f,f,f,f,f,f,f,f,f,f,f,f,f,f,CORPORATE NOT TAX EXEMPT,t,f,f,f,f,f,f,f,f,f,f,f,f,f,f,f,f,t,f,f,f,f,f,f,f,f,t,f,t,f,f,f,f,f,f,f,f,f,f,f,f,f,f,f,f,f,f,f,f,f,,,,,,,,,,,https://www.usaspending.gov/award/CONT_AWD_W911QY20C0049_9700_-NONE-_-NONE-/,2023-02-28 08:47:51+00
CONT_AWD_W911QY20C0060_9700_-NONE-_-NONE-,W911QY20C0060,,,,,,,,,7561560.00,,7561560.00,7561560.00,2020-05-07,2020,2022-04-28,2022,2020-05-08,2022-08-15,2022-08-15 00:00:00,,2019-08-22,097,Department of Defense,9763,Defense Contract Management Agency,S2401A,DCMA GREAT PLAINS,097,Department of Defense,2100,Department of the Army,W911QY,W6QK ACC-APG NATICK,,,,,X,NOT APPLICABLE,,,J4Q3HP6NHK47,,"ROCKWELL COLLINS, INC.","ROCKWELL COLLINS, INC.",,13499,PPLZG8J3N9D4,,RTX CORP,ROCKWELL COLLINS  INC.,USA,UNITED STATES,400 COLLINS RD NE,,CEDAR RAPIDS,19113,LINN,19,IA,IOWA,524980505,IA-01,IA-02,3192638129,,USA,UNITED STATES,CEDAR RAPIDS,19113,LINN,19,IA,IOWA,524980505,IA-01,IA-02,AWARD,D,DEFINITIVE CONTRACT,,,,,,,J,FIRM FIXED PRICE,SMALL MISSION COMPUTER,W911QY19R0048,1,CT,CRITICAL FUNCTIONS,1550,UNMANNED AIRCRAFT,H,NOT BUNDLED,A1C,OTHER AIRCRAFT EQUIPMENT,336411,AIRCRAFT MANUFACTURING,C,NO CLAUSES INCLUDED AND NO SUSTAINABILITY INCLUDED,A,U.S. OWNED BUSINESS,000,NONE,Z,NOT IT PRODUCTS OR SERVICES,A,MEETS REQUIREMENTS,USA,UNITED STATES,D,MFG IN U.S.,G,COMMERCIAL SUBCONTRACT PLAN,C,NOT COMPETED,SSS,ONLY ONE SOURCE,NONE,NO SET ASIDE USED.,NONE,NO PREFERENCE USED,SR3,SMALL BUSINESS INNOVATION RESEARCH PROGRAM PHASE III ACTION,,,ONE,ONLY ONE SOURCE-OTHER (FAR 6.302-1 OTHER),1,D,COMMERCIAL ITEM PROCEDURES NOT USED,f,N,NO,N,NO,Y,YES,N,NO,0.00,N,NO,Y,YES,X,NOT APPLICABLE,X,NOT APPLICABLE,X,NOT APPLICABLE,,,,,,,,NONE,NONE,N,NO,Y,YES - CAS CLAUSE INCLUDED,N,TRANSACTION DOES NOT USE GFE/GFP,U,UNKNOWN,D,NOT CONSOLIDATED,X,NOT APPLICABLE,N,NO,Z,NOT APPLICABLE,N,NO,X,NOT APPLICABLE,f,f,f,f,f,f,f,f,f,f,f,f,f,f,f,f,f,f,f,OTHER THAN SMALL BUSINESS,O,f,f,f,f,f,f,f,f,f,f,f,f,f,f,f,f,f,CORPORATE NOT TAX EXEMPT,t,f,f,f,f,f,f,f,f,f,f,f,t,f,f,f,f,t,f,f,f,f,f,f,f,f,f,f,t,f,f,f,f,f,f,f,f,f,f,f,f,f,f,f,f,f,f,f,f,f,,,,,,,,,,,https://www.usaspending.gov/award/CONT_AWD_W911QY20C0060_9700_-NONE-_-NONE-/,2025-12-31 09:44:17+00
CONT_AWD_W911QY20F0071_9700_W911QY19D0050_9700,W911QY20F0071,9700,DEPT OF DEFENSE,W911QY19D0050,,,,,,4241350.11,,4241350.11,4241350.11,2019-12-20,2020,2020-06-09,2020,2019-12-20,2021-10-31,2021-10-31 00:00:00,,2019-10-30,097,Department of Defense,2100,Department of the Army,W911QY,W6QK ACC-APG NATICK,097,Department of Defense,2100,Department of the Army,W81UHH,W6DQ 01 PEO AVN,,,,,X,NOT APPLICABLE,,,ZVG6XCZMY1H6,800577590,"ARCTURUS UAV, INC","ARCTURUS UAV, INC.",,4SFC4,ZVG6XCZMY1H6,800577590,"ARCTURUS UAV, INC",ARCTURUS UAV  LLC,USA,UNITED STATES,539 MARTIN AVE,,ROHNERT PARK,06097,SONOMA,06,CA,CALIFORNIA,949282048,CA-05,CA-04,7072069372,7072069393,USA,UNITED STATES,PETALUMA,06097,SONOMA,06,CA,CALIFORNIA,949541173,CA-02,CA-02,AWARD,C,DELIVERY ORDER,,,,,,,J,FIRM FIXED PRICE,SYSTEM PURCHASE: ARCRURUS UAV,,1,OT,OTHER FUNCTIONS,1550,UNMANNED AIRCRAFT,H,NOT BUNDLED,A1A,AIRFRAMES AND SPARES,336411,AIRCRAFT MANUFACTURING,C,NO CLAUSES INCLUDED AND NO SUSTAINABILITY INCLUDED,A,U.S. OWNED BUSINESS,000,NONE,Z,NOT IT PRODUCTS OR SERVICES,A,MEETS REQUIREMENTS,USA,UNITED STATES,D,MFG IN U.S.,B,PLAN NOT REQUIRED,A,FULL AND OPEN COMPETITION,MAFO,SUBJECT TO MULTIPLE AWARD FAIR OPPORTUNITY,,,NONE,NO PREFERENCE USED,,,FAIR,FAIR OPPORTUNITY GIVEN,,,4,A,COMMERCIAL ITEM,f,N,NO,N,NO,Y,YES,N,NO,,N,NO,N,NO,N,NO,N,NO,X,NOT APPLICABLE,,,B,IDC,M,MULTIPLE AWARD,,NONE,NONE,N,NO,,,N,TRANSACTION DOES NOT USE GFE/GFP,U,UNKNOWN,D,NOT CONSOLIDATED,X,NOT APPLICABLE,N,NO,Z,NOT APPLICABLE,N,NO,X,NOT APPLICABLE,f,f,f,f,f,f,f,f,f,f,f,f,f,f,f,f,f,f,f,SMALL BUSINESS,S,f,f,f,f,f,f,f,f,f,f,f,f,f,f,f,f,f,CORPORATE NOT TAX EXEMPT,t,f,f,f,f,f,f,f,f,f,f,f,t,f,f,f,f,t,f,f,f,f,f,f,f,f,f,f,t,f,f,f,f,f,f,f,f,f,f,f,f,f,f,f,f,f,f,f,f,f,DMILO D HALLERBERG,325000.00,CHASE T HALLERBERG,200000.00,PHILIP  MAHILL,145000.00,JOSEPH  QUINN,350000.00,MARK  ALLEN,150000.00,https://www.usaspending.gov/award/CONT_AWD_W911QY20F0071_9700_W911QY19D0050_9700/,2020-06-26 09:54:48+00
CONT_AWD_W911QY20F0074_9700_W911QY18D0192_9700,W911QY20F0074,9700,DEPT OF DEFENSE,W911QY18D0192,,,,,,1095136.10,0.00,1095136.10,1095136.10,2019-12-27,2020,2020-04-29,2020,2019-12-27,2020-06-24,2020-06-24 00:00:00,,2019-11-13,097,Department of Defense,2100,Department of the Army,W911QY,W6QK ACC-APG NATICK,097,Department of Defense,2100,Department of the Army,W81UHH,W6DQ 01 PEO AVN,021-2020/2020-2020-000,021-2020,25.7: Operation and maintenance of equipment,,X,NOT APPLICABLE,,,YJG1MDHLBC88,058024456,"AEROVIRONMENT, INC.","AEROVIRONMENT, INC.",,60107,YJG1MDHLBC88,058024456,"AEROVIRONMENT, INC.",AEROVIRONMENT  INC.,USA,UNITED STATES,800 ROYAL OAKS DR STE 210,,MONROVIA,06037,LOS ANGELES,06,CA,CALIFORNIA,910166347,CA-32,CA-31,8055812187,8055262565,USA,UNITED STATES,HUNTSVILLE,01089,MADISON,01,AL,ALABAMA,358241006,AL-05,AL-05,AWARD,C,DELIVERY ORDER,,,,,,,J,FIRM FIXED PRICE,PUMA SPARES,W911QY17R0017,1,CL,CLOSELY ASSOCIATED,1550,UNMANNED AIRCRAFT,H,NOT BUNDLED,A1C,OTHER AIRCRAFT EQUIPMENT,336411,AIRCRAFT MANUFACTURING,C,NO CLAUSES INCLUDED AND NO SUSTAINABILITY INCLUDED,A,U.S. OWNED BUSINESS,000,NONE,Z,NOT IT PRODUCTS OR SERVICES,A,MEETS REQUIREMENTS,USA,UNITED STATES,D,MFG IN U.S.,B,PLAN NOT REQUIRED,D,FULL AND OPEN COMPETITION AFTER EXCLUSION OF SOURCES,MAFO,SUBJECT TO MULTIPLE AWARD FAIR OPPORTUNITY,,,NONE,NO PREFERENCE USED,,,FAIR,FAIR OPPORTUNITY GIVEN,,,1,A,COMMERCIAL ITEM,f,N,NO,N,NO,X,NOT APPLICABLE,N,NO,0.00,N,NO,X,NOT APPLICABLE,N,NO,N,NO,X,NOT APPLICABLE,,,B,IDC,M,MULTIPLE AWARD,,NONE,NONE,N,NO,,,N,TRANSACTION DOES NOT USE GFE/GFP,U,UNKNOWN,D,NOT CONSOLIDATED,X,NOT APPLICABLE,N,NO,Z,NOT APPLICABLE,N,NO,X,NOT APPLICABLE,f,f,f,f,f,f,f,f,f,f,f,f,f,f,f,f,f,f,f,SMALL BUSINESS,S,f,f,f,f,f,f,f,f,f,f,f,f,f,f,f,f,f,CORPORATE NOT TAX EXEMPT,t,f,f,f,f,f,f,f,f,f,f,f,t,f,f,f,f,t,f,f,f,f,f,f,f,f,f,f,t,f,f,f,f,f,f,f,f,f,f,f,f,f,f,f,f,f,f,f,f,f,,,,,,,,,,,https://www.usaspending.gov/award/CONT_AWD_W911QY20F0074_9700_W911QY18D0192_9700/,2020-04-29 17:45:12+00
CONT_AWD_W911QY20F0084_9700_W911QY18D0192_9700,W911QY20F0084,9700,DEPT OF DEFENSE,W911QY18D0192,,,,,,613782.00,,613782.00,613782.00,2020-01-14,2020,2020-06-05,2020,2020-01-14,2020-07-08,2020-07-08 00:00:00,,2019-11-18,097,Department of Defense,2100,Department of the Army,W911QY,W6QK ACC-APG NATICK,097,Department of Defense,2100,Department of the Army,W81UHH,W6DQ 01 PEO AVN,,,,,X,NOT APPLICABLE,,,YJG1MDHLBC88,058024456,"AEROVIRONMENT, INC.","AEROVIRONMENT, INC.",,60107,YJG1MDHLBC88,058024456,"AEROVIRONMENT, INC.",AEROVIRONMENT  INC.,USA,UNITED STATES,800 ROYAL OAKS DR STE 210,,MONROVIA,06037,LOS ANGELES,06,CA,CALIFORNIA,910166347,CA-32,CA-31,8055812187,8055262565,USA,UNITED STATES,MONROVIA,06037,LOS ANGELES,06,CA,CALIFORNIA,910161584,CA-32,CA-31,AWARD,C,DELIVERY ORDER,,,,,,,J,FIRM FIXED PRICE,PUMA SPARE PARTS.,W911QY17R0017,1,OT,OTHER FUNCTIONS,1550,UNMANNED AIRCRAFT,H,NOT BUNDLED,A1C,OTHER AIRCRAFT EQUIPMENT,336411,AIRCRAFT MANUFACTURING,C,NO CLAUSES INCLUDED AND NO SUSTAINABILITY INCLUDED,A,U.S. OWNED BUSINESS,000,NONE,Z,NOT IT PRODUCTS OR SERVICES,A,MEETS REQUIREMENTS,USA,UNITED STATES,D,MFG IN U.S.,B,PLAN NOT REQUIRED,D,FULL AND OPEN COMPETITION AFTER EXCLUSION OF SOURCES,MAFO,SUBJECT TO MULTIPLE AWARD FAIR OPPORTUNITY,,,NONE,NO PREFERENCE USED,,,FAIR,FAIR OPPORTUNITY GIVEN,,,1,A,COMMERCIAL ITEM,f,N,NO,N,NO,X,NOT APPLICABLE,N,NO,,N,NO,X,NOT APPLICABLE,N,NO,N,NO,X,NOT APPLICABLE,,,B,IDC,M,MULTIPLE AWARD,,NONE,NONE,N,NO,,,N,TRANSACTION DOES NOT USE GFE/GFP,U,UNKNOWN,D,NOT CONSOLIDATED,X,NOT APPLICABLE,N,NO,Z,NOT APPLICABLE,N,NO,X,NOT APPLICABLE,f,f,f,f,f,f,f,f,f,f,f,f,f,f,f,f,f,f,f,SMALL BUSINESS,S,f,f,f,f,f,f,f,f,f,f,f,f,f,f,f,f,f,CORPORATE NOT TAX EXEMPT,t,f,f,f,f,f,f,f,f,f,f,f,t,f,f,f,f,t,f,f,f,f,f,f,f,f,f,f,t,f,f,f,f,f,f,f,f,f,f,f,f,f,f,f,f,f,f,f,f,f,,,,,,,,,,,https://www.usaspending.gov/award/CONT_AWD_W911QY20F0084_9700_W911QY18D0192_9700/,2020-06-05 14:13:20+00
CONT_AWD_W911QY20F0099_9700_W911QY19D0028_9700,W911QY20F0099,9700,DEPT OF DEFENSE,W911QY19D0028,,,,,,664335.28,,664335.28,664335.28,2020-03-04,2020,2022-05-04,2022,2020-02-19,2021-01-29,2021-01-29 00:00:00,,2020-01-07,097,Department of Defense,2100,Department of the Army,W911QY,W6QK ACC-APG NATICK,097,Department of Defense,2100,Department of the Army,W80M26,W4HP ACTV SPECIAL PROJECTS SPT,,,,,X,NOT APPLICABLE,,,MWKWXVSSC518,,"AEROVIRONMENT, INC","AEROVIRONMENT, INC.",,60107,YJG1MDHLBC88,,"AEROVIRONMENT, INC.",AEROVIRONMENT  INC.,USA,UNITED STATES,"900, INNOVATORS WAY",,SIMI VALLEY,06111,VENTURA,06,CA,CALIFORNIA,93065,CA-25,CA-26,8055208350,,USA,UNITED STATES,LAWRENCE,20045,DOUGLAS,20,KS,KANSAS,660449606,KS-02,KS-01,AWARD,C,DELIVERY ORDER,,,,,,,J,FIRM FIXED PRICE,V-55M AIRCRAFT KIT (AIRFORCE),,1,,,1550,UNMANNED AIRCRAFT,H,NOT BUNDLED,C9E,ALL OTHERS NOT IDENTIFIABLE TO ANY OTHER PROCUREMENT PROGRAM,336411,AIRCRAFT MANUFACTURING,C,NO CLAUSES INCLUDED AND NO SUSTAINABILITY INCLUDED,A,U.S. OWNED BUSINESS,000,NONE,Z,NOT IT PRODUCTS OR SERVICES,A,MEETS REQUIREMENTS,USA,UNITED STATES,D,MFG IN U.S.,B,PLAN NOT REQUIRED,C,NOT COMPETED,SSS,ONLY ONE SOURCE,,,NONE,NO PREFERENCE USED,,,,,NS,NATIONAL SECURITY (FAR 6.302-6),,A,COMMERCIAL ITEM,f,N,NO,N,NO,X,NOT APPLICABLE,N,NO,,N,NO,X,NOT APPLICABLE,X,NOT APPLICABLE,X,NOT APPLICABLE,X,NOT APPLICABLE,,,B,IDC,S,SINGLE AWARD,,NONE,NONE,N,NO,,,N,TRANSACTION DOES NOT USE GFE/GFP,U,UNKNOWN,D,NOT CONSOLIDATED,X,NOT APPLICABLE,N,NO,Z,NOT APPLICABLE,N,NO,X,NOT APPLICABLE,f,f,f,f,f,f,f,f,f,f,f,f,f,f,f,f,f,f,f,SMALL BUSINESS,S,f,f,f,f,f,f,f,f,f,f,f,f,f,f,f,f,f,CORPORATE NOT TAX EXEMPT,t,f,f,f,f,f,f,f,f,f,f,f,t,f,f,f,f,t,f,f,f,f,f,f,f,f,f,f,t,f,f,f,f,f,f,f,f,f,f,f,f,f,f,f,f,f,f,f,f,f,,,,,,,,,,,https://www.usaspending.gov/award/CONT_AWD_W911QY20F0099_9700_W911QY19D0028_9700/,2023-05-09 12:06:36+00
CONT_AWD_W911QY20F0120_9700_W911QY19D0051_9700,W911QY20F0120,9700,DEPT OF DEFENSE,W911QY19D0051,,,,,,41157.00,,41157.00,41157.00,2020-02-12,2020,2020-07-10,2020,2020-02-12,2020-04-13,2020-04-13 00:00:00,,,097,Department of Defense,2100,Department of the Army,W911QY,W6QK ACC-APG NATICK,097,Department of Defense,2100,Department of the Army,W81UHH,W6DQ 01 PEO AVN,,,,,X,NOT APPLICABLE,,,LXJWAZS3VV98,078534881,"L3HARRIS UNMANNED SYSTEMS, INC","L-3 UNMANNED SYSTEMS, INC.",,3F6M4,SJULQDJ8NZU7,004203337,"L3HARRIS TECHNOLOGIES, INC",L-3 UNMANNED SYSTEMS  INC.,USA,UNITED STATES,"44611 GUILFORD DR., STE 125",,ASHBURN,51107,LOUDOUN,51,VA,VIRGINIA,201476069,VA-10,VA-10,7034332017,7037266053,USA,UNITED STATES,ASHBURN,51107,LOUDOUN,51,VA,VIRGINIA,201476069,VA-10,VA-10,AWARD,C,DELIVERY ORDER,,,,,,,J,FIRM FIXED PRICE,CLIN 0009 - OTHER DIRECT COSTS (ODCS),,1,OT,OTHER FUNCTIONS,1550,UNMANNED AIRCRAFT,H,NOT BUNDLED,A1A,AIRFRAMES AND SPARES,336411,AIRCRAFT MANUFACTURING,C,NO CLAUSES INCLUDED AND NO SUSTAINABILITY INCLUDED,A,U.S. OWNED BUSINESS,000,NONE,Z,NOT IT PRODUCTS OR SERVICES,A,MEETS REQUIREMENTS,USA,UNITED STATES,D,MFG IN U.S.,B,PLAN NOT REQUIRED,A,FULL AND OPEN COMPETITION,MAFO,SUBJECT TO MULTIPLE AWARD FAIR OPPORTUNITY,,,NONE,NO PREFERENCE USED,,,FAIR,FAIR OPPORTUNITY GIVEN,,,1,A,COMMERCIAL ITEM,f,N,NO,N,NO,Y,YES,N,NO,,N,NO,N,NO,N,NO,N,NO,X,NOT APPLICABLE,,,B,IDC,M,MULTIPLE AWARD,,NONE,NONE,N,NO,,,N,TRANSACTION DOES NOT USE GFE/GFP,N,NO,D,NOT CONSOLIDATED,X,NOT APPLICABLE,N,NO,Z,NOT APPLICABLE,N,NO,X,NOT APPLICABLE,f,f,f,f,f,f,f,f,f,f,f,f,f,f,f,f,f,f,f,OTHER THAN SMALL BUSINESS,O,f,f,f,f,f,f,f,f,f,f,f,f,f,f,f,f,f,CORPORATE NOT TAX EXEMPT,t,f,f,f,f,f,f,f,f,f,f,f,t,f,f,f,f,t,f,f,f,f,f,f,f,f,f,f,t,f,f,f,f,f,f,f,f,f,f,f,f,f,f,f,f,f,f,f,f,f,,,,,,,,,,,https://www.usaspending.gov/award/CONT_AWD_W911QY20F0120_9700_W911QY19D0051_9700/,2020-07-10 16:55:04+00
CONT_AWD_W911QY20F0142_9700_W911QY20D0011_9700,W911QY20F0142,9700,DEPT OF DEFENSE,W911QY20D0011,,,,,,892910.70,0.00,892910.70,892910.70,2020-03-12,2020,2021-09-29,2021,2020-03-10,2022-03-03,2022-03-03 00:00:00,,2018-09-18,097,Department of Defense,2100,Department of the Army,W911QY,W6QK ACC-APG NATICK,097,Department of Defense,2100,Department of the Army,W81UHH,W6DQ 01 PEO AVN,021-2020/2020-2020-000,021-2020,25.7: Operation and maintenance of equipment,,X,NOT APPLICABLE,,,DD2QET4D27T3,,"SIERRA NEVADA COMPANY, LLC",SIERRA NEVADA CORPORATION,,8X691,DD2QET4D27T3,,"SIERRA NEVADA COMPANY, LLC",SIERRA NEVADA CORPORATION,USA,UNITED STATES,444 SALOMON CIR,,SPARKS,32031,WASHOE,32,NV,NEVADA,894349651,NV-02,NV-02,7758496093,,USA,UNITED STATES,SPARKS,32031,WASHOE,32,NV,NEVADA,894349651,NV-02,NV-02,AWARD,C,DELIVERY ORDER,,,,,,,J,FIRM FIXED PRICE,SUSTAINING ENGINEERING FOR SHADOW UAV SYSTEMS.,W911QY18R0040,1,OT,OTHER FUNCTIONS,1550,UNMANNED AIRCRAFT,H,NOT BUNDLED,S1,SERVICES,336413,OTHER AIRCRAFT PARTS AND AUXILIARY EQUIPMENT MANUFACTURING,C,NO CLAUSES INCLUDED AND NO SUSTAINABILITY INCLUDED,A,U.S. OWNED BUSINESS,000,NONE,Z,NOT IT PRODUCTS OR SERVICES,A,MEETS REQUIREMENTS,USA,UNITED STATES,D,MFG IN U.S.,F,INDIVIDUAL SUBCONTRACT PLAN,C,NOT COMPETED,SSS,ONLY ONE SOURCE,,,NONE,NO PREFERENCE USED,,,,,ONE,ONLY ONE SOURCE-OTHER (FAR 6.302-1 OTHER),,D,COMMERCIAL ITEM PROCEDURES NOT USED,f,N,NO,N,NO,Y,YES,N,NO,,N,NO,N,NO,Y,YES,N,NO,X,NOT APPLICABLE,,,B,IDC,S,SINGLE AWARD,,NONE,NONE,Y,YES,,,N,TRANSACTION DOES NOT USE GFE/GFP,U,UNKNOWN,D,NOT CONSOLIDATED,X,NOT APPLICABLE,N,NO,Z,NOT APPLICABLE,N,NO,X,NOT APPLICABLE,f,f,f,f,f,f,f,t,f,f,f,f,f,f,f,f,f,f,f,OTHER THAN SMALL BUSINESS,O,f,f,f,f,f,f,f,f,f,f,f,f,f,f,f,f,f,CORPORATE NOT TAX EXEMPT,t,f,f,f,f,f,f,f,f,f,f,f,t,f,f,f,f,t,f,f,f,f,f,f,f,t,f,f,t,f,f,f,f,f,f,f,f,f,f,f,f,f,f,f,f,f,f,f,f,f,JON  BURGOYNE,3005492.00,TIM  OWINGS,2505553.00,ROB  KRONZ,2430836.00,TOM  ANDERSEN,1691342.00,JON  PIATT,2476702.00,https://www.usaspending.gov/award/CONT_AWD_W911QY20F0142_9700_W911QY20D0011_9700/,2025-12-31 09:44:17+00
CONT_AWD_W911QY20F0145_9700_W911QY18D0192_9700,W911QY20F0145,9700,DEPT OF DEFENSE,W911QY18D0192,,,,,,3412815.18,,3412815.18,3412815.18,2020-03-12,2020,2020-09-22,2020,2020-03-12,2020-09-30,2020-09-30 00:00:00,,2020-02-27,097,Department of Defense,2100,Department of the Army,W911QY,W6QK ACC-APG NATICK,097,Department of Defense,2100,Department of the Army,W81UHH,W6DQ 01 PEO AVN,,,,,X,NOT APPLICABLE,,,YJG1MDHLBC88,058024456,"AEROVIRONMENT, INC.","AEROVIRONMENT, INC.",,60107,YJG1MDHLBC88,058024456,"AEROVIRONMENT, INC.",AEROVIRONMENT  INC.,USA,UNITED STATES,800 ROYAL OAKS DR STE 210,,MONROVIA,06037,LOS ANGELES,06,CA,CALIFORNIA,910166347,CA-32,CA-31,8055812187,8055262565,USA,UNITED STATES,MONROVIA,06037,LOS ANGELES,06,CA,CALIFORNIA,910166347,CA-32,CA-31,AWARD,C,DELIVERY ORDER,,,,,,,J,FIRM FIXED PRICE,"SPARES - 15 CLIN 0501, SHIPPING CLIN 0602",W911QY17R0017,1,CL,CLOSELY ASSOCIATED,1550,UNMANNED AIRCRAFT,H,NOT BUNDLED,A1C,OTHER AIRCRAFT EQUIPMENT,336411,AIRCRAFT MANUFACTURING,C,NO CLAUSES INCLUDED AND NO SUSTAINABILITY INCLUDED,A,U.S. OWNED BUSINESS,000,NONE,Z,NOT IT PRODUCTS OR SERVICES,A,MEETS REQUIREMENTS,USA,UNITED STATES,D,MFG IN U.S.,B,PLAN NOT REQUIRED,D,FULL AND OPEN COMPETITION AFTER EXCLUSION OF SOURCES,MAFO,SUBJECT TO MULTIPLE AWARD FAIR OPPORTUNITY,,,NONE,NO PREFERENCE USED,,,FAIR,FAIR OPPORTUNITY GIVEN,,,1,A,COMMERCIAL ITEM,f,N,NO,N,NO,X,NOT APPLICABLE,N,NO,,N,NO,X,NOT APPLICABLE,N,NO,N,NO,X,NOT APPLICABLE,,,B,IDC,M,MULTIPLE AWARD,,NONE,NONE,N,NO,,,N,TRANSACTION DOES NOT USE GFE/GFP,N,NO,D,NOT CONSOLIDATED,X,NOT APPLICABLE,N,NO,Z,NOT APPLICABLE,N,NO,X,NOT APPLICABLE,f,f,f,f,f,f,f,f,f,f,f,f,f,f,f,f,f,f,f,SMALL BUSINESS,S,f,f,f,f,f,f,f,f,f,f,f,f,f,f,f,f,f,CORPORATE NOT TAX EXEMPT,t,f,f,f,f,f,f,f,f,f,f,f,t,f,f,f,f,t,f,f,f,f,f,f,f,f,f,f,t,f,f,f,f,f,f,f,f,f,f,f,f,f,f,f,f,f,f,f,f,f,,,,,,,,,,,https://www.usaspending.gov/award/CONT_AWD_W911QY20F0145_9700_W911QY18D0192_9700/,2020-09-22 16:45:13+00
CONT_AWD_W911QY20F0150_9700_W911QY18D0192_9700,W911QY20F0150,9700,DEPT OF DEFENSE,W911QY18D0192,,,,,,231750.35,0.00,231750.35,231750.35,2020-03-30,2020,2020-03-30,2020,2020-03-30,2020-10-01,2020-10-01 00:00:00,,2020-03-02,097,Department of Defense,2100,Department of the Army,W911QY,W6QK ACC-APG NATICK,097,Department of Defense,2100,Department of the Army,W81UHH,W6DQ 01 PEO AVN,021-2020/2020-2020-000,021-2020,25.7: Operation and maintenance of equipment,,X,NOT APPLICABLE,,,YJG1MDHLBC88,058024456,"AEROVIRONMENT, INC.","AEROVIRONMENT, INC.",,60107,YJG1MDHLBC88,058024456,"AEROVIRONMENT, INC.",AEROVIRONMENT  INC.,USA,UNITED STATES,800 ROYAL OAKS DR STE 210,,MONROVIA,06037,LOS ANGELES,06,CA,CALIFORNIA,910166347,CA-32,CA-31,8055812187,8055262565,USA,UNITED STATES,MONROVIA,06037,LOS ANGELES,06,CA,CALIFORNIA,910166347,CA-32,CA-31,AWARD,C,DELIVERY ORDER,,,,,,,J,FIRM FIXED PRICE,LRU - 10,W911QY17R0017,1,CL,CLOSELY ASSOCIATED,1550,UNMANNED AIRCRAFT,H,NOT BUNDLED,A1C,OTHER AIRCRAFT EQUIPMENT,336411,AIRCRAFT MANUFACTURING,C,NO CLAUSES INCLUDED AND NO SUSTAINABILITY INCLUDED,A,U.S. OWNED BUSINESS,000,NONE,Z,NOT IT PRODUCTS OR SERVICES,A,MEETS REQUIREMENTS,USA,UNITED STATES,D,MFG IN U.S.,B,PLAN NOT REQUIRED,D,FULL AND OPEN COMPETITION AFTER EXCLUSION OF SOURCES,MAFO,SUBJECT TO MULTIPLE AWARD FAIR OPPORTUNITY,,,NONE,NO PREFERENCE USED,,,FAIR,FAIR OPPORTUNITY GIVEN,,,1,A,COMMERCIAL ITEM,f,N,NO,N,NO,X,NOT APPLICABLE,N,NO,,N,NO,X,NOT APPLICABLE,N,NO,N,NO,X,NOT APPLICABLE,,,B,IDC,M,MULTIPLE AWARD,,NONE,NONE,N,NO,,,N,TRANSACTION DOES NOT USE GFE/GFP,N,NO,D,NOT CONSOLIDATED,X,NOT APPLICABLE,N,NO,Z,NOT APPLICABLE,N,NO,X,NOT APPLICABLE,f,f,f,f,f,f,f,f,f,f,f,f,f,f,f,f,f,f,f,SMALL BUSINESS,S,f,f,f,f,f,f,f,f,f,f,f,f,f,f,f,f,f,CORPORATE NOT TAX EXEMPT,t,f,f,f,f,f,f,f,f,f,f,f,t,f,f,f,f,t,f,f,f,f,f,f,f,f,f,f,t,f,f,f,f,f,f,f,f,f,f,f,f,f,f,f,f,f,f,f,f,f,,,,,,,,,,,https://www.usaspending.gov/award/CONT_AWD_W911QY20F0150_9700_W911QY18D0192_9700/,2021-04-23 07:41:07+00
CONT_AWD_W911QY20F0162_9700_W911QY19D0020_9700,W911QY20F0162,9700,DEPT OF DEFENSE,W911QY19D0020,,,,,,38421.14,,38421.14,38421.14,2020-04-06,2020,2020-04-06,2020,2020-03-23,2020-04-22,2020-04-22 00:00:00,,,097,Department of Defense,2100,Department of the Army,W911QY,W6QK ACC-APG NATICK,097,Department of Defense,2100,Department of the Army,W80M26,W4HP ACTV SPECIAL PROJECTS SPT,,,,,X,NOT APPLICABLE,,,NATMPTFXJ3E6,080943022,LUMENIER HOLDCO LLC,LUMENIER HOLDCO LLC,,84VM0,NATMPTFXJ3E6,080943022,LUMENIER HOLDCO LLC,LUMENIER HOLDCO LLC,USA,UNITED STATES,1060 GOODRICH AVE,,SARASOTA,12115,SARASOTA,12,FL,FLORIDA,342364271,FL-16,FL-17,8134958178,,USA,UNITED STATES,SARASOTA,12115,SARASOTA,12,FL,FLORIDA,342364271,FL-16,FL-17,AWARD,C,DELIVERY ORDER,,,,,,,J,FIRM FIXED PRICE,PROCUREMENT AND PRODUCTION,,1,OT,OTHER FUNCTIONS,1550,UNMANNED AIRCRAFT,H,NOT BUNDLED,A7,ELECTRONICS AND COMMUNICATION EQUIPMENT,334220,RADIO AND TELEVISION BROADCASTING AND WIRELESS COMMUNICATIONS EQUIPMENT MANUFACTURING,C,NO CLAUSES INCLUDED AND NO SUSTAINABILITY INCLUDED,A,U.S. OWNED BUSINESS,000,NONE,Z,NOT IT PRODUCTS OR SERVICES,E,NOT REQUIRED,USA,UNITED STATES,D,MFG IN U.S.,B,PLAN NOT REQUIRED,C,NOT COMPETED,SSS,ONLY ONE SOURCE,,,NONE,NO PREFERENCE USED,,,,,NS,NATIONAL SECURITY (FAR 6.302-6),,D,COMMERCIAL ITEM PROCEDURES NOT USED,f,N,NO,N,NO,X,NOT APPLICABLE,N,NO,,N,NO,Y,YES,N,NO,X,NOT APPLICABLE,X,NOT APPLICABLE,,,B,IDC,S,SINGLE AWARD,,NONE,NONE,N,NO,,,N,TRANSACTION DOES NOT USE GFE/GFP,U,UNKNOWN,D,NOT CONSOLIDATED,X,NOT APPLICABLE,N,NO,Z,NOT APPLICABLE,N,NO,X,NOT APPLICABLE,f,f,f,f,f,f,f,f,f,f,f,f,f,f,f,f,f,f,f,SMALL BUSINESS,S,f,f,f,f,f,f,f,f,f,f,f,f,f,f,f,f,f,CORPORATE NOT TAX EXEMPT,t,f,f,f,f,f,f,f,f,f,f,f,f,f,f,f,f,t,f,f,f,f,f,f,f,f,t,f,t,f,f,f,f,f,f,f,f,f,f,f,f,f,f,f,f,f,f,f,f,f,,,,,,,,,,,https://www.usaspending.gov/award/CONT_AWD_W911QY20F0162_9700_W911QY19D0020_9700/,2022-03-22 16:25:00+00
CONT_AWD_W911QY20F0177_9700_W911QY19D0020_9700,W911QY20F0177,9700,DEPT OF DEFENSE,W911QY19D0020,,,,,,671973.48,,671973.48,671973.48,2020-04-06,2020,2021-01-21,2021,2020-03-25,2021-03-25,2021-03-25 00:00:00,,2020-02-25,097,Department of Defense,2100,Department of the Army,W911QY,W6QK ACC-APG NATICK,097,Department of Defense,2100,Department of the Army,W80M26,W4HP ACTV SPECIAL PROJECTS SPT,,,,,X,NOT APPLICABLE,,,NATMPTFXJ3E6,080943022,LUMENIER HOLDCO LLC,LUMENIER HOLDCO LLC,,84VM0,NATMPTFXJ3E6,080943022,LUMENIER HOLDCO LLC,LUMENIER HOLDCO LLC,USA,UNITED STATES,1060 GOODRICH AVE,,SARASOTA,12115,SARASOTA,12,FL,FLORIDA,342364271,FL-16,FL-17,8134958178,,USA,UNITED STATES,SARASOTA,12115,SARASOTA,12,FL,FLORIDA,342364271,FL-16,FL-17,AWARD,C,DELIVERY ORDER,,,,,,,J,FIRM FIXED PRICE,PROCUREMENT AND PRODUCTION,,1,OT,OTHER FUNCTIONS,1550,UNMANNED AIRCRAFT,H,NOT BUNDLED,A7,ELECTRONICS AND COMMUNICATION EQUIPMENT,334220,RADIO AND TELEVISION BROADCASTING AND WIRELESS COMMUNICATIONS EQUIPMENT MANUFACTURING,C,NO CLAUSES INCLUDED AND NO SUSTAINABILITY INCLUDED,A,U.S. OWNED BUSINESS,000,NONE,Z,NOT IT PRODUCTS OR SERVICES,E,NOT REQUIRED,USA,UNITED STATES,D,MFG IN U.S.,B,PLAN NOT REQUIRED,C,NOT COMPETED,SSS,ONLY ONE SOURCE,,,NONE,NO PREFERENCE USED,,,,,NS,NATIONAL SECURITY (FAR 6.302-6),,D,COMMERCIAL ITEM PROCEDURES NOT USED,f,N,NO,N,NO,X,NOT APPLICABLE,N,NO,,N,NO,Y,YES,N,NO,X,NOT APPLICABLE,X,NOT APPLICABLE,,,B,IDC,S,SINGLE AWARD,,P20C,COVID-19 2020,N,NO,,,N,TRANSACTION DOES NOT USE GFE/GFP,U,UNKNOWN,D,NOT CONSOLIDATED,X,NOT APPLICABLE,N,NO,Z,NOT APPLICABLE,N,NO,C,"PRESIDENTIAL ISSUED EMERGENCY DECLARATION, OR A MAJOR DISASTER DECLARATION",f,f,f,f,f,f,f,f,f,f,f,f,f,f,f,f,f,f,f,SMALL BUSINESS,S,f,f,f,f,f,f,f,f,f,f,f,f,f,f,f,f,f,CORPORATE NOT TAX EXEMPT,t,f,f,f,f,f,f,f,f,f,f,f,f,f,f,f,f,t,f,f,f,f,f,f,f,f,t,f,t,f,f,f,f,f,f,f,f,f,f,f,f,f,f,f,f,f,f,f,f,f,,,,,,,,,,,https://www.usaspending.gov/award/CONT_AWD_W911QY20F0177_9700_W911QY19D0020_9700/,2021-01-21 19:56:50+00
CONT_AWD_W911QY20F0182_9700_W911QY19D0032_9700,W911QY20F0182,9700,DEPT OF DEFENSE,W911QY19D0032,,,,,,1032178.00,,1032178.00,1032178.00,2020-04-09,2020,2020-04-09,2020,2020-04-09,2020-06-30,2020-06-30 00:00:00,,2020-02-28,097,Department of Defense,2100,Department of the Army,W911QY,W6QK ACC-APG NATICK,097,Department of Defense,2100,Department of the Army,W81UHH,W6DQ 01 PEO AVN,,,,,X,NOT APPLICABLE,,,M2E9MNVPWM15,079824910,MARTIN UAV LLC,"MARTIN UAV, LLC",,7DB65,M2E9MNVPWM15,079824910,MARTIN UAV LLC,MARTIN UAV  LLC,USA,UNITED STATES,5345 TOWN SQ DRIVE STE 115,,PLANO,48085,COLLIN,48,TX,TEXAS,750242449,TX-03,TX-04,3126836343,,USA,UNITED STATES,PLANO,48085,COLLIN,48,TX,TEXAS,750234522,TX-03,TX-03,AWARD,C,DELIVERY ORDER,,,,,,,J,FIRM FIXED PRICE,SYSTEM COMPONENTS AND SPARES PURCHASE.,,1,OT,OTHER FUNCTIONS,1550,UNMANNED AIRCRAFT,H,NOT BUNDLED,A1A,AIRFRAMES AND SPARES,336411,AIRCRAFT MANUFACTURING,C,NO CLAUSES INCLUDED AND NO SUSTAINABILITY INCLUDED,A,U.S. OWNED BUSINESS,000,NONE,Z,NOT IT PRODUCTS OR SERVICES,A,MEETS REQUIREMENTS,USA,UNITED STATES,D,MFG IN U.S.,B,PLAN NOT REQUIRED,A,FULL AND OPEN COMPETITION,NP,NEGOTIATED PROPOSAL/QUOTE,,,NONE,NO PREFERENCE USED,,,,,,,,A,COMMERCIAL ITEM,f,N,NO,N,NO,Y,YES,N,NO,,N,NO,N,NO,N,NO,N,NO,X,NOT APPLICABLE,,,B,IDC,S,SINGLE AWARD,,NONE,NONE,N,NO,,,N,TRANSACTION DOES NOT USE GFE/GFP,U,UNKNOWN,D,NOT CONSOLIDATED,X,NOT APPLICABLE,N,NO,Z,NOT APPLICABLE,N,NO,X,NOT APPLICABLE,f,f,f,f,f,f,f,f,f,f,f,f,f,f,f,f,f,f,f,SMALL BUSINESS,S,f,f,f,f,f,f,f,f,f,f,f,f,f,f,f,f,f,PARTNERSHIP,f,f,t,f,f,f,f,f,f,f,f,f,f,f,f,f,f,t,f,f,f,f,f,f,f,f,f,f,t,f,f,f,f,f,f,f,f,f,f,f,f,f,f,f,f,t,f,f,f,f,,,,,,,,,,,https://www.usaspending.gov/award/CONT_AWD_W911QY20F0182_9700_W911QY19D0032_9700/,2021-03-08 13:13:40+00
CONT_AWD_W911QY20F0192_9700_W911QY19D0050_9700,W911QY20F0192,9700,DEPT OF DEFENSE,W911QY19D0050,,,,,,1966536.00,,1966536.00,1966536.00,2020-04-16,2020,2020-04-16,2020,2020-04-15,2020-07-14,2020-07-14 00:00:00,,2019-07-29,097,Department of Defense,2100,Department of the Army,W911QY,W6QK ACC-APG NATICK,097,Department of Defense,2100,Department of the Army,W81UHH,W6DQ 01 PEO AVN,,,,,X,NOT APPLICABLE,,,ZVG6XCZMY1H6,,"ARCTURUS UAV, INC","ARCTURUS UAV, INC.",,4SFC4,ZVG6XCZMY1H6,,"ARCTURUS UAV, INC",ARCTURUS UAV  LLC,USA,UNITED STATES,539 MARTIN AVE,,ROHNERT PARK,06097,SONOMA,06,CA,CALIFORNIA,949282048,CA-05,CA-04,7072069372,7072069393,USA,UNITED STATES,ROHNERT PARK,06097,SONOMA,06,CA,CALIFORNIA,949282048,CA-05,CA-04,AWARD,C,DELIVERY ORDER,,,,,,,J,FIRM FIXED PRICE,SYSTEM COMPONENTS AND SPARES.,,1,OT,OTHER FUNCTIONS,1550,UNMANNED AIRCRAFT,H,NOT BUNDLED,A1A,AIRFRAMES AND SPARES,336411,AIRCRAFT MANUFACTURING,C,NO CLAUSES INCLUDED AND NO SUSTAINABILITY INCLUDED,A,U.S. OWNED BUSINESS,000,NONE,Z,NOT IT PRODUCTS OR SERVICES,A,MEETS REQUIREMENTS,USA,UNITED STATES,D,MFG IN U.S.,B,PLAN NOT REQUIRED,A,FULL AND OPEN COMPETITION,MAFO,SUBJECT TO MULTIPLE AWARD FAIR OPPORTUNITY,,,NONE,NO PREFERENCE USED,,,FAIR,FAIR OPPORTUNITY GIVEN,,,4,A,COMMERCIAL ITEM,f,N,NO,N,NO,Y,YES,N,NO,,N,NO,N,NO,N,NO,N,NO,X,NOT APPLICABLE,,,B,IDC,M,MULTIPLE AWARD,,NONE,NONE,N,NO,,,N,TRANSACTION DOES NOT USE GFE/GFP,U,UNKNOWN,D,NOT CONSOLIDATED,X,NOT APPLICABLE,N,NO,Z,NOT APPLICABLE,N,NO,X,NOT APPLICABLE,f,f,f,f,f,f,f,f,f,f,f,f,f,f,f,f,f,f,f,SMALL BUSINESS,S,f,f,f,f,f,f,f,f,f,f,f,f,f,f,f,f,f,CORPORATE NOT TAX EXEMPT,t,f,f,f,f,f,f,f,f,f,f,f,t,f,f,f,f,t,f,f,f,f,f,f,f,f,f,f,t,f,f,f,f,f,f,f,f,f,f,f,f,f,f,f,f,f,f,f,f,f,,,,,,,,,,,https://www.usaspending.gov/award/CONT_AWD_W911QY20F0192_9700_W911QY19D0050_9700/,2023-01-09 14:28:51+00
CONT_AWD_W911QY20F0224_9700_W911QY18D0192_9700,W911QY20F0224,9700,DEPT OF DEFENSE,W911QY18D0192,,,,,,913411.40,,913411.40,913411.40,2020-05-08,2020,2020-05-08,2020,2020-05-05,2020-10-27,2020-10-27 00:00:00,,2020-03-31,097,Department of Defense,2100,Department of the Army,W911QY,W6QK ACC-APG NATICK,097,Department of Defense,2100,Department of the Army,W81UHH,W6DQ 01 PEO AVN,,,,,X,NOT APPLICABLE,,,YJG1MDHLBC88,058024456,"AEROVIRONMENT, INC.","AEROVIRONMENT, INC.",,60107,YJG1MDHLBC88,058024456,"AEROVIRONMENT, INC.",AEROVIRONMENT  INC.,USA,UNITED STATES,800 ROYAL OAKS DR STE 210,,MONROVIA,06037,LOS ANGELES,06,CA,CALIFORNIA,910166347,CA-32,CA-31,8055812187,8055262565,USA,UNITED STATES,MONROVIA,06037,LOS ANGELES,06,CA,CALIFORNIA,910166347,CA-32,CA-31,AWARD,C,DELIVERY ORDER,,,,,,,J,FIRM FIXED PRICE,LRU-11,W911QY17R0017,1,,,1550,UNMANNED AIRCRAFT,H,NOT BUNDLED,A1C,OTHER AIRCRAFT EQUIPMENT,336411,AIRCRAFT MANUFACTURING,C,NO CLAUSES INCLUDED AND NO SUSTAINABILITY INCLUDED,A,U.S. OWNED BUSINESS,000,NONE,Z,NOT IT PRODUCTS OR SERVICES,A,MEETS REQUIREMENTS,USA,UNITED STATES,D,MFG IN U.S.,B,PLAN NOT REQUIRED,D,FULL AND OPEN COMPETITION AFTER EXCLUSION OF SOURCES,MAFO,SUBJECT TO MULTIPLE AWARD FAIR OPPORTUNITY,,,NONE,NO PREFERENCE USED,,,FAIR,FAIR OPPORTUNITY GIVEN,,,1,A,COMMERCIAL ITEM,f,N,NO,N,NO,X,NOT APPLICABLE,N,NO,,N,NO,X,NOT APPLICABLE,N,NO,N,NO,X,NOT APPLICABLE,,,B,IDC,M,MULTIPLE AWARD,,NONE,NONE,N,NO,,,N,TRANSACTION DOES NOT USE GFE/GFP,N,NO,D,NOT CONSOLIDATED,X,NOT APPLICABLE,N,NO,Z,NOT APPLICABLE,N,NO,X,NOT APPLICABLE,f,f,f,f,f,f,f,f,f,f,f,f,f,f,f,f,f,f,f,SMALL BUSINESS,S,f,f,f,f,f,f,f,f,f,f,f,f,f,f,f,f,f,CORPORATE NOT TAX EXEMPT,t,f,f,f,f,f,f,f,f,f,f,f,t,f,f,f,f,t,f,f,f,f,f,f,f,f,f,f,t,f,f,f,f,f,f,f,f,f,f,f,f,f,f,f,f,f,f,f,f,f,,,,,,,,,,,https://www.usaspending.gov/award/CONT_AWD_W911QY20F0224_9700_W911QY18D0192_9700/,2021-02-12 06:41:57+00
CONT_AWD_W911QY20F0247_9700_W911QY18D0192_9700,W911QY20F0247,9700,DEPT OF DEFENSE,W911QY18D0192,,,,,,742743.50,,742743.50,742743.50,2020-05-18,2020,2020-09-03,2020,2020-05-18,2020-11-16,2020-11-16 00:00:00,,2020-04-01,097,Department of Defense,2100,Department of the Army,W911QY,W6QK ACC-APG NATICK,097,Department of Defense,2100,Department of the Army,W81UHH,W6DQ 01 PEO AVN,,,,,X,NOT APPLICABLE,,,YJG1MDHLBC88,058024456,"AEROVIRONMENT, INC.","AEROVIRONMENT, INC.",,60107,YJG1MDHLBC88,058024456,"AEROVIRONMENT, INC.",AEROVIRONMENT  INC.,USA,UNITED STATES,800 ROYAL OAKS DR STE 210,,MONROVIA,06037,LOS ANGELES,06,CA,CALIFORNIA,910166347,CA-32,CA-31,8055812187,8055262565,USA,UNITED STATES,MONROVIA,06037,LOS ANGELES,06,CA,CALIFORNIA,910166347,CA-32,CA-31,AWARD,C,DELIVERY ORDER,,,,,,,J,FIRM FIXED PRICE,SUAS SPARES 16,W911QY17R0017,1,,,1550,UNMANNED AIRCRAFT,H,NOT BUNDLED,A1C,OTHER AIRCRAFT EQUIPMENT,336411,AIRCRAFT MANUFACTURING,C,NO CLAUSES INCLUDED AND NO SUSTAINABILITY INCLUDED,A,U.S. OWNED BUSINESS,000,NONE,Z,NOT IT PRODUCTS OR SERVICES,A,MEETS REQUIREMENTS,USA,UNITED STATES,D,MFG IN U.S.,B,PLAN NOT REQUIRED,D,FULL AND OPEN COMPETITION AFTER EXCLUSION OF SOURCES,MAFO,SUBJECT TO MULTIPLE AWARD FAIR OPPORTUNITY,,,NONE,NO PREFERENCE USED,,,FAIR,FAIR OPPORTUNITY GIVEN,,,1,A,COMMERCIAL ITEM,f,N,NO,N,NO,X,NOT APPLICABLE,N,NO,,N,NO,X,NOT APPLICABLE,N,NO,N,NO,X,NOT APPLICABLE,,,B,IDC,M,MULTIPLE AWARD,,NONE,NONE,N,NO,,,N,TRANSACTION DOES NOT USE GFE/GFP,N,NO,D,NOT CONSOLIDATED,X,NOT APPLICABLE,N,NO,Z,NOT APPLICABLE,N,NO,X,NOT APPLICABLE,f,f,f,f,f,f,f,f,f,f,f,f,f,f,f,f,f,f,f,SMALL BUSINESS,S,f,f,f,f,f,f,f,f,f,f,f,f,f,f,f,f,f,CORPORATE NOT TAX EXEMPT,t,f,f,f,f,f,f,f,f,f,f,f,t,f,f,f,f,t,f,f,f,f,f,f,f,f,f,f,t,f,f,f,f,f,f,f,f,f,f,f,f,f,f,f,f,f,f,f,f,f,,,,,,,,,,,https://www.usaspending.gov/award/CONT_AWD_W911QY20F0247_9700_W911QY18D0192_9700/,2020-09-03 15:14:01+00
CONT_AWD_W911QY20F0281_9700_W911QY19D0028_9700,W911QY20F0281,9700,DEPT OF DEFENSE,W911QY19D0028,,,,,,426144.83,,426144.83,426144.83,2020-06-30,2020,2022-05-04,2022,2020-06-29,2021-01-29,2021-01-29 00:00:00,,2019-04-13,097,Department of Defense,2100,Department of the Army,W911QY,W6QK ACC-APG NATICK,097,Department of Defense,2100,Department of the Army,W80M26,W4HP ACTV SPECIAL PROJECTS SPT,,,,,X,NOT APPLICABLE,,,MWKWXVSSC518,,"AEROVIRONMENT, INC","AEROVIRONMENT, INC.",,60107,YJG1MDHLBC88,,"AEROVIRONMENT, INC.",AEROVIRONMENT  INC.,USA,UNITED STATES,"900, INNOVATORS WAY",,SIMI VALLEY,06111,VENTURA,06,CA,CALIFORNIA,93065,CA-25,CA-26,8055208350,,USA,UNITED STATES,LAWRENCE,20045,DOUGLAS,20,KS,KANSAS,660449606,KS-02,KS-01,AWARD,C,DELIVERY ORDER,,,,,,,J,FIRM FIXED PRICE,VAPOR 55,,1,OT,OTHER FUNCTIONS,1550,UNMANNED AIRCRAFT,H,NOT BUNDLED,C9E,ALL OTHERS NOT IDENTIFIABLE TO ANY OTHER PROCUREMENT PROGRAM,336411,AIRCRAFT MANUFACTURING,C,NO CLAUSES INCLUDED AND NO SUSTAINABILITY INCLUDED,A,U.S. OWNED BUSINESS,000,NONE,Z,NOT IT PRODUCTS OR SERVICES,A,MEETS REQUIREMENTS,USA,UNITED STATES,D,MFG IN U.S.,B,PLAN NOT REQUIRED,C,NOT COMPETED,SSS,ONLY ONE SOURCE,,,NONE,NO PREFERENCE USED,,,,,NS,NATIONAL SECURITY (FAR 6.302-6),,A,COMMERCIAL ITEM,f,N,NO,N,NO,X,NOT APPLICABLE,N,NO,,N,NO,X,NOT APPLICABLE,X,NOT APPLICABLE,X,NOT APPLICABLE,X,NOT APPLICABLE,,,B,IDC,S,SINGLE AWARD,,NONE,NONE,N,NO,,,N,TRANSACTION DOES NOT USE GFE/GFP,U,UNKNOWN,D,NOT CONSOLIDATED,X,NOT APPLICABLE,N,NO,Z,NOT APPLICABLE,N,NO,X,NOT APPLICABLE,f,f,f,f,f,f,f,f,f,f,f,f,f,f,f,f,f,f,f,SMALL BUSINESS,S,f,f,f,f,f,f,f,f,f,f,f,f,f,f,f,f,f,CORPORATE NOT TAX EXEMPT,t,f,f,f,f,f,f,f,f,f,f,f,t,f,f,f,f,t,f,f,f,f,f,f,f,f,f,f,t,f,f,f,f,f,f,f,f,f,f,f,f,f,f,f,f,f,f,f,f,f,,,,,,,,,,,https://www.usaspending.gov/award/CONT_AWD_W911QY20F0281_9700_W911QY19D0028_9700/,2023-05-09 12:06:36+00
CONT_AWD_W911QY20F0294_9700_W911QY19D0033_9700,W911QY20F0294,9700,DEPT OF DEFENSE,W911QY19D0033,Q: Not Designated Nonemergency/Emergency/Disaster/Wildfire Suppression,,,,,2759671.52,0.00,2759671.52,2759671.52,2020-06-24,2020,2020-12-04,2021,2020-06-22,2021-11-30,2021-11-30 00:00:00,,2018-09-28,097,Department of Defense,2100,Department of the Army,W911QY,W6QK ACC-APG NATICK,097,Department of Defense,2100,Department of the Army,W81UHH,W6DQ 01 PEO AVN,021-2020/2022-2031-000,021-2031,25.2: Other services from non-Federal sources,,X,NOT APPLICABLE,,,SNJ8YY61GB95,003090198,TEXTRON SYSTEMS CORPORATION,AAI CORPORATION,,97384,HKUMGJBEMKN3,001338979,TEXTRON INC,TEXTRON INC.,USA,UNITED STATES,124 INDUSTRY LN,,HUNT VALLEY,24005,BALTIMORE,24,MD,MARYLAND,210303342,MD-02,MD-02,4106285214,,USA,UNITED STATES,COCKEYSVILLE,24005,BALTIMORE,24,MD,MARYLAND,210303342,MD-02,MD-02,AWARD,C,DELIVERY ORDER,,,,,,,J,FIRM FIXED PRICE,SYSTEM COMPONENTS,,1,OT,OTHER FUNCTIONS,1550,UNMANNED AIRCRAFT,H,NOT BUNDLED,A1A,AIRFRAMES AND SPARES,336411,AIRCRAFT MANUFACTURING,C,NO CLAUSES INCLUDED AND NO SUSTAINABILITY INCLUDED,A,U.S. OWNED BUSINESS,000,NONE,Z,NOT IT PRODUCTS OR SERVICES,A,MEETS REQUIREMENTS,USA,UNITED STATES,D,MFG IN U.S.,B,PLAN NOT REQUIRED,A,FULL AND OPEN COMPETITION,NP,NEGOTIATED PROPOSAL/QUOTE,,,NONE,NO PREFERENCE USED,,,,,,,,A,COMMERCIAL ITEM,f,N,NO,N,NO,Y,YES,N,NO,,N,NO,N,NO,N,NO,N,NO,X,NOT APPLICABLE,,,B,IDC,S,SINGLE AWARD,,NONE,NONE,N,NO,,,N,TRANSACTION DOES NOT USE GFE/GFP,U,UNKNOWN,D,NOT CONSOLIDATED,X,NOT APPLICABLE,N,NO,A,FAR 52.232-16 PROGRESS PAYMENTS,N,NO,X,NOT APPLICABLE,f,f,f,f,f,f,f,f,f,f,f,f,f,f,f,f,f,f,f,OTHER THAN SMALL BUSINESS,O,f,f,f,f,f,f,f,f,f,f,f,f,f,f,f,f,f,CORPORATE NOT TAX EXEMPT,t,f,f,f,f,f,f,f,f,f,f,f,t,f,f,f,f,t,f,f,f,f,f,f,f,f,f,f,t,f,f,f,f,f,f,f,f,f,f,f,f,f,f,f,f,f,f,f,f,f,,,,,,,,,,,https://www.usaspending.gov/award/CONT_AWD_W911QY20F0294_9700_W911QY19D0033_9700/,2021-03-08 13:13:40+00
CONT_AWD_W911QY20F0321_9700_W911QY18D0246_9700,W911QY20F0321,9700,DEPT OF DEFENSE,W911QY18D0246,,,,,,9038000.00,,9038000.00,9038000.00,2020-07-10,2020,2024-05-01,2024,2020-07-09,2023-12-28,2023-12-28 00:00:00,,2018-08-28,097,Department of Defense,9763,Defense Contract Management Agency,S2401A,DCMA GREAT PLAINS,097,Department of Defense,2100,Department of the Army,W911QY,W6QK ACC-APG NATICK,,,,,X,NOT APPLICABLE,,,J4Q3HP6NHK47,,"ROCKWELL COLLINS, INC.","ROCKWELL COLLINS, INC.",,13499,EGAVSJTA2D81,,ROCKWELL COLLINS AUSTRALIA PTY LIMITED,ROCKWELL COLLINS  INC.,USA,UNITED STATES,400 COLLINS RD NE,,CEDAR RAPIDS,19113,LINN,19,IA,IOWA,524980505,IA-02,IA-02,3192655467,,USA,UNITED STATES,CEDAR RAPIDS,19113,LINN,19,IA,IOWA,524980505,IA-02,IA-02,AWARD,C,DELIVERY ORDER,,,,,,,J,FIRM FIXED PRICE,"YEAR ONE, TWO, AND THREE ACE V(0) PRODUCTION UNITS",W911QY18R0027,1,,,1550,UNMANNED AIRCRAFT,H,NOT BUNDLED,A1A,AIRFRAMES AND SPARES,334511,"SEARCH, DETECTION, NAVIGATION, GUIDANCE, AERONAUTICAL, AND NAUTICAL SYSTEM AND INSTRUMENT MANUFACTURING",C,NO CLAUSES INCLUDED AND NO SUSTAINABILITY INCLUDED,A,U.S. OWNED BUSINESS,000,NONE,Z,NOT IT PRODUCTS OR SERVICES,A,MEETS REQUIREMENTS,USA,UNITED STATES,D,MFG IN U.S.,B,PLAN NOT REQUIRED,B,NOT AVAILABLE FOR COMPETITION,SSS,ONLY ONE SOURCE,,,NONE,NO PREFERENCE USED,,,,,ONE,ONLY ONE SOURCE-OTHER (FAR 6.302-1 OTHER),,A,COMMERCIAL PRODUCTS/SERVICES,f,N,NO,N,NO,X,NOT APPLICABLE,N,NO,,Y,YES,X,NOT APPLICABLE,X,NOT APPLICABLE,X,NOT APPLICABLE,X,NOT APPLICABLE,,,B,IDC,S,SINGLE AWARD,,,,N,NO,,,N,TRANSACTION DOES NOT USE GFE/GFP,U,UNKNOWN,D,NOT CONSOLIDATED,X,NOT APPLICABLE,N,NO,Z,NOT APPLICABLE,N,NO,X,NOT APPLICABLE,f,f,f,f,f,f,f,f,f,f,f,f,f,f,f,f,f,f,f,OTHER THAN SMALL BUSINESS,O,f,f,f,f,f,f,f,f,f,f,f,f,f,f,f,f,f,CORPORATE NOT TAX EXEMPT,t,f,f,f,f,f,f,f,f,f,f,f,t,f,f,f,f,t,f,f,f,f,f,f,f,f,f,f,t,f,f,f,f,f,f,f,f,f,f,f,f,f,f,f,f,f,f,f,f,f,,,,,,,,,,,https://www.usaspending.gov/award/CONT_AWD_W911QY20F0321_9700_W911QY18D0246_9700/,2025-12-31 09:44:17+00
CONT_AWD_W911QY20F0329_9700_W911QY18D0193_9700,W911QY20F0329,9700,DEPT OF DEFENSE,W911QY18D0193,Q: Not Designated Nonemergency/Emergency/Disaster/Wildfire Suppression,,,,,9467616.00,0.00,9467616.00,12259416.00,2020-07-15,2020,2021-11-15,2022,2020-07-15,2022-12-31,2022-12-31 00:00:00,,2020-05-13,097,Department of Defense,2100,Department of the Army,W9113M,W6QK ACC-RSA,097,Department of Defense,2100,Department of the Army,W81UHH,W6DQ 01 PEO AVN,021-X-2031-000,021-2031,25.2: Other services from non-Federal sources;25.7: Operation and maintenance of equipment,0001: AIRCRAFT;OPTN: FIELD IS OPTIONAL PRIOR TO FY21,X,NOT APPLICABLE,,,FRYJKTY8C248,,"TELEDYNE FLIR DETECTION, INC.",ALTAVIAN INC.,,6F8P3,SQ2DSCE69F15,,TELEDYNE TECHNOLOGIES INCORPORATED,FLIR SYSTEMS  INC.,USA,UNITED STATES,1724 NE 2ND ST,,GAINESVILLE,12001,ALACHUA,12,FL,FLORIDA,326093763,FL-03,FL-03,3522466346,8553258284,USA,UNITED STATES,GAINESVILLE,12001,ALACHUA,12,FL,FLORIDA,326010510,FL-03,FL-03,AWARD,C,DELIVERY ORDER,,,,,,,J,FIRM FIXED PRICE,H-GCS HANDSETS WITH COVER,W911QY17R0017,1,,,1550,UNMANNED AIRCRAFT,H,NOT BUNDLED,A1C,OTHER AIRCRAFT EQUIPMENT,336411,AIRCRAFT MANUFACTURING,C,NO CLAUSES INCLUDED AND NO SUSTAINABILITY INCLUDED,A,U.S. OWNED BUSINESS,000,NONE,Z,NOT IT PRODUCTS OR SERVICES,A,MEETS REQUIREMENTS,USA,UNITED STATES,D,MFG IN U.S.,B,PLAN NOT REQUIRED,D,FULL AND OPEN COMPETITION AFTER EXCLUSION OF SOURCES,MAFO,SUBJECT TO MULTIPLE AWARD FAIR OPPORTUNITY,SBP,SMALL BUSINESS SET ASIDE - PARTIAL,NONE,NO PREFERENCE USED,,,CSA,COMPETITIVE SET ASIDE,,,3,A,COMMERCIAL ITEM,f,N,NO,N,NO,Y,YES,N,NO,,N,NO,N,NO,N,NO,N,NO,X,NOT APPLICABLE,,,B,IDC,M,MULTIPLE AWARD,,NONE,NONE,N,NO,,,N,TRANSACTION DOES NOT USE GFE/GFP,N,NO,D,NOT CONSOLIDATED,X,NOT APPLICABLE,N,NO,Z,NOT APPLICABLE,N,NO,X,NOT APPLICABLE,f,f,f,f,f,f,f,f,f,f,f,f,f,f,f,f,f,f,f,SMALL BUSINESS,S,f,f,f,f,f,f,f,f,f,f,f,f,f,f,f,f,f,CORPORATE NOT TAX EXEMPT,t,f,f,f,f,f,f,f,f,f,f,f,t,f,f,f,f,t,f,f,f,f,f,f,f,f,f,f,t,f,f,f,f,f,f,f,f,f,f,f,f,f,f,f,f,f,f,f,f,f,,,,,,,,,,,https://www.usaspending.gov/award/CONT_AWD_W911QY20F0329_9700_W911QY18D0193_9700/,2025-12-31 09:44:17+00
CONT_AWD_W911QY20F0351_9700_W911QY18D0195_9700,W911QY20F0351,9700,DEPT OF DEFENSE,W911QY18D0195,,,,,,11274098.50,,11274098.50,17469328.50,2020-07-15,2020,2021-11-04,2022,2020-07-15,2022-12-31,2022-12-31 00:00:00,,2020-05-13,097,Department of Defense,2100,Department of the Army,W9113M,W6QK ACC-RSA,097,Department of Defense,2100,Department of the Army,W81UHH,W6DQ 01 PEO AVN,,,,,X,NOT APPLICABLE,,,DJMXCNAWRJU7,168834591,"STRATA-G SOLUTIONS, LLC","STRATA-G SOLUTIONS, LLC",STRATA-G,529L6,M5H7HESFYJL5,020256798,THE ALEUT CORPORATION,STRATA-G SOLUTIONS  LLC,USA,UNITED STATES,2901 WALL TRIANA HWY SW STE 200,,HUNTSVILLE,01089,MADISON,01,AL,ALABAMA,358241596,AL-05,AL-05,2567130482,2567247068,USA,UNITED STATES,HUNTSVILLE,01089,MADISON,01,AL,ALABAMA,358243127,AL-05,AL-05,AWARD,C,DELIVERY ORDER,,,,,,,J,FIRM FIXED PRICE,H-GCS HANDSETS WITH COVER,W911QY17R0017,1,,,1550,UNMANNED AIRCRAFT,H,NOT BUNDLED,A1C,OTHER AIRCRAFT EQUIPMENT,336411,AIRCRAFT MANUFACTURING,C,NO CLAUSES INCLUDED AND NO SUSTAINABILITY INCLUDED,A,U.S. OWNED BUSINESS,000,NONE,Z,NOT IT PRODUCTS OR SERVICES,A,MEETS REQUIREMENTS,USA,UNITED STATES,D,MFG IN U.S.,B,PLAN NOT REQUIRED,D,FULL AND OPEN COMPETITION AFTER EXCLUSION OF SOURCES,MAFO,SUBJECT TO MULTIPLE AWARD FAIR OPPORTUNITY,SBA,SMALL BUSINESS SET ASIDE - TOTAL,NONE,NO PREFERENCE USED,,,CSA,COMPETITIVE SET ASIDE,,,3,A,COMMERCIAL ITEM,f,N,NO,N,NO,X,NOT APPLICABLE,N,NO,,N,NO,N,NO,N,NO,N,NO,X,NOT APPLICABLE,,,B,IDC,M,MULTIPLE AWARD,,NONE,NONE,N,NO,,,Y,TRANSACTION USES GFE/GFP,N,NO,D,NOT CONSOLIDATED,X,NOT APPLICABLE,N,NO,Z,NOT APPLICABLE,N,NO,X,NOT APPLICABLE,f,t,f,f,f,f,f,t,t,f,f,f,t,f,f,f,f,t,f,SMALL BUSINESS,S,f,f,f,f,f,f,f,f,f,f,f,f,f,f,f,f,f,CORPORATE NOT TAX EXEMPT,t,f,f,f,f,f,f,f,f,f,f,f,f,f,f,f,f,t,f,f,f,f,f,f,f,f,f,f,t,f,f,f,f,f,f,f,f,f,f,f,f,f,f,f,f,f,f,f,f,f,DEVIN  WHITAKER,131312.00,KEVIN  COOK,169466.00,SCOTT  HARVEY,177542.00,DAVID  MCCARTY,166897.00,DONALD  YANCEY,161419.00,https://www.usaspending.gov/award/CONT_AWD_W911QY20F0351_9700_W911QY18D0195_9700/,2021-11-04 12:44:58+00
CONT_AWD_W911QY20F0357_9700_W911QY18D0192_9700,W911QY20F0357,9700,DEPT OF DEFENSE,W911QY18D0192,Q: Not Designated Nonemergency/Emergency/Disaster/Wildfire Suppression,,,,,1180844.78,0.00,1180844.78,1180844.78,2020-07-24,2020,2021-02-03,2021,2020-07-24,2021-01-23,2021-01-23 00:00:00,,2020-01-09,097,Department of Defense,2100,Department of the Army,W911QY,W6QK ACC-APG NATICK,097,Department of Defense,2100,Department of the Army,W81UHH,W6DQ 01 PEO AVN,057-2020/2020-3400-000,057-3400,26.0: Supplies and materials,0001: OPERATING FORCES,X,NOT APPLICABLE,,,YJG1MDHLBC88,058024456,"AEROVIRONMENT, INC.","AEROVIRONMENT, INC.",,60107,YJG1MDHLBC88,058024456,"AEROVIRONMENT, INC.",AEROVIRONMENT  INC.,USA,UNITED STATES,800 ROYAL OAKS DR STE 210,,MONROVIA,06037,LOS ANGELES,06,CA,CALIFORNIA,910166347,CA-25,CA-31,8055812187,8055262565,USA,UNITED STATES,MONROVIA,06037,LOS ANGELES,06,CA,CALIFORNIA,910166347,CA-32,CA-31,AWARD,C,DELIVERY ORDER,,,,,,,J,FIRM FIXED PRICE,SPARE&REPAIR  PARTS - SPARES 14,W911QY17R0017,1,CL,CLOSELY ASSOCIATED,1550,UNMANNED AIRCRAFT,H,NOT BUNDLED,A1C,OTHER AIRCRAFT EQUIPMENT,336411,AIRCRAFT MANUFACTURING,C,NO CLAUSES INCLUDED AND NO SUSTAINABILITY INCLUDED,A,U.S. OWNED BUSINESS,000,NONE,Z,NOT IT PRODUCTS OR SERVICES,A,MEETS REQUIREMENTS,USA,UNITED STATES,D,MFG IN U.S.,B,PLAN NOT REQUIRED,D,FULL AND OPEN COMPETITION AFTER EXCLUSION OF SOURCES,MAFO,SUBJECT TO MULTIPLE AWARD FAIR OPPORTUNITY,,,NONE,NO PREFERENCE USED,,,FAIR,FAIR OPPORTUNITY GIVEN,,,1,A,COMMERCIAL ITEM,f,N,NO,N,NO,X,NOT APPLICABLE,N,NO,,N,NO,X,NOT APPLICABLE,N,NO,N,NO,X,NOT APPLICABLE,,,B,IDC,M,MULTIPLE AWARD,,NONE,NONE,N,NO,,,N,TRANSACTION DOES NOT USE GFE/GFP,N,NO,D,NOT CONSOLIDATED,X,NOT APPLICABLE,N,NO,Z,NOT APPLICABLE,N,NO,X,NOT APPLICABLE,f,f,f,f,f,f,f,f,f,f,f,f,f,f,f,f,f,f,f,SMALL BUSINESS,S,f,f,f,f,f,f,f,f,f,f,f,f,f,f,f,f,f,CORPORATE NOT TAX EXEMPT,t,f,f,f,f,f,f,f,f,f,f,f,t,f,f,f,f,t,f,f,f,f,f,f,f,f,f,f,t,f,f,f,f,f,f,f,f,f,f,f,f,f,f,f,f,f,f,f,f,f,,,,,,,,,,,https://www.usaspending.gov/award/CONT_AWD_W911QY20F0357_9700_W911QY18D0192_9700/,2021-02-03 19:34:40+00
CONT_AWD_W911QY20F0375_9700_W911QY19D0020_9700,W911QY20F0375,9700,DEPT OF DEFENSE,W911QY19D0020,,,,,,93805.00,,93805.00,93805.00,2020-08-03,2020,2020-08-03,2020,2020-07-24,2020-10-22,2020-10-22 00:00:00,,,097,Department of Defense,2100,Department of the Army,W911QY,W6QK ACC-APG NATICK,097,Department of Defense,2100,Department of the Army,W80M26,W4HP ACTV SPECIAL PROJECTS SPT,,,,,X,NOT APPLICABLE,,,NATMPTFXJ3E6,080943022,LUMENIER HOLDCO LLC,LUMENIER HOLDCO LLC,,84VM0,NATMPTFXJ3E6,080943022,LUMENIER HOLDCO LLC,LUMENIER HOLDCO LLC,USA,UNITED STATES,1060 GOODRICH AVE,,SARASOTA,12115,SARASOTA,12,FL,FLORIDA,342364271,FL-16,FL-17,8134958178,,USA,UNITED STATES,SARASOTA,12115,SARASOTA,12,FL,FLORIDA,342364271,FL-16,FL-17,AWARD,C,DELIVERY ORDER,,,,,,,J,FIRM FIXED PRICE,NHV3 DRONE,,1,,,1550,UNMANNED AIRCRAFT,H,NOT BUNDLED,C9E,ALL OTHERS NOT IDENTIFIABLE TO ANY OTHER PROCUREMENT PROGRAM,334220,RADIO AND TELEVISION BROADCASTING AND WIRELESS COMMUNICATIONS EQUIPMENT MANUFACTURING,C,NO CLAUSES INCLUDED AND NO SUSTAINABILITY INCLUDED,A,U.S. OWNED BUSINESS,000,NONE,Z,NOT IT PRODUCTS OR SERVICES,A,MEETS REQUIREMENTS,USA,UNITED STATES,D,MFG IN U.S.,B,PLAN NOT REQUIRED,C,NOT COMPETED,SSS,ONLY ONE SOURCE,,,NONE,NO PREFERENCE USED,,,,,NS,NATIONAL SECURITY (FAR 6.302-6),,D,COMMERCIAL ITEM PROCEDURES NOT USED,f,N,NO,N,NO,X,NOT APPLICABLE,N,NO,,N,NO,Y,YES,N,NO,X,NOT APPLICABLE,X,NOT APPLICABLE,,,B,IDC,S,SINGLE AWARD,,NONE,NONE,N,NO,,,N,TRANSACTION DOES NOT USE GFE/GFP,U,UNKNOWN,D,NOT CONSOLIDATED,X,NOT APPLICABLE,N,NO,Z,NOT APPLICABLE,N,NO,X,NOT APPLICABLE,f,f,f,f,f,f,f,f,f,f,f,f,f,f,f,f,f,f,f,SMALL BUSINESS,S,f,f,f,f,f,f,f,f,f,f,f,f,f,f,f,f,f,CORPORATE NOT TAX EXEMPT,t,f,f,f,f,f,f,f,f,f,f,f,f,f,f,f,f,t,f,f,f,f,f,f,f,f,t,f,t,f,f,f,f,f,f,f,f,f,f,f,f,f,f,f,f,f,f,f,f,f,,,,,,,,,,,https://www.usaspending.gov/award/CONT_AWD_W911QY20F0375_9700_W911QY19D0020_9700/,2022-03-22 16:24:48+00
CONT_AWD_W911QY20F0393_9700_W911QY19D0029_9700,W911QY20F0393,9700,DEPT OF DEFENSE,W911QY19D0029,,,,,,308300.00,,308300.00,308300.00,2020-08-26,2020,2020-08-26,2020,2020-08-12,2021-03-12,2021-03-12 00:00:00,,2020-07-07,097,Department of Defense,2100,Department of the Army,W911QY,W6QK ACC-APG NATICK,097,Department of Defense,2100,Department of the Army,W80M26,W4HP ACTV SPECIAL PROJECTS SPT,,,,,X,NOT APPLICABLE,,,LHKDVHKNCES3,142406169,"LOCKHEED MARTIN PROCERUS TECHNOLOGIES, L.C.","LOCKHEED MARTIN PROCERUS TECHNOLOGIES, L.C.",,3PVS5,ZFN2JJXBLZT3,834951691,LOCKHEED MARTIN CORP,LOCKHEED MARTIN CORPORATION,USA,UNITED STATES,500 S GENEVA RD,,OREM,49049,UTAH,49,UT,UTAH,840585801,UT-03,UT-03,6077512570,6077512597,USA,UNITED STATES,OREM,49049,UTAH,49,UT,UTAH,840573032,UT-03,UT-03,AWARD,C,DELIVERY ORDER,,,,,,,J,FIRM FIXED PRICE,NOCTIS DUAL IR ITAR W/ LASER,,1,,,1550,UNMANNED AIRCRAFT,H,NOT BUNDLED,A1A,AIRFRAMES AND SPARES,334511,"SEARCH, DETECTION, NAVIGATION, GUIDANCE, AERONAUTICAL, AND NAUTICAL SYSTEM AND INSTRUMENT MANUFACTURING",C,NO CLAUSES INCLUDED AND NO SUSTAINABILITY INCLUDED,A,U.S. OWNED BUSINESS,000,NONE,Z,NOT IT PRODUCTS OR SERVICES,A,MEETS REQUIREMENTS,USA,UNITED STATES,D,MFG IN U.S.,F,INDIVIDUAL SUBCONTRACT PLAN,C,NOT COMPETED,SSS,ONLY ONE SOURCE,,,NONE,NO PREFERENCE USED,,,,,NS,NATIONAL SECURITY (FAR 6.302-6),,A,COMMERCIAL ITEM,f,N,NO,N,NO,X,NOT APPLICABLE,N,NO,,N,NO,X,NOT APPLICABLE,X,NOT APPLICABLE,X,NOT APPLICABLE,X,NOT APPLICABLE,,,B,IDC,S,SINGLE AWARD,,NONE,NONE,N,NO,,,N,TRANSACTION DOES NOT USE GFE/GFP,U,UNKNOWN,D,NOT CONSOLIDATED,X,NOT APPLICABLE,N,NO,Z,NOT APPLICABLE,N,NO,X,NOT APPLICABLE,f,f,f,f,f,f,f,f,f,f,f,f,f,f,f,f,f,f,f,OTHER THAN SMALL BUSINESS,O,f,f,f,f,f,f,f,f,f,f,f,f,f,f,f,f,f,CORPORATE NOT TAX EXEMPT,t,f,f,f,f,f,f,f,f,f,f,f,f,f,f,f,f,t,f,f,f,f,f,f,f,f,t,f,t,f,f,f,f,f,f,f,f,f,f,f,f,f,f,f,f,f,f,f,f,f,,,,,,,,,,,https://www.usaspending.gov/award/CONT_AWD_W911QY20F0393_9700_W911QY19D0029_9700/,2022-03-14 09:56:07+00
CONT_AWD_W911QY20F0577_9700_W911QY18D0192_9700,W911QY20F0577,9700,DEPT OF DEFENSE,W911QY18D0192,,,,,,157322.68,,157322.68,157322.68,2020-09-28,2020,2020-09-28,2020,2020-09-28,2021-06-08,2021-06-08 00:00:00,,2020-08-10,097,Department of Defense,2100,Department of the Army,W911QY,W6QK ACC-APG NATICK,097,Department of Defense,2100,Department of the Army,W81UHH,W6DQ 01 PEO AVN,,,,,X,NOT APPLICABLE,,,YJG1MDHLBC88,058024456,"AEROVIRONMENT, INC.","AEROVIRONMENT, INC.",,60107,YJG1MDHLBC88,058024456,"AEROVIRONMENT, INC.",AEROVIRONMENT  INC.,USA,UNITED STATES,800 ROYAL OAKS DR STE 210,,MONROVIA,06037,LOS ANGELES,06,CA,CALIFORNIA,910166347,CA-32,CA-31,8055812187,8055262565,USA,UNITED STATES,SIMI VALLEY,06111,VENTURA,06,CA,CALIFORNIA,930653660,CA-25,CA-26,AWARD,C,DELIVERY ORDER,,,,,,,J,FIRM FIXED PRICE,"NUT,SPINNER,1/4-28,0.74X0.32,RAVN",W911QY17R0017,1,,,1550,UNMANNED AIRCRAFT,H,NOT BUNDLED,A1C,OTHER AIRCRAFT EQUIPMENT,336411,AIRCRAFT MANUFACTURING,C,NO CLAUSES INCLUDED AND NO SUSTAINABILITY INCLUDED,A,U.S. OWNED BUSINESS,000,NONE,Z,NOT IT PRODUCTS OR SERVICES,A,MEETS REQUIREMENTS,USA,UNITED STATES,D,MFG IN U.S.,B,PLAN NOT REQUIRED,D,FULL AND OPEN COMPETITION AFTER EXCLUSION OF SOURCES,MAFO,SUBJECT TO MULTIPLE AWARD FAIR OPPORTUNITY,SBP,SMALL BUSINESS SET ASIDE - PARTIAL,NONE,NO PREFERENCE USED,,,CSA,COMPETITIVE SET ASIDE,,,1,A,COMMERCIAL ITEM,f,N,NO,N,NO,X,NOT APPLICABLE,N,NO,,N,NO,X,NOT APPLICABLE,N,NO,N,NO,X,NOT APPLICABLE,,,B,IDC,M,MULTIPLE AWARD,,NONE,NONE,N,NO,,,N,TRANSACTION DOES NOT USE GFE/GFP,U,UNKNOWN,D,NOT CONSOLIDATED,X,NOT APPLICABLE,N,NO,Z,NOT APPLICABLE,N,NO,X,NOT APPLICABLE,f,f,f,f,f,f,f,f,f,f,f,f,f,f,f,f,f,f,f,SMALL BUSINESS,S,f,f,f,f,f,f,f,f,f,f,f,f,f,f,f,f,f,CORPORATE NOT TAX EXEMPT,t,f,f,f,f,f,f,f,f,f,f,f,t,f,f,f,f,t,f,f,f,f,f,f,f,f,f,f,t,f,f,f,f,f,f,f,f,f,f,f,f,f,f,f,f,f,f,f,f,f,,,,,,,,,,,https://www.usaspending.gov/award/CONT_AWD_W911QY20F0577_9700_W911QY18D0192_9700/,2021-04-18 07:41:59+00
CONT_AWD_W911S220P1202_9700_-NONE-_-NONE-,W911S220P1202,,,,,,,,,106387.62,,106387.62,106387.62,2020-07-16,2020,2020-07-16,2020,2020-07-16,2020-08-17,2020-08-17 00:00:00,,,097,Department of Defense,2100,Department of the Army,W911S2,W6QM MICC-FT DRUM,097,Department of Defense,5700,Department of the Air Force,F2YT22,22 STS,,,,,X,NOT APPLICABLE,,,LQFRL7HYEFF8,006958433,MADISON ELECTRIC CO,MADISON ELECTRIC COMPANY,,073S2,LQFRL7HYEFF8,006958433,MADISON ELECTRIC CO,MADISON ELECTRIC COMPANY,USA,UNITED STATES,31855 VAN DYKE AVE,,WARREN,26099,MACOMB,26,MI,MICHIGAN,480931047,MI-09,MI-10,5868250200,5868250225,USA,UNITED STATES,WARREN,26099,MACOMB,26,MI,MICHIGAN,480931047,MI-09,MI-10,AWARD,B,PURCHASE ORDER,,,,,,,J,FIRM FIXED PRICE,UNISON BUY# 1026054_03 DRONE,,1,,,1550,UNMANNED AIRCRAFT,H,NOT BUNDLED,C9E,ALL OTHERS NOT IDENTIFIABLE TO ANY OTHER PROCUREMENT PROGRAM,334419,OTHER ELECTRONIC COMPONENT MANUFACTURING,C,NO CLAUSES INCLUDED AND NO SUSTAINABILITY INCLUDED,A,U.S. OWNED BUSINESS,000,NONE,Z,NOT IT PRODUCTS OR SERVICES,A,MEETS REQUIREMENTS,USA,UNITED STATES,D,MFG IN U.S.,B,PLAN NOT REQUIRED,F,COMPETED UNDER SAP,SP1,SIMPLIFIED ACQUISITION,SBA,SMALL BUSINESS SET ASIDE - TOTAL,NONE,NO PREFERENCE USED,,,,,,,14,A,COMMERCIAL ITEM,f,N,NO,N,NO,X,NOT APPLICABLE,N,NO,,N,NO,X,NOT APPLICABLE,X,NOT APPLICABLE,X,NOT APPLICABLE,X,NOT APPLICABLE,,,,,,,,NONE,NONE,,,,,N,TRANSACTION DOES NOT USE GFE/GFP,U,UNKNOWN,D,NOT CONSOLIDATED,X,NOT APPLICABLE,,,Z,NOT APPLICABLE,N,NO,X,NOT APPLICABLE,f,f,f,f,f,f,f,f,f,f,f,f,f,f,f,f,f,f,f,SMALL BUSINESS,S,f,f,f,f,f,f,f,f,f,f,f,f,f,f,f,f,f,CORPORATE NOT TAX EXEMPT,t,f,f,f,f,f,f,f,f,f,f,f,f,f,f,f,f,t,f,f,f,f,f,f,f,f,f,f,t,f,f,f,f,f,f,f,f,f,f,f,f,f,f,f,f,f,f,f,f,f,,,,,,,,,,,https://www.usaspending.gov/award/CONT_AWD_W911S220P1202_9700_-NONE-_-NONE-/,2021-02-27 13:19:19+00
CONT_AWD_W911S220P2108_9700_-NONE-_-NONE-,W911S220P2108,,,,,,,,,0.00,,0.00,0.00,2020-09-16,2020,2020-10-20,2021,2020-09-16,2020-10-19,2020-10-19 00:00:00,,,097,Department of Defense,2100,Department of the Army,W911S2,W6QM MICC-FT DRUM,097,Department of Defense,2100,Department of the Army,W909NB,W30M USA DUGWAY PROVING GROUND,,,,,X,NOT APPLICABLE,,,GDQ7J6Q1EFS6,824736110,"E. M. OIL TRANSPORT, INC.","E.M. OIL TRANSPORT, INC.",,4RQ42,GDQ7J6Q1EFS6,824736110,"E. M. OIL TRANSPORT, INC.",E M OIL TRANSPORT INC,USA,UNITED STATES,1145 S TAYLOR AVE,,MONTEBELLO,06037,LOS ANGELES,06,CA,CALIFORNIA,906406022,CA-38,CA-38,3237229088,3237225459,USA,UNITED STATES,MONTEBELLO,06037,LOS ANGELES,06,CA,CALIFORNIA,906406022,CA-38,CA-38,AWARD,B,PURCHASE ORDER,,,,,,,J,FIRM FIXED PRICE,BUY # 1038567_02  DRONE PACKAGE,,1,,,1550,UNMANNED AIRCRAFT,H,NOT BUNDLED,C9E,ALL OTHERS NOT IDENTIFIABLE TO ANY OTHER PROCUREMENT PROGRAM,336411,AIRCRAFT MANUFACTURING,C,NO CLAUSES INCLUDED AND NO SUSTAINABILITY INCLUDED,A,U.S. OWNED BUSINESS,000,NONE,Z,NOT IT PRODUCTS OR SERVICES,A,MEETS REQUIREMENTS,USA,UNITED STATES,D,MFG IN U.S.,B,PLAN NOT REQUIRED,F,COMPETED UNDER SAP,SP1,SIMPLIFIED ACQUISITION,SBA,SMALL BUSINESS SET ASIDE - TOTAL,NONE,NO PREFERENCE USED,,,,,,,4,A,COMMERCIAL ITEM,f,N,NO,N,NO,N,NO,N,NO,,N,NO,X,NOT APPLICABLE,X,NOT APPLICABLE,X,NOT APPLICABLE,X,NOT APPLICABLE,,,,,,,,NONE,NONE,,,,,N,TRANSACTION DOES NOT USE GFE/GFP,U,UNKNOWN,D,NOT CONSOLIDATED,X,NOT APPLICABLE,,,Z,NOT APPLICABLE,N,NO,X,NOT APPLICABLE,f,f,f,f,f,f,f,t,t,t,f,f,t,f,f,f,t,f,f,SMALL BUSINESS,S,f,f,f,f,f,f,f,f,f,f,f,f,f,f,f,f,f,CORPORATE NOT TAX EXEMPT,t,f,f,f,f,f,f,f,f,f,f,f,f,f,f,f,f,t,f,f,f,f,f,f,f,f,f,f,t,f,f,f,f,f,f,f,f,f,f,f,f,f,f,f,t,t,f,f,f,f,,,,,,,,,,,https://www.usaspending.gov/award/CONT_AWD_W911S220P2108_9700_-NONE-_-NONE-/,2020-10-20 10:46:59+00
CONT_AWD_W911S220P2111_9700_-NONE-_-NONE-,W911S220P2111,,,,,,,,,0.00,,0.00,0.00,2020-09-16,2020,2020-10-20,2021,2020-09-16,2020-10-19,2020-10-19 00:00:00,,,097,Department of Defense,2100,Department of the Army,W911S2,W6QM MICC-FT DRUM,097,Department of Defense,2100,Department of the Army,W909NB,W30M USA DUGWAY PROVING GROUND,,,,,X,NOT APPLICABLE,,,GDQ7J6Q1EFS6,824736110,"E. M. OIL TRANSPORT, INC.","E.M. OIL TRANSPORT, INC.",,4RQ42,GDQ7J6Q1EFS6,824736110,"E. M. OIL TRANSPORT, INC.",E M OIL TRANSPORT INC,USA,UNITED STATES,1145 S TAYLOR AVE,,MONTEBELLO,06037,LOS ANGELES,06,CA,CALIFORNIA,906406022,CA-38,CA-38,3237229088,3237225459,USA,UNITED STATES,MONTEBELLO,06037,LOS ANGELES,06,CA,CALIFORNIA,906406022,CA-38,CA-38,AWARD,B,PURCHASE ORDER,,,,,,,J,FIRM FIXED PRICE,BUY # 1038573_02   DRONE PACKAGE,,1,,,1550,UNMANNED AIRCRAFT,H,NOT BUNDLED,C9E,ALL OTHERS NOT IDENTIFIABLE TO ANY OTHER PROCUREMENT PROGRAM,336411,AIRCRAFT MANUFACTURING,C,NO CLAUSES INCLUDED AND NO SUSTAINABILITY INCLUDED,A,U.S. OWNED BUSINESS,000,NONE,Z,NOT IT PRODUCTS OR SERVICES,A,MEETS REQUIREMENTS,USA,UNITED STATES,D,MFG IN U.S.,B,PLAN NOT REQUIRED,F,COMPETED UNDER SAP,SP1,SIMPLIFIED ACQUISITION,SBA,SMALL BUSINESS SET ASIDE - TOTAL,NONE,NO PREFERENCE USED,,,,,,,4,A,COMMERCIAL ITEM,f,N,NO,N,NO,N,NO,N,NO,,N,NO,X,NOT APPLICABLE,X,NOT APPLICABLE,X,NOT APPLICABLE,X,NOT APPLICABLE,,,,,,,,NONE,NONE,,,,,N,TRANSACTION DOES NOT USE GFE/GFP,U,UNKNOWN,D,NOT CONSOLIDATED,X,NOT APPLICABLE,,,Z,NOT APPLICABLE,N,NO,X,NOT APPLICABLE,f,f,f,f,f,f,f,t,t,t,f,f,t,f,f,f,t,f,f,SMALL BUSINESS,S,f,f,f,f,f,f,f,f,f,f,f,f,f,f,f,f,f,CORPORATE NOT TAX EXEMPT,t,f,f,f,f,f,f,f,f,f,f,f,f,f,f,f,f,t,f,f,f,f,f,f,f,f,f,f,t,f,f,f,f,f,f,f,f,f,f,f,f,f,f,f,t,t,f,f,f,f,,,,,,,,,,,https://www.usaspending.gov/award/CONT_AWD_W911S220P2111_9700_-NONE-_-NONE-/,2020-10-20 12:29:59+00
CONT_AWD_W911S220P2117_9700_-NONE-_-NONE-,W911S220P2117,,,,,,,,,0.00,,0.00,0.00,2020-09-16,2020,2020-10-20,2021,2020-09-16,2020-10-19,2020-10-19 00:00:00,,,097,Department of Defense,2100,Department of the Army,W911S2,W6QM MICC-FT DRUM,097,Department of Defense,2100,Department of the Army,W909NB,W30M USA DUGWAY PROVING GROUND,,,,,X,NOT APPLICABLE,,,GDQ7J6Q1EFS6,824736110,"E. M. OIL TRANSPORT, INC.","E.M. OIL TRANSPORT, INC.",,4RQ42,GDQ7J6Q1EFS6,824736110,"E. M. OIL TRANSPORT, INC.",E M OIL TRANSPORT INC,USA,UNITED STATES,1145 S TAYLOR AVE,,MONTEBELLO,06037,LOS ANGELES,06,CA,CALIFORNIA,906406022,CA-38,CA-38,3237229088,3237225459,USA,UNITED STATES,MONTEBELLO,06037,LOS ANGELES,06,CA,CALIFORNIA,906406022,CA-38,CA-38,AWARD,B,PURCHASE ORDER,,,,,,,J,FIRM FIXED PRICE,BUY # 1037055_02  DRONE PACKAGE,,1,,,1550,UNMANNED AIRCRAFT,H,NOT BUNDLED,C9E,ALL OTHERS NOT IDENTIFIABLE TO ANY OTHER PROCUREMENT PROGRAM,336411,AIRCRAFT MANUFACTURING,C,NO CLAUSES INCLUDED AND NO SUSTAINABILITY INCLUDED,A,U.S. OWNED BUSINESS,000,NONE,Z,NOT IT PRODUCTS OR SERVICES,A,MEETS REQUIREMENTS,USA,UNITED STATES,D,MFG IN U.S.,B,PLAN NOT REQUIRED,F,COMPETED UNDER SAP,SP1,SIMPLIFIED ACQUISITION,SBA,SMALL BUSINESS SET ASIDE - TOTAL,NONE,NO PREFERENCE USED,,,,,,,4,A,COMMERCIAL ITEM,f,N,NO,N,NO,N,NO,N,NO,,N,NO,X,NOT APPLICABLE,X,NOT APPLICABLE,X,NOT APPLICABLE,X,NOT APPLICABLE,,,,,,,,NONE,NONE,,,,,N,TRANSACTION DOES NOT USE GFE/GFP,U,UNKNOWN,D,NOT CONSOLIDATED,X,NOT APPLICABLE,,,Z,NOT APPLICABLE,N,NO,X,NOT APPLICABLE,f,f,f,f,f,f,f,t,t,t,f,f,t,f,f,f,t,f,f,SMALL BUSINESS,S,f,f,f,f,f,f,f,f,f,f,f,f,f,f,f,f,f,CORPORATE NOT TAX EXEMPT,t,f,f,f,f,f,f,f,f,f,f,f,f,f,f,f,f,t,f,f,f,f,f,f,f,f,f,f,t,f,f,f,f,f,f,f,f,f,f,f,f,f,f,f,t,t,f,f,f,f,,,,,,,,,,,https://www.usaspending.gov/award/CONT_AWD_W911S220P2117_9700_-NONE-_-NONE-/,2020-10-20 12:35:05+00
CONT_AWD_W911SD20P0094_9700_-NONE-_-NONE-,W911SD20P0094,,,,,,,,,7582.90,,7582.90,7582.90,2020-05-04,2020,2020-05-04,2020,2020-05-04,2020-05-04,2020-05-04 00:00:00,,,097,Department of Defense,2100,Department of the Army,W911SD,W6QM MICC-WEST POINT,097,Department of Defense,2100,Department of the Army,W81NTL,W1FB US MILITARY ACADEMY,,,,,X,NOT APPLICABLE,,,DXUNWV7UH817,116012659,B & H FOTO & ELECTRONICS CORP.,B & H FOTO & ELECTRONICS CORP.,,2Y053,DXUNWV7UH817,116012659,B & H FOTO & ELECTRONICS CORP.,B & H FOTO & ELECTRONICS CORP.,USA,UNITED STATES,420 9TH AVE,,NEW YORK,36061,NEW YORK,36,NY,NEW YORK,100011614,NY-10,NY-12,2122397500,2122397509,USA,UNITED STATES,NEW YORK,36061,NEW YORK,36,NY,NEW YORK,100011614,NY-10,NY-12,AWARD,B,PURCHASE ORDER,,,,,,,J,FIRM FIXED PRICE,PARROT ANAFI 4K DRONES,,1,OT,OTHER FUNCTIONS,1550,UNMANNED AIRCRAFT,H,NOT BUNDLED,C9E,ALL OTHERS NOT IDENTIFIABLE TO ANY OTHER PROCUREMENT PROGRAM,336411,AIRCRAFT MANUFACTURING,C,NO CLAUSES INCLUDED AND NO SUSTAINABILITY INCLUDED,A,U.S. OWNED BUSINESS,000,NONE,Z,NOT IT PRODUCTS OR SERVICES,A,MEETS REQUIREMENTS,USA,UNITED STATES,D,MFG IN U.S.,B,PLAN NOT REQUIRED,G,NOT COMPETED UNDER SAP,SP1,SIMPLIFIED ACQUISITION,NONE,NO SET ASIDE USED.,NONE,NO PREFERENCE USED,,,,,SP2,SAP NON-COMPETITION (FAR 13),1,A,COMMERCIAL ITEM,f,N,NO,N,NO,X,NOT APPLICABLE,N,NO,,N,NO,N,NO,N,NO,N,NO,X,NOT APPLICABLE,,,,,,,,NONE,NONE,,,,,N,TRANSACTION DOES NOT USE GFE/GFP,U,UNKNOWN,D,NOT CONSOLIDATED,X,NOT APPLICABLE,,,Z,NOT APPLICABLE,N,NO,X,NOT APPLICABLE,f,f,f,f,f,f,f,f,f,f,f,f,f,f,f,f,f,f,f,OTHER THAN SMALL BUSINESS,O,f,f,f,f,f,f,f,f,f,f,f,f,f,f,f,f,f,CORPORATE NOT TAX EXEMPT,t,f,f,f,f,f,f,f,f,f,f,f,f,f,f,f,f,t,f,f,f,f,f,f,f,t,f,f,t,f,f,f,f,f,f,f,f,f,f,f,f,f,f,f,f,f,f,f,f,f,,,,,,,,,,,https://www.usaspending.gov/award/CONT_AWD_W911SD20P0094_9700_-NONE-_-NONE-/,2020-10-15 22:22:15+00
CONT_AWD_W911SD20P0134_9700_-NONE-_-NONE-,W911SD20P0134,,,,N: Emergency P.L. 116-136,0,108438.00,,,108438.00,0.00,108438.00,108438.00,2020-07-13,2020,2020-07-13,2020,2020-07-10,2020-08-10,2020-08-10 00:00:00,,,097,Department of Defense,2100,Department of the Army,W911SD,W6QM MICC-WEST POINT,097,Department of Defense,2100,Department of the Army,W16XYA,W1FB US MILITARY ACADEMY,021-2020/2020-2020-000,021-2020,26.0: Supplies and materials,OPTN: FIELD IS OPTIONAL PRIOR TO FY21,X,NOT APPLICABLE,,,Y62FN44PT5P1,,"PRECISION PRODUCTS, LLC","PRECISION PRODUCTS, LLC",,1MC82,Y62FN44PT5P1,,"PRECISION PRODUCTS, LLC",PRECISION PRODUCTS  LLC,USA,UNITED STATES,1400 HUGH AVE,,LOUISVILLE,21111,JEFFERSON,21,KY,KENTUCKY,402131917,KY-03,KY-03,5024591300,5024731900,USA,UNITED STATES,LOUISVILLE,21111,JEFFERSON,21,KY,KENTUCKY,402131917,KY-03,KY-03,AWARD,B,PURCHASE ORDER,,,,,,,J,FIRM FIXED PRICE,WINGTRAONE SURVEY DRONE W/ACCESSORIES (2 EACH),,1,,,1550,UNMANNED AIRCRAFT,H,NOT BUNDLED,C9E,ALL OTHERS NOT IDENTIFIABLE TO ANY OTHER PROCUREMENT PROGRAM,336411,AIRCRAFT MANUFACTURING,C,NO CLAUSES INCLUDED AND NO SUSTAINABILITY INCLUDED,D,FOREIGN-OWNED BUSINESS NOT INCORPORATED IN THE U.S.,000,NONE,Z,NOT IT PRODUCTS OR SERVICES,A,MEETS REQUIREMENTS,CHE,SWITZERLAND,L,MFG OUTSIDE U.S. - QUALIFYING COUNTRY (DOD ONLY),B,PLAN NOT REQUIRED,F,COMPETED UNDER SAP,SP1,SIMPLIFIED ACQUISITION,SBA,SMALL BUSINESS SET ASIDE - TOTAL,NONE,NO PREFERENCE USED,,,,,,,2,A,COMMERCIAL ITEM,f,N,NO,N,NO,N,NO,N,NO,,N,NO,X,NOT APPLICABLE,X,NOT APPLICABLE,X,NOT APPLICABLE,X,NOT APPLICABLE,,,,,,,,NONE,NONE,,,,,N,TRANSACTION DOES NOT USE GFE/GFP,Y,YES,D,NOT CONSOLIDATED,X,NOT APPLICABLE,,,Z,NOT APPLICABLE,N,NO,X,NOT APPLICABLE,f,f,f,f,f,f,f,f,f,f,f,f,f,f,f,f,f,f,f,SMALL BUSINESS,S,f,f,f,f,f,f,f,f,f,f,f,f,f,f,f,f,f,PARTNERSHIP,f,f,t,f,f,f,f,f,f,f,f,f,f,f,f,f,f,t,f,f,f,f,f,f,f,f,t,f,t,f,f,f,f,f,f,f,f,f,f,f,f,f,f,f,f,t,f,f,f,f,,,,,,,,,,,https://www.usaspending.gov/award/CONT_AWD_W911SD20P0134_9700_-NONE-_-NONE-/,2022-06-22 14:50:45+00
CONT_AWD_W911SR19C0038_9700_-NONE-_-NONE-,W911SR19C0038,,,,,,,,,98992.00,0.00,98992.00,98992.00,2019-08-20,2019,2020-10-06,2021,2019-08-20,2021-04-11,2021-04-11 00:00:00,,,097,Department of Defense,2100,Department of the Army,W911SR,W6QK ACC-APG,097,Department of Defense,2100,Department of the Army,W56XSH,W6DZ CPE CBRND APG EA,097-2018/2019-0400-000;097-2019/2020-0400-000,097-0400,25.5: Research and development contracts,,X,NOT APPLICABLE,,,JFCTMH5NNMK3,079639341,ROBODUB INC,ROBODUB INC,,84K88,JFCTMH5NNMK3,079639341,ROBODUB INC,ROBODUB INC,USA,UNITED STATES,4000 MASON RD STE 308C,,SEATTLE,53033,KING,53,WA,WASHINGTON,981950001,WA-07,WA-07,4082505723,,USA,UNITED STATES,SEATTLE,53033,KING,53,WA,WASHINGTON,981950001,WA-07,WA-07,AWARD,D,DEFINITIVE CONTRACT,,,,,,,J,FIRM FIXED PRICE,PHASE III SMALL BUSINESS INNOVATIVE RESEARCH (SBIR) MORPHING UNMANNED ARIAL VEHICLE (UAV) WITH LOAD LEVELING ABILITY PROTOTYPE EFFORT,,1,OT,OTHER FUNCTIONS,1550,UNMANNED AIRCRAFT,H,NOT BUNDLED,C9E,ALL OTHERS NOT IDENTIFIABLE TO ANY OTHER PROCUREMENT PROGRAM,336411,AIRCRAFT MANUFACTURING,C,NO CLAUSES INCLUDED AND NO SUSTAINABILITY INCLUDED,A,U.S. OWNED BUSINESS,000,NONE,Z,NOT IT PRODUCTS OR SERVICES,E,NOT REQUIRED,USA,UNITED STATES,D,MFG IN U.S.,B,PLAN NOT REQUIRED,F,COMPETED UNDER SAP,SP1,SIMPLIFIED ACQUISITION,SBA,SMALL BUSINESS SET ASIDE - TOTAL,NONE,NO PREFERENCE USED,SR3,SMALL BUSINESS INNOVATION RESEARCH PROGRAM PHASE III ACTION,,,,,1,D,COMMERCIAL ITEM PROCEDURES NOT USED,f,N,NO,N,NO,X,NOT APPLICABLE,N,NO,0.00,N,NO,X,NOT APPLICABLE,X,NOT APPLICABLE,N,NO,X,NOT APPLICABLE,,,,,,,,P20C,COVID-19 2020,N,NO,X,NOT APPLICABLE EXEMPT FROM CAS,N,TRANSACTION DOES NOT USE GFE/GFP,U,UNKNOWN,D,NOT CONSOLIDATED,X,NOT APPLICABLE,N,NO,Z,NOT APPLICABLE,N,NO,C,"PRESIDENTIAL ISSUED EMERGENCY DECLARATION, OR A MAJOR DISASTER DECLARATION",f,f,f,f,f,f,f,f,f,f,f,f,f,f,f,f,f,f,f,SMALL BUSINESS,S,f,f,f,f,f,f,f,f,f,f,f,f,f,f,f,f,f,CORPORATE NOT TAX EXEMPT,t,f,f,f,f,f,f,f,f,f,f,f,f,f,f,f,f,t,f,f,f,f,f,f,f,f,f,f,t,f,f,f,f,f,f,f,f,f,f,f,f,f,f,f,f,t,f,f,f,f,,,,,,,,,,,https://www.usaspending.gov/award/CONT_AWD_W911SR19C0038_9700_-NONE-_-NONE-/,2020-10-06 13:21:13+00
CONT_AWD_W9123817C0005_9700_-NONE-_-NONE-,W9123817C0005,,,,Q: Not Designated Nonemergency/Emergency/Disaster/Wildfire Suppression,,,,,35070854.96,691387.95,36609414.75,54794992.75,2017-03-24,2017,2024-09-26,2024,2017-03-17,2022-03-24,2022-03-24 00:00:00,,,097,Department of Defense,2100,Department of the Army,W91238,W075 ENDIST SACRAMENTO,097,Department of Defense,2100,Department of the Army,W91238,W075 ENDIST SACRAMENTO,021-2018/2022-2050-000;021-2019/2023-2050-000;021-2020/2024-2050-000;021-2021/2025-2050-000,021-2050,25.1: Advisory and assistance services;25.2: Other services from non-Federal sources;32.0: Land and structures,0001: MAJOR CONSTRUCTION;0003: PLANNING AND DESIGN;0801: REIMBURSABLE;OPTN: FIELD IS OPTIONAL PRIOR TO FY21,X,NOT APPLICABLE,,,UYYHLJFW2GQ3,,"SIERRA TECHNICAL SERVICES, INC.",SIERRA TECHNICAL SERVICES INC,,4HCA9,U36PKJPTFTD8,,"KRATOS SYSTEMS AND SOLUTIONS, INC.",SIERRA TECHNICAL SERVICES  INC.,USA,UNITED STATES,101 COMMERICAL WAY UNIT D,,TEHACHAPI,06029,KERN,06,CA,CALIFORNIA,935611427,CA-20,CA-20,6618231092,,USA,UNITED STATES,TEHACHAPI,06029,KERN,06,CA,CALIFORNIA,935610001,CA-20,CA-20,AWARD,D,DEFINITIVE CONTRACT,,,,,,,J,FIRM FIXED PRICE,"BASELINE CONTRACT- 1ST DEMONSTRATOR, MATERIAL/EQUIPMENT AND TRAVEL",W9123816R0089,1,,,1550,UNMANNED AIRCRAFT,H,NOT BUNDLED,A1A,AIRFRAMES AND SPARES,336411,AIRCRAFT MANUFACTURING,C,NO CLAUSES INCLUDED AND NO SUSTAINABILITY INCLUDED,A,U.S. OWNED BUSINESS,000,NONE,Z,NOT IT PRODUCTS OR SERVICES,A,MEETS REQUIREMENTS,USA,UNITED STATES,D,MFG IN U.S.,B,PLAN NOT REQUIRED,D,FULL AND OPEN COMPETITION AFTER EXCLUSION OF SOURCES,NP,NEGOTIATED PROPOSAL/QUOTE,SBA,SMALL BUSINESS SET ASIDE - TOTAL,NONE,NO PREFERENCE USED,,,,,,,1,A,COMMERCIAL PRODUCTS/SERVICES,f,N,NO,N,NO,Y,YES,N,NO,0.00,N,NO,X,NOT APPLICABLE,X,NOT APPLICABLE,X,NOT APPLICABLE,X,NOT APPLICABLE,,,,,,,,,,N,NO,X,NOT APPLICABLE EXEMPT FROM CAS,Y,TRANSACTION USES GFE/GFP,U,UNKNOWN,D,NOT CONSOLIDATED,X,NOT APPLICABLE,N,NO,D,UNUSUAL PROGRESS PAYMENTS OR ADVANCE PAYMENTS,N,NO,X,NOT APPLICABLE,f,f,f,f,f,f,f,t,f,f,f,f,f,f,f,f,f,f,f,SMALL BUSINESS,S,f,f,f,f,f,f,f,f,f,f,f,f,f,f,f,f,f,CORPORATE NOT TAX EXEMPT,t,f,f,f,f,f,f,f,f,f,f,f,t,f,f,f,f,t,f,f,f,f,f,f,f,t,f,f,t,f,f,f,f,f,f,f,f,f,f,f,f,f,f,f,f,f,f,f,f,f,,,,,,,,,,,https://www.usaspending.gov/award/CONT_AWD_W9123817C0005_9700_-NONE-_-NONE-/,2024-09-26 11:30:59+00
CONT_AWD_W912EQ20P0005_9700_-NONE-_-NONE-,W912EQ20P0005,,,,,,,,,4908.41,0.00,4908.41,4908.41,2019-11-21,2020,2019-11-21,2020,2019-11-21,2019-12-31,2019-12-31 00:00:00,,,097,Department of Defense,2100,Department of the Army,W912EQ,W07V ENDIST MEMPHIS,097,Department of Defense,2100,Department of the Army,W912EQ,W07V ENDIST MEMPHIS,096-X-4902-000,096-4902,25.7: Operation and maintenance of equipment,,X,NOT APPLICABLE,,,FJ5JYNRMKPQ9,041361883,OFFSHORE AVIATION LLC,OFFSHORE AVIATION LLC,,7VNZ6,FJ5JYNRMKPQ9,041361883,OFFSHORE AVIATION LLC,OFFSHORE AVIATION LLC,USA,UNITED STATES,6115 FEDERAL OAK DR,,SUNDERLAND,24009,CALVERT,24,MD,MARYLAND,206893033,MD-05,MD-05,2404620222,,USA,UNITED STATES,MEMPHIS,47157,SHELBY,47,TN,TENNESSEE,381031755,TN-09,TN-09,AWARD,B,PURCHASE ORDER,,,,,,,J,FIRM FIXED PRICE,DRAGON DRONE MODEL OA-8B PARTS&LABOR,,1,OT,OTHER FUNCTIONS,1550,UNMANNED AIRCRAFT,H,NOT BUNDLED,S1,SERVICES,336213,MOTOR HOME MANUFACTURING,C,NO CLAUSES INCLUDED AND NO SUSTAINABILITY INCLUDED,A,U.S. OWNED BUSINESS,000,NONE,Z,NOT IT PRODUCTS OR SERVICES,E,NOT REQUIRED,USA,UNITED STATES,D,MFG IN U.S.,B,PLAN NOT REQUIRED,G,NOT COMPETED UNDER SAP,SP1,SIMPLIFIED ACQUISITION,NONE,NO SET ASIDE USED.,NONE,NO PREFERENCE USED,,,,,SP2,SAP NON-COMPETITION (FAR 13),1,A,COMMERCIAL ITEM,f,N,NO,N,NO,N,NO,N,NO,,N,NO,N,NO,N,NO,N,NO,X,NOT APPLICABLE,,,,,,,,NONE,NONE,,,,,N,TRANSACTION DOES NOT USE GFE/GFP,U,UNKNOWN,D,NOT CONSOLIDATED,X,NOT APPLICABLE,,,Z,NOT APPLICABLE,N,NO,X,NOT APPLICABLE,f,f,f,f,f,t,t,f,f,f,f,f,f,f,f,f,f,f,f,SMALL BUSINESS,S,f,f,f,f,f,f,f,f,f,f,f,f,f,f,f,f,f,PARTNERSHIP,f,f,t,f,f,f,f,f,f,f,f,f,f,f,f,f,f,t,f,f,f,f,f,f,f,f,t,f,t,f,f,f,f,f,f,f,f,f,f,f,f,f,f,f,f,t,f,f,f,f,,,,,,,,,,,https://www.usaspending.gov/award/CONT_AWD_W912EQ20P0005_9700_-NONE-_-NONE-/,2021-02-25 09:43:39+00
CONT_AWD_W912EQ20P0055_9700_-NONE-_-NONE-,W912EQ20P0055,,,,Q: Not Designated Nonemergency/Emergency/Disaster/Wildfire Suppression,,,,,41865.00,0.00,41865.00,41865.00,2020-08-31,2020,2020-08-31,2020,2020-08-31,2021-01-29,2021-01-29 00:00:00,,,097,Department of Defense,2100,Department of the Army,W912EQ,W07V ENDIST MEMPHIS,096,Corps of Engineers - Civil Works,96CE,U.S. Army Corps of Engineers - Civil Program Financing Only,966501,,096-X-4902-000,096-4902,31.0: Equipment,0803: INTRA-CORPS,X,NOT APPLICABLE,,,FJ5JYNRMKPQ9,041361883,OFFSHORE AVIATION LLC,OFFSHORE AVIATION LLC,,7VNZ6,FJ5JYNRMKPQ9,041361883,OFFSHORE AVIATION LLC,OFFSHORE AVIATION LLC,USA,UNITED STATES,6115 FEDERAL OAK DR,,SUNDERLAND,24009,CALVERT,24,MD,MARYLAND,206893033,MD-05,MD-05,2404620222,,USA,UNITED STATES,MEMPHIS,47157,SHELBY,47,TN,TENNESSEE,381031755,TN-09,TN-09,AWARD,B,PURCHASE ORDER,,,,,,,J,FIRM FIXED PRICE,OFF SHORE AV OA-B8 DRONE,,1,,,1550,UNMANNED AIRCRAFT,H,NOT BUNDLED,C9E,ALL OTHERS NOT IDENTIFIABLE TO ANY OTHER PROCUREMENT PROGRAM,336411,AIRCRAFT MANUFACTURING,C,NO CLAUSES INCLUDED AND NO SUSTAINABILITY INCLUDED,A,U.S. OWNED BUSINESS,000,NONE,Z,NOT IT PRODUCTS OR SERVICES,A,MEETS REQUIREMENTS,USA,UNITED STATES,D,MFG IN U.S.,B,PLAN NOT REQUIRED,C,NOT COMPETED,SSS,ONLY ONE SOURCE,NONE,NO SET ASIDE USED.,NONE,NO PREFERENCE USED,,,,,ONE,ONLY ONE SOURCE-OTHER (FAR 6.302-1 OTHER),1,A,COMMERCIAL ITEM,f,N,NO,N,NO,X,NOT APPLICABLE,N,NO,,N,NO,X,NOT APPLICABLE,X,NOT APPLICABLE,X,NOT APPLICABLE,X,NOT APPLICABLE,,,,,,,,NONE,NONE,,,,,N,TRANSACTION DOES NOT USE GFE/GFP,U,UNKNOWN,D,NOT CONSOLIDATED,X,NOT APPLICABLE,,,Z,NOT APPLICABLE,N,NO,X,NOT APPLICABLE,f,f,f,f,f,t,t,f,f,f,f,f,f,f,f,f,f,f,f,SMALL BUSINESS,S,f,f,f,f,f,f,f,f,f,f,f,f,f,f,f,f,f,PARTNERSHIP,f,f,t,f,f,f,f,f,f,f,f,f,f,f,f,f,f,t,f,f,f,f,f,f,f,f,t,f,t,f,f,f,f,f,f,f,f,f,f,f,f,f,f,f,f,t,f,f,f,f,,,,,,,,,,,https://www.usaspending.gov/award/CONT_AWD_W912EQ20P0055_9700_-NONE-_-NONE-/,2021-09-17 14:03:47+00
CONT_AWD_W912HZ19P0161_9700_-NONE-_-NONE-,W912HZ19P0161,,,,,,,,,6079.00,,6079.00,6079.00,2019-09-25,2019,2020-04-28,2020,2019-09-25,2019-10-30,2019-10-30 00:00:00,,,097,Department of Defense,2100,Department of the Army,W912HZ,W2R2 USA ENGR R & D CTR,097,Department of Defense,2100,Department of the Army,W81EWF,W2R2 USA ENGR R & D CTR,,,,,X,NOT APPLICABLE,,,X69EBAJ9F5E6,068854635,"3D ROBOTICS, INC.","3D ROBOTICS, INC.",,79R90,X69EBAJ9F5E6,068854635,"3D ROBOTICS, INC.",3D ROBOTICS  INC.,USA,UNITED STATES,1608 4TH ST STE 410,,BERKELEY,06001,ALAMEDA,06,CA,CALIFORNIA,947101749,CA-13,CA-12,8582251415,,USA,UNITED STATES,VICKSBURG,28149,WARREN,28,MS,MISSISSIPPI,391806199,MS-02,MS-02,AWARD,B,PURCHASE ORDER,,,,,,,J,FIRM FIXED PRICE,YUNEEC UAS AND THERMAL CAMERA  U430560,W912HZ19Q8603,1,OT,OTHER FUNCTIONS,1550,UNMANNED AIRCRAFT,H,NOT BUNDLED,C9E,ALL OTHERS NOT IDENTIFIABLE TO ANY OTHER PROCUREMENT PROGRAM,336411,AIRCRAFT MANUFACTURING,F,ENVIRONMENTALLY PREFERABLE,A,U.S. OWNED BUSINESS,000,NONE,Z,NOT IT PRODUCTS OR SERVICES,A,MEETS REQUIREMENTS,USA,UNITED STATES,D,MFG IN U.S.,B,PLAN NOT REQUIRED,G,NOT COMPETED UNDER SAP,SP1,SIMPLIFIED ACQUISITION,NONE,NO SET ASIDE USED.,NONE,NO PREFERENCE USED,,,,,SP2,SAP NON-COMPETITION (FAR 13),1,A,COMMERCIAL ITEM,f,N,NO,N,NO,X,NOT APPLICABLE,N,NO,,N,NO,X,NOT APPLICABLE,X,NOT APPLICABLE,X,NOT APPLICABLE,X,NOT APPLICABLE,,,,,,,,NONE,NONE,,,,,N,TRANSACTION DOES NOT USE GFE/GFP,U,UNKNOWN,D,NOT CONSOLIDATED,X,NOT APPLICABLE,,,Z,NOT APPLICABLE,N,NO,X,NOT APPLICABLE,f,f,f,f,f,f,f,f,f,f,f,f,f,f,f,f,f,f,f,SMALL BUSINESS,S,f,f,f,f,f,f,f,f,f,f,f,f,f,f,f,f,f,CORPORATE NOT TAX EXEMPT,t,f,f,f,f,f,f,f,f,f,f,f,t,f,f,f,f,t,f,f,f,f,f,f,f,f,f,f,t,f,f,f,f,f,f,f,f,f,f,f,f,f,f,f,f,f,f,f,f,f,,,,,,,,,,,https://www.usaspending.gov/award/CONT_AWD_W912HZ19P0161_9700_-NONE-_-NONE-/,2021-02-25 09:43:39+00
CONT_AWD_W912HZ20P0102_9700_-NONE-_-NONE-,W912HZ20P0102,,,,,,,,,128434.00,,128434.00,128434.00,2020-07-31,2020,2020-07-31,2020,2020-07-31,2020-08-28,2020-08-28 00:00:00,,,097,Department of Defense,2100,Department of the Army,W912HZ,W2R2 USA ENGR R & D CTR,097,Department of Defense,2100,Department of the Army,W81EWF,W2R2 USA ENGR R & D CTR,,,,,X,NOT APPLICABLE,,,J2FBDMUBXE61,117938311,SOLUTE,SOLUTE,,3CKJ0,J2FBDMUBXE61,117938311,SOLUTE,SOLUTE,USA,UNITED STATES,1660 HOTEL CIR N STE 600,,SAN DIEGO,06073,SAN DIEGO,06,CA,CALIFORNIA,921082806,CA-52,CA-51,6197589900,6197589910,USA,UNITED STATES,HUNTSVILLE,01089,MADISON,01,AL,ALABAMA,358050099,AL-05,AL-05,AWARD,B,PURCHASE ORDER,,,,,,,J,FIRM FIXED PRICE,HUGIN QUAD COPTER (UAS) U433F40,W912HZ13R2264,1,,,1550,UNMANNED AIRCRAFT,H,NOT BUNDLED,C9E,ALL OTHERS NOT IDENTIFIABLE TO ANY OTHER PROCUREMENT PROGRAM,336411,AIRCRAFT MANUFACTURING,C,NO CLAUSES INCLUDED AND NO SUSTAINABILITY INCLUDED,A,U.S. OWNED BUSINESS,000,NONE,Z,NOT IT PRODUCTS OR SERVICES,E,NOT REQUIRED,USA,UNITED STATES,D,MFG IN U.S.,B,PLAN NOT REQUIRED,G,NOT COMPETED UNDER SAP,SP1,SIMPLIFIED ACQUISITION,NONE,NO SET ASIDE USED.,NONE,NO PREFERENCE USED,,,,,SP2,SAP NON-COMPETITION (FAR 13),1,D,COMMERCIAL ITEM PROCEDURES NOT USED,f,N,NO,N,NO,Y,YES,N,NO,,N,NO,X,NOT APPLICABLE,X,NOT APPLICABLE,X,NOT APPLICABLE,A,ECONOMY ACT,,,,,,,,NONE,NONE,,,,,N,TRANSACTION DOES NOT USE GFE/GFP,U,UNKNOWN,D,NOT CONSOLIDATED,X,NOT APPLICABLE,,,Z,NOT APPLICABLE,N,NO,X,NOT APPLICABLE,f,f,f,f,f,t,t,f,f,f,f,f,f,f,f,f,f,f,f,SMALL BUSINESS,S,f,f,f,f,f,f,f,f,f,f,f,f,f,f,f,f,f,CORPORATE NOT TAX EXEMPT,t,f,f,f,f,f,f,f,f,f,f,f,f,f,f,f,f,t,f,f,f,f,f,f,f,t,f,f,t,f,f,f,f,f,f,f,f,f,f,f,f,f,f,f,f,f,f,f,f,f,,,,,,,,,,,https://www.usaspending.gov/award/CONT_AWD_W912HZ20P0102_9700_-NONE-_-NONE-/,2021-02-24 10:39:16+00
CONT_AWD_W91B4N20P0018_9700_-NONE-_-NONE-,W91B4N20P0018,,,,,,,,,0.00,,0.00,0.00,2020-09-23,2020,2021-01-09,2021,2020-09-21,2020-10-20,2020-10-20 00:00:00,,,097,Department of Defense,2100,Department of the Army,W91B4N,0408 AQ HQ     KUWAIT,097,Department of Defense,2100,Department of the Army,W90ZEL,0000 HQ HSC    TF BIO RC NORTH,,,,,X,NOT APPLICABLE,,,NN2NGPDNCK23,790238851,FOREIGN AWARDEES (UNDISCLOSED),FOREIGN AWARDEES (UNDISCLOSED),,3JEV3,NN2NGPDNCK23,790238851,FOREIGN AWARDEES (UNDISCLOSED),FOREIGN CONTRACTOR (UNDISCLOSED),USA,UNITED STATES,1800 F ST NW,,WASHINGTON,11001,DISTRICT OF COLUMBIA,11,DC,DISTRICT OF COLUMBIA,204050001,,DC-98,2022159767,,AFG,AFGHANISTAN,,,,,,,,,,AWARD,B,PURCHASE ORDER,,,,,,,J,FIRM FIXED PRICE,BAF USFOR-A DRONES,,1,OT,OTHER FUNCTIONS,1550,UNMANNED AIRCRAFT,H,NOT BUNDLED,C9E,ALL OTHERS NOT IDENTIFIABLE TO ANY OTHER PROCUREMENT PROGRAM,336411,AIRCRAFT MANUFACTURING,C,NO CLAUSES INCLUDED AND NO SUSTAINABILITY INCLUDED,D,FOREIGN-OWNED BUSINESS NOT INCORPORATED IN THE U.S.,000,NONE,Z,NOT IT PRODUCTS OR SERVICES,A,MEETS REQUIREMENTS,CHN,CHINA,J,MFG OUTSIDE U.S. - DOMESTIC NONAVAILABILITY,B,PLAN NOT REQUIRED,F,COMPETED UNDER SAP,SP1,SIMPLIFIED ACQUISITION,NONE,NO SET ASIDE USED.,NONE,NO PREFERENCE USED,,,,,,,14,A,COMMERCIAL ITEM,f,N,NO,N,NO,X,NOT APPLICABLE,N,NO,,N,NO,X,NOT APPLICABLE,X,NOT APPLICABLE,X,NOT APPLICABLE,X,NOT APPLICABLE,,,,,,,,O15F,OPERATION FREEDOM'S SENTINEL (OFS),,,,,N,TRANSACTION DOES NOT USE GFE/GFP,N,NO,D,NOT CONSOLIDATED,X,NOT APPLICABLE,,,Z,NOT APPLICABLE,N,NO,A,CONTINGENCY OPERATION AS DEFINED IN 10 U.S.C. 101(A)(13),f,f,f,f,f,f,f,f,f,f,f,f,f,f,f,f,f,f,f,OTHER THAN SMALL BUSINESS,O,f,f,f,f,f,f,f,f,f,f,f,f,f,f,f,f,f,OTHER,f,f,f,f,f,f,f,f,f,f,f,f,f,f,f,f,f,t,f,f,f,f,f,f,f,f,f,f,t,f,f,f,f,f,f,f,f,f,f,f,f,f,f,f,f,f,f,f,f,f,,,,,,,,,,,https://www.usaspending.gov/award/CONT_AWD_W91B4N20P0018_9700_-NONE-_-NONE-/,2021-08-20 18:09:44+00
CONT_AWD_W91CRB19P5005_9700_-NONE-_-NONE-,W91CRB19P5005,,,,,,,,,1328150.00,,1328150.00,1328150.00,2018-12-20,2019,2022-10-20,2023,2018-12-20,2021-04-08,2021-04-08 12:04:00,,2018-07-09,097,Department of Defense,2100,Department of the Army,W91CRB,W6QK ACC-APG,097,Department of Defense,2100,Department of the Army,W56RTN,W4GV USA HQ COMM ELECT CMD,,,,,A,FOREIGN FUNDS FMS,,,D42URPPT78C4,,"TCI INTERNATIONAL, INC","TCI INTERNATIONAL, INC.",,3D4W4,MFJ8MWLKMSP2,,SPX CORPORATION,SPX CORPORATION,USA,UNITED STATES,3541 GATEWAY BLVD,,FREMONT,06001,ALAMEDA,06,CA,CALIFORNIA,945386585,CA-17,CA-17,5106876215,5106876101,USA,UNITED STATES,FREMONT,06001,ALAMEDA,06,CA,CALIFORNIA,945387334,CA-17,CA-17,AWARD,B,PURCHASE ORDER,,,,,,,J,FIRM FIXED PRICE,"THIS IS A SOLE SOURCE REQUIREMENT FOR THE COUNTRY OF POLAND UNDER FMS CASE AE18091,PL-B-UCU FOR THE FOLLOWING ITEMS: -802C WIDEBAND HF DF SYSTEM -802C SYSTEM SPARE PARTS -BLACKBIRD DRONE DETECTION SOFTWARE BUNDLE -IN COUNTRY INSTALLATION SUPPORT SERVICES",W91CRB18R5036,1,,,1550,UNMANNED AIRCRAFT,H,NOT BUNDLED,A7,ELECTRONICS AND COMMUNICATION EQUIPMENT,336411,AIRCRAFT MANUFACTURING,C,NO CLAUSES INCLUDED AND NO SUSTAINABILITY INCLUDED,A,U.S. OWNED BUSINESS,000,NONE,Z,NOT IT PRODUCTS OR SERVICES,E,NOT REQUIRED,USA,UNITED STATES,D,MFG IN U.S.,B,PLAN NOT REQUIRED,C,NOT COMPETED,SSS,ONLY ONE SOURCE,NONE,NO SET ASIDE USED.,NONE,NO PREFERENCE USED,,,,,ONE,ONLY ONE SOURCE-OTHER (FAR 6.302-1 OTHER),1,A,COMMERCIAL PRODUCTS/SERVICES,f,N,NO,N,NO,N,NO,N,NO,,N,NO,N,NO,N,NO,N,NO,X,NOT APPLICABLE,,,,,,,,NONE,NONE,,,,,N,TRANSACTION DOES NOT USE GFE/GFP,N,NO,D,NOT CONSOLIDATED,X,NOT APPLICABLE,,,Z,NOT APPLICABLE,N,NO,X,NOT APPLICABLE,f,f,f,f,f,f,f,f,f,f,f,f,f,f,f,f,f,f,f,OTHER THAN SMALL BUSINESS,O,f,f,f,f,f,f,f,f,f,f,f,f,f,f,f,f,f,CORPORATE NOT TAX EXEMPT,t,f,f,f,f,f,f,f,f,f,f,f,t,f,f,f,f,t,f,f,f,f,f,f,f,f,f,f,t,f,f,f,f,f,f,f,f,f,f,f,f,f,f,f,f,f,f,f,f,f,,,,,,,,,,,https://www.usaspending.gov/award/CONT_AWD_W91CRB19P5005_9700_-NONE-_-NONE-/,2022-10-20 13:41:55+00
CONT_IDV_12024B20A0002_12C2,12024B20A0002,,,,,,,,,0.00,,,4000000.00,2020-05-21,2020,2026-04-10,2026,2020-05-21,,,2026-09-30,,012,Department of Agriculture,12C2,Forest Service,12024B,USDA FOREST SERVICE,012,Department of Agriculture,12C2,Forest Service,12024B,USDA FOREST SERVICE,,,,,X,NOT APPLICABLE,,,WNCJRXEDXB16,,DRONE AMPLIFIED INC,"DRONE AMPLIFIED, INC.",,7HDU7,WNCJRXEDXB16,,DRONE AMPLIFIED INC,DRONE AMPLIFIED INC,USA,UNITED STATES,1811 S PERSHING RD,,LINCOLN,31109,LANCASTER,31,NE,NEBRASKA,685024840,NE-01,NE-01,5313332828,,,,,,,,,,,,,IDV,,,E,BPA,S,SINGLE AWARD,,,J,FIRM FIXED PRICE,IGNIS 2 SYSTEM&PARTS,SN-2020-1,,,,1550,UNMANNED AIRCRAFT,H,NOT BUNDLED,,,336413,OTHER AIRCRAFT PARTS AND AUXILIARY EQUIPMENT MANUFACTURING,,,A,U.S. OWNED BUSINESS,,,,,,,,,,,,,,,,,,,,,,,,,,,,A,COMMERCIAL PRODUCTS/SERVICES,f,,,N,NO,Y,YES,,,,N,NO,N,NO,N,NO,X,NOT APPLICABLE,X,NOT APPLICABLE,,,,,,,,,,,,X,NOT APPLICABLE EXEMPT FROM CAS,N,TRANSACTION DOES NOT USE GFE/GFP,,,D,NOT CONSOLIDATED,X,NOT APPLICABLE,,,,,,,X,NOT APPLICABLE,f,f,f,f,f,f,f,f,f,f,f,f,f,f,f,f,f,f,f,SMALL BUSINESS,S,f,f,f,f,f,f,f,f,f,f,f,f,f,f,f,f,f,CORPORATE NOT TAX EXEMPT,t,f,f,f,f,f,f,f,f,f,f,f,t,f,f,f,f,t,f,f,f,f,f,f,f,f,f,f,t,f,f,f,f,f,f,f,f,f,f,f,f,f,f,f,f,f,f,f,f,f,,,,,,,,,,,https://www.usaspending.gov/award/CONT_IDV_12024B20A0002_12C2/,2026-04-10 14:20:06+00
CONT_IDV_140D8018D0055_1406,140D8018D0055,,,,,,,,,0.00,,,619270.50,2018-02-21,2018,2023-01-06,2023,2018-02-21,,,2019-02-20,,014,Department of the Interior,1406,Departmental Offices,140D04,IBC ACQ SVCS DIRECTORATE (00004),014,Department of the Interior,1406,Departmental Offices,140D82,OFFICE OF AVIATION SERVICES (00082),,,,,X,NOT APPLICABLE,,,LV1FMQQDDNK5,,"BIRDSEYEVIEW AEROBOTICS, INC.","BIRDSEYEVIEW AEROBOTICS, LLC",,7CXW3,LV1FMQQDDNK5,,"BIRDSEYEVIEW AEROBOTICS, INC.",BIRDSEYEVIEW LLC,USA,UNITED STATES,926 ROUTE 114,,BRADFORD,33013,MERRIMACK,33,NH,NEW HAMPSHIRE,032216218,NH-02,NH-02,6033067810,,,,,,,,,,,,,IDV,,,B,IDC,S,SINGLE AWARD,B,INDEFINITE DELIVERY / INDEFINITE QUANTITY,J,FIRM FIXED PRICE,FIXED WING VERTICAL TAKE-OFF AND LANDING (VTOL) UNMANNED AERIAL SYSTEM (UAS).,140D8018R0003,,OT,OTHER FUNCTIONS,1550,UNMANNED AIRCRAFT,H,NOT BUNDLED,,,336413,OTHER AIRCRAFT PARTS AND AUXILIARY EQUIPMENT MANUFACTURING,C,NO CLAUSES INCLUDED AND NO SUSTAINABILITY INCLUDED,A,U.S. OWNED BUSINESS,,,,,,,,,,,B,PLAN NOT REQUIRED,F,COMPETED UNDER SAP,SP1,SIMPLIFIED ACQUISITION,SBA,SMALL BUSINESS SET ASIDE - TOTAL,NONE,NO PREFERENCE USED,,,,,,,6,A,COMMERCIAL PRODUCTS/SERVICES,f,Y,YES,N,NO,Y,YES,N,NO,,N,NO,X,NOT APPLICABLE,X,NOT APPLICABLE,X,NOT APPLICABLE,X,NOT APPLICABLE,,,,,,,,NONE,NONE,N,NO,X,NOT APPLICABLE EXEMPT FROM CAS,N,TRANSACTION DOES NOT USE GFE/GFP,,,D,NOT CONSOLIDATED,X,NOT APPLICABLE,N,NO,,,,,X,NOT APPLICABLE,f,f,f,f,f,f,f,f,f,f,f,f,f,f,f,f,f,f,f,SMALL BUSINESS,S,f,f,f,f,f,f,f,f,f,f,f,f,f,f,f,f,f,SOLE PROPRIETORSHIP,f,f,f,t,f,f,f,f,f,f,f,f,t,f,f,f,f,t,f,f,f,f,f,f,f,f,f,f,t,f,f,f,f,f,f,f,f,f,f,f,f,f,f,f,f,f,f,f,f,f,,,,,,,,,,,https://www.usaspending.gov/award/CONT_IDV_140D8018D0055_1406/,2023-01-06 11:09:37+00
CONT_IDV_47QSWA18D0008_4732,47QSWA18D0008,,,,,,,,,0.00,,,500000.00,2017-10-20,2018,2022-07-21,2022,2017-10-20,,,2022-10-19,,047,General Services Administration,4732,Federal Acquisition Service,47QSWA,"GSA/FAS SCIENTFC,TEMP SVCS,ADINT",047,General Services Administration,4732,Federal Acquisition Service,47QSWA,"GSA/FAS SCIENTFC,TEMP SVCS,ADINT",,,,,X,NOT APPLICABLE,,,FRYJKTY8C248,,"TELEDYNE FLIR DETECTION, INC.",ALTAVIAN INC.,,6F8P3,F11UCKNJJHX8,,"TELEDYNE FLIR, LLC",ALTAVIAN INC.,USA,UNITED STATES,606 SE DEPOT AVE,,GAINESVILLE,12001,ALACHUA,12,FL,FLORIDA,326017085,FL-03,FL-03,3522466346,8553258284,,,,,,,,,,,,IDV,,,C,FSS,M,MULTIPLE AWARD,,,K,FIXED PRICE WITH ECONOMIC PRICE ADJUSTMENT,FEDERAL SUPPLY SCHEDULE CONTRACT,7FCB-C4-070066-B,,,,1550,UNMANNED AIRCRAFT,H,NOT BUNDLED,,,336411,AIRCRAFT MANUFACTURING,,,A,U.S. OWNED BUSINESS,,,,,,,,,,,B,PLAN NOT REQUIRED,A,FULL AND OPEN COMPETITION,NP,NEGOTIATED PROPOSAL/QUOTE,NONE,NO SET ASIDE USED.,NONE,NO PREFERENCE USED,,,,,,,999,A,COMMERCIAL PRODUCTS/SERVICES,f,N,NO,N,NO,Y,YES,N,NO,,N,NO,X,NOT APPLICABLE,X,NOT APPLICABLE,X,NOT APPLICABLE,X,NOT APPLICABLE,,,,,,,,NONE,NONE,,,X,NOT APPLICABLE EXEMPT FROM CAS,N,TRANSACTION DOES NOT USE GFE/GFP,,,D,NOT CONSOLIDATED,X,NOT APPLICABLE,,,,,,,,,f,f,f,f,f,f,f,f,f,f,f,f,f,f,f,f,f,f,f,SMALL BUSINESS,S,f,f,f,f,f,f,f,f,f,f,f,f,f,f,f,f,f,CORPORATE NOT TAX EXEMPT,t,f,f,f,f,f,f,f,f,f,f,f,t,f,f,f,f,t,f,f,f,f,f,f,f,f,f,f,t,f,f,f,f,f,f,f,f,f,f,f,f,f,f,f,f,t,f,f,f,f,,,,,,,,,,,https://www.usaspending.gov/award/CONT_IDV_47QSWA18D0008_4732/,2022-07-21 15:34:46+00
CONT_IDV_47QSWA18D006U_4732,47QSWA18D006U,,,,,,,,,0.00,,,500000.00,2018-07-19,2018,2020-09-15,2020,2018-07-23,,,2023-07-22,,047,General Services Administration,4732,Federal Acquisition Service,47QSWA,"GSA/FAS SCIENTFC,TEMP SVCS,ADINT",047,General Services Administration,4732,Federal Acquisition Service,47QSWA,"GSA/FAS SCIENTFC,TEMP SVCS,ADINT",,,,,X,NOT APPLICABLE,,,NE4LCFKM1T44,,"QUIET PROFESSIONALS, LLC","QUIET PROFESSIONALS, LLC",,58LL9,NE4LCFKM1T44,,"QUIET PROFESSIONALS, LLC",PERCEPTION IR  LLC,USA,UNITED STATES,"2701 NORTH ROCKY POINT DRIVE, SUITE 175",,TAMPA,12057,HILLSBOROUGH,12,FL,FLORIDA,336075998,FL-14,FL-14,8139023557,8139023807,,,,,,,,,,,,IDV,,,C,FSS,M,MULTIPLE AWARD,,,K,FIXED PRICE WITH ECONOMIC PRICE ADJUSTMENT,FEDERAL SUPPLY SCHEDULE CONTRACT,7FCB-C4-070066-B,,,,1550,UNMANNED AIRCRAFT,H,NOT BUNDLED,,,336411,AIRCRAFT MANUFACTURING,,,A,U.S. OWNED BUSINESS,,,,,,,,,,,B,PLAN NOT REQUIRED,A,FULL AND OPEN COMPETITION,NP,NEGOTIATED PROPOSAL/QUOTE,NONE,NO SET ASIDE USED.,NONE,NO PREFERENCE USED,,,,,,,999,A,COMMERCIAL ITEM,f,N,NO,N,NO,Y,YES,N,NO,,N,NO,X,NOT APPLICABLE,X,NOT APPLICABLE,X,NOT APPLICABLE,B,OTHER STATUTORY AUTHORITY,41 USC 259,,,,,,,NONE,NONE,,,X,NOT APPLICABLE EXEMPT FROM CAS,N,TRANSACTION DOES NOT USE GFE/GFP,,,D,NOT CONSOLIDATED,X,NOT APPLICABLE,,,,,,,,,f,f,f,f,f,t,t,f,f,f,f,f,f,f,f,f,f,f,f,SMALL BUSINESS,S,f,f,f,f,f,f,f,f,f,f,f,f,f,f,f,f,f,CORPORATE NOT TAX EXEMPT,t,f,f,f,f,f,f,f,f,f,f,f,f,f,f,f,f,t,f,f,f,f,f,f,f,t,f,f,t,f,f,f,f,f,f,f,f,f,f,f,f,f,f,f,f,f,f,f,f,f,ANDREW  WILSON,425000.00,LEO  KRYSZEWSKI,203000.00,PAUL  BOVA,200000.00,MALACHI  KEDDINGTON,192850.00,CINDY  WILSON,150000.00,https://www.usaspending.gov/award/CONT_IDV_47QSWA18D006U_4732/,2022-10-05 12:59:27+00
CONT_IDV_47QSWA20D0007_4732,47QSWA20D0007,,,,,,,,,0.00,,,500000.00,2019-10-10,2020,2026-06-05,2026,2019-10-10,,,2029-10-09,2019-06-13,047,General Services Administration,4732,Federal Acquisition Service,47QRAA,GSA/FAS/PSHC/PROF SRVCS SCHED-PSS,047,General Services Administration,4732,Federal Acquisition Service,47QRAA,GSA/FAS/PSHC/PROF SRVCS SCHED-PSS,,,,,X,NOT APPLICABLE,,,TEE9AK3PRXJ7,,CSMI LLC,CSMI LLC,,43WK0,TEE9AK3PRXJ7,,CSMI LLC,CSMI LLC,USA,UNITED STATES,14 STILES RD,STE 201,SALEM,33015,ROCKINGHAM,33,NH,NEW HAMPSHIRE,030792883,NH-02,NH-02,9789899460,9789899465,,,,,,,,,,,,IDV,,,C,FSS,M,MULTIPLE AWARD,,,K,FIXED PRICE WITH ECONOMIC PRICE ADJUSTMENT,FEDERAL SUPPLY SCHEDULE CONTRACT,7FCB-C4-070066-B,,,,1550,UNMANNED AIRCRAFT,H,NOT BUNDLED,,,541690,OTHER SCIENTIFIC AND TECHNICAL CONSULTING SERVICES,,,A,U.S. OWNED BUSINESS,,,,,,,,,,,B,PLAN NOT REQUIRED,A,FULL AND OPEN COMPETITION,NP,NEGOTIATED PROPOSAL/QUOTE,NONE,NO SET ASIDE USED.,NONE,NO PREFERENCE USED,,,,,,,999,A,COMMERCIAL PRODUCTS/SERVICES,f,N,NO,N,NO,Y,YES,N,NO,,N,NO,X,NOT APPLICABLE,X,NOT APPLICABLE,X,NOT APPLICABLE,X,NOT APPLICABLE,,,,,,,,,,,,X,NOT APPLICABLE EXEMPT FROM CAS,N,TRANSACTION DOES NOT USE GFE/GFP,,,D,NOT CONSOLIDATED,X,NOT APPLICABLE,,,,,,,,,f,f,f,f,f,t,t,f,f,f,f,f,f,f,f,f,f,f,f,SMALL BUSINESS,S,f,f,f,f,f,f,f,f,f,f,f,f,f,f,f,f,f,PARTNERSHIP,f,f,t,f,f,f,f,f,f,f,f,f,f,f,f,f,f,t,f,f,f,f,f,f,f,f,t,f,t,f,f,f,f,f,f,f,f,f,f,f,f,f,f,f,f,f,f,f,f,f,,,,,,,,,,,https://www.usaspending.gov/award/CONT_IDV_47QSWA20D0007_4732/,2026-06-05 16:42:22+00
CONT_IDV_47QSWA20D002F_4732,47QSWA20D002F,,,,,,,,,0.00,,,500000.00,2019-12-11,2020,2026-09-10,2026,2019-12-11,,,2029-12-10,2019-06-13,047,General Services Administration,4732,Federal Acquisition Service,47QSMS,"GSA/FAS/GSS/QSCA, MULTIPLE AWARD SCHEDULE CONTRACTING DIVISION",047,General Services Administration,4732,Federal Acquisition Service,47QSMS,"GSA/FAS/GSS/QSCA, MULTIPLE AWARD SCHEDULE CONTRACTING DIVISION",,,,,X,NOT APPLICABLE,,,GNGWXM39K171,,"RED SIX SOLUTIONS, LLC","RED SIX SOLUTIONS, LLC",,6LZJ9,GNGWXM39K171,,"RED SIX SOLUTIONS, LLC",RED SIX SOLUTIONS  LLC,USA,UNITED STATES,4861 TESLA DR,,BOWIE,24033,PRINCE GEORGE'S,24,MD,MARYLAND,207154318,MD-05,MD-05,8455218359,4106471907,,,,,,,,,,,,IDV,,,C,FSS,M,MULTIPLE AWARD,,,K,FIXED PRICE WITH ECONOMIC PRICE ADJUSTMENT,FEDERAL SUPPLY SCHEDULE CONTRACT,7FCB-C4-070066-B,,,,1550,UNMANNED AIRCRAFT,H,NOT BUNDLED,,,336411,AIRCRAFT MANUFACTURING,,,A,U.S. OWNED BUSINESS,,,,,,,,,,,B,PLAN NOT REQUIRED,A,FULL AND OPEN COMPETITION,NP,NEGOTIATED PROPOSAL/QUOTE,NONE,NO SET ASIDE USED.,NONE,NO PREFERENCE USED,,,,,,,999,A,COMMERCIAL PRODUCTS/SERVICES,f,N,NO,N,NO,Y,YES,N,NO,,N,NO,X,NOT APPLICABLE,X,NOT APPLICABLE,X,NOT APPLICABLE,X,NOT APPLICABLE,,,,,,,,,,,,X,NOT APPLICABLE EXEMPT FROM CAS,N,TRANSACTION DOES NOT USE GFE/GFP,,,D,NOT CONSOLIDATED,X,NOT APPLICABLE,,,,,,,,,f,f,f,f,f,t,t,f,f,f,f,f,f,f,f,f,f,f,f,SMALL BUSINESS,S,f,f,f,f,f,f,f,f,f,f,f,f,f,f,f,f,f,CORPORATE NOT TAX EXEMPT,t,f,f,f,f,f,f,f,f,f,f,f,f,f,f,f,f,t,f,f,f,f,f,f,f,t,f,f,t,f,f,f,f,f,f,f,f,f,f,f,f,f,f,f,f,t,f,f,f,f,RICHARD  SAWCHAK,917944.00,TERRY  BENEDICT,562621.00,DANIEL  MUSE,454863.00,DAVID  HEARDING,434228.00,DAVID  METEYER,429909.00,https://www.usaspending.gov/award/CONT_IDV_47QSWA20D002F_4732/,2026-09-10 12:42:53+00
CONT_IDV_6973GH19A00015_6920,6973GH19A00015,,,,,,,,,0.00,,,3201883.29,2019-09-27,2019,2023-01-09,2023,2019-09-27,,,2024-09-29,,069,Department of Transportation,6920,Federal Aviation Administration,6973GH,6973GH FRANCHISE ACQUISITION SVCS,069,Department of Transportation,6920,Federal Aviation Administration,6973GH,6973GH FRANCHISE ACQUISITION SVCS,,,,,X,NOT APPLICABLE,,,YJG1MDHLBC88,,"AEROVIRONMENT, INC.","AEROVIRONMENT, INC.",,914V0,YJG1MDHLBC88,,"AEROVIRONMENT, INC.",AEROVIRONMENT  INC.,USA,UNITED STATES,900 INNOVATORS WAY,,SIMI VALLEY,06111,VENTURA,06,CA,CALIFORNIA,930652072,CA-08,CA-26,8055208350,8055262565,,,,,,,,,,,,IDV,,,E,BPA,S,SINGLE AWARD,,,J,FIRM FIXED PRICE,"REQUIREMENT TO SET UP BPA FOR SMALL UNMANNED AIRCRAFT SYSTEMS (SUAS) PARTS. ITEMS TO BE DIRECT SHIPPED TO FAA FACILITIES. CALL ORDERS WILL BE E-MAILED TO THE VENDOR. NO CALL ORDER WILL EXCEED $550,000.00.",,,OT,OTHER FUNCTIONS,1550,UNMANNED AIRCRAFT,H,NOT BUNDLED,,,336413,OTHER AIRCRAFT PARTS AND AUXILIARY EQUIPMENT MANUFACTURING,,,A,U.S. OWNED BUSINESS,,,,,,,,,,,,,,,,,,,,,,,,,,,,B,PRODUCTS OR SERVICES PURSUANT TO FAR 12.102(F),f,,,N,NO,,,,,,N,NO,X,NOT APPLICABLE,Y,YES,X,NOT APPLICABLE,X,NOT APPLICABLE,,,,,,,,NONE,NONE,,,X,NOT APPLICABLE EXEMPT FROM CAS,N,TRANSACTION DOES NOT USE GFE/GFP,,,D,NOT CONSOLIDATED,X,NOT APPLICABLE,,,,,,,X,NOT APPLICABLE,f,f,f,f,f,f,f,f,f,f,f,f,f,f,f,f,f,f,f,OTHER THAN SMALL BUSINESS,O,f,f,f,f,f,f,f,f,f,f,f,f,f,f,f,f,f,CORPORATE NOT TAX EXEMPT,t,f,f,f,f,f,f,f,f,f,f,f,t,f,f,f,f,t,f,f,f,f,f,f,f,f,f,f,t,f,f,f,f,f,f,f,f,f,f,f,f,f,f,f,f,f,f,f,f,f,,,,,,,,,,,https://www.usaspending.gov/award/CONT_IDV_6973GH19A00015_6920/,2023-01-09 10:50:51+00
CONT_IDV_FA489018D0010_9700,FA489018D0010,,,,,,,,,0.00,,,18000000.00,2018-09-30,2018,2023-02-16,2023,2018-09-29,,,2023-09-24,,097,Department of Defense,5700,Department of the Air Force,FA4890,FA4890  HQ ACC AMIC,097,Department of Defense,5700,Department of the Air Force,F2QF04,F2QF04  HQ ACC AMIC  DRR,,,,,X,NOT APPLICABLE,,,YJG1MDHLBC88,,"AEROVIRONMENT, INC.","AEROVIRONMENT, INC.",,914V0,YJG1MDHLBC88,,"AEROVIRONMENT, INC.",AEROVIRONMENT  INC.,USA,UNITED STATES,900 INNOVATORS WAY,,SIMI VALLEY,06111,VENTURA,06,CA,CALIFORNIA,930652072,CA-26,CA-26,8055208350,8055262565,,,,,,,,,,,,IDV,,,B,IDC,S,SINGLE AWARD,B,INDEFINITE DELIVERY / INDEFINITE QUANTITY,J,FIRM FIXED PRICE,SOUTHCOM RAVEN SUAS IDIQ,FA489018R0034,,OT,OTHER FUNCTIONS,1550,UNMANNED AIRCRAFT,H,NOT BUNDLED,A1B,AIRCRAFT ENGINES AND SPARES,336411,AIRCRAFT MANUFACTURING,C,NO CLAUSES INCLUDED AND NO SUSTAINABILITY INCLUDED,A,U.S. OWNED BUSINESS,,,,,,,,,,,B,PLAN NOT REQUIRED,C,NOT COMPETED,SSS,ONLY ONE SOURCE,NONE,NO SET ASIDE USED.,NONE,NO PREFERENCE USED,,,,,ONE,ONLY ONE SOURCE-OTHER (FAR 6.302-1 OTHER),1,A,COMMERCIAL PRODUCTS/SERVICES,f,N,NO,N,NO,X,NOT APPLICABLE,N,NO,,N,NO,X,NOT APPLICABLE,X,NOT APPLICABLE,X,NOT APPLICABLE,X,NOT APPLICABLE,,,,,,,,NONE,NONE,N,NO,X,NOT APPLICABLE EXEMPT FROM CAS,N,TRANSACTION DOES NOT USE GFE/GFP,U,UNKNOWN,D,NOT CONSOLIDATED,X,NOT APPLICABLE,Y,YES,,,,,X,NOT APPLICABLE,f,f,f,f,f,f,f,f,f,f,f,f,f,f,f,f,f,f,f,SMALL BUSINESS,S,f,f,f,f,f,f,f,f,f,f,f,f,f,f,f,f,f,CORPORATE NOT TAX EXEMPT,t,f,f,f,f,f,f,f,f,f,f,f,t,f,f,f,f,t,f,f,f,f,f,f,f,f,f,f,t,f,f,f,f,f,f,f,f,f,f,f,f,f,f,f,f,f,f,f,f,f,,,,,,,,,,,https://www.usaspending.gov/award/CONT_IDV_FA489018D0010_9700/,2023-02-16 15:09:48+00
CONT_IDV_FA862017D2000_9700,FA862017D2000,,,,,,,,,0.00,,,550000000.00,2017-03-30,2017,2025-07-29,2025,2017-03-30,,,2022-09-20,,097,Department of Defense,5700,Department of the Air Force,FA8689,FA8689  AFLCMC WIIK        UAS,097,Department of Defense,5700,Department of the Air Force,F4FDAC,F4FDAC AFLCMC MAUS DIVISION WII,,,,,X,NOT APPLICABLE,,,ZH4NVFG3Z526,,"GENERAL ATOMICS AERONAUTICAL SYSTEMS, INC.","GENERAL ATOMICS AERONAUTICAL SYSTEMS, INC.",US GOV GA AERONAUTICAL UAV,0YJB5,ZH4NVFG3Z526,,"GENERAL ATOMICS AERONAUTICAL SYSTEMS, INC.",GENERAL ATOMIC TECHNOLOGIES CORPORATION,USA,UNITED STATES,14200 KIRKHAM WAY,,POWAY,06073,SAN DIEGO,06,CA,CALIFORNIA,920647103,CA-48,CA-48,8585256018,,,,,,,,,,,,,IDV,,,B,IDC,S,SINGLE AWARD,B,INDEFINITE DELIVERY / INDEFINITE QUANTITY,J,FIRM FIXED PRICE,"ACAT I, AFLCMC, MQ-9 TME",,,,,1550,UNMANNED AIRCRAFT,H,NOT BUNDLED,A1C,OTHER AIRCRAFT EQUIPMENT,336411,AIRCRAFT MANUFACTURING,C,NO CLAUSES INCLUDED AND NO SUSTAINABILITY INCLUDED,A,U.S. OWNED BUSINESS,,,,,,,,,,,B,PLAN NOT REQUIRED,C,NOT COMPETED,SSS,ONLY ONE SOURCE,NONE,NO SET ASIDE USED.,NONE,NO PREFERENCE USED,,,,,FOC,FOLLOW-ON CONTRACT (FAR 6.302-1(A)(2)(II/III)),1,D,COMMERCIAL PRODUCTS/SERVICES PROCEDURES NOT USED,f,N,NO,N,NO,X,NOT APPLICABLE,N,NO,,N,NO,X,NOT APPLICABLE,X,NOT APPLICABLE,X,NOT APPLICABLE,X,NOT APPLICABLE,,,,,,,,,,N,NO,Y,YES - CAS CLAUSE INCLUDED,N,TRANSACTION DOES NOT USE GFE/GFP,U,UNKNOWN,D,NOT CONSOLIDATED,X,NOT APPLICABLE,N,NO,,,,,X,NOT APPLICABLE,f,f,f,f,f,f,f,f,f,f,f,f,f,f,f,f,f,f,f,OTHER THAN SMALL BUSINESS,O,f,f,f,f,f,f,f,f,f,f,f,f,f,f,f,f,f,CORPORATE NOT TAX EXEMPT,t,f,f,f,f,f,f,f,f,f,f,f,f,f,f,f,f,t,f,f,f,f,f,f,f,f,f,f,t,f,f,f,f,f,f,f,f,f,f,f,f,f,f,f,f,f,f,f,f,f,JAMES N BLUE,3276593.00,LINDEN P BLUE,2771930.00,DAVID R ALEXANDER,2537917.00,BARTON B ROPER,1220781.00,FRED  DARLINGTON,1169891.00,https://www.usaspending.gov/award/CONT_IDV_FA862017D2000_9700/,2025-07-30 11:46:42+00
CONT_IDV_FA868920D2020_9700,FA868920D2020,,,,,,,,,0.00,,,7462000000.00,2020-09-16,2020,2026-06-10,2026,2020-09-20,,,2025-09-20,2019-04-02,097,Department of Defense,5700,Department of the Air Force,FA8689,FA8689  AFLCMC WIIK        UAS,097,Department of Defense,5700,Department of the Air Force,F4FDAG,F4FDAG AFLCMC WI SHARED,,,,,X,NOT APPLICABLE,,,ZH4NVFG3Z526,,"GENERAL ATOMICS AERONAUTICAL SYSTEMS, INC.","GENERAL ATOMICS AERONAUTICAL SYSTEMS, INC.",US GOV GA AERONAUTICAL UAV,0YJB5,ZH4NVFG3Z526,,"GENERAL ATOMICS AERONAUTICAL SYSTEMS, INC.",GENERAL ATOMIC TECHNOLOGIES CORPORATION,USA,UNITED STATES,14200 KIRKHAM WAY,,POWAY,06073,SAN DIEGO,06,CA,CALIFORNIA,920647103,CA-48,CA-48,8583124327,,,,,,,,,,,,,IDV,,,B,IDC,S,SINGLE AWARD,B,INDEFINITE DELIVERY / INDEFINITE QUANTITY,L,FIXED PRICE INCENTIVE,MQ-9 AGILE REAPER ENTERPRISE SOLUTION (ARES) IDIQ,,,,,1550,UNMANNED AIRCRAFT,H,NOT BUNDLED,A1A,AIRFRAMES AND SPARES,336411,AIRCRAFT MANUFACTURING,C,NO CLAUSES INCLUDED AND NO SUSTAINABILITY INCLUDED,A,U.S. OWNED BUSINESS,,,,,,,,,,,F,INDIVIDUAL SUBCONTRACT PLAN,C,NOT COMPETED,SSS,ONLY ONE SOURCE,NONE,NO SET ASIDE USED.,NONE,NO PREFERENCE USED,,,,,NS,NATIONAL SECURITY (FAR 6.302-6),1,D,COMMERCIAL PRODUCTS/SERVICES PROCEDURES NOT USED,f,N,NO,N,NO,X,NOT APPLICABLE,N,NO,,N,NO,X,NOT APPLICABLE,X,NOT APPLICABLE,X,NOT APPLICABLE,X,NOT APPLICABLE,,,,,,,,,,N,NO,X,NOT APPLICABLE EXEMPT FROM CAS,N,TRANSACTION DOES NOT USE GFE/GFP,U,UNKNOWN,D,NOT CONSOLIDATED,X,NOT APPLICABLE,N,NO,,,,,X,NOT APPLICABLE,f,f,f,f,f,f,f,f,f,f,f,f,f,f,f,f,f,f,f,OTHER THAN SMALL BUSINESS,O,f,f,f,f,f,f,f,f,f,f,f,f,f,f,f,f,f,CORPORATE NOT TAX EXEMPT,t,f,f,f,f,f,f,f,f,f,f,f,t,f,f,f,f,t,f,f,f,f,f,f,f,f,f,f,t,f,f,f,f,f,f,f,f,f,f,f,f,f,f,f,f,f,f,f,f,f,JAMES N BLUE,4379465.00,LINDEN P BLUE,4174909.00,DAVID R ALEXANDER,3812516.00,BART B ROPER,1975922.00,W D WILSON IV,1600128.00,https://www.usaspending.gov/award/CONT_IDV_FA868920D2020_9700/,2026-06-10 08:48:22+00
CONT_IDV_GS07F116GA_4732,GS07F116GA,,,,,,,,,0.00,,,500000.00,2017-05-17,2017,2020-01-24,2020,2017-05-23,,,2022-05-22,,047,General Services Administration,4732,Federal Acquisition Service,47QSWA,"GSA/FAS SCIENTFC,TEMP SVCS,ADINT",047,General Services Administration,4732,Federal Acquisition Service,47QSWA,"GSA/FAS SCIENTFC,TEMP SVCS,ADINT",,,,,X,NOT APPLICABLE,,,M4QAVZNFJEJ3,,AEROS AERONAUTICAL SYSTEMS CORP.,AEROS AERONAUTICAL SYSTEMS CORP.,,3D8N4,M4QAVZNFJEJ3,,AEROS AERONAUTICAL SYSTEMS CORP.,AEROS AERONAUTICAL SYSTEMS CORP.,USA,UNITED STATES,1734 GAGE RD,,MONTEBELLO,06037,LOS ANGELES,06,CA,CALIFORNIA,906406504,CA-38,CA-38,8183443999,3232018299,,,,,,,,,,,,IDV,,,C,FSS,M,MULTIPLE AWARD,,,K,FIXED PRICE WITH ECONOMIC PRICE ADJUSTMENT,FEDERAL SUPPLY SCHEDULE CONTRACT,7FCB-C4-070066-B,,,,1550,UNMANNED AIRCRAFT,H,NOT BUNDLED,,,336411,AIRCRAFT MANUFACTURING,,,A,U.S. OWNED BUSINESS,,,,,,,,,,,B,PLAN NOT REQUIRED,A,FULL AND OPEN COMPETITION,NP,NEGOTIATED PROPOSAL/QUOTE,NONE,NO SET ASIDE USED.,NONE,NO PREFERENCE USED,,,,,,,999,A,COMMERCIAL ITEM,f,N,NO,N,NO,Y,YES,N,NO,,N,NO,X,NOT APPLICABLE,X,NOT APPLICABLE,X,NOT APPLICABLE,B,OTHER STATUTORY AUTHORITY,41 USC 259,,,,,,,NONE,NONE,,,X,NOT APPLICABLE EXEMPT FROM CAS,N,TRANSACTION DOES NOT USE GFE/GFP,,,,,X,NOT APPLICABLE,,,,,,,,,f,f,f,f,f,f,f,f,f,f,f,f,f,f,f,f,f,f,f,SMALL BUSINESS,S,f,f,f,f,f,f,f,f,f,f,f,f,f,f,f,f,f,CORPORATE NOT TAX EXEMPT,t,f,f,f,f,f,f,f,f,f,f,f,t,f,f,f,f,t,f,f,f,f,f,f,f,f,f,f,t,f,f,f,f,f,f,f,f,f,f,f,f,f,f,f,f,f,f,f,f,f,,,,,,,,,,,https://www.usaspending.gov/award/CONT_IDV_GS07F116GA_4732/,2023-10-28 11:41:43+00
CONT_IDV_GS07F5985R_4730,GS07F5985R,,,,,,,,,0.00,,,26777848.00,2005-07-27,2005,2025-05-06,2025,2005-08-01,,,2025-07-31,,047,General Services Administration,4732,Federal Acquisition Service,47QSMS,"GSA/FAS/GSS/QSCA, MULTIPLE AWARD SCHEDULE CONTRACTING DIVISION",047,General Services Administration,4732,Federal Acquisition Service,47QSMS,"GSA/FAS/GSS/QSCA, MULTIPLE AWARD SCHEDULE CONTRACTING DIVISION",,,,,X,NOT APPLICABLE,,,KLERL3LPCTF9,,"EDMO DISTRIBUTORS, INCORPORATED",EDMO DISTRIBUTORS INCORPORATED,,0Z3C6,KLERL3LPCTF9,,"EDMO DISTRIBUTORS, INCORPORATED",EDMO DISTRIBUTORS  INCORPORATED,USA,UNITED STATES,12830 E MIRABEAU PKWY,,SPOKANE VALLEY,53063,SPOKANE,53,WA,WASHINGTON,992161559,WA-05,WA-05,5095358280,5095358266,,,,,,,,,,,,IDV,,,C,FSS,M,MULTIPLE AWARD,,,K,FIXED PRICE WITH ECONOMIC PRICE ADJUSTMENT,"AVIONICS TEST EQUIPMENT RF COMMUNICATIONS AND MODULATION MONITORS, ANALYZERS, AND TESTERS INSTRUMENTS DESIGNED TO DETERMINE CARRIER AND MODULATION PARAMETERS OF RADIO, MICROWAVE AND MILLIMETER WAVE TRANSMISSION SIGNALS IN TERMS OF WAVEFORM, POWER, AMPLITUDE, FREQUENCY, PHASE, NOISE, DISTORTION, ETC. EXAMPLES OF SUCH EQUIPMENT INCLUDE: AM, FM, PM, FSK, AND ASK, MONITORS AND MODULATION ANALYZERS, MICROWAVE SIGNAL ANALYZERS, VECTOR SIGNAL ANALYZERS, RADIO COMMUNICATION TEST SETS, COMMUNICATION SERVICE MONITORS, AND MODULATION METERS. EXCLUDES INSTRUMENTS SPECIALIZED FRO ANALYSIS OF TELEVISION SIGNALS, TELEPHONE AND DATA TEST SETS INCLUDE GPS SATELLITE SIMULATORS/SATELLITE GENERATORS, AND GPSTS.",,,,,1550,UNMANNED AIRCRAFT,D,NOT A BUNDLED REQUIREMENT,,,334515,INSTRUMENT MANUFACTURING FOR MEASURING AND TESTING ELECTRICITY AND ELECTRICAL SIGNALS,,,,,,,,,,,,,,,B,PLAN NOT REQUIRED,A,FULL AND OPEN COMPETITION,,,,,,,,,,,,,999,A,COMMERCIAL PRODUCTS/SERVICES,f,N,NO,N,NO,X,NOT APPLICABLE,,,,N,NO,X,NOT APPLICABLE,X,NOT APPLICABLE,X,NOT APPLICABLE,X,NOT APPLICABLE,,,,,,,,,,,,X,NOT APPLICABLE EXEMPT FROM CAS,N,TRANSACTION DOES NOT USE GFE/GFP,,,N,NO,X,NOT APPLICABLE,N,NO,,,,,,,f,f,f,f,f,f,f,f,f,f,f,f,f,f,f,f,f,f,f,SMALL BUSINESS,S,f,f,f,f,f,f,f,f,f,f,f,f,f,f,f,f,f,,f,f,f,f,f,f,f,f,f,f,f,f,f,f,f,f,f,f,f,f,f,f,f,f,f,f,f,f,f,f,f,f,f,f,f,f,f,f,f,f,f,f,f,f,f,f,f,f,f,f,,,,,,,,,,,https://www.usaspending.gov/award/CONT_IDV_GS07F5985R_4730/,2025-05-06 11:09:52+00
CONT_IDV_GS07F9173S_4730,GS07F9173S,,,,,,,,,0.00,,,40043052.00,2005-10-04,2006,2025-09-10,2025,2005-10-15,,,2025-10-14,,047,General Services Administration,4732,Federal Acquisition Service,47QSMS,"GSA/FAS/GSS/QSCA, MULTIPLE AWARD SCHEDULE CONTRACTING DIVISION",047,General Services Administration,4732,Federal Acquisition Service,47QSMS,"GSA/FAS/GSS/QSCA, MULTIPLE AWARD SCHEDULE CONTRACTING DIVISION",,,,,X,NOT APPLICABLE,,,HEZDP5MN11A3,,"TCOM, L.P.",TCOM LIMITED PARTNERSHIP,,0J6J5,HEZDP5MN11A3,,"TCOM, L.P.",TCOM  L.P.,USA,UNITED STATES,7115 THOMAS EDISON DR,,COLUMBIA,24027,HOWARD,24,MD,MARYLAND,210462977,MD-03,MD-03,4103122469,4103122455,,,,,,,,,,,,IDV,,,C,FSS,M,MULTIPLE AWARD,,,K,FIXED PRICE WITH ECONOMIC PRICE ADJUSTMENT,FEDERAL SUPPLY SCHEDULE CONTRACT,,,,,1550,UNMANNED AIRCRAFT,D,NOT A BUNDLED REQUIREMENT,,,334515,INSTRUMENT MANUFACTURING FOR MEASURING AND TESTING ELECTRICITY AND ELECTRICAL SIGNALS,,,,,,,,,,,,,,,B,PLAN NOT REQUIRED,A,FULL AND OPEN COMPETITION,NP,NEGOTIATED PROPOSAL/QUOTE,NONE,NO SET ASIDE USED.,NONE,NO PREFERENCE USED,,,,,,,999,A,COMMERCIAL PRODUCTS/SERVICES,f,N,NO,N,NO,X,NOT APPLICABLE,,,,N,NO,X,NOT APPLICABLE,X,NOT APPLICABLE,X,NOT APPLICABLE,X,NOT APPLICABLE,,,,,,,,,,,,X,NOT APPLICABLE EXEMPT FROM CAS,N,TRANSACTION DOES NOT USE GFE/GFP,,,N,NO,X,NOT APPLICABLE,N,NO,,,,,,,f,f,f,f,f,f,f,f,f,f,f,f,f,f,f,f,f,f,f,SMALL BUSINESS,S,f,f,f,f,f,f,f,f,f,f,f,f,f,f,f,f,f,,f,f,f,f,f,f,f,f,f,f,f,f,f,f,f,f,f,f,f,f,f,f,f,f,f,f,f,f,f,f,f,f,f,f,f,f,f,f,f,f,f,f,f,f,f,f,f,f,f,f,RON  BENDLIN,619000.00,"HAL G MASON, JR.",619000.00,RICHARD  MARTIN,610285.00,NIGEL  SUTTON,535412.00,DAVID  SIKORA,446438.00,https://www.usaspending.gov/award/CONT_IDV_GS07F9173S_4730/,2025-09-10 06:24:38+00
CONT_IDV_IND15PC00259_1406,IND15PC00259,,,,,,,,,0.00,,,1879000.00,2015-08-26,2015,2022-07-29,2022,2015-08-26,,,2019-09-30,,014,Department of the Interior,1406,Departmental Offices,140D04,IBC ACQ SVCS DIRECTORATE (00004),014,Department of the Interior,1406,Departmental Offices,140D80,IBC AVIATION MANAGEMENT (00080),,,,,X,NOT APPLICABLE,,,NBJTKHB4UF29,,CLMAX ENGINEERING LLC,CLMAX ENGINEERING LLC,,4VL54,NBJTKHB4UF29,,CLMAX ENGINEERING LLC,CLMAX ENGINEERING LLC,USA,UNITED STATES,923 TELLURIDE ST,,AURORA,08005,ARAPAHOE,08,CO,COLORADO,800117819,CO-04,CO-06,3039034571,8502541914,,,,,,,,,,,,IDV,,,B,IDC,M,MULTIPLE AWARD,B,INDEFINITE DELIVERY / INDEFINITE QUANTITY,J,FIRM FIXED PRICE,PURCHASE MEDIUM ROTARY WING AND FIXED WING UNMANNED AIRCRAFT SYSTEMS (UAS)  FUNDING WILL BE OBLIGATED BY AWARD OF DELIVERY ORDER(S).,D15PS00304,,,,1550,UNMANNED AIRCRAFT,D,NOT A BUNDLED REQUIREMENT,,,336411,AIRCRAFT MANUFACTURING,C,NO CLAUSES INCLUDED AND NO SUSTAINABILITY INCLUDED,A,U.S. OWNED BUSINESS,,,,,,,,,,,B,PLAN NOT REQUIRED,D,FULL AND OPEN COMPETITION AFTER EXCLUSION OF SOURCES,NP,NEGOTIATED PROPOSAL/QUOTE,SBA,SMALL BUSINESS SET ASIDE - TOTAL,NONE,NO PREFERENCE USED,,,,,,,23,B,PRODUCTS OR SERVICES PURSUANT TO FAR 12.102(F),f,N,NO,N,NO,Y,YES,N,NO,,Y,YES,X,NOT APPLICABLE,X,NOT APPLICABLE,X,NOT APPLICABLE,A,ECONOMY ACT,,,,,,,UNMANNED AIRCRAFT SYSTEMS (UAS),NONE,NONE,N,NO,X,NOT APPLICABLE EXEMPT FROM CAS,N,TRANSACTION DOES NOT USE GFE/GFP,,,N,NO,X,NOT APPLICABLE,Y,YES,,,,,X,NOT APPLICABLE,f,f,f,f,f,t,f,f,f,f,f,f,f,f,f,f,f,f,f,SMALL BUSINESS,S,f,f,f,f,f,f,f,f,f,f,f,f,f,f,f,f,f,CORPORATE NOT TAX EXEMPT,t,f,f,f,f,f,f,f,f,f,f,f,t,f,f,f,f,t,f,f,f,f,f,f,f,t,f,f,t,f,f,f,f,f,f,f,f,f,f,f,f,f,f,f,f,f,f,f,f,f,,,,,,,,,,,https://www.usaspending.gov/award/CONT_IDV_IND15PC00259_1406/,2022-07-29 09:32:11+00
CONT_IDV_IND15PC00262_1406,IND15PC00262,,,,,,,,,0.00,,,807500.00,2015-08-26,2015,2022-11-09,2023,2015-08-26,,,2019-09-30,,014,Department of the Interior,1406,Departmental Offices,140D04,IBC ACQ SVCS DIRECTORATE (00004),014,Department of the Interior,1406,Departmental Offices,140D82,OFFICE OF AVIATION SERVICES (00082),,,,,X,NOT APPLICABLE,,,Q7ZKKLTKRGM3,,AEROVIRONMENT INC,PULSE AEROSPACE LLC,,6XY14,YJG1MDHLBC88,,"AEROVIRONMENT, INC.",PULSE AEROSPACE LLC,USA,UNITED STATES,450 N IOWA ST STE A1,,LAWRENCE,20045,DOUGLAS,20,KS,KANSAS,660449606,KS-02,KS-01,9139631339,,,,,,,,,,,,,IDV,,,B,IDC,M,MULTIPLE AWARD,B,INDEFINITE DELIVERY / INDEFINITE QUANTITY,J,FIRM FIXED PRICE,LARGE UNMANNED AIRCRAFT SYSTEMS (UAS),D15PS00304,,,,1550,UNMANNED AIRCRAFT,D,NOT A BUNDLED REQUIREMENT,,,336411,AIRCRAFT MANUFACTURING,C,NO CLAUSES INCLUDED AND NO SUSTAINABILITY INCLUDED,A,U.S. OWNED BUSINESS,,,,,,,,,,,B,PLAN NOT REQUIRED,D,FULL AND OPEN COMPETITION AFTER EXCLUSION OF SOURCES,NP,NEGOTIATED PROPOSAL/QUOTE,SBA,SMALL BUSINESS SET ASIDE - TOTAL,NONE,NO PREFERENCE USED,,,,,,,23,A,COMMERCIAL PRODUCTS/SERVICES,f,N,NO,N,NO,Y,YES,N,NO,,N,NO,N,NO,N,NO,N,NO,X,NOT APPLICABLE,,,,,,,,NONE,NONE,N,NO,X,NOT APPLICABLE EXEMPT FROM CAS,N,TRANSACTION DOES NOT USE GFE/GFP,,,N,NO,X,NOT APPLICABLE,Y,YES,,,,,X,NOT APPLICABLE,f,f,f,f,f,f,f,f,f,f,f,f,f,f,f,f,f,f,f,SMALL BUSINESS,S,f,f,f,f,f,f,f,f,f,f,f,f,f,f,f,f,f,CORPORATE NOT TAX EXEMPT,t,f,f,f,f,f,f,f,f,f,f,f,f,f,f,f,f,t,f,f,f,f,f,f,f,f,t,f,t,f,f,f,f,f,f,f,f,f,f,f,f,f,f,f,f,f,f,f,f,f,,,,,,,,,,,https://www.usaspending.gov/award/CONT_IDV_IND15PC00262_1406/,2022-11-09 07:20:26+00
CONT_IDV_IND16PC00215_1406,IND16PC00215,,,,,,,,,0.00,,,362220.00,2016-07-27,2016,2020-09-03,2020,2016-07-27,,,2018-07-26,,014,Department of the Interior,1406,Departmental Offices,140D04,IBC ACQ SVCS DIRECTORATE (00004),014,Department of the Interior,1406,Departmental Offices,140D82,OFFICE OF AVIATION SERVICES (00082),,,,,X,NOT APPLICABLE,,,X69EBAJ9F5E6,068854635,"3D ROBOTICS, INC.","3D ROBOTICS, INC.",,79R90,X69EBAJ9F5E6,068854635,"3D ROBOTICS, INC.",3D ROBOTICS  INC.,USA,UNITED STATES,1608 4TH ST STE 410,,BERKELEY,06001,ALAMEDA,06,CA,CALIFORNIA,947101749,CA-13,CA-12,4152600297,,,,,,,,,,,,,IDV,,,B,IDC,S,SINGLE AWARD,B,INDEFINITE DELIVERY / INDEFINITE QUANTITY,J,FIRM FIXED PRICE,MICRO DRONES,D16PS00209,,,,1550,UNMANNED AIRCRAFT,D,NOT A BUNDLED REQUIREMENT,,,336411,AIRCRAFT MANUFACTURING,C,NO CLAUSES INCLUDED AND NO SUSTAINABILITY INCLUDED,A,U.S. OWNED BUSINESS,,,,,,,,,,,B,PLAN NOT REQUIRED,D,FULL AND OPEN COMPETITION AFTER EXCLUSION OF SOURCES,NP,NEGOTIATED PROPOSAL/QUOTE,SBA,SMALL BUSINESS SET ASIDE - TOTAL,NONE,NO PREFERENCE USED,,,,,,,5,A,COMMERCIAL ITEM,f,N,NO,N,NO,Y,YES,N,NO,,N,NO,N,NO,N,NO,N,NO,X,NOT APPLICABLE,,,,,,,,NONE,NONE,W,NOT OBTAINED - WAIVED,X,NOT APPLICABLE EXEMPT FROM CAS,N,TRANSACTION DOES NOT USE GFE/GFP,,,N,NO,X,NOT APPLICABLE,Y,YES,,,,,X,NOT APPLICABLE,f,f,f,f,f,f,f,f,f,f,f,f,f,f,f,f,f,f,f,SMALL BUSINESS,S,f,f,f,f,f,f,f,f,f,f,f,f,f,f,f,f,f,CORPORATE NOT TAX EXEMPT,t,f,f,f,f,f,f,f,f,f,f,f,t,f,f,f,f,t,f,f,f,f,f,f,f,f,f,f,t,f,f,f,f,f,f,f,f,f,f,f,f,f,f,f,f,f,f,f,f,f,,,,,,,,,,,https://www.usaspending.gov/award/CONT_IDV_IND16PC00215_1406/,2020-09-03 10:34:06+00
CONT_IDV_N0001910G0010_9700,N0001910G0010,,,,Q: Not Designated Nonemergency/Emergency/Disaster/Wildfire Suppression,,,,,0.00,0.00,,0.00,2010-09-03,2010,2021-04-20,2021,2010-09-07,,,2015-09-05,,097,Department of Defense,9763,Defense Contract Management Agency,S0302A,DCMA MOUNTAIN PACIFIC,097,Department of Defense,1700,Department of the Navy,N00019,NAVAL AIR SYSTEMS COMMAND,017-2014/2016-1507-000,017-1507,26.0: Supplies and materials;31.0: Equipment,0001: WEAPONS PROCUREMENT AND MODIFICATION,X,NOT APPLICABLE,,,TZJ1G18YHW83,803209782,ORBITAL SCIENCES LLC,ORBITAL SCIENCES LLC,LAUNCH VEHICLES DIVISION,27555,NKVZLJL93QT6,967356127,NORTHROP GRUMMAN CORPORATION,ORBITAL SCIENCES LLC,USA,UNITED STATES,1575 SOUTH PRICE RD,,CHANDLER,04013,MARICOPA,04,AZ,ARIZONA,852866615,AZ-05,AZ-05,4808146628,,,,,,,,,,,,,IDV,,,D,BOA,S,SINGLE AWARD,,,J,FIRM FIXED PRICE,BASIC ORDERING AGREEMENT FOR SUPPLIES AND SERVICES,,,,,1550,UNMANNED AIRCRAFT,D,NOT A BUNDLED REQUIREMENT,,,336414,GUIDED MISSILE AND SPACE VEHICLE MANUFACTURING,,,A,U.S. OWNED BUSINESS,,,,,,,,,,,B,PLAN NOT REQUIRED,,,,,,,,,,,,,,,,D,COMMERCIAL ITEM PROCEDURES NOT USED,f,,,N,NO,,,,,,N,NO,Y,YES,N,NO,N,NO,X,NOT APPLICABLE,,,,,,,AERIAL TARGETS,NONE,NONE,,,Y,YES - CAS CLAUSE INCLUDED,N,TRANSACTION DOES NOT USE GFE/GFP,N,NO,N,NO,X,NOT APPLICABLE,,,,,,,X,NOT APPLICABLE,f,f,f,f,f,f,f,f,f,f,f,f,f,f,f,f,f,f,f,OTHER THAN SMALL BUSINESS,O,f,f,f,f,f,f,f,f,f,f,f,f,f,f,f,f,f,CORPORATE NOT TAX EXEMPT,t,f,f,f,f,f,f,f,f,f,f,f,f,f,f,t,f,f,f,f,f,f,f,f,f,f,f,f,t,f,f,f,f,f,f,f,f,f,f,f,f,f,f,f,f,f,f,f,f,f,,,,,,,,,,,https://www.usaspending.gov/award/CONT_IDV_N0001910G0010_9700/,2021-11-03 13:40:43+00
CONT_IDV_N0001915G0014_9700,N0001915G0014,,,,,,,,,0.00,,,0.00,2015-09-21,2015,2019-10-29,2020,2015-09-23,,,2020-09-23,,097,Department of Defense,1700,Department of the Navy,N00019,NAVAL AIR SYSTEMS COMMAND,097,Department of Defense,1700,Department of the Navy,N00019,NAVAL AIR SYSTEMS COMMAND,,,,,X,NOT APPLICABLE,,,QXMUHJ7XTF89,878164086,"INSITU, INC.","INSITU, INC.",,02FP7,NU2UC8MX6NK1,009256819,THE BOEING COMPANY,THE BOEING COMPANY,USA,UNITED STATES,118 E COLUMBIA RIVER WAY,,BINGEN,53039,KLICKITAT,53,WA,WASHINGTON,986059086,WA-03,WA-04,4808911045,4258654452,,,,,,,,,,,,IDV,,,D,BOA,S,SINGLE AWARD,,,1,ORDER DEPENDENT (IDV ALLOWS PRICING ARRANGEMENT TO BE DETERMINED SEPARATELY FOR EACH ORDER),THE PURPOSE OF THIS BOA IS TO ESTABLISH PRE-DETERMINED PRICES FOR PARTS NEEDED IN THE SUSTAINMENT OF RQ-21A UAS.,,,OT,OTHER FUNCTIONS,1550,UNMANNED AIRCRAFT,D,NOT A BUNDLED REQUIREMENT,,,336411,AIRCRAFT MANUFACTURING,,,A,U.S. OWNED BUSINESS,,,,,,,,,,,F,INDIVIDUAL SUBCONTRACT PLAN,,,,,,,,,,,,,,,,D,COMMERCIAL ITEM PROCEDURES NOT USED,f,,,N,NO,X,NOT APPLICABLE,,,,Y,YES,Y,YES,N,NO,N,NO,X,NOT APPLICABLE,,,,,,,,NONE,NONE,,,Y,YES - CAS CLAUSE INCLUDED,N,TRANSACTION DOES NOT USE GFE/GFP,U,UNKNOWN,N,NO,X,NOT APPLICABLE,,,,,,,X,NOT APPLICABLE,f,f,f,f,f,f,f,f,f,f,f,f,f,f,f,f,f,f,f,OTHER THAN SMALL BUSINESS,O,f,f,f,f,f,f,f,f,f,f,f,f,f,f,f,f,f,CORPORATE NOT TAX EXEMPT,t,f,f,f,f,f,f,f,f,f,f,f,t,f,f,f,f,t,f,f,f,f,f,f,f,f,f,f,t,f,f,f,f,f,f,f,f,f,f,f,f,f,f,f,f,f,f,f,f,f,,,,,,,,,,,https://www.usaspending.gov/award/CONT_IDV_N0001915G0014_9700/,2019-10-29 19:57:38+00
CONT_IDV_N0001919D0033_9700,N0001919D0033,,,,,,,,,0.00,,,428399743.53,2019-06-28,2019,2021-12-18,2022,2019-07-01,,,2022-06-20,2018-12-17,097,Department of Defense,1700,Department of the Navy,N00019,NAVAL AIR SYSTEMS COMMAND,097,Department of Defense,1700,Department of the Navy,N00019,NAVAL AIR SYSTEMS COMMAND,,,,,X,NOT APPLICABLE,,,QXMUHJ7XTF89,878164086,"INSITU, INC.","INSITU, INC.",,02FP7,NU2UC8MX6NK1,009256819,THE BOEING COMPANY,THE BOEING COMPANY,USA,UNITED STATES,118 E COLUMBIA RIVER WAY,,BINGEN,53039,KLICKITAT,53,WA,WASHINGTON,986059086,WA-03,WA-04,4808911045,4258654452,,,,,,,,,,,,IDV,,,B,IDC,S,SINGLE AWARD,B,INDEFINITE DELIVERY / INDEFINITE QUANTITY,J,FIRM FIXED PRICE,PROCUREMENT OF RQ-21A AND SCANEAGLE HARDWARE AND SERVICES,N0001918R0079,,OT,OTHER FUNCTIONS,1550,UNMANNED AIRCRAFT,H,NOT BUNDLED,A1A,AIRFRAMES AND SPARES,336411,AIRCRAFT MANUFACTURING,C,NO CLAUSES INCLUDED AND NO SUSTAINABILITY INCLUDED,A,U.S. OWNED BUSINESS,,,,,,,,,,,F,INDIVIDUAL SUBCONTRACT PLAN,C,NOT COMPETED,SSS,ONLY ONE SOURCE,NONE,NO SET ASIDE USED.,NONE,NO PREFERENCE USED,,,,,ONE,ONLY ONE SOURCE-OTHER (FAR 6.302-1 OTHER),1,D,COMMERCIAL ITEM PROCEDURES NOT USED,f,N,NO,N,NO,Y,YES,N,NO,,N,NO,Y,YES,X,NOT APPLICABLE,X,NOT APPLICABLE,X,NOT APPLICABLE,,,,,,,,NONE,NONE,Y,YES,Y,YES - CAS CLAUSE INCLUDED,N,TRANSACTION DOES NOT USE GFE/GFP,U,UNKNOWN,D,NOT CONSOLIDATED,X,NOT APPLICABLE,N,NO,,,,,X,NOT APPLICABLE,f,f,f,f,f,f,f,f,f,f,f,f,f,f,f,f,f,f,f,OTHER THAN SMALL BUSINESS,O,f,f,f,f,f,f,f,f,f,f,f,f,f,f,f,f,f,CORPORATE NOT TAX EXEMPT,t,f,f,f,f,f,f,f,f,f,f,f,t,f,f,f,f,t,f,f,f,f,f,f,f,f,f,f,t,f,f,f,f,f,f,f,f,f,f,f,f,f,f,f,f,f,f,f,f,f,,,,,,,,,,,https://www.usaspending.gov/award/CONT_IDV_N0001919D0033_9700/,2021-12-18 21:16:09+00
CONT_IDV_N6133118D0007_9700,N6133118D0007,,,,,,,,,0.00,,,72974233.89,2018-03-16,2018,2022-03-11,2022,2018-03-15,,,2023-03-14,,097,Department of Defense,1700,Department of the Navy,N61331,NAVAL SURFACE WARFARE CENTER,097,Department of Defense,1700,Department of the Navy,N61331,NAVAL SURFACE WARFARE CENTER,,,,,X,NOT APPLICABLE,,,DKJ1R5ABCN48,,SERCO INC,SERCO INC.,,022Q2,FC3YWXFNT7U6,,SERCO GROUP PLC,SERCO GROUP PLC,USA,UNITED STATES,12930 WORLDGATE DR STE 600,,HERNDON,51059,FAIRFAX,51,VA,VIRGINIA,201706027,VA-11,VA-11,7192354357,7195723900,,,,,,,,,,,,IDV,,,B,IDC,S,SINGLE AWARD,B,INDEFINITE DELIVERY / INDEFINITE QUANTITY,U,COST PLUS FIXED FEE,RIOT,N6133117R0001,,OT,OTHER FUNCTIONS,1550,UNMANNED AIRCRAFT,H,NOT BUNDLED,C9E,ALL OTHERS NOT IDENTIFIABLE TO ANY OTHER PROCUREMENT PROGRAM,541715,"RESEARCH AND DEVELOPMENT IN THE PHYSICAL, ENGINEERING, AND LIFE SCIENCES (EXCEPT NANOTECHNOLOGY AND BIOTECHNOLOGY)",C,NO CLAUSES INCLUDED AND NO SUSTAINABILITY INCLUDED,C,FOREIGN-OWNED BUSINESS INCORPORATED IN THE U.S.,,,,,,,,,,,F,INDIVIDUAL SUBCONTRACT PLAN,A,FULL AND OPEN COMPETITION,NP,NEGOTIATED PROPOSAL/QUOTE,NONE,NO SET ASIDE USED.,NONE,NO PREFERENCE USED,,,,,,,1,D,COMMERCIAL ITEM PROCEDURES NOT USED,f,N,NO,N,NO,X,NOT APPLICABLE,N,NO,,N,NO,Y,YES,X,NOT APPLICABLE,N,NO,X,NOT APPLICABLE,,,,,,,,NONE,NONE,N,NO,Y,YES - CAS CLAUSE INCLUDED,N,TRANSACTION DOES NOT USE GFE/GFP,U,UNKNOWN,D,NOT CONSOLIDATED,X,NOT APPLICABLE,N,NO,,,,,X,NOT APPLICABLE,f,f,f,f,f,f,f,f,f,f,f,f,f,f,f,f,f,f,f,OTHER THAN SMALL BUSINESS,O,f,f,f,f,f,f,f,f,f,f,f,f,f,f,f,f,f,CORPORATE NOT TAX EXEMPT,t,f,f,f,f,f,f,f,f,f,f,f,f,f,f,f,f,t,f,f,f,f,f,f,f,f,f,t,t,f,f,f,f,f,f,f,f,f,f,f,f,f,f,f,f,f,f,f,f,f,DAVID  DACQUINO,2131722.00,BRUCE  SAMUELSON,942526.00,GARY  SHANKMAN,838676.00,THOMAS  WATSON,795960.00,CHRISTOPHER  SULLIVAN,773426.00,https://www.usaspending.gov/award/CONT_IDV_N6133118D0007_9700/,2022-03-19 16:49:25+00
CONT_IDV_N6833513G0012_9700,N6833513G0012,,,,,,,,,0.00,,,0.00,2013-08-13,2013,2025-04-17,2025,2013-08-13,,,2018-09-30,,097,Department of Defense,1700,Department of the Navy,N68335,NAVAIR WARFARE CTR AIRCRAFT DIV,097,Department of Defense,1700,Department of the Navy,N68335,NAVAIR WARFARE CTR AIRCRAFT DIV,,,,,X,NOT APPLICABLE,,,EW4KDCDAC813,,AEROSTAR INTEGRATED SYSTEMS,AEROSTAR INTEGRATED SYSTEMS,,6BGC1,EW4KDCDAC813,,AEROSTAR INTEGRATED SYSTEMS,AEROSTAR INTEGRATED SYSTEMS,USA,UNITED STATES,360B QUALITY CIRCLE,,HUNTSVILLE,01089,MADISON,01,AL,ALABAMA,358064549,AL-05,AL-05,2567056848,2563270702,,,,,,,,,,,,IDV,,,D,BOA,S,SINGLE AWARD,,,1,ORDER DEPENDENT (IDV ALLOWS PRICING ARRANGEMENT TO BE DETERMINED SEPARATELY FOR EACH ORDER),AEROSTAT BOA,,,,,1550,UNMANNED AIRCRAFT,D,NOT A BUNDLED REQUIREMENT,,,336411,AIRCRAFT MANUFACTURING,,,A,U.S. OWNED BUSINESS,,,,,,,,,,,B,PLAN NOT REQUIRED,,,,,,,,,,,,,,,,A,COMMERCIAL PRODUCTS/SERVICES,f,,,N,NO,X,NOT APPLICABLE,,,,N,NO,X,NOT APPLICABLE,X,NOT APPLICABLE,X,NOT APPLICABLE,X,NOT APPLICABLE,,,,,,,,,,,,X,NOT APPLICABLE EXEMPT FROM CAS,N,TRANSACTION DOES NOT USE GFE/GFP,U,UNKNOWN,N,NO,X,NOT APPLICABLE,,,,,,,X,NOT APPLICABLE,f,f,f,f,f,f,f,f,f,f,f,f,f,f,f,f,f,f,f,OTHER THAN SMALL BUSINESS,O,f,f,f,f,f,f,f,f,f,f,f,f,f,f,f,f,f,CORPORATE NOT TAX EXEMPT,t,f,f,f,f,f,f,f,f,f,f,f,t,f,f,f,f,t,f,f,f,f,f,f,f,f,f,f,t,f,f,f,f,f,f,f,f,f,f,f,f,f,f,f,f,f,f,f,f,f,JIM  NELSON,453972.00,PAUL  HAUGEN,253995.00,JAMES  METZGER,308117.00,TIMOTHY  LACHENMEIER,253752.00,RUSSEL  VANDERWERFF,274317.00,https://www.usaspending.gov/award/CONT_IDV_N6833513G0012_9700/,2025-04-17 06:32:21+00
CONT_IDV_N6893619D0026_9700,N6893619D0026,,,,,,,,,0.00,,,7497412.22,2019-09-30,2019,2024-05-09,2024,2019-09-30,,,2024-05-07,2018-03-20,097,Department of Defense,1700,Department of the Navy,N68936,NAVAL AIR WARFARE CENTER,097,Department of Defense,1700,Department of the Navy,N50120,NAVY ERP,,,,,X,NOT APPLICABLE,,,QXMUHJ7XTF89,,"INSITU, INC.","INSITU, INC.",,02FP7,NU2UC8MX6NK1,,THE BOEING COMPANY,THE BOEING COMPANY,USA,UNITED STATES,118 E COLUMBIA RIVER WAY,,BINGEN,53039,KLICKITAT,53,WA,WASHINGTON,986059086,WA-04,WA-04,3148826934,,,,,,,,,,,,,IDV,,,B,IDC,S,SINGLE AWARD,B,INDEFINITE DELIVERY / INDEFINITE QUANTITY,J,FIRM FIXED PRICE,UNMANNED SYSTEMS: HARDWARE FOR RAPID RESPONSE UNMANNED AERIAL SYSTEMS PROGRAMS,N6893615R0091,,,,1550,UNMANNED AIRCRAFT,H,NOT BUNDLED,A1C,OTHER AIRCRAFT EQUIPMENT,336411,AIRCRAFT MANUFACTURING,C,NO CLAUSES INCLUDED AND NO SUSTAINABILITY INCLUDED,A,U.S. OWNED BUSINESS,,,,,,,,,,,F,INDIVIDUAL SUBCONTRACT PLAN,C,NOT COMPETED,SSS,ONLY ONE SOURCE,NONE,NO SET ASIDE USED.,NONE,NO PREFERENCE USED,,,,,ONE,ONLY ONE SOURCE-OTHER (FAR 6.302-1 OTHER),1,D,COMMERCIAL PRODUCTS/SERVICES PROCEDURES NOT USED,f,N,NO,N,NO,Y,YES,N,NO,,N,NO,X,NOT APPLICABLE,N,NO,X,NOT APPLICABLE,X,NOT APPLICABLE,,,,,,,,,,Y,YES,Y,YES - CAS CLAUSE INCLUDED,N,TRANSACTION DOES NOT USE GFE/GFP,U,UNKNOWN,D,NOT CONSOLIDATED,X,NOT APPLICABLE,N,NO,,,,,X,NOT APPLICABLE,f,f,f,f,f,f,f,f,f,f,f,f,f,f,f,f,f,f,f,OTHER THAN SMALL BUSINESS,O,f,f,f,f,f,f,f,f,f,f,f,f,f,f,f,f,f,CORPORATE NOT TAX EXEMPT,t,f,f,f,f,f,f,f,f,f,f,f,t,f,f,f,f,t,f,f,f,f,f,f,f,f,f,f,t,f,f,f,f,f,f,f,f,f,f,f,f,f,f,f,f,f,f,f,f,f,,,,,,,,,,,https://www.usaspending.gov/award/CONT_IDV_N6893619D0026_9700/,2024-05-09 10:17:41+00
CONT_IDV_SPE4AX18D9402_9700,SPE4AX18D9402,,,,,,,,,0.00,,,0.01,2018-02-03,2018,2025-05-13,2025,2018-05-01,,,2029-03-31,,097,Department of Defense,97AS,Defense Logistics Agency,SPE4AX,DLA AVIATION,097,Department of Defense,97AS,Defense Logistics Agency,SPE4AX,DLA AVIATION,,,,,X,NOT APPLICABLE,,,JC42EBJ5NFJ1,,HAMILTON SUNDSTRAND CORPORATION,HAMILTON SUNDSTRAND CORPORATION,,73030,EGAVSJTA2D81,,ROCKWELL COLLINS AUSTRALIA PTY LIMITED,RAYTHEON TECHNOLOGIES CORPORATION,USA,UNITED STATES,1 HAMILTON RD,,WINDSOR LOCKS,09110,CAPITOL,09,CT,CONNECTICUT,060961000,CT-01,CT-01,8606547067,,,,,,,,,,,,,IDV,,,B,IDC,S,SINGLE AWARD,A,INDEFINITE DELIVERY / REQUIREMENTS,J,FIRM FIXED PRICE,4610037902!,SPE4AX17R0001,,,,1550,UNMANNED AIRCRAFT,H,NOT BUNDLED,A1A,AIRFRAMES AND SPARES,336413,OTHER AIRCRAFT PARTS AND AUXILIARY EQUIPMENT MANUFACTURING,C,NO CLAUSES INCLUDED AND NO SUSTAINABILITY INCLUDED,A,U.S. OWNED BUSINESS,,,,,,,,,,,G,COMMERCIAL SUBCONTRACT PLAN,C,NOT COMPETED,SSS,ONLY ONE SOURCE,NONE,NO SET ASIDE USED.,NONE,NO PREFERENCE USED,,,,,ONE,ONLY ONE SOURCE-OTHER (FAR 6.302-1 OTHER),1,A,COMMERCIAL PRODUCTS/SERVICES,f,N,NO,N,NO,Y,YES,N,NO,,N,NO,N,NO,N,NO,X,NOT APPLICABLE,X,NOT APPLICABLE,,,,,,,,,,N,NO,Y,YES - CAS CLAUSE INCLUDED,N,TRANSACTION DOES NOT USE GFE/GFP,N,NO,D,NOT CONSOLIDATED,X,NOT APPLICABLE,N,NO,,,,,X,NOT APPLICABLE,f,f,f,f,f,f,f,f,f,f,f,f,f,f,f,f,f,f,f,OTHER THAN SMALL BUSINESS,O,f,f,f,f,f,f,f,f,f,f,f,f,f,f,f,f,f,CORPORATE NOT TAX EXEMPT,t,f,f,f,f,f,f,f,f,f,f,f,t,f,f,f,f,t,f,f,f,f,f,f,f,f,f,f,t,f,f,f,f,f,f,f,f,f,f,f,f,f,f,f,f,f,f,f,f,f,,,,,,,,,,,https://www.usaspending.gov/award/CONT_IDV_SPE4AX18D9402_9700/,2025-05-13 10:50:23+00
CONT_IDV_W58RGZ14D0111_9700,W58RGZ14D0111,,,,,,,,,0.00,,,55082410.00,2014-07-18,2014,2022-05-13,2022,2014-07-18,,,2017-07-17,,097,Department of Defense,9763,Defense Contract Management Agency,S3500A,DCMA ALBUQUERQUE,097,Department of Defense,2100,Department of the Army,W58RGZ,W6QK ACC-RSA,,,,,X,NOT APPLICABLE,,,WNFAAJU8F1X1,,NORTHROP GRUMMAN SYSTEMS CORPORATION,NORTHROP GRUMMAN SYSTEMS CORPORATION,,0W6H8,NKVZLJL93QT6,,NORTHROP GRUMMAN CORPORATION,NORTHROP GRUMMAN SYSTEMS CORPORATION,USA,UNITED STATES,4067 ENTERPRISE WAY,,SIERRA VISTA,04003,COCHISE,04,AZ,ARIZONA,856352273,AZ-02,AZ-06,7037134096,,,,,,,,,,,,,IDV,,,B,IDC,S,SINGLE AWARD,A,INDEFINITE DELIVERY / REQUIREMENTS,1,ORDER DEPENDENT (IDV ALLOWS PRICING ARRANGEMENT TO BE DETERMINED SEPARATELY FOR EACH ORDER),HUNTER UAS ENGINEERING SERVICES FY14-FY16,W58RGZ13R0097,,"CL,CT","CLOSELY ASSOCIATED,CRITICAL FUNCTIONS",1550,UNMANNED AIRCRAFT,D,NOT A BUNDLED REQUIREMENT,S1,SERVICES,336411,AIRCRAFT MANUFACTURING,C,NO CLAUSES INCLUDED AND NO SUSTAINABILITY INCLUDED,A,U.S. OWNED BUSINESS,,,,,,,,,,,C,PLAN REQUIRED - INCENTIVE NOT INCLUDED,C,NOT COMPETED,SSS,ONLY ONE SOURCE,NONE,NO SET ASIDE USED.,NONE,NO PREFERENCE USED,,,,,ONE,ONLY ONE SOURCE-OTHER (FAR 6.302-1 OTHER),1,D,COMMERCIAL ITEM PROCEDURES NOT USED,f,N,NO,N,NO,Y,YES,N,NO,,N,NO,N,NO,N,NO,N,NO,X,NOT APPLICABLE,,,,,,,,NONE,NONE,Y,YES,Y,YES - CAS CLAUSE INCLUDED,N,TRANSACTION DOES NOT USE GFE/GFP,N,NO,N,NO,X,NOT APPLICABLE,N,NO,,,,,X,NOT APPLICABLE,f,f,f,f,f,f,f,f,f,f,f,f,f,f,f,f,f,f,f,OTHER THAN SMALL BUSINESS,O,f,f,f,f,f,f,f,f,f,f,f,f,f,f,f,f,f,CORPORATE NOT TAX EXEMPT,t,f,f,f,f,f,f,f,f,f,f,f,f,f,f,f,f,t,f,f,f,f,f,f,f,f,f,f,t,f,f,f,f,f,f,f,f,f,f,f,f,f,f,f,f,f,f,f,f,f,,,,,,,,,,,https://www.usaspending.gov/award/CONT_IDV_W58RGZ14D0111_9700/,2022-05-17 18:25:58+00
CONT_IDV_W58RGZ17D0055_9700,W58RGZ17D0055,,,,,,,,,0.00,,,37881842.00,2017-06-30,2017,2025-07-31,2025,2017-06-30,,,2021-06-29,,097,Department of Defense,2100,Department of the Army,W58RGZ,W6QK ACC-RSA,097,Department of Defense,2100,Department of the Army,W81UHH,W6DQ 01 PEO AVN,,,,,X,NOT APPLICABLE,,,FRJQGQHDX4J3,,"L3 TECHNOLOGIES, INC.","L3 TECHNOLOGIES, INC.",,06401,FRJQGQHDX4J3,,"L3 TECHNOLOGIES, INC.",L3 TECHNOLOGIES  INC.,USA,UNITED STATES,640 N 2200 W,,SALT LAKE CITY,49035,SALT LAKE,49,UT,UTAH,841162925,UT-02,UT-02,8016060372,8015942004,,,,,,,,,,,,IDV,,,B,IDC,S,SINGLE AWARD,B,INDEFINITE DELIVERY / INDEFINITE QUANTITY,1,ORDER DEPENDENT (IDV ALLOWS PRICING ARRANGEMENT TO BE DETERMINED SEPARATELY FOR EACH ORDER),BASIC AWARD FOR ROVER ENGINEERING TECHNICAL SERVICES (ETS).,,,,,1550,UNMANNED AIRCRAFT,H,NOT BUNDLED,A1A,AIRFRAMES AND SPARES,336411,AIRCRAFT MANUFACTURING,C,NO CLAUSES INCLUDED AND NO SUSTAINABILITY INCLUDED,A,U.S. OWNED BUSINESS,,,,,,,,,,,F,INDIVIDUAL SUBCONTRACT PLAN,C,NOT COMPETED,SSS,ONLY ONE SOURCE,NONE,NO SET ASIDE USED.,NONE,NO PREFERENCE USED,,,,,ONE,ONLY ONE SOURCE-OTHER (FAR 6.302-1 OTHER),1,D,COMMERCIAL PRODUCTS/SERVICES PROCEDURES NOT USED,f,N,NO,N,NO,X,NOT APPLICABLE,N,NO,,N,NO,Y,YES,X,NOT APPLICABLE,X,NOT APPLICABLE,X,NOT APPLICABLE,,,,,,,,,,Y,YES,Y,YES - CAS CLAUSE INCLUDED,N,TRANSACTION DOES NOT USE GFE/GFP,N,NO,D,NOT CONSOLIDATED,X,NOT APPLICABLE,Y,YES,,,,,X,NOT APPLICABLE,f,f,f,f,f,f,f,f,f,f,f,f,f,f,f,f,f,f,f,OTHER THAN SMALL BUSINESS,O,f,f,f,f,f,f,f,f,f,f,f,f,f,f,f,f,f,CORPORATE NOT TAX EXEMPT,t,f,f,f,f,f,f,f,f,f,f,f,t,f,f,f,f,f,f,f,f,f,f,f,f,f,f,f,t,f,f,f,f,f,f,f,f,f,f,f,f,f,f,f,f,f,f,f,f,f,,,,,,,,,,,https://www.usaspending.gov/award/CONT_IDV_W58RGZ17D0055_9700/,2025-07-31 16:25:27+00
CONT_IDV_W58RGZ17D0081_9700,W58RGZ17D0081,,,,,,,,,0.00,,,60010260.00,2017-06-30,2017,2021-04-28,2021,2017-06-30,,,2021-06-29,,097,Department of Defense,2100,Department of the Army,W58RGZ,W6QK ACC-RSA,097,Department of Defense,2100,Department of the Army,W81UHH,W6DQ 01 PEO AVN,,,,,X,NOT APPLICABLE,,,FRJQGQHDX4J3,,"L3 TECHNOLOGIES, INC.","L3 TECHNOLOGIES, INC.",,06401,SJULQDJ8NZU7,,"L3HARRIS TECHNOLOGIES, INC",L3HARRIS TECHNOLOGIES  INC.,USA,UNITED STATES,640 N 2200 W,,SALT LAKE CITY,49035,SALT LAKE,49,UT,UTAH,841162925,UT-02,UT-02,8016060372,8015942004,,,,,,,,,,,,IDV,,,B,IDC,S,SINGLE AWARD,B,INDEFINITE DELIVERY / INDEFINITE QUANTITY,1,ORDER DEPENDENT (IDV ALLOWS PRICING ARRANGEMENT TO BE DETERMINED SEPARATELY FOR EACH ORDER),BASIC AWARD FOR ROVER PRODUCTION-HARDWARE.,,,"CL,CT","CLOSELY ASSOCIATED,CRITICAL FUNCTIONS",1550,UNMANNED AIRCRAFT,H,NOT BUNDLED,A1A,AIRFRAMES AND SPARES,336411,AIRCRAFT MANUFACTURING,C,NO CLAUSES INCLUDED AND NO SUSTAINABILITY INCLUDED,A,U.S. OWNED BUSINESS,,,,,,,,,,,F,INDIVIDUAL SUBCONTRACT PLAN,B,NOT AVAILABLE FOR COMPETITION,SSS,ONLY ONE SOURCE,NONE,NO SET ASIDE USED.,NONE,NO PREFERENCE USED,,,,,OTH,AUTHORIZED BY STATUTE (FAR 6.302-5(A)(2)(I)),1,D,COMMERCIAL ITEM PROCEDURES NOT USED,f,N,NO,N,NO,X,NOT APPLICABLE,N,NO,,N,NO,Y,YES,X,NOT APPLICABLE,X,NOT APPLICABLE,X,NOT APPLICABLE,,,,,,,,NONE,NONE,Y,YES,Y,YES - CAS CLAUSE INCLUDED,N,TRANSACTION DOES NOT USE GFE/GFP,N,NO,D,NOT CONSOLIDATED,X,NOT APPLICABLE,Y,YES,,,,,X,NOT APPLICABLE,f,f,f,f,f,f,f,f,f,f,f,f,f,f,f,f,f,f,f,OTHER THAN SMALL BUSINESS,O,f,f,f,f,f,f,f,f,f,f,f,f,f,f,f,f,f,CORPORATE NOT TAX EXEMPT,t,f,f,f,f,f,f,f,f,f,f,f,t,f,f,f,f,t,f,f,f,f,f,f,f,f,f,f,t,f,f,f,f,f,f,f,f,f,f,f,f,f,f,f,f,f,f,f,f,f,,,,,,,,,,,https://www.usaspending.gov/award/CONT_IDV_W58RGZ17D0081_9700/,2022-12-10 12:59:23+00
CONT_IDV_W58RGZ18D0138_9700,W58RGZ18D0138,,,,,,,,,0.00,,,441634478.00,2018-09-28,2018,2025-11-24,2026,2018-10-01,,,2024-03-31,2017-06-09,097,Department of Defense,2100,Department of the Army,W58RGZ,W6QK ACC-RSA,097,Department of Defense,2100,Department of the Army,W81UHH,W6DQ 01 PEO AVN,,,,,X,NOT APPLICABLE,,,ZH4NVFG3Z526,,"GENERAL ATOMICS AERONAUTICAL SYSTEMS, INC.","GENERAL ATOMICS AERONAUTICAL SYSTEMS, INC.",,0YJB5,ZH4NVFG3Z526,,"GENERAL ATOMICS AERONAUTICAL SYSTEMS, INC.",GENERAL ATOMIC TECHNOLOGIES CORPORATION,USA,UNITED STATES,14200 KIRKHAM WAY,,POWAY,06073,SAN DIEGO,06,CA,CALIFORNIA,920647103,CA-48,CA-48,8585256018,,,,,,,,,,,,,IDV,,,B,IDC,S,SINGLE AWARD,B,INDEFINITE DELIVERY / INDEFINITE QUANTITY,1,ORDER DEPENDENT (IDV ALLOWS PRICING ARRANGEMENT TO BE DETERMINED SEPARATELY FOR EACH ORDER),BASIC CONTRACT FOR FY19-23 GRAY EAGLE TECHNICAL SERVICES,W58RGZ17R0116,,,,1550,UNMANNED AIRCRAFT,H,NOT BUNDLED,A1C,OTHER AIRCRAFT EQUIPMENT,336411,AIRCRAFT MANUFACTURING,C,NO CLAUSES INCLUDED AND NO SUSTAINABILITY INCLUDED,A,U.S. OWNED BUSINESS,,,,,,,,,,,F,INDIVIDUAL SUBCONTRACT PLAN,C,NOT COMPETED,SSS,ONLY ONE SOURCE,NONE,NO SET ASIDE USED.,NONE,NO PREFERENCE USED,,,,,ONE,ONLY ONE SOURCE-OTHER (FAR 6.302-1 OTHER),1,D,COMMERCIAL PRODUCTS/SERVICES PROCEDURES NOT USED,f,N,NO,N,NO,Y,YES,N,NO,,N,NO,Y,YES,N,NO,N,NO,X,NOT APPLICABLE,,,,,,,,,,Y,YES,Y,YES - CAS CLAUSE INCLUDED,N,TRANSACTION DOES NOT USE GFE/GFP,N,NO,D,NOT CONSOLIDATED,X,NOT APPLICABLE,N,NO,,,,,X,NOT APPLICABLE,f,f,f,f,f,f,f,f,f,f,f,f,f,f,f,f,f,f,f,OTHER THAN SMALL BUSINESS,O,f,f,f,f,f,f,f,f,f,f,f,f,f,f,f,f,f,CORPORATE NOT TAX EXEMPT,t,f,f,f,f,f,f,f,f,f,f,f,f,f,f,f,f,t,f,f,f,f,f,f,f,f,f,f,t,f,f,f,f,f,f,f,f,f,f,f,f,f,f,f,f,f,f,f,f,f,JAMES N BLUE,3276593.00,LINDEN P BLUE,2771930.00,DAVID R ALEXANDER,2537917.00,BARTON B ROPER,1220781.00,FRED  DARLINGTON,1169891.00,https://www.usaspending.gov/award/CONT_IDV_W58RGZ18D0138_9700/,2025-11-24 07:52:29+00
CONT_IDV_W58RGZ19D0030_9700,W58RGZ19D0030,,,,,,,,,0.00,,,71224375.00,2019-08-29,2019,2022-05-13,2022,2019-08-29,,,2020-08-30,2018-12-10,097,Department of Defense,9763,Defense Contract Management Agency,S3500A,DCMA ALBUQUERQUE,097,Department of Defense,2100,Department of the Army,W58RGZ,W6QK ACC-RSA,,,,,X,NOT APPLICABLE,,,WNFAAJU8F1X1,,NORTHROP GRUMMAN SYSTEMS CORPORATION,NORTHROP GRUMMAN SYSTEMS CORPORATION,,0W6H8,NKVZLJL93QT6,,NORTHROP GRUMMAN CORPORATION,NORTHROP GRUMMAN SYSTEMS CORPORATION,USA,UNITED STATES,4067 ENTERPRISE WAY,,SIERRA VISTA,04003,COCHISE,04,AZ,ARIZONA,856352273,AZ-02,AZ-06,7037134096,,,,,,,,,,,,,IDV,,,B,IDC,S,SINGLE AWARD,B,INDEFINITE DELIVERY / INDEFINITE QUANTITY,1,ORDER DEPENDENT (IDV ALLOWS PRICING ARRANGEMENT TO BE DETERMINED SEPARATELY FOR EACH ORDER),HUNTER UNMANNED AIRCRAFT SYSTEM (UAS) ENGINEERING TECHNICAL SERVICES (ETS) SUPPORT FOR FYS 2019-2021.,,,CL,CLOSELY ASSOCIATED,1550,UNMANNED AIRCRAFT,H,NOT BUNDLED,S1,SERVICES,541330,ENGINEERING SERVICES,C,NO CLAUSES INCLUDED AND NO SUSTAINABILITY INCLUDED,A,U.S. OWNED BUSINESS,,,,,,,,,,,F,INDIVIDUAL SUBCONTRACT PLAN,C,NOT COMPETED,SSS,ONLY ONE SOURCE,NONE,NO SET ASIDE USED.,NONE,NO PREFERENCE USED,,,,,ONE,ONLY ONE SOURCE-OTHER (FAR 6.302-1 OTHER),1,D,COMMERCIAL ITEM PROCEDURES NOT USED,f,N,NO,N,NO,X,NOT APPLICABLE,N,NO,,N,NO,N,NO,N,NO,N,NO,X,NOT APPLICABLE,,,,,,,,NONE,NONE,Y,YES,Y,YES - CAS CLAUSE INCLUDED,N,TRANSACTION DOES NOT USE GFE/GFP,N,NO,D,NOT CONSOLIDATED,X,NOT APPLICABLE,N,NO,,,,,X,NOT APPLICABLE,f,f,f,f,f,f,f,f,f,f,f,f,f,f,f,f,f,f,f,OTHER THAN SMALL BUSINESS,O,f,f,f,f,f,f,f,f,f,f,f,f,f,f,f,f,f,CORPORATE NOT TAX EXEMPT,t,f,f,f,f,f,f,f,f,f,f,f,f,f,f,f,f,t,f,f,f,f,f,f,f,f,f,f,t,f,f,f,f,f,f,f,f,f,f,f,f,f,f,f,f,f,f,f,f,f,,,,,,,,,,,https://www.usaspending.gov/award/CONT_IDV_W58RGZ19D0030_9700/,2022-05-17 18:37:31+00
CONT_IDV_W900KK20D0006_9700,W900KK20D0006,,,,,,,,,0.00,,,49957259.90,2020-02-24,2020,2021-12-01,2022,2020-02-24,,,2022-02-23,2020-02-05,097,Department of Defense,2100,Department of the Army,W900KK,W6QK ACC-APG-ORLANDO,097,Department of Defense,2100,Department of the Army,W8009B,W6EC CPE ST3 REDSTONE,,,,,X,NOT APPLICABLE,,,GVAZBHN26HL8,,"GRIFFON AEROSPACE, INC.","GRIFFON AEROSPACE, INC.",,1MZ42,GVAZBHN26HL8,,"GRIFFON AEROSPACE, INC.",GRIFFON AEROSPACE,USA,UNITED STATES,106 COMMERCE CIRCLE,,MADISON,01089,MADISON,01,AL,ALABAMA,357581864,AL-05,AL-05,2562580035,2562580039,,,,,,,,,,,,IDV,,,B,IDC,S,SINGLE AWARD,B,INDEFINITE DELIVERY / INDEFINITE QUANTITY,U,COST PLUS FIXED FEE,"TARGETS MANAGEMENT OFFICE (TMO) REQUIRES THE MANUFACTURING OF  UNMANNED AERIAL TARGETS, SPARES, MISSION PAYLOAD SYSTEM DEVICES, AND RELATED SUPPORT SERVICES FOR AIR DEFENSE ARTILLERY (ADA) TRAINING.",W900KK20R0010,,OT,OTHER FUNCTIONS,1550,UNMANNED AIRCRAFT,H,NOT BUNDLED,C9E,ALL OTHERS NOT IDENTIFIABLE TO ANY OTHER PROCUREMENT PROGRAM,336413,OTHER AIRCRAFT PARTS AND AUXILIARY EQUIPMENT MANUFACTURING,C,NO CLAUSES INCLUDED AND NO SUSTAINABILITY INCLUDED,A,U.S. OWNED BUSINESS,,,,,,,,,,,B,PLAN NOT REQUIRED,B,NOT AVAILABLE FOR COMPETITION,SSS,ONLY ONE SOURCE,NONE,NO SET ASIDE USED.,NONE,NO PREFERENCE USED,,,,,ONE,ONLY ONE SOURCE-OTHER (FAR 6.302-1 OTHER),1,D,COMMERCIAL ITEM PROCEDURES NOT USED,f,N,NO,N,NO,X,NOT APPLICABLE,N,NO,,N,NO,Y,YES,X,NOT APPLICABLE,X,NOT APPLICABLE,X,NOT APPLICABLE,,,,,,,,NONE,NONE,N,NO,Y,YES - CAS CLAUSE INCLUDED,Y,TRANSACTION USES GFE/GFP,U,UNKNOWN,B,CONSOLIDATED REQUIREMENTS WITH WRITTEN DETERMINATION,X,NOT APPLICABLE,N,NO,,,,,X,NOT APPLICABLE,f,f,f,f,f,f,f,f,f,f,f,f,f,f,f,f,f,f,f,SMALL BUSINESS,S,f,f,f,f,f,f,f,f,f,f,f,f,f,f,f,f,f,OTHER,f,f,f,f,f,f,f,f,f,f,f,f,t,f,f,f,f,t,f,f,f,f,f,f,f,t,f,f,t,f,f,f,f,f,f,f,f,f,f,f,f,f,f,f,f,f,f,f,f,f,LARRY A FRENCH,302243.00,JOHN  COWLEY,268614.00,DAWSON  VINCENT,266891.00,JORDAN  FRENCH,316691.00,BRANDON  BANKS,235203.00,https://www.usaspending.gov/award/CONT_IDV_W900KK20D0006_9700/,2025-12-31 09:44:17+00
CONT_IDV_W911NF16D0038_9700,W911NF16D0038,,,,,,,,,0.00,,,49168370.00,2016-09-29,2016,2024-04-23,2024,2016-09-29,,,2021-09-28,,097,Department of Defense,9763,Defense Contract Management Agency,S2404A,DCMA MID-ATLANTIC,097,Department of Defense,2100,Department of the Army,W911NF,W6QK ACC-APG DURHAM,,,,,X,NOT APPLICABLE,,,FN6ABUNCP1S8,,"NEANY, INC.","NEANY, INC",,1KJN4,SLJ5ZV9BJ929,,"NEANY, INC.",NEANY  INC.,USA,UNITED STATES,44010 COMMERCE AVE STE A,,HOLLYWOOD,24037,ST. MARY'S,24,MD,MARYLAND,206363117,MD-05,MD-05,3013733017,3013733927,,,,,,,,,,,,IDV,,,B,IDC,S,SINGLE AWARD,B,INDEFINITE DELIVERY / INDEFINITE QUANTITY,U,COST PLUS FIXED FEE,IGF::OT::IGF BASE PERIOD,W911NF16R0025,,,,1550,UNMANNED AIRCRAFT,D,NOT A BUNDLED REQUIREMENT,S1,SERVICES,336411,AIRCRAFT MANUFACTURING,C,NO CLAUSES INCLUDED AND NO SUSTAINABILITY INCLUDED,A,U.S. OWNED BUSINESS,,,,,,,,,,,B,PLAN NOT REQUIRED,C,NOT COMPETED,SSS,ONLY ONE SOURCE,NONE,NO SET ASIDE USED.,NONE,NO PREFERENCE USED,,,,,ONE,ONLY ONE SOURCE-OTHER (FAR 6.302-1 OTHER),1,D,COMMERCIAL PRODUCTS/SERVICES PROCEDURES NOT USED,f,N,NO,N,NO,X,NOT APPLICABLE,N,NO,,N,NO,Y,YES,Y,YES,X,NOT APPLICABLE,X,NOT APPLICABLE,,,,,,,,,,N,NO,Y,YES - CAS CLAUSE INCLUDED,N,TRANSACTION DOES NOT USE GFE/GFP,U,UNKNOWN,N,NO,X,NOT APPLICABLE,N,NO,,,,,X,NOT APPLICABLE,f,f,f,f,f,f,f,f,f,f,f,f,t,f,f,t,f,f,f,SMALL BUSINESS,S,f,f,f,f,f,f,f,f,f,f,f,f,f,f,f,f,f,CORPORATE NOT TAX EXEMPT,t,f,f,f,f,f,f,f,f,f,f,f,f,f,f,f,f,t,f,f,f,f,f,f,f,f,f,f,t,f,f,f,f,f,f,f,f,f,f,f,f,f,f,f,f,t,f,f,f,f,STEVEN  STEPTOE,20937020.00,JOHNNIE D TAYLOR,170515.00,DARCELLA  LOWE,93636.00,LYNDA  LUTZ,93636.00,CHRISTOPHER  CURTIS,122491.00,https://www.usaspending.gov/award/CONT_IDV_W911NF16D0038_9700/,2025-12-31 09:44:17+00
CONT_IDV_W911QY18D0191_9700,W911QY18D0191,,,,,,,,,0.00,,,248500000.00,2018-04-11,2018,2021-08-19,2021,2018-04-11,,,2023-04-09,,097,Department of Defense,2100,Department of the Army,W911QY,W6QK ACC-APG NATICK,097,Department of Defense,2100,Department of the Army,W81UHH,W6DQ 01 PEO AVN,,,,,X,NOT APPLICABLE,,,DZGUPKLWN9E3,782828045,"INNOVATIVE AUTOMATION TECHNOLOGIES, LLC","INNOVATIVE AUTOMATION TECHNOLOGIES, LLC",,4GF92,DZGUPKLWN9E3,782828045,"INNOVATIVE AUTOMATION TECHNOLOGIES, LLC",INNOVATIVE AUTOMATION TECHNOLOGIES  LLC,USA,UNITED STATES,2350 NW 71ST PL STE A,,GAINESVILLE,12001,ALACHUA,12,FL,FLORIDA,326531622,FL-03,FL-03,3522245115,3522245273,,,,,,,,,,,,IDV,,,B,IDC,S,SINGLE AWARD,B,INDEFINITE DELIVERY / INDEFINITE QUANTITY,J,FIRM FIXED PRICE,"MAX CONTRACT VALUE $248,500,000",W911QY17R0017,,OT,OTHER FUNCTIONS,1550,UNMANNED AIRCRAFT,H,NOT BUNDLED,A1C,OTHER AIRCRAFT EQUIPMENT,336411,AIRCRAFT MANUFACTURING,C,NO CLAUSES INCLUDED AND NO SUSTAINABILITY INCLUDED,A,U.S. OWNED BUSINESS,,,,,,,,,,,B,PLAN NOT REQUIRED,D,FULL AND OPEN COMPETITION AFTER EXCLUSION OF SOURCES,NP,NEGOTIATED PROPOSAL/QUOTE,SBP,SMALL BUSINESS SET ASIDE - PARTIAL,NONE,NO PREFERENCE USED,,,,,,,8,A,COMMERCIAL ITEM,f,N,NO,N,NO,Y,YES,N,NO,,N,NO,X,NOT APPLICABLE,N,NO,N,NO,X,NOT APPLICABLE,,,,,,,,NONE,NONE,N,NO,X,NOT APPLICABLE EXEMPT FROM CAS,N,TRANSACTION DOES NOT USE GFE/GFP,U,UNKNOWN,D,NOT CONSOLIDATED,X,NOT APPLICABLE,N,NO,,,,,X,NOT APPLICABLE,f,f,f,f,f,f,f,t,t,f,f,f,f,f,f,f,f,f,f,SMALL BUSINESS,S,f,f,f,f,f,f,f,f,f,f,f,f,f,f,f,f,f,CORPORATE NOT TAX EXEMPT,t,f,f,f,f,f,f,f,f,f,f,f,t,f,f,f,f,t,f,f,f,f,f,f,f,f,t,f,t,f,f,f,f,f,f,f,f,f,f,f,f,f,f,f,f,f,f,f,f,f,,,,,,,,,,,https://www.usaspending.gov/award/CONT_IDV_W911QY18D0191_9700/,2021-08-19 17:23:34+00
CONT_IDV_W911QY18D0192_9700,W911QY18D0192,,,,,,,,,0.00,,,248500000.02,2018-04-11,2018,2023-02-21,2023,2018-04-10,,,2023-04-09,,097,Department of Defense,2100,Department of the Army,W9113M,W6QK ACC-RSA,097,Department of Defense,2100,Department of the Army,W81UHH,W6DQ 01 PEO AVN,,,,,X,NOT APPLICABLE,,,YJG1MDHLBC88,,"AEROVIRONMENT, INC.","AEROVIRONMENT, INC.",,914V0,YJG1MDHLBC88,,"AEROVIRONMENT, INC.",AEROVIRONMENT  INC.,USA,UNITED STATES,800 ROYAL OAKS DR STE 210,,MONROVIA,06037,LOS ANGELES,06,CA,CALIFORNIA,910166347,CA-08,CA-31,8055812187,8055262565,,,,,,,,,,,,IDV,,,B,IDC,M,MULTIPLE AWARD,B,INDEFINITE DELIVERY / INDEFINITE QUANTITY,J,FIRM FIXED PRICE,"MAX CONTRACT VALUE $248,500,000",W911QY17R0017,,OT,OTHER FUNCTIONS,1550,UNMANNED AIRCRAFT,H,NOT BUNDLED,A1C,OTHER AIRCRAFT EQUIPMENT,336411,AIRCRAFT MANUFACTURING,C,NO CLAUSES INCLUDED AND NO SUSTAINABILITY INCLUDED,A,U.S. OWNED BUSINESS,,,,,,,,,,,B,PLAN NOT REQUIRED,D,FULL AND OPEN COMPETITION AFTER EXCLUSION OF SOURCES,NP,NEGOTIATED PROPOSAL/QUOTE,SBP,SMALL BUSINESS SET ASIDE - PARTIAL,NONE,NO PREFERENCE USED,,,,,,,8,A,COMMERCIAL PRODUCTS/SERVICES,f,N,NO,N,NO,X,NOT APPLICABLE,N,NO,,N,NO,X,NOT APPLICABLE,N,NO,N,NO,X,NOT APPLICABLE,,,,,,,,NONE,NONE,N,NO,X,NOT APPLICABLE EXEMPT FROM CAS,N,TRANSACTION DOES NOT USE GFE/GFP,U,UNKNOWN,D,NOT CONSOLIDATED,X,NOT APPLICABLE,N,NO,,,,,X,NOT APPLICABLE,f,f,f,f,f,f,f,f,f,f,f,f,f,f,f,f,f,f,f,SMALL BUSINESS,S,f,f,f,f,f,f,f,f,f,f,f,f,f,f,f,f,f,CORPORATE NOT TAX EXEMPT,t,f,f,f,f,f,f,f,f,f,f,f,t,f,f,f,f,t,f,f,f,f,f,f,f,f,f,f,t,f,f,f,f,f,f,f,f,f,f,f,f,f,f,f,f,f,f,f,f,f,,,,,,,,,,,https://www.usaspending.gov/award/CONT_IDV_W911QY18D0192_9700/,2023-02-21 11:23:21+00
CONT_IDV_W911QY18D0193_9700,W911QY18D0193,,,,,,,,,0.00,,,248500000.00,2018-04-11,2018,2023-02-22,2023,2018-04-10,,,2023-04-09,,097,Department of Defense,9763,Defense Contract Management Agency,S1109A,DCMA SOUTHEAST (ST PETERSBURG),097,Department of Defense,2100,Department of the Army,W911QY,W6QK ACC-APG NATICK,,,,,X,NOT APPLICABLE,,,FRYJKTY8C248,,"TELEDYNE FLIR DETECTION, INC.",ALTAVIAN INC.,,6F8P3,F11UCKNJJHX8,,"TELEDYNE FLIR, LLC",ALTAVIAN INC.,USA,UNITED STATES,1724 NE 2ND ST,,GAINESVILLE,12001,ALACHUA,12,FL,FLORIDA,326093763,FL-03,FL-03,3522466346,8553258284,,,,,,,,,,,,IDV,,,B,IDC,M,MULTIPLE AWARD,B,INDEFINITE DELIVERY / INDEFINITE QUANTITY,J,FIRM FIXED PRICE,"MAX CONTRACT VALUE $248,500,000",W911QY17R0017,,OT,OTHER FUNCTIONS,1550,UNMANNED AIRCRAFT,H,NOT BUNDLED,A1C,OTHER AIRCRAFT EQUIPMENT,336411,AIRCRAFT MANUFACTURING,C,NO CLAUSES INCLUDED AND NO SUSTAINABILITY INCLUDED,A,U.S. OWNED BUSINESS,,,,,,,,,,,B,PLAN NOT REQUIRED,D,FULL AND OPEN COMPETITION AFTER EXCLUSION OF SOURCES,NP,NEGOTIATED PROPOSAL/QUOTE,SBP,SMALL BUSINESS SET ASIDE - PARTIAL,NONE,NO PREFERENCE USED,,,,,,,8,A,COMMERCIAL PRODUCTS/SERVICES,f,N,NO,N,NO,Y,YES,N,NO,,N,NO,N,NO,N,NO,N,NO,X,NOT APPLICABLE,,,,,,,,NONE,NONE,N,NO,X,NOT APPLICABLE EXEMPT FROM CAS,N,TRANSACTION DOES NOT USE GFE/GFP,U,UNKNOWN,D,NOT CONSOLIDATED,X,NOT APPLICABLE,N,NO,,,,,X,NOT APPLICABLE,f,f,f,f,f,f,f,f,f,f,f,f,f,f,f,f,f,f,f,SMALL BUSINESS,S,f,f,f,f,f,f,f,f,f,f,f,f,f,f,f,f,f,CORPORATE NOT TAX EXEMPT,t,f,f,f,f,f,f,f,f,f,f,f,t,f,f,f,f,t,f,f,f,f,f,f,f,f,f,f,t,f,f,f,f,f,f,f,f,f,f,f,f,f,f,f,f,f,f,f,f,f,,,,,,,,,,,https://www.usaspending.gov/award/CONT_IDV_W911QY18D0193_9700/,2023-02-22 09:50:51+00
CONT_IDV_W911QY18D0194_9700,W911QY18D0194,,,,,,,,,0.00,,,248500000.00,2018-04-11,2018,2023-03-01,2023,2018-04-11,,,2023-04-09,,097,Department of Defense,2100,Department of the Army,W911QY,W6QK ACC-APG NATICK,097,Department of Defense,2100,Department of the Army,W81UHH,W6DQ 01 PEO AVN,,,,,X,NOT APPLICABLE,,,NJASN4TJRNU1,,"MERCURY MISSION SYSTEMS, LLC","MERCURY MISSION SYSTEMS, LLC",,8MBV3,J51ULX3CNCZ4,,MERCURY SYSTEMS INC,MERCURY MISSION SYSTEMS  LLC,USA,UNITED STATES,1754 N 48TH ST,,MESA,04013,MARICOPA,04,AZ,ARIZONA,852053303,AZ-05,AZ-04,9789671780,,,,,,,,,,,,,IDV,,,B,IDC,M,MULTIPLE AWARD,B,INDEFINITE DELIVERY / INDEFINITE QUANTITY,J,FIRM FIXED PRICE,"MAX CONTRACT VALUE $248,500,000",W911QY17R0017,,OT,OTHER FUNCTIONS,1550,UNMANNED AIRCRAFT,H,NOT BUNDLED,A1C,OTHER AIRCRAFT EQUIPMENT,336411,AIRCRAFT MANUFACTURING,C,NO CLAUSES INCLUDED AND NO SUSTAINABILITY INCLUDED,A,U.S. OWNED BUSINESS,,,,,,,,,,,B,PLAN NOT REQUIRED,D,FULL AND OPEN COMPETITION AFTER EXCLUSION OF SOURCES,NP,NEGOTIATED PROPOSAL/QUOTE,SBP,SMALL BUSINESS SET ASIDE - PARTIAL,NONE,NO PREFERENCE USED,,,,,,,8,A,COMMERCIAL PRODUCTS/SERVICES,f,N,NO,N,NO,X,NOT APPLICABLE,N,NO,,N,NO,N,NO,N,NO,N,NO,X,NOT APPLICABLE,,,,,,,,NONE,NONE,N,NO,X,NOT APPLICABLE EXEMPT FROM CAS,N,TRANSACTION DOES NOT USE GFE/GFP,U,UNKNOWN,D,NOT CONSOLIDATED,X,NOT APPLICABLE,N,NO,,,,,X,NOT APPLICABLE,f,f,f,f,f,f,f,f,f,f,f,f,f,f,f,f,f,f,f,SMALL BUSINESS,S,f,f,f,f,f,f,f,f,f,f,f,f,f,f,f,f,f,CORPORATE NOT TAX EXEMPT,t,f,f,f,f,f,f,f,f,f,f,f,f,f,f,f,f,t,f,f,f,f,f,f,f,f,f,f,t,f,f,f,f,f,f,f,f,f,f,f,f,f,f,f,f,f,f,f,f,f,,,,,,,,,,,https://www.usaspending.gov/award/CONT_IDV_W911QY18D0194_9700/,2025-12-31 09:44:17+00
CONT_IDV_W911QY18D0195_9700,W911QY18D0195,,,,,,,,,0.00,,,248500000.00,2018-04-11,2018,2022-06-07,2022,2018-04-11,,,2023-04-09,,097,Department of Defense,2100,Department of the Army,W9113M,W6QK ACC-RSA,097,Department of Defense,2100,Department of the Army,W81UHH,W6DQ 01 PEO AVN,,,,,X,NOT APPLICABLE,,,DJMXCNAWRJU7,,"STRATA-G SOLUTIONS, LLC","STRATA-G SOLUTIONS, LLC",STRATA-G,529L6,M5H7HESFYJL5,,THE ALEUT CORPORATION,STRATA-G SOLUTIONS  LLC,USA,UNITED STATES,2901 WALL TRIANA HWY SW STE 200,,HUNTSVILLE,01089,MADISON,01,AL,ALABAMA,358241596,AL-05,AL-05,2567130482,2567247068,,,,,,,,,,,,IDV,,,B,IDC,M,MULTIPLE AWARD,B,INDEFINITE DELIVERY / INDEFINITE QUANTITY,J,FIRM FIXED PRICE,"MAX CONTRACT VALUE $248,500,000",W911QY17R0017,,OT,OTHER FUNCTIONS,1550,UNMANNED AIRCRAFT,H,NOT BUNDLED,A1C,OTHER AIRCRAFT EQUIPMENT,336411,AIRCRAFT MANUFACTURING,C,NO CLAUSES INCLUDED AND NO SUSTAINABILITY INCLUDED,A,U.S. OWNED BUSINESS,,,,,,,,,,,B,PLAN NOT REQUIRED,D,FULL AND OPEN COMPETITION AFTER EXCLUSION OF SOURCES,NP,NEGOTIATED PROPOSAL/QUOTE,SBP,SMALL BUSINESS SET ASIDE - PARTIAL,NONE,NO PREFERENCE USED,,,,,,,8,A,COMMERCIAL PRODUCTS/SERVICES,f,N,NO,N,NO,X,NOT APPLICABLE,N,NO,,N,NO,N,NO,N,NO,N,NO,X,NOT APPLICABLE,,,,,,,,NONE,NONE,N,NO,X,NOT APPLICABLE EXEMPT FROM CAS,N,TRANSACTION DOES NOT USE GFE/GFP,U,UNKNOWN,D,NOT CONSOLIDATED,X,NOT APPLICABLE,N,NO,,,,,X,NOT APPLICABLE,f,t,f,f,f,f,f,t,t,f,f,f,t,f,f,f,f,t,f,SMALL BUSINESS,S,f,f,f,f,f,f,f,f,f,f,f,f,f,f,f,f,f,CORPORATE NOT TAX EXEMPT,t,f,f,f,f,f,f,f,f,f,f,f,f,f,f,f,f,t,f,f,f,f,f,f,f,f,f,f,t,f,f,f,f,f,f,f,f,f,f,f,f,f,f,f,f,f,f,f,f,f,JOHN  VANNOY,265013.00,SCOTT  HARVEY,225930.00,KEVIN  COOK,200013.00,DAVID  MCCARTY,180003.00,DONALD  YANCEY,188003.00,https://www.usaspending.gov/award/CONT_IDV_W911QY18D0195_9700/,2022-06-07 17:45:39+00
CONT_IDV_W911QY18D0196_9700,W911QY18D0196,,,,,,,,,0.00,,,248500000.00,2018-04-11,2018,2022-05-13,2022,2018-04-11,,,2023-04-09,,097,Department of Defense,9763,Defense Contract Management Agency,S3500A,DCMA ALBUQUERQUE,097,Department of Defense,2100,Department of the Army,W911QY,W6QK ACC-APG NATICK,,,,,X,NOT APPLICABLE,,,D8JSSMUG9NL1,,"BLACKBAR ENGINEERING, LLC","BROCKTEK, LLC",,7KXC6,D8JSSMUG9NL1,,"BLACKBAR ENGINEERING, LLC",BROCKTEK  LLC,USA,UNITED STATES,4481 CAMPUS DR STE A,,SIERRA VISTA,04003,COCHISE,04,AZ,ARIZONA,856352566,AZ-02,AZ-06,5204581314,5204581017,,,,,,,,,,,,IDV,,,B,IDC,M,MULTIPLE AWARD,B,INDEFINITE DELIVERY / INDEFINITE QUANTITY,J,FIRM FIXED PRICE,"MAX CONTRACT VALUE $248,500,000",W911QY17R0017,,OT,OTHER FUNCTIONS,1550,UNMANNED AIRCRAFT,H,NOT BUNDLED,A1C,OTHER AIRCRAFT EQUIPMENT,336411,AIRCRAFT MANUFACTURING,C,NO CLAUSES INCLUDED AND NO SUSTAINABILITY INCLUDED,A,U.S. OWNED BUSINESS,,,,,,,,,,,B,PLAN NOT REQUIRED,D,FULL AND OPEN COMPETITION AFTER EXCLUSION OF SOURCES,NP,NEGOTIATED PROPOSAL/QUOTE,SBP,SMALL BUSINESS SET ASIDE - PARTIAL,NONE,NO PREFERENCE USED,,,,,,,8,A,COMMERCIAL ITEM,f,N,NO,N,NO,Y,YES,N,NO,,N,NO,X,NOT APPLICABLE,N,NO,N,NO,X,NOT APPLICABLE,,,,,,,,NONE,NONE,N,NO,X,NOT APPLICABLE EXEMPT FROM CAS,N,TRANSACTION DOES NOT USE GFE/GFP,U,UNKNOWN,D,NOT CONSOLIDATED,X,NOT APPLICABLE,N,NO,,,,,X,NOT APPLICABLE,f,f,f,f,f,f,f,f,f,f,f,f,f,f,f,f,f,f,f,SMALL BUSINESS,S,f,f,f,f,f,f,f,f,f,f,f,f,f,f,f,f,f,CORPORATE NOT TAX EXEMPT,t,f,f,f,f,f,f,f,f,f,f,f,t,f,f,f,f,t,f,f,f,f,f,f,f,f,t,f,t,f,f,f,f,f,f,f,f,f,f,f,f,f,f,f,f,f,f,f,f,f,,,,,,,,,,,https://www.usaspending.gov/award/CONT_IDV_W911QY18D0196_9700/,2022-05-17 14:11:13+00
CONT_IDV_W911QY18D0197_9700,W911QY18D0197,,,,,,,,,0.00,,,248500000.00,2018-04-11,2018,2022-05-13,2022,2018-04-11,,,2023-04-09,,097,Department of Defense,9763,Defense Contract Management Agency,S4402A,DCMA SOUTH (DALLAS),097,Department of Defense,2100,Department of the Army,W911QY,W6QK ACC-APG NATICK,,,,,X,NOT APPLICABLE,,,TBLKC12FCDH8,,"ELBITAMERICA, INC.",EFW INC.,,0WEC9,JMMGQ2ME8XG3,,ELBIT SYSTEMS LTD,ELBIT SYSTEMS LTD.,USA,UNITED STATES,4700 MARINE CREEK PKWY,,FORT WORTH,48439,TARRANT,48,TX,TEXAS,761793598,TX-12,TX-12,8172346655,8173066655,,,,,,,,,,,,IDV,,,B,IDC,M,MULTIPLE AWARD,B,INDEFINITE DELIVERY / INDEFINITE QUANTITY,J,FIRM FIXED PRICE,"MAX CONTRACT VALUE $248,500,000",W911QY17R0017,,OT,OTHER FUNCTIONS,1550,UNMANNED AIRCRAFT,H,NOT BUNDLED,A1C,OTHER AIRCRAFT EQUIPMENT,336411,AIRCRAFT MANUFACTURING,C,NO CLAUSES INCLUDED AND NO SUSTAINABILITY INCLUDED,C,FOREIGN-OWNED BUSINESS INCORPORATED IN THE U.S.,,,,,,,,,,,G,COMMERCIAL SUBCONTRACT PLAN,A,FULL AND OPEN COMPETITION,NP,NEGOTIATED PROPOSAL/QUOTE,NONE,NO SET ASIDE USED.,NONE,NO PREFERENCE USED,,,,,,,8,A,COMMERCIAL ITEM,f,N,NO,N,NO,Y,YES,N,NO,,N,NO,X,NOT APPLICABLE,N,NO,N,NO,X,NOT APPLICABLE,,,,,,,,NONE,NONE,N,NO,X,NOT APPLICABLE EXEMPT FROM CAS,N,TRANSACTION DOES NOT USE GFE/GFP,U,UNKNOWN,D,NOT CONSOLIDATED,X,NOT APPLICABLE,N,NO,,,,,X,NOT APPLICABLE,f,f,f,f,f,f,f,f,f,f,f,f,f,f,f,f,f,f,f,OTHER THAN SMALL BUSINESS,O,f,f,f,f,f,f,f,f,f,f,f,f,f,f,f,f,f,CORPORATE NOT TAX EXEMPT,t,f,f,f,f,f,f,f,f,f,f,f,t,f,f,f,f,t,f,f,f,f,f,f,f,f,f,t,t,f,f,f,f,f,f,f,f,f,f,f,f,f,f,f,f,f,f,f,f,f,,,,,,,,,,,https://www.usaspending.gov/award/CONT_IDV_W911QY18D0197_9700/,2022-06-22 18:42:30+00
CONT_IDV_W911QY18D0246_9700,W911QY18D0246,,,,,,,,,0.00,,,14831558.00,2018-09-28,2018,2021-07-09,2021,2018-09-28,,,2021-09-27,2018-08-20,097,Department of Defense,2100,Department of the Army,W911QY,W6QK ACC-APG NATICK,097,Department of Defense,2100,Department of the Army,W81UHH,W6DQ 01 PEO AVN,,,,,X,NOT APPLICABLE,,,J4Q3HP6NHK47,060605883,"ROCKWELL COLLINS, INC.","ROCKWELL COLLINS, INC.",,13499,QJ58YL55YKF3,962960589,"ROCKWELL COLLINS, INC.",ROCKWELL COLLINS  INC.,USA,UNITED STATES,400 COLLINS RD NE,,CEDAR RAPIDS,19113,LINN,19,IA,IOWA,524980505,IA-01,IA-02,3192655467,,,,,,,,,,,,,IDV,,,B,IDC,S,SINGLE AWARD,B,INDEFINITE DELIVERY / INDEFINITE QUANTITY,J,FIRM FIXED PRICE,YEAR ONE ACE V(0) PRODUCTION UNITS,W911QY18R0027,,OT,OTHER FUNCTIONS,1550,UNMANNED AIRCRAFT,H,NOT BUNDLED,A1A,AIRFRAMES AND SPARES,334511,"SEARCH, DETECTION, NAVIGATION, GUIDANCE, AERONAUTICAL, AND NAUTICAL SYSTEM AND INSTRUMENT MANUFACTURING",C,NO CLAUSES INCLUDED AND NO SUSTAINABILITY INCLUDED,A,U.S. OWNED BUSINESS,,,,,,,,,,,B,PLAN NOT REQUIRED,B,NOT AVAILABLE FOR COMPETITION,SSS,ONLY ONE SOURCE,NONE,NO SET ASIDE USED.,NONE,NO PREFERENCE USED,,,,,ONE,ONLY ONE SOURCE-OTHER (FAR 6.302-1 OTHER),1,A,COMMERCIAL ITEM,f,N,NO,N,NO,X,NOT APPLICABLE,N,NO,,Y,YES,X,NOT APPLICABLE,X,NOT APPLICABLE,X,NOT APPLICABLE,X,NOT APPLICABLE,,,,,,,,NONE,NONE,N,NO,X,NOT APPLICABLE EXEMPT FROM CAS,N,TRANSACTION DOES NOT USE GFE/GFP,U,UNKNOWN,D,NOT CONSOLIDATED,X,NOT APPLICABLE,N,NO,,,,,X,NOT APPLICABLE,f,f,f,f,f,f,f,f,f,f,f,f,f,f,f,f,f,f,f,OTHER THAN SMALL BUSINESS,O,f,f,f,f,f,f,f,f,f,f,f,f,f,f,f,f,f,CORPORATE NOT TAX EXEMPT,t,f,f,f,f,f,f,f,f,f,f,f,t,f,f,f,f,t,f,f,f,f,f,f,f,f,f,f,t,f,f,f,f,f,f,f,f,f,f,f,f,f,f,f,f,f,f,f,f,f,,,,,,,,,,,https://www.usaspending.gov/award/CONT_IDV_W911QY18D0246_9700/,2021-07-09 13:48:03+00
CONT_IDV_W911QY19D0028_9700,W911QY19D0028,,,,,,,,,0.00,,,13400000.00,2019-05-07,2019,2022-04-14,2022,2019-05-01,,,2023-04-30,2019-03-11,097,Department of Defense,2100,Department of the Army,W911QY,W6QK ACC-APG NATICK,097,Department of Defense,2100,Department of the Army,W80M26,W4HP ACTV SPECIAL PROJECTS SPT,,,,,X,NOT APPLICABLE,,,MWKWXVSSC518,,"AEROVIRONMENT, INC","AEROVIRONMENT, INC.",,60107,YJG1MDHLBC88,,"AEROVIRONMENT, INC.",AEROVIRONMENT  INC.,USA,UNITED STATES,"900, INNOVATORS WAY",,SIMI VALLEY,06111,VENTURA,06,CA,CALIFORNIA,93065,CA-25,CA-26,8055208350,,,,,,,,,,,,,IDV,,,B,IDC,S,SINGLE AWARD,B,INDEFINITE DELIVERY / INDEFINITE QUANTITY,J,FIRM FIXED PRICE,V-35M VAPOR AIRCRAFT KIT (ARMY),,,,,1550,UNMANNED AIRCRAFT,H,NOT BUNDLED,C9E,ALL OTHERS NOT IDENTIFIABLE TO ANY OTHER PROCUREMENT PROGRAM,336411,AIRCRAFT MANUFACTURING,C,NO CLAUSES INCLUDED AND NO SUSTAINABILITY INCLUDED,A,U.S. OWNED BUSINESS,,,,,,,,,,,B,PLAN NOT REQUIRED,C,NOT COMPETED,SSS,ONLY ONE SOURCE,NONE,NO SET ASIDE USED.,NONE,NO PREFERENCE USED,,,,,NS,NATIONAL SECURITY (FAR 6.302-6),1,A,COMMERCIAL ITEM,f,N,NO,N,NO,X,NOT APPLICABLE,N,NO,,N,NO,X,NOT APPLICABLE,X,NOT APPLICABLE,X,NOT APPLICABLE,X,NOT APPLICABLE,,,,,,,,NONE,NONE,N,NO,X,NOT APPLICABLE EXEMPT FROM CAS,N,TRANSACTION DOES NOT USE GFE/GFP,U,UNKNOWN,D,NOT CONSOLIDATED,X,NOT APPLICABLE,N,NO,,,,,X,NOT APPLICABLE,f,f,f,f,f,f,f,f,f,f,f,f,f,f,f,f,f,f,f,SMALL BUSINESS,S,f,f,f,f,f,f,f,f,f,f,f,f,f,f,f,f,f,CORPORATE NOT TAX EXEMPT,t,f,f,f,f,f,f,f,f,f,f,f,t,f,f,f,f,t,f,f,f,f,f,f,f,f,f,f,t,f,f,f,f,f,f,f,f,f,f,f,f,f,f,f,f,f,f,f,f,f,,,,,,,,,,,https://www.usaspending.gov/award/CONT_IDV_W911QY19D0028_9700/,2023-05-09 12:06:36+00
CONT_IDV_W911QY19D0030_9700,W911QY19D0030,,,,,,,,,0.00,,,9100000.00,2019-07-12,2019,2021-08-05,2021,2019-07-12,,,2023-06-27,2019-04-23,097,Department of Defense,2100,Department of the Army,W911QY,W6QK ACC-APG NATICK,097,Department of Defense,2100,Department of the Army,W80M26,W4HP ACTV SPECIAL PROJECTS SPT,,,,,X,NOT APPLICABLE,,,V3MLL1R2WEY9,,FLIR UNMANNED AERIAL SYSTEMS AS,FLIR UNMANNED AERIAL SYSTEMS AS,,N5387,SQ2DSCE69F15,,TELEDYNE TECHNOLOGIES INCORPORATED,FLIR UNMANNED AERIAL SYS,NOR,NORWAY,NYE VAKAS VEI 56,,HVALSTAD,,,,,,1395,,,,,,,,,,,,,,,,IDV,,,B,IDC,S,SINGLE AWARD,B,INDEFINITE DELIVERY / INDEFINITE QUANTITY,J,FIRM FIXED PRICE,PROCUREMENT AND PRODUCTION,,,,,1550,UNMANNED AIRCRAFT,H,NOT BUNDLED,C9E,ALL OTHERS NOT IDENTIFIABLE TO ANY OTHER PROCUREMENT PROGRAM,335999,ALL OTHER MISCELLANEOUS ELECTRICAL EQUIPMENT AND COMPONENT MANUFACTURING,C,NO CLAUSES INCLUDED AND NO SUSTAINABILITY INCLUDED,O,OTHER FOREIGN ENTITY (E.G. FOREIGN GOVERNMENT),,,,,,,,,,,F,INDIVIDUAL SUBCONTRACT PLAN,C,NOT COMPETED,SSS,ONLY ONE SOURCE,NONE,NO SET ASIDE USED.,NONE,NO PREFERENCE USED,,,,,NS,NATIONAL SECURITY (FAR 6.302-6),1,A,COMMERCIAL ITEM,f,N,NO,N,NO,X,NOT APPLICABLE,N,NO,,N,NO,X,NOT APPLICABLE,X,NOT APPLICABLE,X,NOT APPLICABLE,X,NOT APPLICABLE,,,,,,,,NONE,NONE,N,NO,X,NOT APPLICABLE EXEMPT FROM CAS,N,TRANSACTION DOES NOT USE GFE/GFP,U,UNKNOWN,D,NOT CONSOLIDATED,X,NOT APPLICABLE,N,NO,,,,,X,NOT APPLICABLE,f,f,f,f,f,f,f,f,f,f,f,f,f,f,f,f,f,f,f,OTHER THAN SMALL BUSINESS,O,f,f,f,f,f,f,f,f,f,f,f,f,f,f,f,f,f,CORPORATE NOT TAX EXEMPT,t,f,f,f,f,f,f,f,f,f,f,f,t,f,f,f,f,t,f,f,f,f,f,f,f,f,t,f,t,f,f,f,f,f,f,f,f,f,f,f,f,f,f,f,f,f,f,f,f,f,,,,,,,,,,,https://www.usaspending.gov/award/CONT_IDV_W911QY19D0030_9700/,2022-04-02 14:47:53+00
CONT_IDV_W911QY19D0032_9700,W911QY19D0032,,,,,,,,,0.00,,,99519342.58,2019-03-28,2019,2021-09-20,2021,2019-03-28,,,2022-07-24,2018-02-28,097,Department of Defense,2100,Department of the Army,W911QY,W6QK ACC-APG NATICK,097,Department of Defense,2100,Department of the Army,W81UHH,W6DQ 01 PEO AVN,,,,,X,NOT APPLICABLE,,,M2E9MNVPWM15,079824910,MARTIN UAV LLC,"MARTIN UAV, LLC",,7DB65,M2E9MNVPWM15,079824910,MARTIN UAV LLC,MARTIN UAV  LLC,USA,UNITED STATES,5345 TOWN SQ DRIVE STE 115,,PLANO,48085,COLLIN,48,TX,TEXAS,750242449,TX-03,TX-04,3126836343,,,,,,,,,,,,,IDV,,,B,IDC,S,SINGLE AWARD,B,INDEFINITE DELIVERY / INDEFINITE QUANTITY,J,FIRM FIXED PRICE,FTUAS,W911QY18R0048,,OT,OTHER FUNCTIONS,1550,UNMANNED AIRCRAFT,H,NOT BUNDLED,A1A,AIRFRAMES AND SPARES,336411,AIRCRAFT MANUFACTURING,C,NO CLAUSES INCLUDED AND NO SUSTAINABILITY INCLUDED,A,U.S. OWNED BUSINESS,,,,,,,,,,,B,PLAN NOT REQUIRED,A,FULL AND OPEN COMPETITION,NP,NEGOTIATED PROPOSAL/QUOTE,NONE,NO SET ASIDE USED.,NONE,NO PREFERENCE USED,,,,,,,11,A,COMMERCIAL ITEM,f,N,NO,N,NO,Y,YES,N,NO,,N,NO,N,NO,N,NO,N,NO,X,NOT APPLICABLE,,,,,,,,NONE,NONE,N,NO,X,NOT APPLICABLE EXEMPT FROM CAS,N,TRANSACTION DOES NOT USE GFE/GFP,U,UNKNOWN,D,NOT CONSOLIDATED,X,NOT APPLICABLE,N,NO,,,,,X,NOT APPLICABLE,f,f,f,f,f,f,f,f,f,f,f,f,f,f,f,f,f,f,f,SMALL BUSINESS,S,f,f,f,f,f,f,f,f,f,f,f,f,f,f,f,f,f,PARTNERSHIP,f,f,t,f,f,f,f,f,f,f,f,f,f,f,f,f,f,t,f,f,f,f,f,f,f,f,f,f,t,f,f,f,f,f,f,f,f,f,f,f,f,f,f,f,f,t,f,f,f,f,,,,,,,,,,,https://www.usaspending.gov/award/CONT_IDV_W911QY19D0032_9700/,2021-09-20 13:06:09+00
CONT_IDV_W911QY19D0033_9700,W911QY19D0033,,,,,,,,,0.00,,,99500000.00,2019-03-28,2019,2021-08-13,2021,2019-03-28,,,2022-07-24,2018-09-28,097,Department of Defense,2100,Department of the Army,W911QY,W6QK ACC-APG NATICK,097,Department of Defense,2100,Department of the Army,W81UHH,W6DQ 01 PEO AVN,,,,,X,NOT APPLICABLE,,,SNJ8YY61GB95,003090198,TEXTRON SYSTEMS CORPORATION,AAI CORPORATION,,97384,HKUMGJBEMKN3,001338979,TEXTRON INC,TEXTRON INC.,USA,UNITED STATES,124 INDUSTRY LN,,HUNT VALLEY,24005,BALTIMORE,24,MD,MARYLAND,210303342,MD-02,MD-02,4106285214,,,,,,,,,,,,,IDV,,,B,IDC,S,SINGLE AWARD,B,INDEFINITE DELIVERY / INDEFINITE QUANTITY,J,FIRM FIXED PRICE,FTUAS,W911QY18R0048,,CL,CLOSELY ASSOCIATED,1550,UNMANNED AIRCRAFT,H,NOT BUNDLED,A1A,AIRFRAMES AND SPARES,336411,AIRCRAFT MANUFACTURING,C,NO CLAUSES INCLUDED AND NO SUSTAINABILITY INCLUDED,A,U.S. OWNED BUSINESS,,,,,,,,,,,B,PLAN NOT REQUIRED,A,FULL AND OPEN COMPETITION,NP,NEGOTIATED PROPOSAL/QUOTE,NONE,NO SET ASIDE USED.,NONE,NO PREFERENCE USED,,,,,,,11,A,COMMERCIAL ITEM,f,N,NO,N,NO,Y,YES,N,NO,,N,NO,N,NO,N,NO,N,NO,X,NOT APPLICABLE,,,,,,,,NONE,NONE,N,NO,X,NOT APPLICABLE EXEMPT FROM CAS,N,TRANSACTION DOES NOT USE GFE/GFP,U,UNKNOWN,D,NOT CONSOLIDATED,X,NOT APPLICABLE,N,NO,,,,,X,NOT APPLICABLE,f,f,f,f,f,f,f,f,f,f,f,f,f,f,f,f,f,f,f,OTHER THAN SMALL BUSINESS,O,f,f,f,f,f,f,f,f,f,f,f,f,f,f,f,f,f,CORPORATE NOT TAX EXEMPT,t,f,f,f,f,f,f,f,f,f,f,f,t,f,f,f,f,t,f,f,f,f,f,f,f,f,f,f,t,f,f,f,f,f,f,f,f,f,f,f,f,f,f,f,f,f,f,f,f,f,STEPHEN  GREENE,637001.00,JAMES F TARALLO,556767.00,WILLIAM G IRBY,512364.00,TAREK  MEKHAIL,488783.00,MICHAEL P KIERAN,482658.00,https://www.usaspending.gov/award/CONT_IDV_W911QY19D0033_9700/,2021-08-13 19:43:42+00
CONT_IDV_W911QY19D0050_9700,W911QY19D0050,,,,,,,,,0.00,,,99500000.00,2019-07-25,2019,2021-08-13,2021,2019-07-25,,,2022-07-24,2018-02-28,097,Department of Defense,2100,Department of the Army,W911QY,W6QK ACC-APG NATICK,097,Department of Defense,2100,Department of the Army,W81UHH,W6DQ 01 PEO AVN,,,,,X,NOT APPLICABLE,,,ZVG6XCZMY1H6,800577590,"ARCTURUS UAV, INC","ARCTURUS UAV, INC.",,4SFC4,YJG1MDHLBC88,058024456,"AEROVIRONMENT, INC.",AEROVIRONMENT  INC.,USA,UNITED STATES,539 MARTIN AVE,,ROHNERT PARK,06097,SONOMA,06,CA,CALIFORNIA,949282048,CA-02,CA-04,7072069372,7072069393,,,,,,,,,,,,IDV,,,B,IDC,M,MULTIPLE AWARD,B,INDEFINITE DELIVERY / INDEFINITE QUANTITY,J,FIRM FIXED PRICE,SYSTEM PURCHASE: ARCRURUS UAV,W911QY18R0048,,CL,CLOSELY ASSOCIATED,1550,UNMANNED AIRCRAFT,H,NOT BUNDLED,A1A,AIRFRAMES AND SPARES,336411,AIRCRAFT MANUFACTURING,C,NO CLAUSES INCLUDED AND NO SUSTAINABILITY INCLUDED,A,U.S. OWNED BUSINESS,,,,,,,,,,,B,PLAN NOT REQUIRED,A,FULL AND OPEN COMPETITION,NP,NEGOTIATED PROPOSAL/QUOTE,NONE,NO SET ASIDE USED.,NONE,NO PREFERENCE USED,,,,,,,11,A,COMMERCIAL ITEM,f,N,NO,N,NO,Y,YES,N,NO,,N,NO,N,NO,N,NO,N,NO,X,NOT APPLICABLE,,,,,,,,NONE,NONE,N,NO,X,NOT APPLICABLE EXEMPT FROM CAS,N,TRANSACTION DOES NOT USE GFE/GFP,U,UNKNOWN,D,NOT CONSOLIDATED,X,NOT APPLICABLE,N,NO,,,,,X,NOT APPLICABLE,f,f,f,f,f,f,f,f,f,f,f,f,f,f,f,f,f,f,f,SMALL BUSINESS,S,f,f,f,f,f,f,f,f,f,f,f,f,f,f,f,f,f,CORPORATE NOT TAX EXEMPT,t,f,f,f,f,f,f,f,f,f,f,f,t,f,f,f,f,t,f,f,f,f,f,f,f,f,f,f,t,f,f,f,f,f,f,f,f,f,f,f,f,f,f,f,f,f,f,f,f,f,DMILO D HALLERBERG,325000.00,CHASE T HALLERBERG,200000.00,PHILIP  MAHILL,145000.00,JOHN  SCHAFFER,185000.00,MARK  ALLEN,150000.00,https://www.usaspending.gov/award/CONT_IDV_W911QY19D0050_9700/,2021-08-13 19:45:04+00
CONT_IDV_W911QY19D0051_9700,W911QY19D0051,,,,,,,,,0.00,,,99500000.00,2019-07-25,2019,2021-10-15,2022,2019-07-25,,,2022-07-24,2018-02-28,097,Department of Defense,2100,Department of the Army,W911QY,W6QK ACC-APG NATICK,097,Department of Defense,2100,Department of the Army,W81UHH,W6DQ 01 PEO AVN,,,,,X,NOT APPLICABLE,,,LXJWAZS3VV98,078534881,"L3HARRIS UNMANNED SYSTEMS, INC","L-3 UNMANNED SYSTEMS, INC.",,3F6M4,SJULQDJ8NZU7,004203337,"L3HARRIS TECHNOLOGIES, INC",L-3 UNMANNED SYSTEMS  INC.,USA,UNITED STATES,"44611 GUILFORD DR., STE 125",,ASHBURN,51107,LOUDOUN,51,VA,VIRGINIA,201476069,VA-10,VA-10,7034332017,7037266053,,,,,,,,,,,,IDV,,,B,IDC,M,MULTIPLE AWARD,B,INDEFINITE DELIVERY / INDEFINITE QUANTITY,J,FIRM FIXED PRICE,SYSTEM PURCHASE L3,W911QY18R0048,,CL,CLOSELY ASSOCIATED,1550,UNMANNED AIRCRAFT,H,NOT BUNDLED,A1A,AIRFRAMES AND SPARES,336411,AIRCRAFT MANUFACTURING,C,NO CLAUSES INCLUDED AND NO SUSTAINABILITY INCLUDED,A,U.S. OWNED BUSINESS,,,,,,,,,,,B,PLAN NOT REQUIRED,A,FULL AND OPEN COMPETITION,NP,NEGOTIATED PROPOSAL/QUOTE,NONE,NO SET ASIDE USED.,NONE,NO PREFERENCE USED,,,,,,,11,A,COMMERCIAL ITEM,f,N,NO,N,NO,Y,YES,N,NO,,N,NO,N,NO,N,NO,N,NO,X,NOT APPLICABLE,,,,,,,,NONE,NONE,N,NO,X,NOT APPLICABLE EXEMPT FROM CAS,N,TRANSACTION DOES NOT USE GFE/GFP,U,UNKNOWN,D,NOT CONSOLIDATED,X,NOT APPLICABLE,N,NO,,,,,X,NOT APPLICABLE,f,f,f,f,f,f,f,f,f,f,f,f,f,f,f,f,f,f,f,OTHER THAN SMALL BUSINESS,O,f,f,f,f,f,f,f,f,f,f,f,f,f,f,f,f,f,CORPORATE NOT TAX EXEMPT,t,f,f,f,f,f,f,f,f,f,f,f,t,f,f,f,f,t,f,f,f,f,f,f,f,f,f,f,t,f,f,f,f,f,f,f,f,f,f,f,f,f,f,f,f,f,f,f,f,f,,,,,,,,,,,https://www.usaspending.gov/award/CONT_IDV_W911QY19D0051_9700/,2021-10-15 10:05:59+00
CONT_IDV_W911QY20D0011_9700,W911QY20D0011,,,,,,,,,0.00,,,8388590.16,2020-03-05,2020,2024-12-05,2025,2020-03-06,,,2023-03-05,2018-09-18,097,Department of Defense,2100,Department of the Army,W9113M,W6QK ACC-RSA,097,Department of Defense,2100,Department of the Army,W81UHH,W6DQ 01 PEO AVN,,,,,X,NOT APPLICABLE,,,DD2QET4D27T3,,"SIERRA NEVADA COMPANY, LLC",SIERRA NEVADA CORPORATION,,8X691,GS5NFFY1MC13,,SIERRA NEVADA CORPORATION,SIERRA NEVADA COMPANY  LLC,USA,UNITED STATES,444 SALOMON CIR,,SPARKS,32031,WASHOE,32,NV,NEVADA,894349651,NV-02,NV-02,7758496093,,,,,,,,,,,,,IDV,,,B,IDC,S,SINGLE AWARD,B,INDEFINITE DELIVERY / INDEFINITE QUANTITY,J,FIRM FIXED PRICE,TACTICAL AUTOMATED LANDING SYSTEMS IDIQ CONTRACT.,W911QY18R0040,,,,1550,UNMANNED AIRCRAFT,H,NOT BUNDLED,S1,SERVICES,336413,OTHER AIRCRAFT PARTS AND AUXILIARY EQUIPMENT MANUFACTURING,C,NO CLAUSES INCLUDED AND NO SUSTAINABILITY INCLUDED,A,U.S. OWNED BUSINESS,,,,,,,,,,,F,INDIVIDUAL SUBCONTRACT PLAN,C,NOT COMPETED,SSS,ONLY ONE SOURCE,NONE,NO SET ASIDE USED.,NONE,NO PREFERENCE USED,,,,,ONE,ONLY ONE SOURCE-OTHER (FAR 6.302-1 OTHER),1,D,COMMERCIAL PRODUCTS/SERVICES PROCEDURES NOT USED,f,N,NO,N,NO,Y,YES,N,NO,,N,NO,N,NO,Y,YES,N,NO,X,NOT APPLICABLE,,,,,,,,,,Y,YES,Y,YES - CAS CLAUSE INCLUDED,N,TRANSACTION DOES NOT USE GFE/GFP,U,UNKNOWN,D,NOT CONSOLIDATED,X,NOT APPLICABLE,N,NO,,,,,X,NOT APPLICABLE,f,f,f,f,f,f,f,t,f,f,f,f,f,f,f,f,f,f,f,OTHER THAN SMALL BUSINESS,O,f,f,f,f,f,f,f,f,f,f,f,f,f,f,f,f,f,CORPORATE NOT TAX EXEMPT,t,f,f,f,f,f,f,f,f,f,f,f,t,f,f,f,f,t,f,f,f,f,f,f,f,t,f,f,t,f,f,f,f,f,f,f,f,f,f,f,f,f,f,f,f,f,f,f,f,f,JON  BURGOYNE,3005492.00,TIM  OWINGS,2505553.00,ROB  KRONZ,2430836.00,TOM  ANDERSEN,1691342.00,JON  PIATT,2476702.00,https://www.usaspending.gov/award/CONT_IDV_W911QY20D0011_9700/,2025-12-31 09:44:17+00
CONT_IDV_W911QY20D0029_9700,W911QY20D0029,,,,,,,,,0.00,,,13450000.00,2020-09-28,2020,2024-09-16,2024,2020-09-28,,,2024-09-27,2020-07-08,097,Department of Defense,2100,Department of the Army,W911QY,W6QK ACC-APG NATICK,097,Department of Defense,2100,Department of the Army,W80M26,W4HP ACTV SPECIAL PROJECTS SPT,,,,,X,NOT APPLICABLE,,,DXMCDZC5MEN8,,PRECISION INTEGRATED PROGRAMS LLC,"PRECISION INTEGRATED PROGRAMS, LLC",,7QGV0,DXMCDZC5MEN8,,PRECISION INTEGRATED PROGRAMS LLC,PRECISION INTEGRATED PROGRAMS LLC,USA,UNITED STATES,3800 SE THREE MILE LN,,MCMINNVILLE,41071,YAMHILL,41,OR,OREGON,971286291,OR-06,OR-06,5036870108,,,,,,,,,,,,,IDV,,,B,IDC,S,SINGLE AWARD,B,INDEFINITE DELIVERY / INDEFINITE QUANTITY,J,FIRM FIXED PRICE,"MAXIMUM VALUE NTE $13,450,000.00",,,,,1550,UNMANNED AIRCRAFT,H,NOT BUNDLED,A1C,OTHER AIRCRAFT EQUIPMENT,541330,ENGINEERING SERVICES,C,NO CLAUSES INCLUDED AND NO SUSTAINABILITY INCLUDED,A,U.S. OWNED BUSINESS,,,,,,,,,,,B,PLAN NOT REQUIRED,C,NOT COMPETED,SSS,ONLY ONE SOURCE,NONE,NO SET ASIDE USED.,NONE,NO PREFERENCE USED,,,,,NS,NATIONAL SECURITY (FAR 6.302-6),1,D,COMMERCIAL PRODUCTS/SERVICES PROCEDURES NOT USED,f,N,NO,N,NO,X,NOT APPLICABLE,N,NO,,N,NO,Y,YES,Y,YES,X,NOT APPLICABLE,X,NOT APPLICABLE,,,,,,,,,,N,NO,Y,YES - CAS CLAUSE INCLUDED,N,TRANSACTION DOES NOT USE GFE/GFP,U,UNKNOWN,D,NOT CONSOLIDATED,X,NOT APPLICABLE,Y,YES,,,,,X,NOT APPLICABLE,f,f,f,f,f,f,f,f,f,f,f,f,f,f,f,f,f,f,f,SMALL BUSINESS,S,f,f,f,f,f,f,f,f,f,f,f,f,f,f,f,f,f,CORPORATE NOT TAX EXEMPT,t,f,f,f,f,f,f,f,f,f,f,f,f,f,f,f,f,t,f,f,f,f,f,f,f,f,t,f,t,f,f,f,f,f,f,f,f,f,f,f,f,f,f,f,f,f,f,f,f,f,,,,,,,,,,,https://www.usaspending.gov/award/CONT_IDV_W911QY20D0029_9700/,2024-09-16 16:58:09+00
CONT_AWD_W58RGZ19C0022_9700_-NONE-_-NONE-,W58RGZ19C0022,,,,,,,,,397979427.08,,397979427.08,397979427.08,2019-07-15,2019,2026-02-09,2026,2019-07-15,2024-02-28,2024-02-28 12:02:00,,2018-07-03,097,Department of Defense,2100,Department of the Army,W58RGZ,W6QK ACC-RSA,097,Department of Defense,2100,Department of the Army,W81UHH,W6DQ 01 PEO AVN,,,,,X,NOT APPLICABLE,,,ZH4NVFG3Z526,,"GENERAL ATOMICS AERONAUTICAL SYSTEMS, INC.","GENERAL ATOMICS AERONAUTICAL SYSTEMS, INC.",,0YJB5,ZH4NVFG3Z526,,"GENERAL ATOMICS AERONAUTICAL SYSTEMS, INC.",GENERAL ATOMIC TECHNOLOGIES CORPORATION,USA,UNITED STATES,14200 KIRKHAM WAY,,POWAY,06073,SAN DIEGO,06,CA,CALIFORNIA,920647103,CA-48,CA-48,8583124327,,USA,UNITED STATES,POWAY,06073,SAN DIEGO,06,CA,CALIFORNIA,920647103,CA-48,CA-48,AWARD,D,DEFINITIVE CONTRACT,,,,,,,J,FIRM FIXED PRICE,REQUIREMENT IS FOR THE PROCUREMENT OF FULL RATE PRODUCTION 5.,W58RGZ18R0133,1,,,1550,UNMANNED AIRCRAFT,H,NOT BUNDLED,A1A,AIRFRAMES AND SPARES,336411,AIRCRAFT MANUFACTURING,C,NO CLAUSES INCLUDED AND NO SUSTAINABILITY INCLUDED,A,U.S. OWNED BUSINESS,420,MQ-1C GRAY EAGLE,Z,NOT IT PRODUCTS OR SERVICES,E,NOT REQUIRED,USA,UNITED STATES,D,MFG IN U.S.,F,INDIVIDUAL SUBCONTRACT PLAN,C,NOT COMPETED,SSS,ONLY ONE SOURCE,NONE,NO SET ASIDE USED.,NONE,NO PREFERENCE USED,,,,,ONE,ONLY ONE SOURCE-OTHER (FAR 6.302-1 OTHER),1,D,COMMERCIAL PRODUCTS/SERVICES PROCEDURES NOT USED,f,N,NO,N,NO,Y,YES,N,NO,0.00,N,NO,X,NOT APPLICABLE,N,NO,X,NOT APPLICABLE,X,NOT APPLICABLE,,,,,,,,,,Y,YES,Y,YES - CAS CLAUSE INCLUDED,N,TRANSACTION DOES NOT USE GFE/GFP,N,NO,D,NOT CONSOLIDATED,X,NOT APPLICABLE,N,NO,Z,NOT APPLICABLE,N,NO,X,NOT APPLICABLE,f,f,f,f,f,f,f,f,f,f,f,f,f,f,f,f,f,f,f,OTHER THAN SMALL BUSINESS,O,f,f,f,f,f,f,f,f,f,f,f,f,f,f,f,f,f,CORPORATE NOT TAX EXEMPT,t,f,f,f,f,f,f,f,f,f,f,f,t,f,f,f,f,t,f,f,f,f,f,f,f,f,f,f,t,f,f,f,f,f,f,f,f,f,f,f,f,f,f,f,f,f,f,f,f,f,JAMES N BLUE,4379465.00,LINDEN P BLUE,4174909.00,DAVID R ALEXANDER,3812516.00,BART B ROPER,1975922.00,W D WILSON IV,1600128.00,https://www.usaspending.gov/award/CONT_AWD_W58RGZ19C0022_9700_-NONE-_-NONE-/,2026-08-27 10:18:29+00
CONT_AWD_W58RGZ19F0292_9700_W58RGZ18D0138_9700,W58RGZ19F0292,9700,DEPT OF DEFENSE,W58RGZ18D0138,,,,,,36688135.50,,36688135.50,36688135.50,2019-03-08,2019,2023-01-13,2023,2019-03-08,2023-01-31,2023-01-31 12:01:00,,2019-02-27,097,Department of Defense,2100,Department of the Army,W58RGZ,W6QK ACC-RSA,097,Department of Defense,2100,Department of the Army,W81UHH,W6DQ 01 PEO AVN,,,,,X,NOT APPLICABLE,,,ZH4NVFG3Z526,,"GENERAL ATOMICS AERONAUTICAL SYSTEMS, INC.","GENERAL ATOMICS AERONAUTICAL SYSTEMS, INC.",,0YJB5,YX6EL4J1WLP9,,GENERAL ATOMICS,GENERAL ATOMIC TECHNOLOGIES CORPORATION,USA,UNITED STATES,14200 KIRKHAM WAY,,POWAY,06073,SAN DIEGO,06,CA,CALIFORNIA,920647103,CA-52,CA-48,8585256018,,USA,UNITED STATES,POWAY,06073,SAN DIEGO,06,CA,CALIFORNIA,920647103,CA-52,CA-48,AWARD,C,DELIVERY ORDER,,,,,,,U,COST PLUS FIXED FEE,ENGINEERING SERVICES FY19-23 FOR THE GRAY EAGLE AIRCRAFT SYSTEM,,1,CL,CLOSELY ASSOCIATED,1550,UNMANNED AIRCRAFT,H,NOT BUNDLED,A5,WEAPONS,336411,AIRCRAFT MANUFACTURING,C,NO CLAUSES INCLUDED AND NO SUSTAINABILITY INCLUDED,A,U.S. OWNED BUSINESS,420,MQ-1C GRAY EAGLE,Z,NOT IT PRODUCTS OR SERVICES,E,NOT REQUIRED,USA,UNITED STATES,D,MFG IN U.S.,F,INDIVIDUAL SUBCONTRACT PLAN,C,NOT COMPETED,SSS,ONLY ONE SOURCE,,,NONE,NO PREFERENCE USED,,,,,ONE,ONLY ONE SOURCE-OTHER (FAR 6.302-1 OTHER),,D,COMMERCIAL PRODUCTS/SERVICES PROCEDURES NOT USED,f,N,NO,N,NO,Y,YES,N,NO,,N,NO,Y,YES,N,NO,N,NO,X,NOT APPLICABLE,,,B,IDC,S,SINGLE AWARD,,NONE,NONE,Y,YES,Y,YES - CAS CLAUSE INCLUDED,N,TRANSACTION DOES NOT USE GFE/GFP,N,NO,D,NOT CONSOLIDATED,X,NOT APPLICABLE,N,NO,Z,NOT APPLICABLE,N,NO,X,NOT APPLICABLE,f,f,f,f,f,f,f,f,f,f,f,f,f,f,f,f,f,f,f,OTHER THAN SMALL BUSINESS,O,f,f,f,f,f,f,f,f,f,f,f,f,f,f,f,f,f,CORPORATE NOT TAX EXEMPT,t,f,f,f,f,f,f,f,f,f,f,f,f,f,f,f,f,t,f,f,f,f,f,f,f,f,f,f,t,f,f,f,f,f,f,f,f,f,f,f,f,f,f,f,f,f,f,f,f,f,JAMES N BLUE,4379465.00,LINDEN P BLUE,4174909.00,DAVID R ALEXANDER,3812516.00,BART B ROPER,1975922.00,W D WILSON IV,1600128.00,https://www.usaspending.gov/award/CONT_AWD_W58RGZ19F0292_9700_W58RGZ18D0138_9700/,2026-08-27 10:18:29+00
CONT_AWD_W58RGZ19F0369_9700_W58RGZ18D0138_9700,W58RGZ19F0369,9700,DEPT OF DEFENSE,W58RGZ18D0138,,,,,,240462.00,,240462.00,240462.00,2019-04-19,2019,2025-09-04,2025,2019-04-19,2021-09-02,2021-09-02 00:00:00,,,097,Department of Defense,2100,Department of the Army,W58RGZ,W6QK ACC-RSA,097,Department of Defense,2100,Department of the Army,W81UHH,W6DQ 01 PEO AVN,,,,,X,NOT APPLICABLE,,,ZH4NVFG3Z526,,"GENERAL ATOMICS AERONAUTICAL SYSTEMS, INC.","GENERAL ATOMICS AERONAUTICAL SYSTEMS, INC.",,0YJB5,ZH4NVFG3Z526,,"GENERAL ATOMICS AERONAUTICAL SYSTEMS, INC.",GENERAL ATOMIC TECHNOLOGIES CORPORATION,USA,UNITED STATES,14200 KIRKHAM WAY,,POWAY,06073,SAN DIEGO,06,CA,CALIFORNIA,920647103,CA-48,CA-48,8585256018,,USA,UNITED STATES,POWAY,06073,SAN DIEGO,06,CA,CALIFORNIA,920647103,CA-48,CA-48,AWARD,C,DELIVERY ORDER,,,,,,,U,COST PLUS FIXED FEE,ENGINEERING SERVICES FY19-23 FOR GRAY EAGLE AIRCRAFT SYSTEM,,1,,,1550,UNMANNED AIRCRAFT,H,NOT BUNDLED,A5,WEAPONS,336411,AIRCRAFT MANUFACTURING,C,NO CLAUSES INCLUDED AND NO SUSTAINABILITY INCLUDED,A,U.S. OWNED BUSINESS,420,MQ-1C GRAY EAGLE,Z,NOT IT PRODUCTS OR SERVICES,E,NOT REQUIRED,USA,UNITED STATES,D,MFG IN U.S.,F,INDIVIDUAL SUBCONTRACT PLAN,C,NOT COMPETED,SSS,ONLY ONE SOURCE,,,NONE,NO PREFERENCE USED,,,,,ONE,ONLY ONE SOURCE-OTHER (FAR 6.302-1 OTHER),,D,COMMERCIAL PRODUCTS/SERVICES PROCEDURES NOT USED,f,N,NO,N,NO,Y,YES,N,NO,,N,NO,Y,YES,N,NO,N,NO,X,NOT APPLICABLE,,,B,IDC,S,SINGLE AWARD,,,,Y,YES,Y,YES - CAS CLAUSE INCLUDED,N,TRANSACTION DOES NOT USE GFE/GFP,N,NO,D,NOT CONSOLIDATED,X,NOT APPLICABLE,N,NO,Z,NOT APPLICABLE,N,NO,X,NOT APPLICABLE,f,f,f,f,f,f,f,f,f,f,f,f,f,f,f,f,f,f,f,OTHER THAN SMALL BUSINESS,O,f,f,f,f,f,f,f,f,f,f,f,f,f,f,f,f,f,CORPORATE NOT TAX EXEMPT,t,f,f,f,f,f,f,f,f,f,f,f,f,f,f,f,f,t,f,f,f,f,f,f,f,f,f,f,t,f,f,f,f,f,f,f,f,f,f,f,f,f,f,f,f,f,f,f,f,f,JAMES N BLUE,4379465.00,LINDEN P BLUE,4174909.00,DAVID R ALEXANDER,3812516.00,BART B ROPER,1975922.00,W D WILSON IV,1600128.00,https://www.usaspending.gov/award/CONT_AWD_W58RGZ19F0369_9700_W58RGZ18D0138_9700/,2026-08-27 10:18:29+00
CONT_AWD_W58RGZ19F0406_9700_W58RGZ18D0138_9700,W58RGZ19F0406,9700,DEPT OF DEFENSE,W58RGZ18D0138,,,,,,7880922.70,,7880922.70,7880922.70,2019-05-06,2019,2026-04-02,2026,2019-05-06,2023-01-31,2023-01-31 00:00:00,,2019-04-18,097,Department of Defense,2100,Department of the Army,W58RGZ,W6QK ACC-RSA,097,Department of Defense,2100,Department of the Army,W81UHH,W6DQ 01 PEO AVN,,,,,X,NOT APPLICABLE,,,ZH4NVFG3Z526,,"GENERAL ATOMICS AERONAUTICAL SYSTEMS, INC.","GENERAL ATOMICS AERONAUTICAL SYSTEMS, INC.",,0YJB5,ZH4NVFG3Z526,,"GENERAL ATOMICS AERONAUTICAL SYSTEMS, INC.",GENERAL ATOMIC TECHNOLOGIES CORPORATION,USA,UNITED STATES,14200 KIRKHAM WAY,,POWAY,06073,SAN DIEGO,06,CA,CALIFORNIA,920647103,CA-48,CA-48,8585256018,,USA,UNITED STATES,POWAY,06073,SAN DIEGO,06,CA,CALIFORNIA,920647103,CA-48,CA-48,AWARD,C,DELIVERY ORDER,,,,,,,U,COST PLUS FIXED FEE,ENGINEERING SERVICES FOR GRAY EAGLE,,1,,,1550,UNMANNED AIRCRAFT,H,NOT BUNDLED,A5,WEAPONS,336411,AIRCRAFT MANUFACTURING,C,NO CLAUSES INCLUDED AND NO SUSTAINABILITY INCLUDED,A,U.S. OWNED BUSINESS,420,MQ-1C GRAY EAGLE,Z,NOT IT PRODUCTS OR SERVICES,E,NOT REQUIRED,USA,UNITED STATES,D,MFG IN U.S.,F,INDIVIDUAL SUBCONTRACT PLAN,C,NOT COMPETED,SSS,ONLY ONE SOURCE,,,NONE,NO PREFERENCE USED,,,,,ONE,ONLY ONE SOURCE-OTHER (FAR 6.302-1 OTHER),,D,COMMERCIAL PRODUCTS/SERVICES PROCEDURES NOT USED,f,N,NO,N,NO,Y,YES,N,NO,,N,NO,Y,YES,N,NO,N,NO,X,NOT APPLICABLE,,,B,IDC,S,SINGLE AWARD,,,,Y,YES,Y,YES - CAS CLAUSE INCLUDED,N,TRANSACTION DOES NOT USE GFE/GFP,N,NO,D,NOT CONSOLIDATED,X,NOT APPLICABLE,N,NO,Z,NOT APPLICABLE,N,NO,X,NOT APPLICABLE,f,f,f,f,f,f,f,f,f,f,f,f,f,f,f,f,f,f,f,OTHER THAN SMALL BUSINESS,O,f,f,f,f,f,f,f,f,f,f,f,f,f,f,f,f,f,CORPORATE NOT TAX EXEMPT,t,f,f,f,f,f,f,f,f,f,f,f,f,f,f,f,f,t,f,f,f,f,f,f,f,f,f,f,t,f,f,f,f,f,f,f,f,f,f,f,f,f,f,f,f,f,f,f,f,f,JAMES N BLUE,4379465.00,LINDEN P BLUE,4174909.00,DAVID R ALEXANDER,3812516.00,BART B ROPER,1975922.00,W D WILSON IV,1600128.00,https://www.usaspending.gov/award/CONT_AWD_W58RGZ19F0406_9700_W58RGZ18D0138_9700/,2026-08-27 10:18:29+00
CONT_AWD_W58RGZ19F0437_9700_W58RGZ18D0138_9700,W58RGZ19F0437,9700,DEPT OF DEFENSE,W58RGZ18D0138,,,,,,62374608.58,,62374608.58,62374608.58,2019-05-22,2019,2023-08-29,2023,2019-05-20,2023-09-30,2023-09-30 00:00:00,,2019-05-16,097,Department of Defense,2100,Department of the Army,W58RGZ,W6QK ACC-RSA,097,Department of Defense,2100,Department of the Army,W81UHH,W6DQ 01 PEO AVN,,,,,X,NOT APPLICABLE,,,ZH4NVFG3Z526,,"GENERAL ATOMICS AERONAUTICAL SYSTEMS, INC.","GENERAL ATOMICS AERONAUTICAL SYSTEMS, INC.",,0YJB5,YX6EL4J1WLP9,,GENERAL ATOMICS,GENERAL ATOMIC TECHNOLOGIES CORPORATION,USA,UNITED STATES,14200 KIRKHAM WAY,,POWAY,06073,SAN DIEGO,06,CA,CALIFORNIA,920647103,CA-48,CA-48,8585256018,,USA,UNITED STATES,POWAY,06073,SAN DIEGO,06,CA,CALIFORNIA,920647103,CA-48,CA-48,AWARD,C,DELIVERY ORDER,,,,,,,U,COST PLUS FIXED FEE,GRAY EAGLE ENGINEERING SERVICES,,1,,,1550,UNMANNED AIRCRAFT,H,NOT BUNDLED,A5,WEAPONS,336411,AIRCRAFT MANUFACTURING,C,NO CLAUSES INCLUDED AND NO SUSTAINABILITY INCLUDED,A,U.S. OWNED BUSINESS,420,MQ-1C GRAY EAGLE,Z,NOT IT PRODUCTS OR SERVICES,E,NOT REQUIRED,USA,UNITED STATES,D,MFG IN U.S.,F,INDIVIDUAL SUBCONTRACT PLAN,C,NOT COMPETED,SSS,ONLY ONE SOURCE,,,NONE,NO PREFERENCE USED,,,,,ONE,ONLY ONE SOURCE-OTHER (FAR 6.302-1 OTHER),,D,COMMERCIAL PRODUCTS/SERVICES PROCEDURES NOT USED,f,N,NO,N,NO,Y,YES,N,NO,,N,NO,Y,YES,N,NO,N,NO,X,NOT APPLICABLE,,,B,IDC,S,SINGLE AWARD,,NONE,NONE,Y,YES,Y,YES - CAS CLAUSE INCLUDED,N,TRANSACTION DOES NOT USE GFE/GFP,N,NO,D,NOT CONSOLIDATED,X,NOT APPLICABLE,N,NO,Z,NOT APPLICABLE,N,NO,X,NOT APPLICABLE,f,f,f,f,f,f,f,f,f,f,f,f,f,f,f,f,f,f,f,OTHER THAN SMALL BUSINESS,O,f,f,f,f,f,f,f,f,f,f,f,f,f,f,f,f,f,CORPORATE NOT TAX EXEMPT,t,f,f,f,f,f,f,f,f,f,f,f,f,f,f,f,f,t,f,f,f,f,f,f,f,f,f,f,t,f,f,f,f,f,f,f,f,f,f,f,f,f,f,f,f,f,f,f,f,f,JAMES N BLUE,4379465.00,LINDEN P BLUE,4174909.00,DAVID R ALEXANDER,3812516.00,BART B ROPER,1975922.00,W D WILSON IV,1600128.00,https://www.usaspending.gov/award/CONT_AWD_W58RGZ19F0437_9700_W58RGZ18D0138_9700/,2026-08-27 10:18:29+00
CONT_AWD_W58RGZ19F0438_9700_W58RGZ18D0138_9700,W58RGZ19F0438,9700,DEPT OF DEFENSE,W58RGZ18D0138,Q: Not Designated Nonemergency/Emergency/Disaster/Wildfire Suppression,,,,,12535280.00,0.00,12535280.00,12535280.00,2019-05-17,2019,2022-09-20,2022,2019-05-16,2023-01-31,2023-01-31 12:01:00,,2019-05-13,097,Department of Defense,2100,Department of the Army,W58RGZ,W6QK ACC-RSA,097,Department of Defense,2100,Department of the Army,W91A63,W6DQ 01 PEO AVN,021-2019/2021-2031-000,021-2031,31.0: Equipment,OPTN: FIELD IS OPTIONAL PRIOR TO FY21,X,NOT APPLICABLE,,,ZH4NVFG3Z526,,"GENERAL ATOMICS AERONAUTICAL SYSTEMS, INC.","GENERAL ATOMICS AERONAUTICAL SYSTEMS, INC.",,0YJB5,YX6EL4J1WLP9,,GENERAL ATOMICS,GENERAL ATOMIC TECHNOLOGIES CORPORATION,USA,UNITED STATES,14200 KIRKHAM WAY,,POWAY,06073,SAN DIEGO,06,CA,CALIFORNIA,920647103,CA-52,CA-48,8585256018,,USA,UNITED STATES,POWAY,06073,SAN DIEGO,06,CA,CALIFORNIA,920647103,CA-52,CA-48,AWARD,C,DELIVERY ORDER,,,,,,,U,COST PLUS FIXED FEE,GRAY EAGLE ENGINEERING SERVICES,,1,CL,CLOSELY ASSOCIATED,1550,UNMANNED AIRCRAFT,H,NOT BUNDLED,A5,WEAPONS,336411,AIRCRAFT MANUFACTURING,C,NO CLAUSES INCLUDED AND NO SUSTAINABILITY INCLUDED,A,U.S. OWNED BUSINESS,420,MQ-1C GRAY EAGLE,Z,NOT IT PRODUCTS OR SERVICES,E,NOT REQUIRED,USA,UNITED STATES,D,MFG IN U.S.,F,INDIVIDUAL SUBCONTRACT PLAN,C,NOT COMPETED,SSS,ONLY ONE SOURCE,,,NONE,NO PREFERENCE USED,,,,,ONE,ONLY ONE SOURCE-OTHER (FAR 6.302-1 OTHER),,D,COMMERCIAL PRODUCTS/SERVICES PROCEDURES NOT USED,f,N,NO,N,NO,Y,YES,N,NO,,N,NO,Y,YES,N,NO,N,NO,X,NOT APPLICABLE,,,B,IDC,S,SINGLE AWARD,,NONE,NONE,Y,YES,Y,YES - CAS CLAUSE INCLUDED,N,TRANSACTION DOES NOT USE GFE/GFP,N,NO,D,NOT CONSOLIDATED,X,NOT APPLICABLE,N,NO,Z,NOT APPLICABLE,N,NO,X,NOT APPLICABLE,f,f,f,f,f,f,f,f,f,f,f,f,f,f,f,f,f,f,f,OTHER THAN SMALL BUSINESS,O,f,f,f,f,f,f,f,f,f,f,f,f,f,f,f,f,f,CORPORATE NOT TAX EXEMPT,t,f,f,f,f,f,f,f,f,f,f,f,f,f,f,f,f,t,f,f,f,f,f,f,f,f,f,f,t,f,f,f,f,f,f,f,f,f,f,f,f,f,f,f,f,f,f,f,f,f,JAMES N BLUE,4379465.00,LINDEN P BLUE,4174909.00,DAVID R ALEXANDER,3812516.00,BART B ROPER,1975922.00,W D WILSON IV,1600128.00,https://www.usaspending.gov/award/CONT_AWD_W58RGZ19F0438_9700_W58RGZ18D0138_9700/,2026-08-27 10:18:29+00
CONT_AWD_W58RGZ19F0506_9700_W58RGZ18D0138_9700,W58RGZ19F0506,9700,DEPT OF DEFENSE,W58RGZ18D0138,,,,,,7493360.51,,7493360.51,7493360.51,2019-06-05,2019,2021-02-24,2021,2019-06-05,2021-05-26,2021-05-26 12:05:00,,2019-05-30,097,Department of Defense,2100,Department of the Army,W58RGZ,W6QK ACC-RSA,097,Department of Defense,2100,Department of the Army,W81UHH,W6DQ 01 PEO AVN,,,,,X,NOT APPLICABLE,,,ZH4NVFG3Z526,,"GENERAL ATOMICS AERONAUTICAL SYSTEMS, INC.","GENERAL ATOMICS AERONAUTICAL SYSTEMS, INC.",,0YJB5,YX6EL4J1WLP9,,GENERAL ATOMICS,GENERAL ATOMICS AERONAUTICAL SYSTEMS  INC.,USA,UNITED STATES,14200 KIRKHAM WAY,,POWAY,06073,SAN DIEGO,06,CA,CALIFORNIA,920647103,CA-52,CA-48,8585256018,,USA,UNITED STATES,POWAY,06073,SAN DIEGO,06,CA,CALIFORNIA,920647103,CA-52,CA-48,AWARD,C,DELIVERY ORDER,,,,,,,U,COST PLUS FIXED FEE,GRAY EAGLE ENGINEERING SERVICES,,1,CL,CLOSELY ASSOCIATED,1550,UNMANNED AIRCRAFT,H,NOT BUNDLED,A5,WEAPONS,336411,AIRCRAFT MANUFACTURING,C,NO CLAUSES INCLUDED AND NO SUSTAINABILITY INCLUDED,A,U.S. OWNED BUSINESS,420,MQ-1C GRAY EAGLE,Z,NOT IT PRODUCTS OR SERVICES,E,NOT REQUIRED,USA,UNITED STATES,D,MFG IN U.S.,F,INDIVIDUAL SUBCONTRACT PLAN,C,NOT COMPETED,SSS,ONLY ONE SOURCE,,,NONE,NO PREFERENCE USED,,,,,ONE,ONLY ONE SOURCE-OTHER (FAR 6.302-1 OTHER),,D,COMMERCIAL ITEM PROCEDURES NOT USED,f,N,NO,N,NO,Y,YES,N,NO,,N,NO,Y,YES,N,NO,N,NO,X,NOT APPLICABLE,,,B,IDC,S,SINGLE AWARD,,NONE,NONE,Y,YES,Y,YES - CAS CLAUSE INCLUDED,N,TRANSACTION DOES NOT USE GFE/GFP,N,NO,D,NOT CONSOLIDATED,X,NOT APPLICABLE,N,NO,Z,NOT APPLICABLE,N,NO,X,NOT APPLICABLE,f,f,f,f,f,f,f,f,f,f,f,f,f,f,f,f,f,f,f,OTHER THAN SMALL BUSINESS,O,f,f,f,f,f,f,f,f,f,f,f,f,f,f,f,f,f,CORPORATE NOT TAX EXEMPT,t,f,f,f,f,f,f,f,f,f,f,f,f,f,f,f,f,t,f,f,f,f,f,f,f,f,f,f,t,f,f,f,f,f,f,f,f,f,f,f,f,f,f,f,f,f,f,f,f,f,JAMES N BLUE,4379465.00,LINDEN P BLUE,4174909.00,DAVID R ALEXANDER,3812516.00,BART B ROPER,1975922.00,W D WILSON IV,1600128.00,https://www.usaspending.gov/award/CONT_AWD_W58RGZ19F0506_9700_W58RGZ18D0138_9700/,2026-08-27 10:18:29+00
CONT_AWD_W58RGZ19F0507_9700_W58RGZ18D0138_9700,W58RGZ19F0507,9700,DEPT OF DEFENSE,W58RGZ18D0138,,,,,,2455595.34,,2455595.34,2455595.34,2019-07-01,2019,2019-12-09,2020,2019-07-01,2020-04-30,2020-04-30 12:04:00,,2019-05-30,097,Department of Defense,2100,Department of the Army,W58RGZ,W6QK ACC-RSA,097,Department of Defense,2100,Department of the Army,W81UHH,W6DQ 01 PEO AVN,,,,,X,NOT APPLICABLE,,,ZH4NVFG3Z526,,"GENERAL ATOMICS AERONAUTICAL SYSTEMS, INC.","GENERAL ATOMICS AERONAUTICAL SYSTEMS, INC.",,0YJB5,YX6EL4J1WLP9,,GENERAL ATOMICS,GENERAL ATOMIC TECHNOLOGIES CORPORATION,USA,UNITED STATES,14200 KIRKHAM WAY,,POWAY,06073,SAN DIEGO,06,CA,CALIFORNIA,920647103,CA-52,CA-48,8585256018,,USA,UNITED STATES,POWAY,06073,SAN DIEGO,06,CA,CALIFORNIA,920647103,CA-52,CA-48,AWARD,C,DELIVERY ORDER,,,,,,,U,COST PLUS FIXED FEE,GRAY EAGLE ENGINEERING SERVICES,,1,,,1550,UNMANNED AIRCRAFT,H,NOT BUNDLED,A5,WEAPONS,336411,AIRCRAFT MANUFACTURING,C,NO CLAUSES INCLUDED AND NO SUSTAINABILITY INCLUDED,A,U.S. OWNED BUSINESS,420,MQ-1C GRAY EAGLE,Z,NOT IT PRODUCTS OR SERVICES,E,NOT REQUIRED,USA,UNITED STATES,D,MFG IN U.S.,F,INDIVIDUAL SUBCONTRACT PLAN,C,NOT COMPETED,SSS,ONLY ONE SOURCE,,,NONE,NO PREFERENCE USED,,,,,ONE,ONLY ONE SOURCE-OTHER (FAR 6.302-1 OTHER),,D,COMMERCIAL ITEM PROCEDURES NOT USED,f,N,NO,N,NO,Y,YES,N,NO,,N,NO,Y,YES,N,NO,N,NO,X,NOT APPLICABLE,,,B,IDC,S,SINGLE AWARD,,NONE,NONE,Y,YES,Y,YES - CAS CLAUSE INCLUDED,N,TRANSACTION DOES NOT USE GFE/GFP,N,NO,D,NOT CONSOLIDATED,X,NOT APPLICABLE,N,NO,Z,NOT APPLICABLE,N,NO,X,NOT APPLICABLE,f,f,f,f,f,f,f,f,f,f,f,f,f,f,f,f,f,f,f,OTHER THAN SMALL BUSINESS,O,f,f,f,f,f,f,f,f,f,f,f,f,f,f,f,f,f,CORPORATE NOT TAX EXEMPT,t,f,f,f,f,f,f,f,f,f,f,f,f,f,f,f,f,t,f,f,f,f,f,f,f,f,f,f,t,f,f,f,f,f,f,f,f,f,f,f,f,f,f,f,f,f,f,f,f,f,JAMES N BLUE,4379465.00,LINDEN P BLUE,4174909.00,DAVID R ALEXANDER,3812516.00,BART B ROPER,1975922.00,W D WILSON IV,1600128.00,https://www.usaspending.gov/award/CONT_AWD_W58RGZ19F0507_9700_W58RGZ18D0138_9700/,2026-08-27 10:18:29+00
CONT_AWD_W58RGZ19F0508_9700_W58RGZ18D0138_9700,W58RGZ19F0508,9700,DEPT OF DEFENSE,W58RGZ18D0138,,,,,,54058021.08,,54058021.08,54058021.08,2019-07-03,2019,2023-12-07,2024,2019-07-03,2022-12-28,2022-12-28 00:00:00,,2019-07-01,097,Department of Defense,2100,Department of the Army,W58RGZ,W6QK ACC-RSA,097,Department of Defense,2100,Department of the Army,W81UHH,W6DQ 01 PEO AVN,,,,,X,NOT APPLICABLE,,,ZH4NVFG3Z526,,"GENERAL ATOMICS AERONAUTICAL SYSTEMS, INC.","GENERAL ATOMICS AERONAUTICAL SYSTEMS, INC.",,0YJB5,YX6EL4J1WLP9,,GENERAL ATOMICS,GENERAL ATOMIC TECHNOLOGIES CORPORATION,USA,UNITED STATES,14200 KIRKHAM WAY,,POWAY,06073,SAN DIEGO,06,CA,CALIFORNIA,920647103,CA-48,CA-48,8585256018,,USA,UNITED STATES,POWAY,06073,SAN DIEGO,06,CA,CALIFORNIA,920647103,CA-48,CA-48,AWARD,C,DELIVERY ORDER,,,,,,,U,COST PLUS FIXED FEE,GRAY EAGLE ENGINEERING SERVICES,,1,,,1550,UNMANNED AIRCRAFT,H,NOT BUNDLED,A5,WEAPONS,336411,AIRCRAFT MANUFACTURING,C,NO CLAUSES INCLUDED AND NO SUSTAINABILITY INCLUDED,A,U.S. OWNED BUSINESS,420,MQ-1C GRAY EAGLE,Z,NOT IT PRODUCTS OR SERVICES,E,NOT REQUIRED,USA,UNITED STATES,D,MFG IN U.S.,F,INDIVIDUAL SUBCONTRACT PLAN,C,NOT COMPETED,SSS,ONLY ONE SOURCE,,,NONE,NO PREFERENCE USED,,,,,ONE,ONLY ONE SOURCE-OTHER (FAR 6.302-1 OTHER),,D,COMMERCIAL PRODUCTS/SERVICES PROCEDURES NOT USED,f,N,NO,N,NO,Y,YES,N,NO,,N,NO,Y,YES,N,NO,N,NO,X,NOT APPLICABLE,,,B,IDC,S,SINGLE AWARD,,NONE,NONE,Y,YES,Y,YES - CAS CLAUSE INCLUDED,N,TRANSACTION DOES NOT USE GFE/GFP,N,NO,D,NOT CONSOLIDATED,X,NOT APPLICABLE,N,NO,Z,NOT APPLICABLE,N,NO,X,NOT APPLICABLE,f,f,f,f,f,f,f,f,f,f,f,f,f,f,f,f,f,f,f,OTHER THAN SMALL BUSINESS,O,f,f,f,f,f,f,f,f,f,f,f,f,f,f,f,f,f,CORPORATE NOT TAX EXEMPT,t,f,f,f,f,f,f,f,f,f,f,f,f,f,f,f,f,t,f,f,f,f,f,f,f,f,f,f,t,f,f,f,f,f,f,f,f,f,f,f,f,f,f,f,f,f,f,f,f,f,JAMES N BLUE,4379465.00,LINDEN P BLUE,4174909.00,DAVID R ALEXANDER,3812516.00,BART B ROPER,1975922.00,W D WILSON IV,1600128.00,https://www.usaspending.gov/award/CONT_AWD_W58RGZ19F0508_9700_W58RGZ18D0138_9700/,2026-08-27 10:18:29+00
